rid,CPD002_MCF7_24H:BRD-K59946044-321-01-7:10,CPD002_MCF7_6H:BRD-K59946044-321-01-7:10,CPD002_PC3_6H:BRD-K59946044-321-01-7:10,CPD002_PC3_24H:BRD-K59946044-321-01-7:10
5720,0.230466663837,0.0419268384576,0.38513097167,0.0508553534746
466,0.577300012112,-0.0942390561104,0.745002269745,0.054013133049
6009,-0.337566703558,-0.887588977814,0.67419052124,-1.09086036682
2309,0.0926666557789,0.0270894374698,0.708288550377,0.0334898084402
387,0.562866687775,-0.890732049942,-1.4113175869,1.16085159779
3553,0.118133306503,-4.5770778656,-0.919391751289,0.5353500247
427,0.435733318329,-0.520006000996,0.316763818264,0.877548694611
5898,-0.0369666814804,-2.50762176514,0.103571102023,-0.292126834393
23365,0.601533353329,-1.1420930624,0.136289298534,1.33837163448
6657,-0.0708000063896,0.516445934772,0.187790974975,-0.736052513123
5054,-0.292133331299,-0.710091888905,0.275794923306,0.170457884669
3108,0.590033352375,0.659853219986,0.807243347168,-0.104690223932
1950,0.000400006771088,-0.430919885635,1.36900091171,0.148265004158
351,-0.283666670322,-0.2750608325,0.747397065163,-0.617019295692
4846,-0.601233363152,-0.823960006237,-1.05584001541,0.254560977221
1452,0.101499974728,-0.68006247282,-1.0311871767,0.688781261444
4776,0.464533358812,0.0610818341374,-0.0746905058622,-0.532869756222
6908,0.820466697216,-0.626054227352,0.461480021477,0.599316298962
672,-0.573000013828,3.99744725227,1.14211559296,-0.891872763634
5710,0.0335333272815,-0.824507951736,0.771988034248,0.213215500116
2115,-0.821033358574,0.524979412556,-1.06895875931,0.97945535183
7015,0.17583334446,0.483599126339,0.0818478912115,-0.876772105694
8726,0.341700017452,0.47455906868,0.193343758583,0.395178556442
2185,-0.220600038767,0.470891177654,-0.651000618935,-0.755952596664
3315,-0.195866644382,-0.531884670258,-1.17177450657,0.780403971672
5289,-0.899766683578,0.271099120378,0.0328091681004,-1.41439938545
868,-0.506799995899,0.322391748428,-0.272956073284,-0.941782772541
1677,0.926300048828,-0.618291139603,-0.591587245464,0.611235260963
7043,-0.747566699982,0.0920848920941,-0.394518882036,-0.4410597682
5613,-0.246266677976,-0.186478942633,0.880194485188,-0.0313378274441
595,0.653133392334,-1.02623164654,-0.275479495525,0.660650312901
4793,0.486366689205,0.959055960178,-0.112871095538,-0.356765240431
2736,-0.59810000658,-0.394220143557,0.146709948778,-0.436218559742
5290,1.24080002308,0.683784902096,0.494988322258,-0.610272824764
6194,-0.263666659594,-0.406738519669,-0.802454590797,-1.20683050156
1676,0.159400016069,-0.0673678666353,-0.813935518265,0.109297297895
23512,-0.000900000333786,0.320091664791,1.89828205109,-1.74135839939
148022,0.67906665802,-0.987315893173,-2.59928274155,0.827210068703
1906,-0.692366659641,0.2091511935,-2.22069215775,-0.694583952427
8878,0.301133334637,0.141592592001,0.642380177975,0.555837988853
3091,-0.0243666544557,0.629221320152,0.00414800643921,0.323043227196
5743,0.497066646814,4.75998926163,3.67171692848,0.190983638167
5321,-1.4130666256,-0.0347873866558,-0.574967503548,-0.26989364624
4144,0.4429666996,0.61729568243,0.675224900246,-0.330133616924
1981,1.05023336411,-1.52079856396,-1.45967459679,1.83532333374
695,-0.673099994659,-0.296925723553,0.388070940971,0.246946394444
10398,-0.319299995899,-0.133555859327,-0.995926380157,-1.35956859589
5708,0.426666676998,-0.569518625736,0.00522541999817,-0.112720921636
1213,1.41680002213,-0.461486160755,0.369984447956,0.627707123756
226,0.700566709042,-0.303730636835,-0.0801344141364,0.178088799119
6777,0.359066724777,1.15099203587,-0.674654960632,-0.436970204115
2113,-0.764299988747,0.218751788139,-1.88915681839,1.09460318089
3329,0.82043337822,-0.179969578981,-0.790080666542,1.58430457115
1050,0.75360006094,0.135735169053,0.204630598426,0.759132564068
9491,0.688766717911,0.224072024226,0.78536093235,-0.215676024556
22926,0.978366732597,-0.237556263804,-2.25750637054,1.22178661823
5899,0.356566667557,1.2821931839,-0.727868318558,0.836110889912
5467,-0.564800024033,-0.600581526756,-0.372525691986,0.604119896889
6774,0.473233342171,-0.425934970379,-0.880445957184,0.0586708262563
1788,-0.114166647196,-1.07425189018,-0.62115240097,-0.926058411598
5921,0.032166659832,-0.313424110413,0.865081191063,0.414609313011
5721,-0.839533388615,1.79604959488,0.245436534286,0.129820421338
2263,0.210966706276,0.180129677057,0.291654348373,-0.878674924374
808,1.38553333282,-0.364899158478,-0.261020451784,0.470293372869
30001,0.179000020027,-0.43280929327,-1.34086871147,1.56534528732
348,0.333566665649,0.153750181198,1.28174054623,-0.327969938517
30849,0.800366640091,-0.874713361263,-0.511211574078,-0.122096128762
1454,0.0276666879654,0.126658141613,0.0815650224686,0.154432713985
6500,0.243566691875,5.19640445709,0.161500841379,0.372638016939
5627,0.442900061607,-0.685340225697,4.77283143997,0.854461491108
5715,0.0275334119797,0.0167887061834,-0.39494073391,0.883849859238
4791,0.395333349705,9.62429428101,1.36236178875,0.476438492537
56924,0.185166627169,-0.0821292623878,-0.215532019734,0.599790275097
2690,0.230533331633,0.957225263119,4.31687068939,0.889046669006
1019,0.322233349085,-0.395917087793,1.24307608604,-0.322399318218
51422,0.346799999475,1.4215118885,0.235032603145,-0.138952985406
5788,-0.396866708994,1.17382740974,-0.486736238003,-0.432855129242
6709,0.66069996357,-0.638913929462,-0.870519518852,1.82641124725
1277,0.576233386993,-0.565624594688,-0.32991245389,1.31694769859
993,0.709800004959,0.579199552536,0.055257588625,0.395962357521
7157,0.734766721725,-0.0467556267977,2.54067373276,2.71723675728
1958,0.628433346748,-0.395719021559,1.30585455894,0.765790045261
4582,-0.197066664696,-1.00503945351,-0.671068072319,-0.0510051436722
9212,0.404866635799,0.328391671181,-1.22148501873,0.232779741287
8440,0.365333348513,-0.834595561028,-0.0495634526014,0.433069169521
6790,0.550599992275,-0.943706452847,1.08911049366,0.205743521452
8851,-0.579633355141,0.725648343563,-0.577030777931,1.38963401318
2534,0.0931666642427,-0.37439879775,-0.171350777149,0.386830031872
4893,0.635533332825,-0.625253796577,0.0839075222611,-1.18043470383
665,-0.241266697645,-0.730665683746,0.668911457062,0.0671913772821
4313,-0.604933321476,0.0477859564126,0.555994749069,-0.714753746986
1022,-1.1794000864,-1.30942034721,-0.0469884946942,-0.87630879879
5880,-0.2350666821,0.519846975803,-1.7408002615,1.60363841057
3162,0.364999979734,-1.11225140095,0.348056167364,0.0664213597775
1282,-0.62340003252,0.0334707945585,-0.229543805122,-0.0677932500839
3383,0.82763338089,-0.741723954678,-0.371904343367,0.798865973949
727,0.664866685867,5.62577915192,0.172575160861,-0.757817625999
4792,0.612666666508,-0.456994086504,-1.03642880917,-0.0310092866421
4794,-0.189733326435,0.575545549393,-0.610533177853,-0.78122061491
902,0.442166686058,-0.424856126308,1.45110058784,-0.233416929841
8091,0.329833328724,0.473445653915,0.680058538914,0.921541750431
3486,0.120733320713,-0.330197393894,-0.0592684149742,0.0848283544183
10818,-0.396733343601,0.160915315151,-0.770433187485,0.202796578407
3454,0.177400052547,-0.270581752062,-0.691698789597,-0.420330345631
4282,-0.988633394241,0.101121507585,0.543516397476,-0.734372258186
1605,0.283433377743,0.2337243855,0.897592425346,0.551960945129
10644,0.674033343792,0.853579878807,0.26605540514,-0.895518898964
2065,0.232366681099,-1.1418967247,-0.741971611977,0.619522690773
8321,-0.690733373165,0.630917668343,-0.140804663301,-0.503680944443
8503,0.656599998474,-0.159695193172,-0.513520300388,0.27418372035
7027,0.5230666399,-0.142190486193,-0.391416311264,1.1276910305
6850,-0.0366333425045,-0.838690340519,-0.972260951996,-0.60546797514
1978,-0.00936663150787,-1.01858603954,-0.679165959358,0.282399624586
896,0.03686670959,1.10473680496,2.50510454178,0.0438442081213
5777,-0.160833328962,-0.255637824535,0.103040613234,0.596387624741
1846,-0.0444666743279,0.0745024979115,0.443261265755,-0.0857249051332
5925,-0.0464000217617,-0.896341562271,-0.663387238979,0.225379928946
142,0.12413328886,0.771984398365,-0.332817703485,0.492287904024
1021,-0.331433296204,0.336025714874,-0.572467386723,1.12250208855
5699,-0.585300028324,0.4877628088,1.0346544981,-0.28499135375
8061,-0.0460999757051,-0.745110094547,-2.49300003052,-0.347390443087
1870,1.21650004387,-0.147209241986,0.722520709038,0.962541460991
1398,0.309133350849,-1.05497086048,-0.633604168892,-0.0327426940203
3312,-0.0748999714851,0.299984812737,0.469423890114,0.0336908325553
891,0.448666661978,-0.307808667421,-0.891659796238,-0.0481024384499
4775,-0.339933305979,-0.0813827887177,-0.544196248055,0.0297863669693
5111,-0.0678666755557,0.504733920097,-0.582965910435,0.996167361736
5696,-0.36086666584,0.363202303648,0.861567378044,-0.142458483577
5588,-0.247333332896,0.239417359233,-0.706709384918,-0.110500268638
6839,-0.561633348465,0.359301358461,0.685066580772,-0.220080301166
329,-0.570699989796,0.537157416344,-0.0734679698944,-0.248542666435
5058,-0.051433339715,1.00358128548,-1.27690005302,0.453691899776
998,0.138366669416,0.0778979957104,-0.644519209862,-0.516294956207
9134,-0.4130666852,-0.274748265743,0.775439679623,-0.0241699144244
6616,0.375033348799,1.16952621937,0.167185604572,3.37360358238
5223,0.279366642237,0.0363273993134,-0.26674041152,0.888644933701
4690,2.60376691818,-1.30950403214,3.28899860382,-1.47363972664
958,-0.583366692066,0.80296087265,-0.268489211798,-0.791341364384
1616,0.306533336639,0.494106143713,-1.16068649292,-0.907624602318
991,0.729433357716,-0.0536966994405,-8.1193561554,0.686791241169
6347,1.1643666029,0.421040713787,0.349954426289,0.545065641403
6714,0.00659996271133,-1.14420354366,-1.39345622063,0.80941259861
652,-0.593700051308,0.337533712387,0.980022132397,-0.172099351883
4331,0.286000013351,0.104530662298,0.706155598164,-0.657305955887
7099,0.374233365059,0.7893846035,0.0337547659874,0.727234363556
10320,0.620766639709,0.469621926546,-0.135630086064,-1.11186528206
2042,-0.177400007844,0.0148849189281,0.478386253119,-0.30830141902
843,-0.424666643143,0.494626522064,0.326659500599,-0.579704880714
840,0.443233370781,-0.134493261576,-0.776968836784,0.826022982597
7048,0.190566658974,-0.592115044594,-2.14289617538,1.8171505928
4851,-0.773366689682,-0.158770263195,-0.484148621559,0.0243552774191
6464,0.328233361244,-0.219906359911,-0.505101084709,-0.302900910378
23410,0.00960001349449,-0.586292505264,-0.685094237328,0.0916881263256
54205,0.232400029898,-0.0478307381272,0.629531085491,-0.504021048546
2770,-0.571366667747,-0.200275659561,-0.715761125088,1.16359770298
80204,-0.391666710377,0.651685893536,0.256614238024,0.0913828909397
4208,-0.237399995327,0.0894697010517,-0.254488289356,-1.03086256981
1845,0.620499968529,-0.681628704071,0.492721408606,1.13967549801
23368,-1.15913331509,0.727997303009,-1.32883429527,-0.142769187689
5583,0.719033360481,-0.562197744846,-0.462583690882,1.37815761566
8900,-0.330100029707,0.081019975245,-0.313198208809,0.294305056334
581,0.553000032902,-1.47458124161,-1.73067092896,1.45238697529
6193,0.330433309078,-0.533698439598,0.290110617876,-0.0974027067423
6622,0.0317333340645,0.0263375937939,0.154494598508,-0.424986064434
11261,0.116533339024,0.00548273324966,-1.08033192158,1.24171411991
6696,0.477133363485,-0.815966248512,-0.461895108223,-0.203471183777
8312,0.351133346558,-0.632590413094,1.27816772461,0.080614939332
835,0.79563331604,-1.26366710663,-1.36257398129,0.996956288815
8324,-0.339366674423,-0.339945018291,-0.0613051503897,0.781498372555
1848,0.815966725349,0.350681751966,0.564572691917,-0.172175511718
154,0.367166668177,0.564929306507,0.864595293999,-0.872992515564
4312,0.974799990654,0.0833449065685,-0.113922938704,-0.594198048115
994,-0.455333352089,-0.497784018517,-0.138818085194,0.366595745087
2048,-0.0971333086491,1.73208451271,1.05383360386,0.820902347565
1111,-0.0138999968767,0.826170086861,2.16107535362,0.215532630682
5154,-0.0607666969299,-1.33566153049,-0.841689050198,-0.431754469872
2920,-0.175433337688,0.315964639187,0.471616089344,0.155117094517
3122,0.192999988794,-0.186456367373,2.82232379913,-1.06700789928
2769,-0.496033340693,0.080057322979,0.183392196894,-0.382230579853
5900,-0.318866670132,0.73872333765,-0.5781493783,0.887240171432
6304,-0.0796333551407,0.604762017727,0.880816936493,0.875713765621
5211,0.35113337636,-0.475769221783,0.61916166544,0.234064400196
2886,0.876733422279,0.332036495209,0.631222546101,0.439640641212
9261,-0.732133328915,0.0909858569503,0.657710790634,0.475693315268
8569,-0.283866673708,-0.754899680614,-0.0631118714809,-0.758206188679
3303,0.967933297157,1.04776787758,0.666419804096,-0.354815661907
5331,0.474933326244,0.346102148294,1.41153299809,0.185141175985
5347,1.18846678734,-1.68809556961,-0.400044828653,1.83910536766
4638,-0.392933338881,-0.846411705017,3.2301492691,0.584104657173
2264,0.268033355474,-0.0668496713042,-0.48556214571,0.790377140045
1029,0.398066669703,1.19460773468,0.183057487011,-2.65572214127
1027,-1.45770013332,-0.851652681828,-0.0632618069649,0.77191567421
2597,0.0,0.0,0.0,-0.24978877604
55847,1.68169999123,-0.791291832924,0.119449317455,0.284608095884
25803,0.582833349705,0.612859725952,-1.10466313362,-1.18524324894
3480,0.203566670418,-0.694523870945,2.87911105156,0.256583929062
2946,0.0833333283663,0.396234810352,-0.65348726511,1.22385263443
9517,1.29513335228,-1.92001485825,1.23371446133,1.49901044369
25987,0.0486000031233,-0.659926176071,1.46541249752,0.615087747574
23670,0.944366574287,0.772188723087,-0.349883675575,-0.242422550917
11182,-0.251533329487,-0.33795106411,0.275579363108,-0.515835404396
2146,-1.25183343887,-1.34524738789,-0.181728601456,0.10314257443
3385,0.771766662598,-0.95759165287,-0.898432433605,0.371676743031
5261,-0.564100027084,0.177291333675,-0.334244638681,-0.20023304224
10765,0.651666641235,-0.254913181067,-0.103255361319,1.09948325157
25839,-0.575700044632,-0.0310039371252,-0.442305266857,-0.0226024873555
4172,-1.12713336945,0.435291260481,-0.729580402374,1.32080435753
23161,0.259533315897,0.511979699135,0.472172558308,-0.448546648026
10298,0.552133321762,-0.319873720407,0.420179247856,1.43115913868
1802,0.651700019836,0.61233073473,0.0288018286228,0.733997881413
58533,0.289300024509,0.501545786858,1.02846121788,1.02656149864
147179,-0.0445333123207,-0.0114580579102,-0.682303667068,-0.0701330378652
29937,-0.513933300972,-1.02035927773,0.794203519821,-0.620810508728
6184,0.505900025368,0.677771091461,1.04460859299,-0.72391462326
9854,0.618099927902,-0.201619386673,1.8590400219,0.200526118279
2553,0.367033362389,0.596262991428,-0.848795056343,0.254383027554
5440,0.594333350658,-0.486194610596,-0.733836472034,-0.0673794746399
54623,-0.871333360672,-0.942304611206,-1.06562745571,-0.0816376358271
9533,0.709033370018,-0.685091078281,0.385571062565,-0.883751630783
8607,0.423400044441,0.171875104308,-0.446965843439,0.794277071953
207,0.406833320856,0.870962679386,-0.0872400552034,-0.0341489091516
26054,-0.666266679764,-0.284437060356,-1.18552589417,0.0224932059646
10682,0.184066653252,0.128174647689,0.5374969244,0.25947663188
8573,0.132533311844,0.788562357426,-0.2845467031,0.722857117653
23378,-0.629600048065,0.662682533264,0.335899502039,0.0503278039396
8553,-0.104000002146,-1.17520701885,0.599503040314,0.638558626175
622,0.116066664457,-0.260242640972,0.126697778702,0.441403687
9467,0.222233340144,-0.758882045746,0.269522368908,0.288415074348
5525,-0.0617000162601,-0.783002972603,1.29329395294,1.09801006317
256364,0.0142333433032,0.541558265686,0.808999657631,-0.850613832474
332,-0.12623333931,-0.480030179024,0.148124694824,1.14015161991
2058,-0.72546672821,-0.560713589191,-1.15603876114,0.958090484142
7849,0.78200006485,0.850008308887,4.12232589722,0.260126948357
23244,0.458266675472,-0.781619310379,0.73915553093,-0.0345416218042
7494,-0.584300041199,-0.295579195023,1.24082362652,-0.233729541302
4836,0.434000015259,-0.407299876213,0.334042489529,0.408640801907
23647,-0.0225666761398,-1.13792514801,-1.94914448261,0.51638263464
10617,-0.703100025654,-0.380591928959,2.74757957458,-0.775747358799
2184,0.599000036716,-0.351365506649,0.296345591545,0.603810429573
5355,-0.529066681862,1.256747365,-1.76673412323,1.10130381584
6659,0.05269998312,-1.61594557762,-0.407994687557,1.32384371758
7016,-0.341966748238,-1.0889518261,-1.04126775265,-0.519678413868
90861,0.606099963188,-0.440981060266,-0.159942135215,0.529266297817
10670,-1.15413343906,0.689889431,0.178028523922,0.76932990551
79071,-0.654399991035,0.161166861653,-0.220120340586,-0.529096245766
64746,0.0745333135128,0.0124146714807,1.38729763031,0.372991800308
5366,-0.245199993253,-0.386149168015,-0.539099514484,-0.945264995098
11344,-0.231900036335,-1.04734706879,0.423511922359,-0.0818603411317
10013,0.276800006628,-1.20153403282,-1.62275636196,0.89220136404
5829,-0.252099990845,0.727121293545,-0.0995966047049,0.48712643981
5257,0.833266675472,-0.700173914433,0.536514401436,-0.124779395759
22794,0.147766679525,-0.85328233242,-0.412611454725,0.453518182039
9761,-0.693400025368,-0.855938434601,-1.1036798954,1.09180176258
23326,0.538033366203,0.684880912304,1.21063673496,-0.431092590094
10972,-0.223066717386,-1.7612221241,-1.82301568985,1.46963202953
10523,-0.535866618156,0.165856480598,0.569952368736,0.267202675343
79090,-0.579733371735,-0.0928099602461,-0.227707922459,-1.11329567432
27032,-0.159799993038,0.239822566509,-0.94653570652,-0.101863160729
9097,-0.550100028515,0.0556997656822,-0.52965593338,-0.213160634041
10513,-0.329300016165,0.0203143637627,8.14609527588,-1.20619606972
1891,-0.480266660452,0.137061625719,-0.449757754803,0.517238199711
3066,0.490800052881,-0.762380719185,-0.281655073166,0.548851311207
9801,-0.377333343029,1.31982052326,-0.587661862373,-0.568195343018
1459,-1.32286667824,0.671143054962,-0.0556490272284,-0.586462318897
9703,1.34633338451,-0.305834114552,-0.90667039156,0.927932679653
10606,0.517766714096,-0.844603478909,-0.629912495613,0.568465590477
1017,0.477666676044,0.0729642808437,-0.652809798717,-0.0744577646255
9813,1.08356666565,-1.36342096329,0.0742397159338,0.263696700335
7485,0.755066692829,-0.0680479705334,0.269656360149,-0.290923595428
2109,-0.0476000010967,-0.178565382957,-1.86133754253,0.739566147327
23271,-0.107899963856,1.44887363911,-1.0258783102,-0.344513475895
9915,-0.679633259773,0.83473020792,0.247358605266,-1.8285292387
9552,-0.364133358002,0.924595654011,-2.27203035355,0.6576846838
93487,0.180700004101,3.56011104584,1.59885787964,0.223890945315
2956,0.133299991488,-0.635406732559,-0.303462415934,1.16179287434
11065,0.918366670609,0.353122085333,-0.0828460454941,0.642773032188
9653,0.106733351946,0.0670968294144,-0.0379166156054,-0.85798227787
200081,0.170100003481,-0.464774757624,1.93085956573,0.0629105418921
3337,-0.241200000048,0.817863285542,1.10720598698,0.476311415434
11073,-0.088533334434,-0.436372756958,1.49231553078,2.8618721962
23,-0.0708000063896,0.417259991169,-0.0573943406343,-0.459298759699
5641,0.394633352757,1.72125172615,1.717664361,0.718176722527
8720,-0.358533352613,0.600264072418,-0.870329380035,-0.171049416065
10782,-0.487000018358,1.37491869926,0.194744437933,0.240429207683
25932,0.118333309889,-0.826744139194,-1.48001515865,-1.05723536015
3028,0.410966664553,1.15710139275,-1.13550877571,0.0929847806692
6804,-0.372500002384,-0.18664047122,-2.3937048912,0.387125045061
890,0.623799979687,0.344875812531,-1.33267426491,0.864954054356
6390,-0.486900031567,0.526071131229,-0.210139274597,0.504326343536
4303,-0.408400028944,0.327684253454,0.151049613953,0.0541121065617
10953,0.554233372211,-0.597729742527,0.690127193928,-0.180185168982
22889,-0.703466653824,1.15294921398,-1.00472688675,0.5380397439
3098,0.212966710329,-0.519436240196,1.17566871643,0.244726732373
11044,-0.647000074387,-0.020326808095,-0.0247560217977,-0.0801575481892
8985,0.0595000088215,-0.699493587017,-0.187320739031,0.906394541264
66008,-0.542733311653,-0.0716765597463,0.886543631554,-0.0120514491573
9217,0.147366672754,0.329762518406,-1.19065141678,0.970262825489
701,-0.0669667124748,-0.275511443615,-0.639070153236,-0.756731927395
6182,-0.000233333325014,0.656419992447,-1.37810885906,-0.65706884861
4860,0.156633347273,0.0581769198179,0.6477394104,0.0171775743365
7398,0.843300044537,0.300054043531,0.658575534821,0.43297123909
6117,0.266200006008,0.312415122986,1.38479614258,0.638505160809
23588,0.453566670418,0.538594722748,1.01850247383,1.20297718048
949,0.293500006199,-1.10921025276,-0.874921739101,0.0486712530255
7168,0.218566656113,-0.35290646553,0.0430388301611,0.614913105965
9375,0.609066665173,0.726518392563,0.243334442377,1.34555351734
4927,-0.0356333255768,-0.270644694567,-0.0119757652283,-0.480783462524
2523,-0.166666656733,-1.02900004387,-0.414602577686,-0.49922901392
58497,-0.675233364105,-0.113995455205,0.380508571863,-0.293096244335
6856,0.0867000073195,-0.365165054798,-0.663917899132,0.142163470387
26036,-0.566033363342,-0.973695516586,0.0473059490323,0.338548004627
10206,0.289600014687,0.105490446091,-0.31010723114,-0.994747519493
25793,-0.0556666851044,-0.00871102884412,1.24330914021,-0.0183792337775
55556,0.0157999992371,-0.299112439156,-0.718411207199,0.551287353039
3978,0.183466732502,-0.296622693539,-0.551215350628,1.35300004482
10681,-0.621466636658,-0.590218603611,0.024395942688,-0.345263540745
3638,0.422966718674,0.299230217934,0.0882747098804,-0.385864078999
8349,0.313399970531,0.266346812248,0.551467478275,-1.00226569176
6275,-0.105066671968,-0.402988314629,-0.145447269082,-0.404911279678
3895,0.219833344221,0.141501352191,-0.256371259689,0.81253272295
392,0.141166687012,0.0699627399445,-0.258545219898,-0.0862766802311
9170,0.247099995613,0.0950792133808,-1.03350245953,-0.49427357316
80347,0.545166730881,-0.0516106337309,0.118060275912,0.00988508760929
23300,0.0282000005245,0.294047474861,1.40824866295,3.02197790146
836,-0.128000020981,0.461516171694,0.964464366436,0.0788053944707
11188,-0.883333325386,-0.310926496983,-0.657062351704,-0.440754562616
10898,-0.0753666758537,-0.974033296108,-1.16836166382,-0.78450512886
9276,0.393666684628,-1.11927902699,-1.76524817944,0.392554938793
1647,0.85480004549,0.570724844933,0.572529733181,-0.283910810947
10285,0.0763333439827,0.979718923569,1.01366329193,-0.99819034338
23386,0.187133342028,-0.0208528861403,-0.120110929012,-1.04715669155
3156,0.153933316469,-0.0997501537204,-0.586423575878,-1.19855117798
10237,0.338499993086,0.607209086418,0.725660562515,-0.404889136553
7077,0.487366676331,2.85986185074,1.31065750122,0.998321890831
11157,-0.318933367729,1.53847193718,0.638394594193,-0.522841215134
22908,-0.856100082397,1.03908538818,1.15187823772,0.239071130753
10915,0.367699980736,-0.361870139837,-0.210806429386,0.60547375679
9897,-0.291399985552,-0.413364052773,0.37520802021,-0.19526745379
1759,-0.170300021768,0.0292008500546,-0.811000168324,0.515947580338
54541,-0.411599993706,-0.312007933855,0.483413934708,0.00327792018652
211,-1.02833342552,-0.379402637482,-0.202766865492,0.167035698891
5048,-0.731600046158,0.588867425919,0.110325351357,-0.136749058962
84722,-0.150400012732,0.44852373004,0.0899021700025,-0.328615963459
29890,0.628900051117,1.16789531708,0.0982167199254,-0.407640725374
9868,-1.09406673908,-1.00940823555,0.52675151825,-0.214085847139
873,0.728566646576,-0.567328572273,0.0553401708603,-0.0204041451216
5580,0.19676668942,-0.791050970554,-2.07210445404,1.28137087822
3725,-0.280566692352,0.42129021883,-0.280152231455,-0.358768641949
23585,-0.197833329439,-0.346671551466,0.947999835014,0.0173064470291
51097,0.9484333992,-0.391087979078,-1.26026165485,0.837939739227
1831,0.229499995708,-0.755448520184,0.680528044701,0.714448750019
7020,-0.0277999788523,-0.312385469675,0.96214902401,-0.741787970066
55893,-0.198633372784,-0.738684654236,0.00785672664642,-0.288189232349
6944,0.266400009394,-1.29212355614,0.0308503210545,-0.0650584101677
22883,-0.296033322811,0.183005720377,-0.43712836504,0.712166249752
5601,-0.0778333246708,0.61607670784,-1.51571381092,-0.310730993748
10775,0.23966665566,0.200357541442,-0.125615179539,-0.439872026443
4780,0.423300027847,-0.566501379013,0.436881482601,-1.18618810177
10904,-0.660700023174,0.47013014555,1.11919438839,0.152917504311
9917,-0.216733321548,-0.0634251832962,-0.213278457522,0.372983813286
1399,1.43993341923,-1.00649166107,0.256032824516,-0.849429011345
24149,-0.33413335681,1.40917551517,0.532628953457,0.447247028351
2222,0.187066674232,-0.564779222012,0.532425642014,0.0717097967863
10131,-0.495900005102,0.619723379612,1.19595050812,1.27877855301
2958,0.416099995375,-0.873299956322,-1.34840345383,-0.234702974558
9650,0.973933398724,0.343846261501,0.831434011459,-0.806910932064
7319,-0.0784999728203,-0.657729804516,0.40053036809,0.0131046622992
4817,0.371499955654,0.446913510561,0.285306662321,-0.665792226791
9143,-0.0174000263214,-0.484300255775,0.492989599705,0.451710939407
10494,-0.3178999722,0.910963118076,-0.65067511797,0.781957864761
55324,0.487399995327,0.164370164275,0.478641867638,0.959002494812
23149,0.699633359909,0.81680816412,0.166559517384,0.239411622286
9943,0.869200050831,-0.443949401379,0.4407800138,0.721747398376
6599,0.117399990559,-0.566084384918,-0.577470004559,0.553587913513
51031,-0.00816667824984,-0.613681733608,1.77163863182,-0.361932843924
3566,0.13466668129,0.366196632385,-0.348065018654,-0.302887052298
3815,-0.445566654205,-0.36819756031,-0.419826626778,-0.476108968258
8624,0.156266689301,-0.127746373415,-1.42750072479,-1.07092428207
27346,-0.17460000515,0.129917562008,0.238555014133,0.396256387234
10489,-0.528033316135,0.726491093636,-0.451899468899,-0.667125105858
26128,0.31126666069,0.240497916937,0.681097149849,0.32923617959
79921,-0.0778666883707,-0.0139239076525,1.59070837498,0.108628451824
55746,-0.630700111389,-0.0657714754343,-0.372758448124,0.427965342999
23636,0.328833341599,-0.86664056778,-0.377463698387,0.831594586372
10892,-0.13356667757,-0.475860327482,0.576755106449,0.0792886763811
10652,0.415899991989,-0.855618953705,0.0331303775311,0.0668680518866
11004,0.381566613913,1.5280598402,1.34453988075,0.477829813957
23530,-0.0240333378315,-1.25907349586,-0.569663584232,0.894690334797
8826,2.10586667061,-0.602066516876,-0.770066261292,1.75737798214
3308,1.043633461,0.719836473465,0.759947776794,-0.0586498565972
7153,-0.387700021267,-0.504327118397,-1.12012708187,0.0474360883236
11041,0.419000029564,-0.279128879309,-0.195379823446,0.480532050133
6342,0.36050003767,0.214337468147,-0.892413794994,0.0373163446784
5883,1.12929999828,0.0150931943208,-0.0199456512928,0.588102042675
10589,-0.724233388901,0.291505217552,0.722138702869,-0.876273572445
5110,-0.22796665132,-0.574709296227,0.186202645302,0.310781478882
4609,-0.223799988627,0.0534985512495,-0.181241691113,1.10305583477
5423,0.262000024319,0.186212912202,0.846040070057,-1.19024372101
1070,0.219066679478,-0.209631353617,1.12842166424,-0.535500586033
10051,0.532900035381,-0.179046601057,-0.107075579464,0.699849486351
6603,-0.546433329582,-1.02928578854,1.30388772488,0.309520632029
9019,0.369366645813,-0.154785916209,0.987607181072,0.775555849075
10969,0.421433359385,-0.365872263908,0.757720708847,-0.678339004517
9797,0.509233355522,1.45792675018,0.0542331375182,0.648974955082
4043,-0.0318333208561,0.303659826517,-1.58323049545,-1.65783441067
9519,0.102099984884,-0.268328547478,1.17367124557,-0.0436370149255
8480,-0.386499971151,0.996105492115,0.218840286136,0.123000606894
983,0.442633330822,-0.0913547798991,-0.844488978386,-3.57179570198
10559,-0.249600023031,0.42858338356,-0.0109581947327,-0.302431046963
8508,-0.427100002766,-0.731341719627,-0.753135144711,0.131711691618
9275,0.068733304739,0.545648574829,2.76518726349,-0.689896523952
8914,0.221733346581,0.332047343254,-0.655378162861,0.651521801949
54505,-0.573933362961,0.15287835896,-1.60676383972,-0.449656069279
6919,-0.954066634178,0.107984676957,-0.450213015079,-0.752472579479
2274,-0.116733342409,-0.830339252949,-3.65592741966,0.498921781778
2288,-0.277733355761,0.000516478030477,0.197414815426,-2.91562533379
7994,-0.324633359909,0.945705354214,0.883935928345,0.493523418903
4216,-0.321666687727,0.222523361444,0.538824677467,1.17991042137
7538,-0.119233340025,-0.436735749245,-0.855993151665,-0.144335180521
3628,0.469033360481,0.183317512274,-0.255519837141,-0.0063187405467
2037,0.240799993277,2.72317886353,-0.670889735222,0.0462725162506
2771,-0.231633320451,0.0542881302536,-0.696916222572,0.31813532114
7264,0.510766625404,-0.480942755938,-2.35467171669,0.475770533085
1786,0.473166674376,1.13449263573,0.530754685402,0.240853369236
5873,-0.0265333279967,1.02547609806,-0.476396262646,-0.5966771245
780,-0.255199998617,0.286143630743,-1.4215618372,0.196191579103
9926,-0.130733326077,0.569809377193,1.34749495983,0.0227414518595
8446,0.435433357954,-0.192309260368,1.27711486816,-0.269588977098
7159,0.271966665983,0.0272122677416,0.491196632385,0.0663359090686
1026,0.184466689825,0.430176705122,-0.307412564754,0.738731145859
7082,-0.0414000079036,0.216770336032,3.69389247894,-0.736267387867
10058,-0.038666665554,0.692145287991,1.14292728901,0.723212480545
10797,-0.570333361626,-0.250475406647,0.85324627161,-0.400309056044
11230,-0.203633338213,0.216106414795,0.440923810005,-0.571804642677
30836,-0.211133345962,0.237194120884,0.612631201744,0.193480521441
27336,-0.352900028229,-0.521298766136,-0.449609190226,-0.123363725841
9918,-0.166566669941,-2.75645303726,-0.51784825325,-0.34289214015
79073,-0.142366662621,-0.352583527565,-0.394284546375,0.602430343628
9688,-0.258166670799,0.138910084963,1.10257470608,-0.12415573746
23659,-0.416633367538,0.594583272934,0.0729609206319,-0.0233159735799
8396,0.153466671705,2.1741669178,5.32483148575,0.91350287199
23077,-0.615666687489,0.763392150402,0.251592099667,0.208667889237
10857,-0.0382999926805,-0.257195711136,-0.00910179689527,0.129782423377
16,-0.284833371639,0.669927000999,-0.597890794277,0.828875303268
2817,-0.174166709185,-1.22144591808,-0.907679259777,1.47980201244
60528,-0.424066662788,0.658892214298,0.227696865797,-0.426172286272
5359,0.271933346987,-0.00918835401535,4.14494466782,-0.114512637258
1514,-0.373100042343,-1.47574138641,-1.34033048153,0.293092817068
1509,0.564200043678,-0.88850235939,-3.28253078461,0.402058064938
9181,0.292100012302,0.805150747299,1.00126791,-0.0323711335659
3611,-0.0891333222389,0.755081176758,0.15815988183,0.0692010968924
4783,0.179266661406,0.223300591111,0.813312888145,0.449591010809
10123,-0.394500017166,-0.0908685177565,3.00429821014,-0.385140925646
8895,-0.472666680813,-0.142004847527,-0.308739691973,0.357908189297
9805,0.283966690302,-0.0132879205048,0.0471632406116,0.0558486133814
4125,0.0318333506584,-1.16230070591,-1.86964273453,0.501565635204
1635,-0.658833324909,-0.379051417112,0.0876573175192,0.750143170357
4154,0.00446666171774,-0.143759295344,0.400795400143,0.986772119999
26292,0.336700022221,0.458304941654,-3.76636052132,0.104526638985
5770,-0.167433351278,-0.56455373764,-0.929118394852,0.891115307808
25874,-0.215966671705,0.133997067809,1.26985645294,0.0595082119107
11319,0.0169666707516,-0.490444600582,-1.15455627441,0.455013871193
1153,0.0929666757584,-0.366293847561,0.20284640789,-0.295901477337
11098,0.667999982834,0.337967544794,1.19156169891,0.553712725639
8974,0.700100004673,0.222092151642,0.313857674599,0.860908985138
533,0.342633336782,0.878710627556,0.51868057251,-1.71621358395
823,0.347533345222,0.318870633841,1.08995223045,0.368752986193
6812,0.669533371925,6.87571382523,0.271256327629,0.233218967915
3693,-0.2079000175,-0.213453233242,1.05131030083,0.687297046185
4891,-0.292466670275,0.183046638966,-1.53694605827,0.0442756861448
10954,1.02446675301,-0.164272069931,0.309269428253,0.922130465508
5909,-0.00489999353886,0.970005452633,0.929902374744,0.334718734026
9221,0.577100038528,-0.96643269062,-0.648143827915,0.615672767162
847,0.360166668892,-0.0716765969992,1.43632602692,-0.655574858189
11072,-0.382633328438,-0.0896368995309,-0.361322700977,0.280579268932
10221,0.26130002737,-0.340318500996,-0.104821711779,0.154787868261
7158,-0.612466692924,-0.113373667002,0.398627877235,0.866572260857
8678,-0.110666662455,0.440554618835,-0.125287011266,-0.210659295321
11014,0.357166647911,-0.083201110363,0.510050058365,0.071427822113
1994,0.674400031567,-1.20850849152,-3.60950183868,1.09983289242
3482,-0.30246669054,0.943656682968,-0.21340289712,-0.515857815742
25976,-0.401366680861,0.106568008661,0.658869981766,-0.389462947845
10491,-0.0358999967575,-0.295807957649,-0.900559782982,0.634170472622
51053,0.596766710281,1.68911397457,1.07041084766,-0.711026847363
9267,-0.003666639328,-0.125386118889,1.10188043118,0.730589807034
5547,0.522233247757,0.661073565483,1.03137862682,0.199112296104
6597,0.0496333241463,1.25969481468,1.24900615215,0.682054102421
5836,-0.0336333364248,0.900643765926,-0.0321183279157,0.265753149986
6118,0.380100011826,0.557654559612,0.0920990854502,-1.52649474144
2961,-0.075100004673,-0.0129767935723,0.406702727079,0.830433130264
310,-3.14703369141,-0.434760957956,1.51842212677,-1.50306069851
7296,-0.793633341789,0.860017001629,0.116434857249,-1.02618598938
1429,0.39006665349,-0.346280515194,0.930761873722,-0.242590621114
2548,-0.22499999404,1.44555079937,0.217333748937,0.47713893652
6499,0.693033337593,0.608659923077,1.04692435265,0.30168813467
642,0.59746670723,0.724516272545,-0.789219796658,0.406616091728
23076,0.275999993086,0.146981716156,-0.101678051054,0.625993669033
10099,-0.14036667347,-0.0405936464667,0.0637565851212,0.157815784216
9817,-0.316866695881,1.40979528427,0.517065048218,0.0284654013813
9126,0.341766655445,1.0563133955,-0.163089185953,0.0292250663042
3930,0.352500021458,-0.0527547821403,0.297118067741,-0.231124892831
10450,0.115633331239,0.359915554523,0.202181071043,-0.946084141731
54386,-0.0398666858673,-0.475159943104,-0.303977191448,-0.489938646555
664,-0.769100010395,-0.840634763241,1.16943383217,0.360839575529
596,-0.6222666502,1.44737112522,-0.330980271101,-0.703602552414
10180,-0.084433324635,1.01645064354,0.14376758039,-0.724942624569
1445,-1.14219999313,0.116063483059,-0.702546715736,-0.0041715092957
230,-0.310900002718,-0.93805617094,-1.22156357765,0.438354551792
9246,0.422100007534,-0.141765087843,0.115680083632,-0.616739332676
5092,-0.514433324337,0.171424970031,-0.465377569199,-0.91931450367
23463,0.356499999762,-0.37088239193,0.164305970073,1.5530513525
10007,-0.39690002799,0.381312459707,0.830974400043,-0.153125241399
4925,-0.373266667128,-0.0358771085739,-0.384274482727,-0.472089678049
6251,-0.650399982929,-0.261000454426,-0.781442284584,0.595007717609
5782,0.538300037384,0.123049840331,0.362961709499,0.825344800949
5106,-0.294066667557,0.768508434296,0.22504401207,-1.15311217308
2673,-0.36086666584,1.6956871748,-0.357567965984,0.245734125376
644,-0.564999997616,1.06787443161,0.4832264781,0.0422750115395
6284,-0.093000009656,1.0875415802,0.11988145113,-1.60510206223
4605,0.910866677761,-1.01734566689,-2.30904650688,1.69364452362
6810,-0.745266675949,-0.106123909354,0.401608586311,-0.386552214622
54499,0.313566684723,0.313893646002,1.06803023815,0.592237114906
11007,-0.133099973202,0.158888712525,-1.60277056694,0.786873102188
1643,-0.252433329821,0.0173353552818,0.729610979557,-0.158417582512
25805,-0.342833340168,0.263373345137,0.952372074127,0.699194312096
3033,-0.180933371186,0.489966720343,0.353611588478,-0.847019135952
2745,-0.541466712952,0.983016014099,0.893003761768,0.526730120182
9961,0.0654333531857,-0.0283228009939,-1.19383382797,0.509659409523
3925,0.502666711807,0.365547329187,-0.705571115017,0.319603800774
2582,-0.460833340883,-0.338056147099,-1.62340891361,-1.14423131943
5792,0.22910001874,0.820668399334,0.199980005622,0.197768941522
5236,0.60813331604,0.625750720501,-0.310464352369,0.910375595093
4016,-0.147433340549,-1.14210724831,-0.78120881319,-0.667044699192
4651,-0.233466699719,0.26876232028,0.108178421855,0.476988941431
3988,-0.352833360434,-0.806852161884,-0.854344904423,-0.839417695999
26227,-0.416066676378,-0.192087262869,1.59777605534,-1.1021848917
7982,0.257300019264,-0.796074867249,0.53619658947,0.12246465683
3551,0.623000085354,1.08293116093,0.631543636322,-0.261905014515
5108,0.527133345604,0.530656278133,0.670638918877,0.626133561134
8870,0.304666697979,-0.0790507644415,0.476921409369,0.261192828417
2195,0.894366681576,0.0923080444336,0.61548614502,0.111908912659
8731,0.0292000174522,1.18749547005,0.569524407387,0.00959485024214
1956,-0.104333400726,0.595573663712,-0.92625361681,1.31169652939
10276,1.0638333559,-1.33552193642,0.35235363245,0.914383709431
1666,-0.573366701603,0.284853756428,0.566324532032,-0.880769073963
4864,-0.111966669559,0.220741644502,-0.38281661272,1.09416556358
4232,-0.5992000103,0.984477043152,0.0960004106164,-0.372620433569
5050,0.233066678047,-0.367031425238,-0.788946449757,-0.627003788948
813,0.627066731453,1.72249352932,1.04172182083,0.691648364067
3964,-1.00776672363,1.94310355186,-0.442085385323,-0.864218235016
26020,-0.687799990177,1.09606063366,0.142462998629,0.467651307583
481,0.16249999404,-1.59953927994,0.126386731863,0.944532036781
5019,0.108933344483,0.363049983978,0.797766983509,0.194318562746
291,0.160533338785,0.14472989738,1.07564973831,-0.430696904659
10973,0.355633318424,0.248019605875,0.606708049774,0.308868706226
9697,0.369666665792,-0.616616904736,0.191064834595,0.119139112532
5831,-0.242999970913,-1.42084527016,-0.0760122835636,0.134740114212
8202,-0.0325333252549,0.148817181587,-0.977721691132,0.910118639469
57804,0.840633392334,-0.365302532911,-0.0871911644936,-0.561853945255
5566,0.0265000164509,-0.0961898341775,-2.25109267235,0.503999054432
57149,-0.517800033092,-1.14785814285,1.0804451704,-0.155384659767
7416,-1.74093329906,1.45383191109,1.82679915428,0.0717042684555
10174,-0.266066670418,0.589419722557,1.70661973953,2.51697015762
6676,0.629633367062,-0.388691663742,-0.386367440224,-0.238948881626
8884,-0.0333000011742,-1.44771504402,-2.91995549202,-0.181494638324
5997,-1.08646667004,0.0313828960061,0.515497744083,0.137178704143
57147,-0.108466655016,-0.0293326899409,1.27042496204,0.299659967422
6909,-0.116400033236,0.0988007336855,0.729806244373,0.0920527949929
9093,0.159399986267,-0.558713197708,0.430856287479,-0.081582121551
23142,-0.708999991417,-0.138033896685,-0.269194096327,-0.112309239805
8444,-0.376766681671,2.09476590157,0.721649050713,-0.857240498066
11232,-3.70800018311,-0.09239705652,0.0239051878452,0.543034732342
27095,0.0606666728854,-1.59280204773,0.154613032937,0.112463071942
10732,0.269800007343,-0.299595803022,0.213761895895,-0.110448926687
23029,-0.142166674137,-0.447503060102,0.462390691042,-1.21285450459
9270,-0.663000047207,1.63469338417,-0.488713443279,-4.03458118439
47,0.575100004673,-1.20844185352,-0.896731436253,1.12862217426
5889,-1.52223336697,0.25487267971,-2.59817194939,0.500378191471
8243,-0.743733406067,-0.163166090846,0.671507954597,0.477724969387
10730,1.73666679859,-1.03732860088,-0.282910048962,0.0913127213717
30,0.770533323288,0.0108713284135,-0.437357127666,0.0494647249579
7466,-0.0662333369255,-0.238859936595,0.916329085827,0.471427947283
89910,0.831533312798,1.66952490807,0.747702896595,1.04152238369
56654,0.18533334136,-0.673159241676,-1.3007440567,1.3013112545
501,0.891166687012,-4.04109382629,-0.740047097206,2.03920793533
5438,0.631133317947,0.697706401348,0.0984707772732,-0.336766242981
26993,-0.466733366251,0.156350791454,0.20457008481,0.595445156097
55111,1.49193334579,-0.986183166504,-0.634574890137,0.105264097452
8520,0.18916669488,-0.0564734712243,1.2911298275,0.205174013972
10146,0.0820666700602,1.71051776409,0.10970968008,0.038322865963
7165,0.223600000143,-0.240080490708,-0.286649435759,-0.466008394957
55011,-0.00910000503063,-0.088010519743,0.889812529087,-0.607936561108
6461,-0.421833336353,0.623935759068,-0.280368447304,-0.448186010122
10813,0.68426668644,0.117402218282,1.30937790871,2.0329413414
80746,-0.299199998379,1.31662786007,-0.240909874439,0.749658226967
10434,0.18763333559,-1.12190365791,-0.352214097977,0.103678822517
5607,-0.336533367634,0.51456195116,-0.145225822926,-0.309806406498
22827,-0.611799955368,0.0591127276421,-0.0889161378145,-1.65205454826
51635,0.11603333801,0.838498592377,-0.294338941574,0.21643961966
84159,0.623700022697,1.3658977747,0.657697021961,-0.561360776424
3508,-0.560400009155,0.376032263041,-0.396445482969,0.0538892820477
84890,0.261799991131,-0.193441927433,2.15592932701,-0.390398085117
79600,-0.0634999871254,0.317601561546,-0.385421097279,-0.328216314316
8574,0.276166677475,-1.06377577782,0.826300919056,0.170801967382
5529,0.188600003719,0.242769435048,0.285284101963,0.770424723625
3909,-0.351733356714,-0.645632386208,-1.50619006157,0.961709618568
9637,3.0138001442,-1.17323827744,0.833197593689,0.120224401355
8518,-0.246566653252,-0.0491066537797,-0.411079406738,1.04070782661
6443,0.463600039482,4.69195175171,0.582602083683,0.812772274017
58478,0.338466703892,0.0255153030157,0.738269090652,-0.294737696648
4850,0.0951666533947,0.271424859762,0.195932328701,0.315250337124
23210,-0.682500004768,-0.0394461974502,-3.96465158463,0.347680419683
54733,-0.142233341932,-0.386444687843,0.616578221321,-0.296952098608
55129,1.21356666088,-1.59665715694,-0.902765750885,0.887563169003
10273,-3.33333349228,0.000699999916833,0.397247076035,-0.265173614025
572,1.30886673927,0.579571843147,-0.87507468462,0.74697637558
5716,0.0229666829109,-1.86278831959,-0.018009096384,0.647981524467
22841,-0.636233329773,0.244205772877,1.24592828751,-0.372369527817
2356,0.973166704178,0.973881542683,-2.98641252518,0.774312734604
6050,-0.120066672564,-0.101161032915,-2.40193319321,-0.196261823177
64422,0.413900017738,-0.57463914156,-0.0929758772254,0.852566003799
8837,0.318900048733,0.949728250504,0.270060569048,-0.243536740541
55127,0.509000003338,1.75362634659,1.81501531601,0.19061294198
23335,-0.973800003529,0.0657080411911,-0.0795863568783,-1.26225054264
10270,2.24763345718,-0.0775711387396,-0.0927573144436,0.0858799368143
6509,0.721400022507,0.68713927269,-0.893233776093,0.815149486065
83743,-0.050633341074,1.06404197216,1.0111541748,0.0182936042547
6772,-0.30680000782,-0.676937878132,0.622842907906,0.730117857456
22887,-0.177900001407,1.08396112919,1.68735182285,0.175728604198
51001,-0.498799979687,-0.505634605885,0.711866736412,-0.0751666277647
26511,0.337900042534,0.185298487544,-0.646812319756,0.441542774439
7874,0.302299976349,0.613529741764,0.653408527374,0.00745152682066
51070,0.479733347893,-0.648704528809,0.178870782256,-0.129356473684
1738,0.109166666865,-1.85493636131,0.315790116787,0.0658855438232
3416,1.02950000763,-1.33447003365,0.394711643457,1.09246683121
9128,0.624566674232,-0.213534489274,-1.14554154873,-0.351400434971
9833,0.143566682935,-0.206309631467,1.14844119549,0.801512598991
4088,0.0570000037551,0.4453779459,0.0745257660747,1.26975011826
5018,0.0393333435059,-1.2434630394,-2.28152418137,1.23433065414
51375,-0.768033385277,0.243421584368,-0.0522991158068,0.00313483178616
55038,0.973233342171,-0.139237776399,0.190398514271,0.410003900528
23061,-0.240299984813,0.753449678421,-0.387058258057,-0.392627477646
64428,0.472633361816,0.0351618900895,0.0558548718691,-0.887223482132
11325,0.213300049305,1.20536446571,0.247587829828,1.03749835491
9641,-0.266266644001,-0.154733449221,-0.703038394451,-0.107153996825
23038,-0.346566736698,0.928438425064,0.845164179802,-0.487040042877
57048,1.26793336868,0.965870976448,0.480192482471,3.24291157722
94239,1.13000011444,-0.017668299377,0.13379688561,1.37310266495
51203,0.545199990273,0.272788584232,0.268070340157,0.0658566206694
388650,-0.346000015736,-0.100664407015,-0.221985012293,-1.35598015785
23039,0.692933320999,-0.126270338893,1.74002122879,0.665909171104
55179,0.011000007391,1.01644062996,0.147439599037,-0.394768685102
5827,0.55456674099,0.74291318655,-0.675645232201,0.156849443913
10245,0.260166674852,0.232855588198,1.21731710434,0.11431119591
6813,0.271533310413,0.0697713643312,0.402992248535,0.863018095493
3251,0.760033369064,0.150426745415,-0.0974828600883,-0.229359209538
23212,0.155333325267,0.633782327175,-1.00807714462,2.59405136108
23536,-0.238366663456,0.467052787542,0.0619300156832,-0.582816362381
51282,0.505000054836,-1.84692823887,0.110795646906,0.063319042325
10227,0.0443333275616,1.53711116314,1.47583770752,-0.236457377672
50813,0.0728999972343,-0.212064087391,0.757160186768,0.619401037693
51024,-0.871166706085,0.721067130566,0.182449907064,-0.357799977064
53343,0.73673337698,0.895277321339,-0.589536309242,-0.387756288052
1465,-0.566766679287,0.120969966054,1.16410422325,-1.47581005096
79006,0.520000100136,0.00766979902983,-2.13924574852,-5.12566661835
6988,-0.209966659546,0.207885742188,0.446894913912,0.267715156078
11011,-0.293933331966,0.247297048569,-1.27843034267,-0.49202927947
23325,-0.771933317184,-3.84261393547,-4.23274898529,-0.0280369110405
10049,0.712633371353,0.793068885803,0.152602910995,-0.770973801613
3157,-0.581700026989,-0.360216170549,0.604865908623,-0.108455993235
200734,0.578166723251,0.401275068521,0.88079148531,-0.0583848208189
9053,0.169733330607,-0.177485540509,-1.08934295177,-0.159367471933
79094,0.850499987602,-0.233638435602,-0.282214105129,-0.46264782548
2778,0.203666687012,-0.168459221721,-0.281137764454,1.30152475834
54881,0.465166687965,0.0310573317111,-0.38481259346,2.00028729439
54807,-0.156366676092,0.125771611929,1.27724301815,5.71927022934
323,-0.0434666275978,-0.139671862125,1.18245339394,-0.0645735859871
26001,0.141133338213,0.337889432907,-0.0546169057488,0.435041278601
10190,-0.45039999485,-1.10596597195,0.949693739414,-0.152756661177
9686,-0.577699959278,-0.169712528586,0.525429964066,-2.27653670311
54915,0.292600005865,-0.0762688219547,1.31246066093,0.257115006447
23658,0.334966659546,0.481076717377,0.944953203201,0.288598328829
7750,0.103933334351,0.427449345589,-0.146997660398,0.248125776649
79643,0.592766702175,-0.0873008146882,1.11804938316,-0.147361457348
9488,-0.640866696835,-0.806817233562,-1.18379294872,-0.344935655594
11200,0.152966678143,0.851328253746,0.893863022327,0.624572336674
65057,0.394000023603,-0.662186980247,-0.360521197319,-0.747537732124
6832,-0.562566697598,0.161237776279,-0.50248169899,-0.329655587673
23131,-0.315033376217,-0.877654016018,-0.970701813698,0.816859960556
10776,0.295166671276,-0.873973011971,0.244495183229,1.67735671997
6253,-1.80020010471,0.181950211525,-1.15609431267,-0.475934147835
79716,0.112333327532,-1.03465425968,-0.848081350327,-5.96646785736
29978,-1.65283334255,-6.65331268311,-4.63107013702,-3.77869582176
9988,-0.176533311605,-0.173442959785,0.347766876221,-0.259519457817
10845,0.468066632748,0.635377287865,0.0757691934705,-0.498618274927
54957,0.314300000668,-1.13073730469,-0.372373372316,-0.296914368868
79170,-0.302300035954,0.798431396484,0.0402044951916,-0.725507557392
10610,0.235100001097,-0.0504480078816,0.411411643028,0.107722043991
128,0.287599980831,3.27944874763,-0.435154557228,0.246933445334
51026,0.305733323097,0.0715965032578,0.787108421326,-0.52629673481
5498,0.593699932098,0.455103546381,0.585121572018,-0.69558185339
124583,-0.0954333394766,0.86396086216,0.411509245634,0.142586529255
9455,-0.392866671085,1.26405608654,0.602902591228,0.24277870357
1212,0.185300022364,-0.795391142368,-0.922946453094,0.273693531752
5255,-0.238800019026,-0.536982297897,-0.403066337109,1.46339130402
9448,0.261266648769,-0.919865429401,-0.674923539162,0.610340774059
9924,0.379599988461,0.487186491489,0.510418713093,0.38137960434
5480,-0.170333325863,-0.626742959023,0.1379314363,0.151802882552
1983,-0.0301333367825,-0.944074749947,-1.45387613773,1.25630414486
56889,-0.638899981976,0.576145768166,0.489111036062,0.255229413509
79080,-2.48133325577,-0.45610165596,-1.62148833275,0.260204792023
9016,-0.064099997282,1.19012796879,0.511207103729,-0.491784512997
6915,0.021899998188,0.724508464336,0.394337981939,-0.87431037426
9709,-0.457033336163,-0.26748457551,0.5215960145,-0.595318615437
116832,-0.0715000033379,0.0734004899859,0.207818746567,-0.430321782827
670,0.0560333132744,-0.346217811108,-0.326251626015,-0.706288695335
7867,0.847233355045,-0.317207634449,-0.191287100315,-3.67494773865
79143,-2.83603358269,0.884142875671,0.0801303088665,1.25127124786
11284,-1.12596666813,0.851554453373,0.620464920998,-0.618161559105
23443,0.637866616249,0.75389277935,1.37847411633,1.17876434326
51599,-0.682733356953,1.33361470699,1.54937624931,-0.204176306725
5927,0.664733231068,1.22280395031,0.242184087634,0.794479131699
55793,0.549666762352,-0.753478527069,0.0666144788265,-0.520674586296
5867,0.174166679382,1.01682388783,1.11295509338,1.82333016396
7866,0.72046661377,-0.0803086459637,-1.93128371239,0.230660870671
25825,0.271500021219,-0.359915018082,0.722125411034,-0.32141315937
4067,0.980400085449,0.856850624084,-0.410515516996,-0.639697730541
51015,-1.04543328285,-2.59417819977,-0.909763276577,-1.59234130383
5891,0.114333361387,0.682309687138,0.761388123035,0.142956674099
3300,-0.3763666749,0.477895796299,-0.767054796219,0.562329053879
64781,-0.241166651249,0.472900211811,-0.294147193432,-0.733521997929
51056,0.0874333456159,-0.453655213118,0.672502398491,-0.859183847904
8550,-0.350333333015,-0.370009630919,-0.358839511871,-0.0881971716881
50810,0.441499978304,-0.0547276511788,-1.63768720627,0.78507745266
23011,0.156333327293,-0.121836096048,0.4627622962,-0.814975857735
11168,0.0504666566849,0.338020324707,-0.052359431982,-0.241231650114
1385,0.0483333319426,1.0196185112,-0.74946898222,-0.194223314524
10150,-0.262566685677,-1.87706279755,-0.191490679979,-0.400009065866
29763,0.177466660738,2.83116745949,-0.416055142879,0.115234054625
9112,-0.21846665442,-0.0279851220548,0.579234719276,0.123763039708
23499,0.715066671371,0.7082862854,0.391871452332,0.496702671051
85236,-0.503300011158,-0.677374362946,-2.05324482918,-0.0730565190315
5096,-0.160666689277,-2.44335508347,1.26451206207,-0.217560738325
55620,1.22893333435,0.519667685032,-0.520892441273,0.0334423072636
5373,-1.36756682396,-0.145354092121,0.0310788825154,-0.649490058422
51170,0.424366682768,-0.236516207457,-0.584017336369,-0.890347361565
54850,0.013466656208,0.755608916283,0.221068352461,-0.37007150054
80349,0.223633334041,-0.0116055905819,0.308533847332,0.745009720325
355,-0.190866708755,0.850847661495,-0.363519370556,0.578515470028
1062,0.962300121784,-0.324070185423,0.305376827717,0.425590097904
8804,-0.170300021768,-0.966778576374,-0.704462230206,0.80908203125
80758,-0.30680000782,-4.15512418747,0.664252340794,-0.13681140542
375346,-0.394500017166,0.984817147255,-0.225746244192,-0.180419400334
51385,-0.671566724777,1.54513823986,-0.458366274834,-1.04498076439
55748,0.358133345842,0.0684339106083,0.846797704697,0.516505181789
10318,-0.445566654205,0.639809250832,-4.16208553314,0.0596404857934
54681,-0.448833286762,2.07944536209,0.504828333855,0.37814065814
7905,0.517566680908,0.130117058754,0.331781357527,-0.234447658062
28969,-0.218833327293,-0.292502403259,-1.06512022018,-0.941887319088
10668,0.160933360457,0.488693654537,-0.553968369961,-2.76602363586
51005,0.180333346128,-0.169804424047,-0.877791583538,0.931926548481
8800,0.0821000039577,0.514339208603,0.238689139485,-0.410549461842
54438,-0.468933343887,0.649191200733,0.214113920927,0.276434779167
55825,0.986533343792,0.71296530962,0.531171262264,0.381541609764
8835,0.909900069237,0.88050955534,1.36795854568,-0.523666739464
64429,0.507333338261,0.0608644559979,-0.136358201504,0.201198190451
3682,-0.0468666628003,-9.4497718811,-1.65152478218,-0.00115615129471
10329,0.906333446503,0.36075925827,-0.173199981451,0.350320756435
27109,0.593400001526,0.248609796166,0.540699005127,-0.767310023308
51335,0.180333331227,-0.0103742778301,0.719910085201,-0.429815769196
3202,0.183533340693,-0.0720758363605,-0.519726932049,0.396141320467
2896,0.136866673827,0.151178479195,0.248240157962,1.08294820786
79902,0.732433378696,0.407396316528,1.23573768139,0.256499230862
29083,-0.317099988461,-0.22650308907,-3.103910923,-0.519016027451
5747,0.410366684198,0.645300626755,0.51865541935,0.723484933376
22905,-0.607200026512,-0.06661054492,0.791253685951,0.184195712209
63933,-0.583733320236,0.00581228733063,0.733976960182,0.202395379543
9847,-0.156000003219,0.254878968,1.61587119102,-0.00804785266519
51021,0.792333364487,-0.271480560303,-0.272522062063,-0.143994808197
8996,0.495499998331,-0.206464797258,1.36692595482,2.6821937561
7376,-0.87486666441,-0.16230070591,0.2204605937,-0.291687756777
5357,0.424166679382,-0.790443599224,-0.244502156973,0.18360877037
56940,-0.0884666293859,0.1119922176,0.524315595627,-0.492074877024
6195,0.22000002861,-0.122328408062,-2.57947969437,0.666778504848
1633,0.3246999681,1.2340362072,-0.0831220299006,-0.270453542471
23321,0.573400139809,1.18008756638,0.223173424602,-0.821420907974
51160,-0.692800045013,0.852104842663,0.0954726487398,-1.03429889679
55604,0.0645000040531,0.138427227736,0.153235629201,1.11660265923
2063,0.000300019979477,0.316455662251,0.338768541813,-1.46387588978
54512,0.790699958801,0.536088168621,-1.15641200542,0.856150746346
9124,0.34760004282,-0.642222106457,-0.101652443409,-0.340052515268
79174,0.363233327866,0.476477980614,-1.88130331039,-2.8821349144
23223,-2.00433349609,0.5841345191,0.262325912714,-2.63239359856
39,0.151866674423,0.581290066242,0.105782225728,-6.191822052
57215,1.37330007553,1.30978763103,0.951725780964,-0.722281575203
1052,-0.299633353949,0.663506031036,-0.509369730949,-1.01165771484
23139,-0.102033317089,0.693911552429,0.141319021583,0.164921373129
79947,-0.404399991035,0.202798873186,-0.814641594887,-0.473150104284
4616,-0.428166627884,1.15400934219,-0.577317595482,0.101413086057
9710,0.828133404255,0.651924610138,1.00661373138,0.37145113945
6990,0.176066666842,0.252124726772,-0.487950474024,0.725717246532
29082,-0.124099999666,0.197865441442,1.21049451828,0.0637365728617
9670,0.175766676664,0.439073085785,0.00457365252078,1.14412045479
81533,0.170399993658,0.489682942629,-0.816315054893,-0.366905868053
10525,-0.20666667819,-0.546845972538,1.42247390747,0.0175854973495
2353,0.0696333348751,0.739036798477,-0.25553843379,-0.897323250771
57192,0.310933351517,0.579663097858,0.979644715786,-0.38482093811
3398,0.639599978924,0.320303618908,-0.63049441576,0.82769626379
3775,-0.556966662407,0.124490939081,-0.204603284597,0.968150556087
26064,-0.254166662693,0.815150082111,-1.37445688248,-0.446006268263
29103,-0.211566671729,0.133377358317,0.733042299747,-0.595103681087
3206,0.133533328772,1.41050672531,0.553135156631,-0.715940952301
1500,-0.207366645336,-0.399640411139,0.0218951702118,-0.634953856468
7690,-0.0816666185856,-0.684540092945,0.633291363716,3.41174173355
29911,-0.0506333112717,0.708133339882,-1.19316112995,-0.342778593302
2064,-0.287966668606,0.0467863231897,-1.12769174576,1.9536151886
65123,-0.214100033045,0.238248646259,-0.351506710052,-0.330041855574
5986,0.143399983644,-0.710293471813,1.51856613159,2.27840328217
85377,0.211100012064,0.771407842636,0.213216856122,1.34242725372
9903,-0.275366663933,0.618520319462,1.84090876579,0.269962519407
7088,-0.277333319187,-0.99206751585,-0.267314553261,0.874146282673
22796,0.279133349657,0.3569419384,0.801066637039,-0.371830672026
51116,-0.333299994469,0.457120001316,-1.15957474709,-0.295090824366
54442,0.273266673088,1.34710347652,1.66335082054,0.014370597899
10695,-0.0926333367825,0.194347530603,3.35976433754,-1.56080198288
102,0.844066739082,0.315350562334,-1.00899744034,1.49629092216
965,0.24103333056,-0.678980052471,-0.0436777025461,0.640257000923
3800,0.198000013828,0.422292709351,0.840412139893,-0.178215175867
10362,-0.0768666267395,-0.196115508676,0.910759627819,-0.328365683556
5300,-0.228900015354,0.523545503616,0.443679600954,0.256930619478
8270,0.285033345222,-0.571254551411,1.13512969017,0.044558417052
27242,0.0349665880203,0.300614058971,0.316154181957,0.725013136864
9928,-0.596933364868,1.00824081898,0.120578199625,1.14654886723
1534,0.275900006294,-3.01957821846,-0.182997658849,0.972198903561
5654,0.137666642666,-0.424184650183,-0.272904336452,-0.545348763466
10810,0.604833304882,-0.14873483777,-0.22370582819,-0.373192638159
7105,0.310066699982,-0.675161063671,-1.37954068184,-0.879235684872
23014,0.0315666645765,0.305386036634,0.0299172401428,0.106961525977
55012,-0.580466687679,-0.462203532457,0.848305165768,0.0750396624207
2887,0.0183999836445,0.957571268082,0.118439048529,-0.236858919263
9183,0.571399927139,-0.740683674812,1.56919765472,0.326489508152
11151,-0.731000006199,-0.0821908935905,-1.24524152279,0.278637707233
7511,0.492366671562,0.745152056217,-0.327116847038,0.104207977653
10046,0.349866718054,0.1651943326,-0.0641857236624,1.38313281536
1829,0.844566643238,-0.360383987427,0.599567532539,-0.0930008515716
11000,0.0508666597307,0.0712160170078,-0.336813390255,-1.05102968216
976,-0.203099966049,0.561599254608,0.320516705513,-0.439641296864
3597,0.530066728592,2.76229667664,0.544014155865,-0.990519821644
178,0.251866668463,-0.25030630827,0.699516177177,-0.0945372730494
2625,0.429200023413,-0.081636056304,-0.0694100558758,0.564149975777
6119,1.43523335457,-0.852215468884,0.200515925884,0.164120405912
26136,0.737100064754,-1.7372289896,-5.74136257172,-0.900864005089
6697,0.0804000198841,0.668942928314,-0.12494276464,0.00463278591633
5971,-0.0389999747276,-0.819431960583,0.517222642899,0.591170489788
22934,-0.39323335886,0.780332684517,-0.620649814606,0.782782793045
9289,-0.255933344364,-0.28931209445,-0.202581137419,-0.997437000275
4931,0.0403667092323,-0.375722199678,-3.78302884102,-0.52156317234
4200,0.324533343315,-0.773766815662,-1.73932766914,1.22516012192
93594,0.784866690636,0.147749096155,-1.57115840912,-0.204230129719
5982,0.588833391666,-0.794786095619,-0.662959933281,-0.0382466688752
26520,-0.337433338165,0.417730629444,-3.89286923409,0.197462558746
4998,-0.50446665287,0.363097071648,-0.0727408081293,-0.627736985683
10038,0.0699000060558,-5.73169994354,0.129949569702,0.448319375515
60493,-0.307966679335,0.0856338441372,0.764771342278,2.68964505196
51495,0.859600067139,-0.631434619427,-0.203919485211,0.977492213249
4482,0.297000020742,0.208971500397,1.4458438158,-0.0354247540236
23224,1.65793323517,0.640475511551,0.149183273315,0.991858959198
9690,0.0612666606903,-0.066037863493,-0.246148437262,0.714167237282
80212,0.082000002265,0.635267853737,4.55426263809,0.735079884529
29928,-0.046599984169,0.0956605896354,-0.951436161995,-0.353690654039
22809,0.0828333348036,1.13375806808,0.776471376419,-0.409895181656
50814,0.467866688967,1.18227922916,-0.0651078149676,0.207798674703
55256,0.550733327866,-1.18804252148,-0.541174530983,-0.409034669399
56997,3.68023347855,0.448525756598,-0.27010217309,0.250409722328
81544,-0.639866709709,0.376002341509,0.0408733636141,-0.239479482174
6894,-0.751800000668,0.00686224550009,-0.429824948311,-0.0201880726963
64080,0.312066674232,0.139215216041,0.737028598785,-0.217769727111
55818,0.470066666603,-0.0104685127735,-0.985024809837,0.304722607136
637,-0.169233322144,-4.60122776031,-0.0498193204403,-0.865508794785
22823,-0.665700018406,1.51769554615,-0.519225895405,-0.405052304268
5287,-0.0730000063777,0.608736634254,0.295850753784,-0.191155776381
91137,0.670900046825,0.760605454445,0.334187448025,1.53834605217
23097,0.302100002766,0.323216557503,0.767848789692,1.1113512516
9851,-0.139500007033,-0.438956171274,-1.41937994957,-0.876149594784
23522,0.590833365917,-0.529726684093,0.311058849096,1.20886313915
1123,2.01753330231,0.264244556427,0.317409515381,-0.39100214839
5603,0.888266682625,1.35466814041,-0.0133718475699,0.106474712491
51569,0.221699982882,-0.817269265652,0.0639107227325,0.0241649001837
55699,-0.0992999896407,0.458743900061,-0.396194040775,0.659639596939
2624,-0.146966665983,0.597453713417,0.217459231615,-0.184975832701
8204,0.248066663742,0.446361780167,-0.00136823952198,0.706910729408
9133,0.543233335018,0.0520627647638,1.13459205627,-0.274034738541
10921,1.32453334332,-1.1222397089,-0.00499040074646,0.66421854496
51742,0.016933336854,1.44227313995,0.411603808403,1.95375001431
2954,-0.161233335733,-1.79297971725,0.883985102177,-0.152682125568
27244,1.09386670589,0.12917521596,-0.375834286213,-0.525268733501
23013,-0.324766665697,0.176467061043,0.722819149494,-0.0818534642458
8050,-0.896133303642,-1.4307538271,-0.225262075663,-0.387857198715
79961,-2.55700016022,-1.65381097794,-0.432624518871,-0.835569858551
2017,0.339033335447,-0.983132839203,-1.4587328434,1.40610647202
55148,-0.115166664124,-0.654834032059,0.302513182163,0.547919929028
960,0.0945333316922,1.06726396084,-0.35963216424,0.587584793568
10451,0.288333326578,0.675242424011,-0.469545274973,-0.431680589914
57406,2.96026659012,-0.52054387331,0.640518426895,0.0899476408958
51719,0.291766643524,-0.305244266987,-0.196275129914,-0.0890275463462
7074,-0.124233342707,-0.0825295299292,0.774712443352,0.823100149632
10059,0.516833364964,-0.916045069695,1.28627586365,0.230115681887
51071,-0.367466688156,-0.641236424446,0.84395980835,-0.16742888093
5796,-0.0148000121117,0.482228159904,-0.0667493790388,-0.643076062202
55008,0.479633361101,0.2557554245,1.16851294041,-0.355610638857
23597,-0.170766681433,-0.287593483925,0.991894245148,-0.627946376801
8869,-0.366466671228,0.590269267559,-0.412052094936,-0.218187049031
8727,-0.233366668224,-0.572189390659,-0.163284569979,0.280505597591
63874,1.03333330154,0.858796656132,-0.0268756151199,0.399793118238
8821,-0.683899998665,-0.029633494094,0.352840602398,-0.237277194858
57178,-0.563333272934,0.0591025575995,0.114107266068,1.24554717541
5468,-0.200100004673,-1.09473967552,1.86182570457,0.0146765541285
10557,-0.121166646481,-2.14594984055,-0.571823358536,0.181281864643
831,0.960533320904,0.836222708225,1.80063676834,-1.33689975739
9531,0.842166662216,0.563345372677,-0.0271035730839,0.894234240055
2767,1.0463000536,0.782637476921,0.456929057837,-0.0874826312065
1861,0.403100013733,-0.603266775608,-0.363503754139,-0.00898058339953
10165,0.108999997377,-0.00899671390653,1.5800974369,-0.255052953959
7106,0.49906668067,0.495971620083,0.612872064114,0.289031684399
2908,2.74243354797,0.111694686115,-0.267924845219,0.459892362356
57761,-0.164200007915,1.1676876545,0.132257848978,-1.08437943459
23338,0.187566667795,-0.707794189453,0.454385012388,1.02287077904
7852,-0.0235999822617,-0.26346090436,-0.054468229413,-0.637363135815
55033,-0.081066608429,0.303267985582,0.836312532425,0.223384514451
57019,-0.516833305359,0.470235496759,0.261347264051,0.288560092449
91949,-0.720633268356,0.251694560051,0.0998534858227,-2.24036931992
84617,0.781833350658,0.280721962452,0.0547124892473,-0.174202561378
25,-0.971500039101,-0.000865004956722,-0.0299867391586,-0.196686401963
899,-0.00486665964127,-0.311683475971,0.651142179966,-0.381833791733
79850,-1.09956669807,0.429940491915,0.164607077837,-1.24853491783
51466,-0.577133357525,-2.06036710739,-0.860398888588,2.09209990501
2852,0.110700011253,-0.0242793262005,-0.749715387821,-0.518263757229
55837,0.412566661835,-0.104214206338,0.138585358858,0.0609017163515
2131,-0.841733336449,0.351038068533,-0.724579274654,-0.0582370236516
5427,0.0326666533947,-0.367444992065,0.278123825788,-0.299470514059
25966,0.678233325481,-0.0116882808506,0.844019412994,-0.268619209528
55608,-0.0877999812365,0.114517733455,2.3239467144,0.807541549206
1662,-0.249466657639,-0.214036613703,0.0966278836131,0.638963282108
9702,0.345300018787,0.334767520428,0.317717880011,0.237698018551
11031,-1.46039998531,-0.63825571537,-0.63521951437,-0.345471888781
10057,1.81173336506,0.739489078522,1.96735286713,-0.105222210288
5985,0.498700022697,0.919537186623,-0.151644930243,-0.0479614697397
3280,-0.71266669035,-0.397164970636,0.443603694439,-0.235136196017
55958,0.447099983692,-0.258000910282,0.855939030647,-0.695510149002
51465,-0.251233369112,0.0269547328353,-0.454841226339,-0.0972521752119
2542,0.596266686916,0.657991290092,0.136258691549,0.347389817238
10641,0.19650003314,-1.00072908401,0.887571394444,-0.674388051033
11137,-0.361900001764,-0.932138323784,0.160281434655,-2.49361228943
9842,-0.959900021553,-1.35248208046,-2.66021728516,-1.20552515984
10493,0.501766681671,-0.403394877911,-1.06326818466,0.916635990143
10112,-0.13299998641,-0.775431513786,-0.279611647129,0.593940556049
1001,-0.018466655165,-0.208208203316,-1.92740106583,0.535662055016
23635,0.0703999996185,0.405170232058,0.225724339485,-0.588960886002
29916,-0.169966697693,1.04210674763,-0.28191691637,-0.184154495597
2810,-0.637966692448,-0.407570540905,-0.657540977001,-0.653979480267
5993,0.591133356094,0.663596451283,0.571015834808,0.329795181751
11142,-1.96410012245,1.41657662392,1.0081564188,0.120409600437
79187,0.55680000782,-0.405517339706,0.0795800611377,-0.447230696678
51382,-0.54960000515,0.296428561211,0.227882504463,-0.0707300156355
8318,0.332499980927,0.437471210957,0.177019625902,-6.01443147659
9695,-0.528566718102,0.386007934809,-0.183950409293,-0.261068165302
9712,0.393000006676,-1.23385035992,1.3560552597,0.14901176095
64943,-0.162300005555,-2.14695310593,-1.91656017303,0.320925116539
9738,-0.186166644096,-0.26235717535,0.0893833935261,0.545009791851
6793,-0.838833391666,1.71339535713,-0.00810524821281,-0.560977578163
7358,-0.186399996281,0.556134939194,0.57138890028,-0.162042617798
58472,1.12549996376,1.1365172863,0.903814554214,-0.109245508909
50865,0.822266697884,0.458538293839,0.404861688614,-0.179366022348
23200,-0.581533312798,1.82411432266,0.61521500349,-1.06678533554
51293,0.010499984026,0.635067343712,1.5474023819,-0.351130217314
10962,0.0284666419029,-0.556318819523,-0.603850662708,0.968193411827
10153,-1.03059995174,0.0786070674658,-0.194199323654,-0.260666966438
874,1.60633337498,1.55331611633,0.438755571842,0.196330949664
