rid,NMH002_FIBRNPC_24H:BRD-K66588514-001-03-3:10,NMH002_FIBRNPC_6H:BRD-K66588514-001-03-3:10,NMH002_NEU_6H:BRD-K66588514-001-03-3:10,NMH002_NEU_24H:BRD-K66588514-001-03-3:10,NMH002_NPC_6H:BRD-K66588514-001-03-3:10,NMH002_NPC_24H:BRD-K66588514-001-03-3:10
5720,-0.416806161404,-1.03967857361,-0.480469852686,0.145849123597,-0.439195096493,-0.117641270161
466,-0.040914837271,0.0617300495505,-0.901862382889,-0.417645812035,-0.0149574875832,0.406374841928
6009,0.193743675947,-0.0280348360538,-0.72148668766,-1.69167351723,0.101260483265,-1.06179487705
2309,-0.320390999317,-0.0263862386346,-0.917574048042,0.0658586099744,0.284854501486,-0.851730763912
387,0.323384582996,-0.994657039642,-1.28900873661,0.00146552920341,-0.0824490338564,-0.0277756974101
3553,1.09665775299,1.20359361172,1.2029197216,0.0725996345282,0.163137182593,-0.288995623589
427,0.392955243587,-0.208126857877,-0.013379752636,0.390321999788,-0.80467069149,0.678246259689
5898,0.18174174428,-0.429522156715,0.442787051201,0.323202967644,0.0512393116951,-0.205124408007
23365,0.0401844680309,-0.195498421788,-0.384968042374,-0.946234226227,-0.847849965096,-0.125636070967
6657,0.714928150177,1.49687588215,-1.15360867977,-2.11921787262,-0.074556209147,-0.500708520412
5054,-0.395572125912,-0.588858902454,1.01967382431,-0.691526651382,-0.368651330471,-0.223893672228
3108,-0.244929999113,-0.483070671558,-0.161392524838,0.71552491188,0.00451417267323,0.103002846241
1950,0.0275738611817,0.769599437714,1.25940203667,-0.386446475983,0.263976693153,-0.625189900398
351,1.11841452122,-0.436001956463,-0.5320546031,-0.878077149391,0.2588737607,0.867622971535
4846,-0.0467976219952,-0.417314916849,-1.12352347374,-0.631835460663,-0.668115258217,0.684101462364
1452,-0.247106522322,-0.610216975212,-0.968512773514,-0.41524118185,-0.30358633399,-0.0606823004782
4776,0.61906003952,0.394699364901,-0.0316128432751,-0.306711614132,0.596343040466,0.480668962002
6908,0.016651108861,-0.917598068714,-1.49187719822,-0.161679178476,-0.33321121335,-0.108917787671
672,-0.0820042639971,2.48575210571,-0.014714807272,-0.0272002574056,0.415917992592,0.137129157782
5710,0.51351583004,-0.789400339127,-1.1920144558,-0.90187561512,0.0477920249104,0.180207639933
2115,1.77759099007,-0.0509727075696,-0.552786290646,-0.452763468027,0.273753762245,0.199594274163
7015,0.71067237854,0.748735904694,0.455349862576,0.314185231924,-0.0357127599418,-0.416102766991
8726,-0.800284028053,-0.0733715444803,0.315482497215,-0.0800701677799,-0.136081710458,0.686745047569
2185,1.42059886456,1.4884288311,1.07509219646,0.0765831768513,0.359354227781,0.243897750974
3315,0.690222501755,-0.309052884579,0.719449996948,-1.15869307518,-0.0601647123694,-0.486536085606
5289,0.30169826746,-0.617668628693,1.10598552227,0.645044982433,-0.350950449705,0.0859253108501
868,-0.42017775774,-0.539126753807,-0.811590194702,0.197366654873,-0.324418187141,0.299679875374
1677,0.164997279644,-0.475549399853,-0.131884455681,-0.566682159901,-0.894535303116,0.324811041355
7043,0.876934885979,0.145166128874,-0.407336264849,-0.0912057980895,0.0594105124474,-0.0716862231493
5613,0.861176371574,0.633761584759,0.22353155911,-0.594514667988,0.964050292969,0.490051448345
595,0.493329942226,-0.136056438088,-0.28695333004,-0.315558731556,-0.974894046783,0.372049182653
4793,0.293030381203,-0.412305086851,-0.75044465065,0.286215931177,0.0718615949154,-0.265596836805
2736,1.31380426884,0.198242127895,-0.115781530738,-0.258115768433,0.0999808907509,0.272793024778
5290,0.394719779491,1.99027168751,1.22295045853,0.0880380868912,1.49124491215,0.275548517704
6194,-0.421314895153,0.558122336864,-0.895221054554,0.242332309484,-0.878396749496,0.919100344181
1676,0.798918247223,0.936995625496,0.324131935835,-0.608553409576,0.0763777941465,0.670481085777
23512,0.265806049109,-0.352925747633,-1.07072091103,-0.774517536163,-0.322304785252,0.69078707695
148022,-0.111116424203,-0.424556195736,0.0729228258133,0.754780173302,-0.0280568152666,-0.313771247864
1906,0.705801546574,0.162396460772,0.0764055401087,-0.0547960624099,0.159865379333,0.468049049377
8878,0.620983242989,-0.392426967621,-0.71027135849,-0.511385679245,0.0721061229706,-0.536509931087
3091,0.261290699244,0.411789238453,-0.762462496758,-0.897388935089,-0.100535452366,0.270634293556
5743,0.263911932707,1.26440930367,2.34500670433,-0.1193934232,0.659424245358,0.143420159817
5321,0.534435868263,1.28565907478,0.41361528635,0.359766811132,0.83553814888,0.423069059849
4144,-0.115380972624,-0.147586196661,-0.589411616325,-0.324518144131,0.296491980553,0.684611022472
1981,0.899461746216,-0.110176473856,-0.761796116829,0.206006333232,0.408422291279,-0.445003211498
695,1.15634560585,-0.163286417723,-0.267913550138,-0.146582052112,-0.324388861656,0.77400970459
10398,0.00723722577095,-0.387561410666,0.535989880562,0.0232548564672,-1.56592845917,-0.0772386193275
5708,0.808389246464,-0.536077022552,-0.91146248579,0.40691524744,-0.138919696212,0.0020065754652
1213,-0.176462739706,-0.62197291851,-0.761259555817,-0.839110016823,-0.0498341247439,0.553745746613
226,0.362125754356,-0.75159072876,-1.50535297394,-0.814271211624,-0.4129986763,-0.247905373573
6777,-0.295906305313,-0.573074698448,0.0280400291085,0.518502116203,-0.0492876321077,0.424066901207
2113,-0.0159696936607,-0.0144527330995,0.45921754837,-0.419807493687,-1.18729281425,-2.18314361572
3329,-0.378839939833,-1.39980351925,-0.687777519226,-0.456037282944,-0.328861534595,-0.0282305050641
1050,-1.07478404045,-0.291553020477,-0.550029039383,0.319213926792,-0.188822731376,-0.316956937313
9491,1.02583622932,0.417203277349,1.05955469608,-0.0711262747645,0.598726868629,-0.034260571003
22926,0.631374895573,-0.689762592316,-0.185123875737,0.199912637472,0.0953793823719,-0.673002004623
5899,0.0544397160411,-0.20017836988,0.418575525284,-0.187945276499,-0.139308422804,-0.427662998438
5467,1.1251860857,-0.549588799477,0.0966033637524,-0.0621619001031,0.179504275322,-0.20950576663
6774,-0.172618746758,-0.249773055315,-1.09261310101,-0.485251188278,-0.300616204739,1.07193720341
1788,1.01762282848,1.24783539772,0.00369161367416,-0.285722821951,0.351554661989,0.347209483385
5921,0.121102035046,-0.36083984375,-0.64985370636,-0.30638051033,0.130823791027,-0.0226459912956
5721,-0.521954715252,-0.211514472961,-1.92710983753,-0.279923975468,-1.48855626583,-0.240072160959
2263,0.235134661198,1.24251675606,0.953560173512,0.399562567472,-0.0532439947128,0.123835079372
808,0.296926438808,2.47843265533,1.12029242516,0.315079450607,0.276026368141,0.494744360447
30001,0.23294468224,-0.622709274292,-0.252543151379,0.13266260922,-0.17244386673,-0.0232488512993
348,0.0839625522494,0.536507308483,1.16858041286,0.233499333262,-0.137532487512,-0.393324315548
30849,1.49690318108,-0.768317997456,-0.904405713081,-1.03092336655,-0.161574631929,-0.327184140682
1454,0.59267604351,-0.794582128525,-1.70948123932,0.000126836064737,0.582588791847,-0.312476456165
6500,-0.506404280663,-0.846484780312,-0.882308125496,-0.39864051342,-0.352498292923,-0.0321731567383
5627,-0.601201593876,-0.255617022514,-0.493350625038,0.249757185578,-0.47648191452,0.508166611195
5715,-0.669192433357,-0.494049489498,-0.495336711407,-0.113713815808,-0.783019959927,-0.204250767827
4791,0.117186769843,0.122208088636,1.15357542038,0.195034712553,-0.747724413872,0.342573285103
56924,-0.976883172989,-0.801187038422,-0.229224026203,-0.431925296783,-1.06867420673,0.141003057361
2690,-0.633764505386,0.682908535004,0.128027796745,0.9786028862,-0.507156014442,0.526669502258
1019,-0.305664926767,0.477099537849,0.444678485394,0.127136543393,-0.447936654091,-0.0186355635524
51422,-0.635177969933,0.286227554083,0.5761282444,0.899901747704,-1.11641478539,-0.299823522568
5788,1.2802978754,0.542933404446,-0.00726890563965,0.259291648865,0.577781736851,-0.0861702859402
6709,0.282632827759,-0.241922527552,-1.09490466118,0.0649470239878,-0.563956320286,-0.244484841824
1277,-0.643083274364,-0.315923243761,-0.698281824589,0.202836677432,-1.45514631271,-0.278755277395
993,-0.483015358448,-0.183645546436,-1.06950640678,-0.241897255182,-0.729663670063,-0.377190589905
7157,0.393210709095,-0.486525446177,-0.79456526041,0.438957512379,0.394434869289,0.0578986667097
1958,-1.36262643337,-1.26335883141,-0.577486336231,0.700079679489,0.101210720837,0.620695948601
4582,-0.361216455698,-0.417898178101,-0.360452204943,0.981983780861,-0.608859777451,0.577838778496
9212,0.663634181023,0.139364987612,0.218427240849,-0.300810903311,0.139822542667,0.142855226994
8440,-0.28256419301,0.169788211584,0.0829050242901,-0.62206274271,0.454164624214,0.422100126743
6790,0.848643362522,-0.576289355755,-0.453402131796,0.21541236341,0.311281740665,-0.396323680878
8851,-0.0310906171799,-0.289721846581,-1.13269937038,-0.186573505402,-0.58908867836,0.206764549017
2534,-0.34400716424,-0.704861283302,-1.52642214298,-2.31652188301,0.0988177508116,0.185694277287
4893,0.521865904331,1.59057199955,0.101491570473,0.329986333847,0.170687332749,0.0421847999096
665,-0.860718607903,-0.736667513847,-1.05411827564,-0.374133765697,0.466941893101,0.338443666697
4313,0.193759799004,0.425932854414,-0.359545409679,-0.0837949663401,-0.405277460814,-1.15003681183
1022,-0.51754450798,-1.18644988537,1.25752460957,-0.126582145691,-0.371529042721,-1.73585295677
5880,0.0285263061523,-0.412228703499,1.01215028763,0.255829423666,0.332303017378,-0.287112951279
3162,-0.0474136024714,-0.952974796295,-0.660836935043,-0.644360303879,-0.499374508858,-0.506297588348
1282,0.0111770629883,-0.731055140495,0.384620457888,-0.312445640564,0.0930877700448,-0.556945681572
3383,-0.500846326351,0.360776752234,1.41983127594,0.707378983498,-0.0411338508129,-0.404598534107
727,0.554795920849,0.830747485161,0.690337598324,0.275195270777,0.299293935299,-0.110917031765
4792,0.0909837782383,-0.597529530525,-0.832132160664,0.382751911879,0.00431866943836,-0.0442562885582
4794,0.745492041111,0.901159822941,1.13312041759,0.345028489828,0.64042121172,-0.407834231853
902,0.113140076399,1.94909596443,1.58933722973,-0.30364125967,0.298910737038,-0.364767700434
8091,0.628239452839,-0.63908046484,-0.0425113812089,-0.0362402200699,-0.856696724892,-0.261010736227
3486,-0.0563350915909,0.561558127403,0.146326571703,0.348406761885,0.1977840662,0.464862018824
10818,1.70977330208,0.229816183448,-0.619841516018,-0.0774541497231,0.675793290138,-0.559745192528
3454,0.453383862972,1.67565345764,0.233227163553,0.783296346664,0.347825884819,0.0527386106551
4282,0.220600143075,-0.61616063118,0.128764584661,0.00311534106731,-0.791858613491,0.543670892715
1605,-0.735526442528,-0.341204047203,-1.96466624737,-0.574253439903,-0.157119274139,-0.140199691057
10644,0.617465734482,-0.107774600387,-0.706648528576,-0.426318466663,-0.0488376915455,-0.607617199421
2065,0.463495612144,0.514447331429,2.11398839951,0.229770496488,0.549176335335,-1.15378558636
8321,0.0292801260948,0.265726268291,0.52248197794,0.665718197823,0.33317476511,0.130211442709
8503,0.158099904656,1.39826476574,-0.661850988865,0.0234934780747,0.311363279819,-0.0861937776208
7027,0.397670507431,-0.0732442140579,-1.59860372543,-0.689669191837,-0.24242593348,-0.156302794814
6850,0.458772778511,2.0140619278,1.16607713699,0.136044308543,0.299806624651,-0.384453058243
1978,0.13495516777,-0.660240530968,-0.682043612003,-1.20451962948,-0.608009815216,-0.612589836121
896,-0.82132267952,-0.432626277208,-0.0953092426062,-0.464339911938,-0.584570467472,0.230819687247
5777,-0.477829039097,-0.283135473728,0.121262177825,0.536631703377,-0.627144932747,-0.11038749665
1846,-0.40952578187,0.0484079569578,-1.04570329189,-0.435579478741,-0.254839420319,-0.252256035805
5925,1.15528833866,0.0183202326298,-0.931677401066,0.1424446702,-0.0192475020885,0.333755284548
142,0.581294059753,-0.508860111237,-0.879271864891,-0.569748401642,-0.40227741003,-0.15506502986
1021,-0.231764137745,-0.606616139412,-0.151508674026,0.517409086227,0.115999981761,0.211429446936
5699,0.770896673203,-0.55300283432,0.973278164864,-0.0304594039917,-0.309837788343,0.339009195566
8061,-0.138153105974,-0.413510918617,0.378544539213,0.409566253424,-0.686063110828,-0.947960674763
1870,1.37759435177,2.98721051216,0.218407079577,-0.237779870629,0.613103508949,-0.414116412401
1398,-0.327048659325,0.0915010124445,-1.39833879471,-0.193490415812,-0.262406468391,0.242145046592
3312,-0.230525672436,-1.56437909603,0.974005818367,-0.604367673397,-0.905921697617,-0.0572607889771
891,0.487147331238,0.593777835369,-0.308991521597,-0.12680876255,-0.101150624454,0.00811374932528
4775,0.568379044533,0.252302408218,-0.805586755276,-0.390804618597,0.106919795275,0.361828386784
5111,-0.678258419037,-0.0407394766808,-0.654384434223,-0.342927515507,-0.143741980195,0.501984596252
5696,-0.0600909367204,-0.445904970169,3.57247948647,0.414532512426,-0.281358003616,-0.872328579426
5588,4.53439044952,2.24578380585,1.41795408726,0.730850875378,-0.0622010044754,-0.164842784405
6839,-0.259344756603,-0.80914324522,-0.838461875916,-0.102323926985,1.67140710354,-0.474430024624
329,-0.534287393093,-0.0385084301233,0.0195937156677,1.06739079952,-0.691520929337,-0.195774808526
5058,-0.122488111258,1.48714113235,-0.795974910259,-0.647217988968,-0.361234664917,-0.285236120224
998,-0.775682449341,0.742833971977,-0.512427985668,-0.107292041183,-0.527463555336,0.731232762337
9134,-0.10132984817,-2.9135928154,-0.979640066624,-0.390924811363,0.409189164639,0.584078490734
6616,0.276924610138,1.54682707787,-0.341077208519,0.243693873286,-0.412851333618,-0.690319538116
5223,-0.0503683835268,-0.882169246674,-1.67307519913,-0.278858721256,0.355412751436,0.337281405926
4690,-0.575168848038,-0.608779966831,2.09039258957,0.428456068039,0.950173735619,-0.169293403625
958,0.0562205612659,0.372708797455,0.378130793571,-0.438038378954,-0.067096889019,0.132005006075
1616,-0.00762966275215,0.0786882862449,0.3251542449,-0.519000053406,0.657522797585,0.604086518288
991,0.592747867107,-0.900476276875,-2.28283619881,-0.262004256248,0.129609763622,0.213654235005
6347,0.431007742882,0.275501668453,1.31262683868,0.272602319717,-0.049654468894,0.0328497700393
6714,-0.550445199013,-0.743756890297,-0.279720008373,0.319983899593,0.261372625828,-0.0971308350563
652,-0.110146850348,0.599729239941,0.677214384079,0.837957203388,0.0810436978936,-0.379175066948
4331,0.37100559473,-0.236984193325,-0.0952029526234,-0.316417336464,-0.197797998786,0.32044261694
7099,-0.528340637684,-0.425522506237,0.412313461304,0.812045931816,-0.154760345817,0.561384677887
10320,-0.3275796175,0.30867549777,0.242000430822,-0.0400723516941,-0.326508194208,0.27839449048
2042,0.369945347309,-1.26093840599,-1.59134316444,-0.0241705179214,-0.149648711085,0.39865064621
843,-0.310395985842,1.23673784733,0.792262196541,0.213281407952,-0.205027550459,-0.223572432995
840,-0.497725367546,0.327425956726,-0.878885626793,-0.0910982340574,0.503879010677,1.16428387165
7048,-0.225577995181,-0.270458996296,-1.11970102787,-0.174230158329,0.137457579374,0.456781029701
4851,0.709054470062,-0.32554012537,-0.660916447639,-0.608342528343,0.0792262777686,0.145407304168
6464,0.163141384721,0.603484630585,-0.744421958923,-0.807461380959,-0.275955528021,-0.514026641846
23410,1.18216836452,-1.09126472473,-0.921548485756,-0.460825562477,-0.0207449942827,0.909146785736
54205,-0.871037602425,0.31568172574,0.383119016886,-0.102510616183,-0.236781939864,0.0231549777091
2770,-0.0079462043941,2.11558628082,-0.0280178301036,-0.789283394814,-0.565540969372,0.598381817341
80204,0.208763897419,-1.44377279282,-0.440173238516,0.58519411087,-0.707294940948,0.123769596219
4208,-0.386468708515,-0.427108943462,-0.436386674643,0.248087584972,-0.673483967781,0.473616987467
1845,0.0513522028923,-0.183316111565,-0.143550515175,-0.121915511787,0.0346349924803,-0.972753107548
23368,0.769208431244,0.692267119884,0.0625029802322,0.860076367855,0.478466153145,-0.135526329279
5583,0.326058208942,0.172788798809,1.28758966923,0.704156160355,-0.02213845402,-1.55865001678
8900,-0.171407938004,-0.596018731594,0.360479652882,-0.457884073257,-0.160829916596,0.350774884224
581,0.657710909843,0.682200670242,0.144113332033,-0.768558502197,-0.225024759769,-0.473647147417
6193,0.566334366798,-1.22320199013,0.195755213499,-0.95670825243,-0.874524950981,-0.0517723560333
6622,-0.555441498756,0.40810829401,-0.890820026398,-0.345229357481,-0.438977837563,-0.704287171364
11261,-0.519028127193,-0.633398294449,-1.02610945702,-0.729321837425,-0.316701591015,0.0726154223084
6696,-0.234037294984,-1.29163646698,-0.89437186718,-0.778074264526,-0.76716029644,-0.873094201088
8312,0.257773727179,2.20608735085,-0.387258678675,1.13520395756,0.765916109085,-0.300468295813
835,0.0690770596266,-0.632705926895,-1.46829497814,1.4694712162,0.489383935928,0.429928123951
8324,0.800004780293,-0.549206078053,-0.678257405758,-0.94968688488,0.103699043393,0.252817571163
1848,-0.618542432785,-0.405781269073,-0.721144914627,-0.45980784297,-0.329448968172,0.594821691513
154,0.182776078582,0.364038109779,1.51638364792,0.408317089081,-0.246995210648,0.294794380665
4312,-0.355822652578,-0.0852023661137,1.43155932426,0.267510771751,0.23934699595,-0.130358979106
994,-0.144923508167,-0.436533302069,-0.99392914772,-0.0612589940429,0.054403167218,-0.999688625336
2048,-0.439363449812,1.71428513527,-0.706820905209,-0.193318277597,-0.153295278549,0.284135997295
1111,0.859561562538,0.286787629128,-0.507408678532,0.525864481926,-0.140050038695,0.590599417686
5154,-0.734252393246,-0.662636160851,-0.758323788643,-0.873825550079,-0.415987879038,-1.49671328068
2920,0.0562845170498,2.02503585815,-0.525982499123,-1.08631956577,-0.161244764924,-0.317924141884
3122,0.056758671999,1.75891673565,0.921194314957,0.552550077438,0.0303927473724,-0.117958500981
2769,0.434211164713,0.532594263554,0.461629390717,-0.598470389843,-0.239616185427,-0.206351742148
5900,0.220139831305,-0.566611289978,-1.04556012154,-0.00914426147938,0.299605548382,-0.534937381744
6304,0.635364413261,-0.051796913147,0.920724272728,0.424243509769,0.742386937141,0.41694021225
5211,0.386699825525,-0.341473758221,-0.667587041855,-0.310380876064,0.453965991735,0.181970715523
2886,0.652278363705,0.999122619629,0.938684165478,0.0495088398457,0.444361358881,-0.233482897282
9261,1.01972103119,-1.00794422626,-0.400742590427,0.656288325787,-0.389769077301,0.320361882448
8569,0.643874943256,1.66109383106,1.95454895496,-0.0443030744791,0.276169270277,-0.0150775834918
3303,-0.476380228996,0.159763678908,0.591642081738,-0.153843283653,-0.342196673155,-0.198413953185
5331,0.00732171535492,0.0456308610737,-0.110281959176,0.600549399853,-0.556683838367,-0.500670790672
5347,0.277539879084,-0.504476487637,-0.724756240845,-0.562117695808,-0.00226934254169,0.0183907505125
4638,-0.278617411852,0.144653767347,0.174691259861,-0.767679989338,0.40462705493,0.856139481068
2264,-0.214765459299,0.070026114583,-0.715497493744,0.330959200859,0.593994259834,0.174449041486
1029,-0.271319448948,-0.725794792175,1.68747854233,0.363945245743,-0.00305669009686,0.713303148746
1027,-0.729997813702,-0.473409533501,-0.426423847675,-0.541737794876,-0.238210693002,0.177066609263
2597,0.000282435968984,0.000246918265475,1.28421525005e-05,-0.000434044981375,-0.000142338918522,0.0
55847,-0.174148783088,0.873772263527,0.488935470581,-0.229977607727,0.145606309175,0.236199080944
25803,0.650689721107,1.56110751629,1.40172410011,0.144586369395,0.398665785789,-0.264859765768
3480,-0.0712199434638,-0.15263608098,-0.305667310953,-0.208193853498,-0.70870000124,-0.0330548733473
2946,-0.479287683964,0.0875808894634,-0.207288593054,-0.342355787754,-0.22488693893,-0.602557063103
9517,0.0254914909601,-0.724113225937,-0.405240863562,0.250732600689,-0.667455792427,-0.385193288326
25987,-0.667962551117,-1.02286171913,-0.882928609848,-0.386444449425,-0.119172222912,0.107016958296
23670,0.234249860048,-1.77068638802,0.323030859232,-0.130937337875,0.153769075871,0.216212064028
11182,-0.407749474049,0.906947731972,0.39548805356,-0.204347014427,-0.423421382904,-0.153193235397
2146,-0.375918924809,-0.823984801769,0.158603444695,0.125229299068,0.247329026461,0.300301373005
3385,0.0320249795914,-0.353146255016,-0.820190489292,0.195339992642,-0.574703812599,0.396635174751
5261,0.450922161341,2.50788259506,1.52627038956,0.129514887929,0.285679340363,0.487580180168
10765,0.334081232548,0.178212463856,-0.906230449677,0.14831918478,0.283487826586,0.29077476263
25839,-0.444579422474,0.0675018951297,-0.0413765907288,0.000349797308445,0.32188642025,-0.282177835703
4172,-0.0402994118631,-1.11313760281,-0.0300659239292,-0.348304122686,-0.117243476212,0.0387894362211
23161,0.226563870907,1.02958154678,0.720351457596,-0.133648648858,0.511251032352,-0.0440198779106
10298,-0.331812590361,0.627292811871,-0.479744702578,1.03773403168,0.055332928896,-0.404946476221
1802,-0.0941350758076,-0.0786401629448,-0.772312760353,0.21909840405,0.149785816669,-0.890888512135
58533,-0.00125440955162,-0.628087162971,-1.45108556747,-0.438136398792,0.176831230521,-0.116789162159
147179,-0.334279805422,-0.334880053997,-0.618916928768,0.589218735695,-1.15258932114,-0.561409711838
29937,0.0457648187876,-0.127325326204,0.977721095085,0.747353136539,0.446513712406,0.0164102762938
6184,0.280945777893,-0.101033963263,-1.37749171257,-1.48210537434,-0.322638183832,-1.0597807169
9854,0.228706985712,-0.834960818291,0.0258812382817,-0.161995142698,-0.296169787645,-0.612884819508
2553,0.205947160721,-0.285128563643,-1.84954309464,-0.927298784256,-0.5139580369,-0.512443244457
5440,0.0820621550083,1.52053415775,1.72227168083,-0.440402626991,0.367471396923,0.140893548727
54623,1.12991452217,-0.182467848063,-0.779116332531,-1.81376135349,0.362845271826,-1.38921439648
9533,0.189229056239,1.59480917454,1.84235143661,-0.596969664097,0.756895422935,0.0545610487461
8607,0.267415225506,-0.209394425154,-1.65654325485,0.0409125834703,-0.624014914036,-1.05972898006
207,0.43513700366,-1.66480565071,-0.446156919003,0.20877623558,0.300224035978,0.208296477795
26054,0.0521892607212,-1.01204204559,-0.0112721249461,0.117843680084,0.701619565487,0.693750560284
10682,-0.426439225674,-0.718563199043,-0.860109210014,-0.198404222727,0.390075683594,0.232587754726
8573,-0.468297362328,-0.736535191536,1.14217674732,0.186111167073,-0.0956480950117,-0.635298073292
23378,0.72785615921,2.03697395325,0.707045018673,0.860744476318,-0.665015995502,0.323415249586
8553,-0.0700560212135,-1.25910806656,3.39780473709,-0.116706140339,-0.262232840061,0.101296141744
622,-0.184163123369,-0.236312821507,-0.442364275455,-0.345499485731,0.537055075169,0.0591929927468
9467,-0.310036092997,-0.040943428874,0.532847344875,-0.633575975895,0.353447139263,-0.0850079059601
5525,0.437698513269,-0.744179368019,0.832064032555,0.0148771107197,-0.266903162003,-0.54439085722
256364,0.244706407189,0.394988119602,0.24352888763,0.667828559875,-0.142808973789,-0.438723862171
332,0.148708298802,-0.755803585052,-1.06354045868,0.445716619492,0.575390100479,-0.323669970036
2058,-0.553155124187,-1.2934871912,-0.69520509243,-0.220337823033,-0.23115888238,-0.963149249554
7849,-0.186471670866,-0.147336170077,0.91975325346,0.907585978508,0.153278499842,0.00605644285679
23244,0.274886608124,-1.19549703598,-0.372543305159,-0.320160001516,0.393353462219,-0.568258225918
7494,-0.454477310181,-0.543055713177,-0.358498901129,-0.782559335232,-0.967148661613,-0.0605991631746
4836,-0.0749150812626,0.604115486145,0.119982220232,0.159311279655,0.0207596123219,-0.375792264938
23647,-0.238171458244,-1.15267634392,-0.66240388155,0.269731938839,-0.0346316508949,-0.549802005291
10617,-0.438622236252,-0.604722738266,-0.814872682095,-0.310674995184,-0.733221530914,-0.229029998183
2184,-0.228895097971,-0.868911862373,-0.893299043179,-0.846162796021,-0.698518276215,0.0628116950393
5355,0.432457089424,-0.695917010307,0.0127061009407,0.042861148715,-0.517952203751,0.0944949686527
6659,-0.359939515591,-0.0798633098602,-2.07803916931,-0.000178413116373,-0.21427282691,0.524160027504
7016,0.132777184248,0.278713524342,0.483069062233,0.14577960968,0.0682586058974,0.142236813903
90861,-1.01369857788,-0.759489953518,-0.920617520809,-0.320624560118,0.0180890727788,0.0172692164779
10670,-0.155967205763,-0.751284480095,-0.166783079505,0.256603240967,0.891342580318,-0.105285145342
79071,0.142927139997,-0.0753448978066,0.100206822157,0.911155939102,0.0603638701141,0.116861596704
64746,-0.112742058933,-0.109248906374,-0.0587631985545,-0.548017799854,-0.588790178299,0.125472396612
5366,0.564291357994,0.602577447891,0.659732937813,0.233298018575,-0.798048853874,-0.357402712107
11344,-0.138956651092,-0.903950512409,-0.147894620895,0.509472489357,-0.414660185575,-0.299203693867
10013,-0.313907325268,-0.806259036064,-0.780457377434,0.131386086345,0.349721252918,0.689903318882
5829,-0.502624928951,0.542479872704,0.233029440045,0.00108696939424,0.252136260271,-0.139142215252
5257,1.36761760712,-0.431204557419,0.00529412925243,1.03709959984,1.49476397038,-0.356319278479
22794,0.0544152259827,-0.768864393234,-0.26118606329,0.936484932899,0.256488382816,-0.418451011181
9761,0.0671787038445,-0.311192929745,-0.09061319381,0.90441942215,0.0561627671123,-0.883393645287
23326,0.126643449068,0.382593870163,-0.00111715495586,-0.360713243484,0.448313593864,0.403802365065
10972,-0.773977220058,-1.14506304264,-1.2409453392,-0.0778276324272,0.224067240953,-0.351161003113
10523,-0.267174601555,-0.79175901413,-1.14894020557,-0.664380431175,0.0131352394819,-0.658916771412
79090,0.408902406693,1.4238550663,-0.177692949772,0.344257384539,0.00654894858599,0.360103547573
27032,-0.097747117281,-0.592932879925,0.537480652332,0.959097623825,0.618791937828,0.151158243418
9097,-0.246593475342,0.215853095055,-1.43561816216,1.23989486694,-0.491828620434,-0.0514942705631
10513,-0.60296434164,0.617316842079,1.24351918697,-0.730970621109,0.508067071438,0.0967048853636
1891,0.360694795847,0.777784347534,0.894745826721,-0.114551536739,-0.492982178926,-0.590469062328
3066,-0.391204595566,-0.669141054153,-0.5101749897,-0.0499087423086,0.235056594014,-0.0497501306236
9801,-0.456087529659,-0.0402998477221,-1.27501237392,-0.169712513685,-0.423522382975,0.181343480945
1459,-0.711740612984,1.24736058712,1.14398360252,0.292908430099,-0.207104414701,-0.683238565922
9703,-0.242144852877,0.543875277042,-0.999977469444,-0.424634635448,-0.0103026237339,-0.356895893812
10606,-0.0375183299184,-0.509545266628,-0.483439087868,-0.245916649699,0.0385293960571,0.464518070221
1017,0.468249738216,1.46480441093,1.03034830093,-0.350906521082,0.471632868052,0.355858504772
9813,0.39964684844,1.34034395218,1.18476104736,0.724461317062,0.901730835438,-0.136994719505
7485,-0.458456069231,-0.111738182604,-0.986699819565,-0.453815937042,-0.224637240171,0.359759628773
2109,-0.176754981279,-0.697362959385,-0.876502633095,0.234146952629,-0.111420765519,0.705413520336
23271,0.497118651867,0.33620518446,0.210678339005,0.431419342756,0.425671100616,-0.15663997829
9915,0.269272059202,0.88690507412,0.000229521770962,-0.00057586672483,0.297581225634,0.162005901337
9552,-0.0390882082283,-0.440490216017,-0.299350976944,0.0259863510728,0.222033306956,-0.0939571708441
93487,-0.583055138588,0.323897182941,-0.233478933573,-0.250787317753,0.0168580114841,0.112106494606
2956,0.0169260501862,0.55174934864,-0.644135296345,0.0776419192553,-0.384668767452,-0.545161962509
11065,0.371551215649,0.17917740345,-1.05102097988,0.0911070108414,-2.06773066521,-0.236511856318
9653,0.037914276123,0.584105968475,0.757287681103,2.44024658203,-0.775658428669,-0.274825572968
200081,-0.308256655931,-0.278786659241,-1.19519484043,-0.319645822048,-0.290845811367,-0.405106723309
3337,-0.458117604256,-0.55426377058,-1.11875557899,-0.39664503932,-0.588111460209,-0.0218053720891
11073,0.566074490547,1.15982317924,-0.694741487503,1.03856194019,1.49452745914,0.647474646568
23,-1.24352073669,-0.439149409533,0.394421458244,0.761088788509,0.0737311244011,-0.175855010748
5641,-1.44197630882,-0.522566854954,0.647129654884,0.381633460522,-0.373778969049,-0.550776898861
8720,-0.62430870533,-0.265839457512,1.76578831673,0.472196280956,-0.168798238039,0.837712287903
10782,0.80320584774,2.42767715454,0.723050951958,0.714162766933,0.459472507238,0.110662005842
25932,0.589468598366,-0.479421079159,-0.941872477531,0.00494631379843,0.351272821426,-0.206851020455
3028,-0.0285230129957,-1.06706786156,-0.968098104,-0.593948662281,-0.110893547535,-0.456575810909
6804,0.186558097601,-0.198069572449,-0.902847707272,-0.0454186052084,-1.12841618061,-1.15111756325
890,0.350114405155,-0.486683964729,-1.10617268085,-0.216827794909,0.225972622633,-0.143448084593
6390,-0.98167681694,-1.07663369179,-1.00266027451,-0.151359051466,-0.621456623077,-0.348449826241
4303,-0.159201398492,-0.748924851418,-1.06043088436,-0.554682075977,-0.312304019928,-0.0200168993324
10953,-2.28166770935,-0.743320465088,-0.753238677979,-0.779718220234,-0.337213099003,-0.261352717876
22889,-0.268431782722,-0.31349003315,0.48069524765,-0.14240257442,-0.570670545101,-0.161827608943
3098,0.124385818839,-1.27575695515,-0.702002942562,-0.302437543869,-0.854043245316,-0.541291236877
11044,0.682100057602,0.734793901443,0.166828095913,-0.18513739109,0.179677322507,0.525411963463
8985,-0.0851164162159,-0.535423219204,0.608550786972,-0.375053793192,-0.851314365864,-0.0808042138815
66008,-0.224798828363,-0.992350459099,-1.28699421883,-0.435169309378,-0.62876522541,-0.295061171055
9217,-0.977816462517,-0.464041471481,-0.5100466609,0.127142116427,0.454491645098,1.91213607788
701,0.363400578499,0.810828089714,0.702710032463,0.692979454994,0.0663178935647,-0.25288516283
6182,-0.150263860822,-0.676545381546,-0.6526299119,0.00326099991798,0.0265970434994,-0.278557598591
4860,0.468890964985,-0.855703234673,-0.651266336441,-0.840512633324,0.0612873733044,-0.504008054733
7398,-0.494819223881,-0.564676105976,-0.281407952309,-0.296856701374,0.317156791687,0.455113202333
6117,-0.635222136974,-0.733233392239,-0.331090867519,-0.0117834508419,-0.408700585365,-0.159888595343
23588,0.42799448967,0.0734205842018,0.00817683339119,-0.222800225019,0.257227659225,-0.29645600915
949,-0.543237388134,0.66794770956,0.720235705376,0.598460435867,0.458170294762,-0.828068256378
7168,-0.243290543556,-0.0925176441669,-0.0408384203911,0.432968586683,-0.705320596695,-0.166378617287
9375,0.00594417750835,-0.378703951836,-0.479728788137,-0.188008874655,0.0146495420486,0.231939777732
4927,-0.439163267612,-2.39619684219,-1.59865665436,-0.0106758251786,-0.702923178673,-0.905335605145
2523,0.190136983991,0.581387877464,1.12250101566,0.309752464294,0.417493790388,0.426215976477
58497,-0.0325819551945,-0.57378667593,-0.0691337138414,0.833279013634,-0.0355335325003,0.0353793054819
6856,-2.07810473442,-1.23790836334,0.745007872581,0.972389757633,0.159320145845,-0.982896387577
26036,-1.67163968086,2.07028532028,0.0273862183094,0.348504304886,-0.130999922752,0.167983695865
10206,0.532646298409,1.45520484447,1.20678663254,0.816121637821,0.746533751488,-0.136815175414
25793,-1.70532023907,-2.04778814316,-0.225117117167,-0.56337583065,0.00969302095473,-0.219311505556
55556,-0.268377512693,-1.12725651264,0.499403268099,0.292163044214,0.0045767724514,0.318415373564
3978,0.205833941698,-0.853689193726,-0.789394140244,0.20842769742,0.288400352001,-0.164126232266
10681,-0.607316017151,-0.941406309605,0.266851842403,0.200855478644,0.350943505764,-0.645492732525
3638,-0.0461205169559,-0.0818678736687,0.477325499058,-0.606446743011,0.113260880113,0.194026038051
8349,0.61517316103,0.151055037975,-0.173009544611,0.0454282090068,0.325692743063,0.00154329836369
6275,-0.254490941763,0.407342016697,-0.650864839554,-0.0856959223747,-0.021673053503,0.518359959126
3895,-0.879380524158,1.11927008629,1.90241658688,0.370207905769,0.357834070921,0.414641052485
392,0.329799234867,-1.03144979477,0.541242718697,0.279198259115,0.475937753916,-0.19701564312
9170,0.929524183273,-0.354227095842,-1.99227130413,0.201618462801,-0.397436738014,0.123630180955
80347,0.248640477657,-0.447213321924,-0.623024582863,-0.496733546257,-1.46151709557,-0.551392793655
23300,-0.240035042167,0.15596345067,-0.260260224342,-0.206632822752,-0.00106730684638,0.60630106926
836,0.0672359392047,-0.707547724247,0.83699041605,-0.22358328104,-0.189559280872,0.161067306995
11188,-0.822211742401,-0.579074800014,-0.193628400564,0.862582325935,1.28073573112,0.0230088382959
10898,1.69063603878,1.3740144968,1.25070166588,1.11260986328,1.00478672981,0.222146093845
9276,-0.0516325980425,-1.10506284237,0.150051951408,0.772922992706,-0.141433730721,-0.614594936371
1647,1.16757392883,0.841448426247,1.24256038666,0.728608012199,0.875424265862,-0.936647117138
10285,-1.34565556049,-0.0201441198587,-0.00116005912423,0.20709374547,-0.188806861639,0.51334810257
23386,-0.4894490242,-0.683546662331,-0.825089454651,0.0227220952511,-0.139822989702,-0.533945679665
3156,0.934458732605,0.620732188225,-1.34297072887,-0.328513324261,0.43758803606,0.0871745422482
10237,-0.178020820022,-0.865678310394,-0.852865993977,-0.116604812443,-0.0842282027006,-0.768262028694
7077,0.652194499969,-0.707870125771,0.313357144594,-0.233064562082,-0.377158164978,0.166604042053
11157,-0.0780540555716,-0.331520080566,-0.0621866583824,-0.241599500179,-0.568557977676,0.541720569134
22908,-1.15488803387,-0.583358943462,0.74965852499,0.442933261395,-0.336992114782,-0.0968182235956
10915,-0.706432580948,0.0183686837554,-0.525637567043,-0.343689322472,-0.0634149461985,-0.0057541616261
9897,1.1145029068,0.253233075142,0.528952419758,-0.0617634654045,0.175829425454,0.48659402132
1759,-0.925896286964,-0.913640022278,-0.341715395451,0.27685880661,0.169856518507,-0.321303784847
54541,-0.798379659653,-0.588527083397,-0.321592479944,0.612259566784,-0.229425564408,-0.380612313747
211,0.272737383842,-0.0719387531281,0.350646823645,-0.0359704308212,-0.159550383687,0.154692441225
5048,0.863161087036,-0.453246980906,-1.91055774689,-0.323935836554,0.00511191785336,-0.0257980674505
84722,0.553988814354,0.636160552502,-0.708689987659,0.444302856922,-0.137987315655,0.427893668413
29890,-0.0892559215426,0.434613287449,0.549513339996,0.407198369503,0.754469573498,0.598556041718
9868,0.151951909065,-0.836408495903,0.177553147078,0.18444570899,-0.0426634475589,0.0406439118087
873,0.0514300167561,-0.431331843138,1.69675314426,0.303367912769,0.127750709653,0.0174663439393
5580,-0.720690131187,-0.234502971172,0.703279614449,0.516196727753,-0.437133014202,-0.128155708313
3725,0.123303681612,0.172700867057,0.574921965599,0.577408850193,0.212226167321,-0.410374164581
23585,-0.232520103455,-0.514825582504,-0.252518057823,-0.383107662201,-0.0965191870928,0.0521319285035
51097,-0.569582879543,-0.819587111473,0.0580711662769,-0.221559196711,0.593659043312,0.19894349575
1831,-0.302569180727,-0.545310139656,-0.196282967925,0.306509435177,-0.520765066147,0.448979467154
7020,0.524781823158,0.439964473248,-0.516315937042,-0.638519465923,-0.249003231525,0.272125124931
55893,0.805520951748,1.26829481125,0.477597057819,0.0959272459149,1.09225940704,0.264358252287
6944,0.369844198227,0.514382064342,0.432062089443,-0.169823378325,-0.224380105734,0.307520329952
22883,-0.206928119063,0.0248644798994,-0.75576031208,0.132773056626,-1.44419085979,-0.622232556343
5601,-0.0665402114391,0.721518278122,0.682097375393,0.735746264458,-0.244029611349,-0.576413452625
10775,0.0393593162298,-0.679585456848,0.153917074203,-0.100454628468,-1.67108249664,-0.14824962616
4780,-1.74122560024,-1.04770326614,0.62381029129,-0.342747241259,-0.559684753418,0.101845562458
10904,-0.0949422121048,0.0771384835243,-0.324752569199,0.334835350513,-0.394849956036,-0.831134438515
9917,-0.293032467365,-0.0289334356785,0.818455576897,1.24150621891,0.278931260109,-0.54733902216
1399,0.493252277374,1.48527216911,1.51003706455,-0.139837712049,0.720523715019,0.196453318
24149,-1.27954351902,0.0503752231598,-0.959951281548,0.483632922173,0.200214236975,0.935502529144
2222,-0.30084118247,-0.816094875336,-0.750285506248,-0.91310107708,-0.526271045208,0.24204865098
10131,0.365688592196,-0.69219994545,-0.212374746799,0.0462753027678,-0.159051597118,-0.31661310792
2958,-0.266741394997,0.0874648019671,0.985828995705,-0.102086335421,-0.270326167345,-0.463443249464
9650,0.0571109652519,1.28409290314,0.822909772396,-0.0390183702111,0.0368509590626,-0.319403290749
7319,-0.641723692417,-1.57964909077,-0.773300051689,-0.21902385354,-0.113128527999,-0.479892492294
4817,0.0277074724436,1.06660652161,0.746682167053,0.0308839026839,-0.342354357243,-0.110839292407
9143,-0.185656964779,-0.521646380424,-0.185890987515,0.598835110664,-0.395993471146,-0.385453641415
10494,-0.267305791378,-0.267804831266,-0.862145543098,0.318620204926,-0.213088169694,-0.909926056862
55324,-0.313391506672,-0.38430583477,-0.360763132572,-0.0948119983077,0.131996095181,-0.0040552765131
23149,0.27996379137,1.02840602398,-0.178412526846,-0.944426953793,-0.576425909996,0.430930912495
9943,0.30775848031,-0.515855789185,-0.0860741734505,-0.129311770201,-0.172386974096,0.157736837864
6599,0.362173199654,0.18069370091,-0.941966533661,-0.0274847298861,-0.401094466448,-0.238534152508
51031,-0.0551203489304,-0.680254757404,-0.993171870708,-0.523800492287,0.444730848074,-0.370412945747
3566,0.306676805019,0.306039750576,1.18031251431,0.0557508766651,0.687727212906,-0.127913042903
3815,0.447118699551,0.590947628021,1.45257163048,0.704342722893,0.894192814827,-0.0658619999886
8624,-0.018419675529,-0.472502470016,-0.337376773357,-0.127082958817,0.187748149037,0.325048953295
27346,-0.349709272385,-0.180034697056,-1.27604055405,-0.347789764404,-0.366740316153,0.704115390778
10489,0.779379785061,0.281303822994,-0.623337447643,-0.507451653481,-0.695624113083,-0.154275357723
26128,0.172815591097,0.285970002413,0.503619849682,-0.218906566501,-0.278741687536,-0.460832238197
79921,0.0735083669424,-0.0577201098204,0.197250425816,0.0932721868157,0.561894655228,0.251739084721
55746,-1.09771263599,1.14976036549,0.987569212914,0.775476932526,-0.898828089237,0.291556686163
23636,-0.324053049088,-0.659456789494,-0.710722565651,-0.234636932611,0.0604043379426,0.724732160568
10892,-0.347728192806,-0.438483953476,-0.0551333278418,0.238927662373,0.591210842133,0.104437366128
10652,0.0651077032089,-1.13682293892,-1.1782450676,-0.530305087566,-0.230854481459,-0.134593635798
11004,-0.136697426438,-0.566890597343,0.347101271152,0.12081182003,-0.490849971771,0.272546172142
23530,-0.260724663734,0.679345011711,0.0520771183074,0.119094520807,0.711751461029,0.444909691811
8826,-0.71675992012,0.253484845161,0.642108440399,-0.255136877298,0.64943164587,-0.269458532333
3308,0.312456429005,1.74984896183,0.683573842049,-0.129793167114,0.194255128503,0.110997512937
7153,0.0882222950459,-0.342592298985,0.549314677715,-0.309066444635,0.190569937229,0.300701975822
11041,-0.271688014269,-0.712159216404,-1.29376411438,-0.333610594273,-0.198117822409,-0.46483489871
6342,-0.105031698942,-0.647153437138,-1.01993656158,0.0103697199374,0.175980076194,0.0121267102659
5883,-0.175137773156,-0.447370171547,-0.802301049232,-0.365965008736,-0.546003937721,-0.878285944462
10589,0.407290697098,-0.630479693413,-1.15107274055,-0.412353515625,0.0556066632271,-0.546332716942
5110,-0.542656123638,-0.50478965044,-0.87212407589,-0.299775421619,0.207313030958,0.585334897041
4609,-0.679188847542,0.161564782262,-0.258342057467,-0.351820737123,-0.332243412733,-0.803843855858
5423,0.128193944693,2.12092328072,-1.92510890961,-0.233002632856,-0.911388278008,-0.549640417099
1070,0.578841388226,-0.167404949665,0.364015161991,-1.01383090019,-0.407012224197,0.352049648762
10051,0.0414895564318,-1.1819845438,-0.367912203074,-0.256393194199,-0.129898354411,0.279403567314
6603,-0.734339773655,0.144755586982,0.79255181551,0.539182603359,0.251767128706,-0.413905888796
9019,-0.438333511353,-0.244841992855,-0.0460210740566,-0.378953039646,-0.142460599542,0.118352234364
10969,-0.26025095582,-0.268687665462,-0.634397864342,-1.18279790878,-0.530880510807,-0.0282056741416
9797,-0.386803746223,2.26173686981,-0.554861545563,-0.299139976501,0.355959385633,0.359781593084
4043,-0.0677407681942,-0.295704901218,-0.114136882126,-0.374082386494,-0.523130178452,-2.94839859009
9519,-0.168517187238,-0.819353878498,0.278235256672,-0.465364813805,-0.274687618017,-0.132390111685
8480,-0.582854092121,-1.23368918896,-1.1150765419,-0.94361269474,-0.115772500634,-0.595062017441
983,0.490129053593,-0.481465399265,-0.364444255829,-0.770908474922,-0.274064660072,0.294907927513
10559,-0.129544839263,-0.0946362987161,0.683445692062,0.0262884348631,-0.401298046112,-0.812139213085
8508,-0.816833138466,-0.396936327219,-1.00559830666,0.322986245155,0.614140927792,0.467065304518
9275,-0.573883891106,-0.632537305355,-0.872512817383,-0.152714714408,0.0611454248428,-0.432756125927
8914,-0.547628760338,1.02294874191,0.921663582325,1.51575684547,0.444246351719,0.101704142988
54505,-0.142903357744,0.942798256874,-0.26844727993,0.880334079266,0.346705526114,0.820964634418
6919,0.0528152287006,-0.17064230144,-0.593168854713,0.0612175278366,0.551605939865,-0.223096400499
2274,0.128916293383,-1.1728181839,0.340548962355,0.170797541738,-0.217865929008,0.385303735733
2288,-0.411971271038,0.000952399102971,-0.000840068096295,-0.00024057381961,-0.023471692577,0.119140349329
7994,-0.293504267931,0.471835136414,-1.13307237625,0.189383357763,-0.250533789396,-0.141349166632
4216,-0.926576256752,-0.876705884933,-0.175777986646,0.475675791502,0.832502603531,0.122200474143
7538,0.874923110008,1.21276259422,0.832381725311,0.643595516682,0.0118005424738,-0.294861406088
3628,-0.296306818724,-0.702692329884,-0.967756748199,-0.549234747887,-0.261865079403,-0.787466168404
2037,-0.224467277527,0.494755864143,0.097658187151,-0.0241103544831,0.251877129078,0.37870106101
2771,0.951852321625,-0.826015233994,-1.83836317062,-1.07857763767,-0.410619437695,-0.184452027082
7264,-0.352134913206,-0.904714226723,-0.952940106392,-0.127915650606,-0.293595641851,0.228137627244
1786,0.61998295784,1.48441433907,1.19538162835e-05,0.0009151926497,0.246246337891,-0.126857817173
5873,0.450957357883,0.889027655125,1.01218223572,1.06547307968,0.234177261591,1.41499757767
780,0.508301258087,-0.0220599398017,-0.558827936649,0.721720933914,-0.162574335933,-0.020809918642
9926,-0.60367333889,-0.106490492821,0.523754298687,0.472040116787,0.144372627139,-0.0380144193769
8446,0.37188488245,0.0818354263902,0.0339070260525,-0.579411625862,-0.495155215263,0.30915927887
7159,0.223018735647,-0.531046390533,-0.266036778688,-0.763214111328,0.158321216702,-0.373844146729
1026,-0.458258837461,0.31037068367,0.228896528482,0.0612580254674,-0.154845714569,0.156385749578
7082,0.185854822397,0.398987412453,0.713329255581,1.05709791183,0.0494105517864,0.0540665648878
10058,-2.09745502472,-0.517252445221,-1.30229663849,0.314975082874,-0.312889546156,-1.34611546993
10797,-0.547632932663,-0.566264867783,-0.747504889965,-0.483372867107,-0.755744457245,-0.50387942791
11230,-0.390257775784,-1.07785928249,-2.35202622414,-0.374830812216,0.298396229744,-0.403990954161
30836,-1.62023437023,-1.27891719341,0.403913378716,0.0782997459173,-0.520754396915,0.0914557948709
27336,0.572686553001,0.167243048549,0.245024636388,0.14675912261,0.319060057402,0.117133103311
9918,0.1138375476,1.15869677067,0.692454218864,0.31088796258,-0.239111855626,-0.344634711742
79073,-0.115917429328,-0.960387706757,1.10336136818,0.315317302942,-0.00996419042349,-0.519049704075
9688,-0.2325489223,-0.405382454395,-1.083360672,0.0572556853294,-0.176896452904,-0.726832151413
23659,-0.488790124655,-0.47980889678,0.066980689764,1.14625549316,-0.0483702607453,0.100237905979
8396,-0.47803273797,-1.21416723728,-1.0904365778,-0.113017424941,0.129621088505,0.224176123738
23077,-0.837220847607,-0.637054800987,1.28573107719,0.116128668189,0.842811584473,0.111306473613
10857,-0.96205496788,-0.970270395279,-0.00154098705389,9.68810491031e-05,-0.346371591091,0.114207014441
16,-0.748812973499,0.188249751925,1.12034130096,-0.756352782249,0.277826607227,-0.277402222157
2817,-0.0834230482578,0.241989701986,0.143784359097,-0.0701899826527,-0.0651715993881,-0.138987645507
60528,-0.143121257424,0.37943276763,2.09706544876,0.327536940575,-1.57297706604,-0.539300143719
5359,0.0157480780035,-0.0972087010741,1.24729812145,1.02495121956,0.770369827747,0.9044495821
1514,-1.75295996666,-0.42114585638,0.185763031244,-0.679415285587,-0.327758133411,-0.585323214531
1509,-0.0738543123007,-0.586150825024,-1.45196318626,-0.965733170509,-0.230301052332,-0.0186727494001
9181,-0.267751634121,-1.41119790077,-1.04493439198,-0.218926385045,-0.262053787708,-0.33865442872
3611,-0.358816206455,-1.50561249256,0.800000190735,0.723391652107,-0.873064935207,0.0790273845196
4783,-0.28161367774,-1.25099420547,0.0395217239857,0.387470781803,0.0453214049339,0.402303427458
10123,0.564360499382,0.301895499229,0.452560096979,-0.471253097057,-0.11181730032,-0.0750402659178
8895,-0.503862142563,-0.475598156452,0.00615800172091,-0.0510506927967,1.89860153198,0.461722075939
9805,1.28919422626,0.481585979462,-0.605934500694,0.594751060009,-0.408832043409,0.746106386185
4125,-0.379332393408,-0.618148207664,-0.515574157238,0.358797699213,0.141146570444,-0.335592091084
1635,-0.0610189735889,-1.26689624786,1.68650472164,-0.0961651206017,0.468468099833,-0.861442804337
4154,-0.101388037205,-0.179364055395,1.15768933296,1.14764928818,1.05154657364,0.460129201412
26292,-0.354574739933,-0.520233273506,-0.598330080509,0.104038208723,-0.34153804183,-0.407825797796
5770,1.01631808281,-0.324273586273,-0.358354747295,-0.689133286476,-0.261117577553,0.184813141823
25874,-0.0256647318602,-0.597944498062,-0.0294726826251,-0.297559797764,-0.00277188420296,0.0726156681776
11319,-1.1270635128,0.111333936453,0.442215591669,-0.0899208784103,-0.265546709299,-0.956187486649
1153,-0.170390725136,0.183050706983,-3.09451460838,0.315594673157,-0.222893893719,-1.66097819805
11098,0.215735882521,-0.830680847168,0.0369613617659,0.199045300484,-0.0962617769837,-0.601608037949
8974,-0.607309520245,-1.17262458801,1.63677334785,0.42115175724,0.888612389565,-1.14439702034
533,-0.484641939402,-0.0352669656277,-0.873821854591,-0.445752054453,-0.802010715008,-0.100483223796
823,0.0513684973121,0.6554068923,1.80436205864,0.829122424126,0.972528398037,0.128603503108
6812,-0.833226323128,-0.464440107346,-0.478855758905,0.268861651421,0.323476940393,0.138862073421
3693,-0.0495294928551,-0.726450324059,-1.10913276672,-0.246809542179,-0.481470823288,-0.822469770908
4891,-0.142693206668,-0.258313596249,1.12202239037,0.864972829819,0.217680588365,0.0521702766418
10954,-0.0956671908498,-1.20288133621,-0.209452226758,-0.432587623596,-0.254799753428,0.0599252097309
5909,-0.00565625214949,-0.147638842463,-0.174125373363,0.202948585153,-0.530930101871,-0.540735006332
9221,0.145529180765,-0.0312844514847,-0.863957107067,-0.358787566423,0.0521907359362,-0.341357946396
847,0.339421570301,0.177454918623,0.554894626141,-0.177508205175,0.36847409606,0.617885828018
11072,-0.204825922847,-0.848837733269,-0.0553305447102,0.149828001857,-0.252474993467,-0.654047250748
10221,0.572059512138,0.743595838547,1.12086820602,-0.301013976336,0.0442351736128,0.503401637077
7158,-0.328918874264,-0.93584382534,-0.483514875174,-0.0627542734146,-0.0611485242844,0.308373302221
8678,-0.660584032536,-0.584831058979,0.505696892738,0.944972515106,0.11586111784,-0.370623111725
11014,-0.480198562145,-0.262449920177,-0.659954547882,-0.465356349945,-0.281276643276,0.0998391509056
1994,0.296500921249,-0.998964071274,-0.763830542564,-0.0235925987363,0.189665973186,-0.137082189322
3482,-0.627099633217,-0.634037256241,1.28372490406,-0.421479105949,-0.564419388771,-0.468311041594
25976,-0.184225335717,-0.706724226475,-0.268591314554,0.210995793343,-0.6491355896,0.504151821136
10491,-1.80847847462,-0.553144574165,-0.48195540905,0.198803409934,0.438039004803,0.153558790684
51053,0.453070878983,0.901362657547,0.476181328297,0.0081860339269,0.975146830082,0.242494136095
9267,0.0507904887199,-0.44115203619,-0.461864352226,-0.0929809957743,-0.371226996183,0.356217741966
5547,-0.267072886229,-1.12687206268,0.253390133381,0.304689764977,0.619842648506,-0.715710580349
6597,-0.242783904076,-0.0500532463193,-0.290452450514,0.0369304269552,0.095384567976,0.648204445839
5836,-0.334530502558,0.308800518513,0.803245186806,-0.0509829446673,-0.89371073246,-0.495545625687
6118,0.0466405451298,1.08261489868,1.41689872742,0.475501298904,0.13909766078,-0.237265437841
2961,-0.127011686563,-0.356497198343,0.184698909521,0.78993666172,-0.357311844826,-0.557186841965
310,-0.389608293772,-0.589910387993,0.0124468207359,-0.157163247466,0.11827853322,-0.82544285059
7296,-1.38648247719,-0.313156843185,0.460092842579,-0.103478178382,-0.0967514663935,-1.04544079304
1429,0.127763703465,-0.353491604328,0.111493676901,-0.17791159451,0.135528475046,0.893404901028
2548,-0.565549492836,-0.0884802639484,-0.684565663338,-0.268201678991,-0.159370273352,0.414585620165
6499,0.000276997685432,-0.742552101612,-0.81297403574,-0.404653847218,-0.272265613079,0.0647141933441
642,-0.856953799725,-0.819263339043,-0.801754057407,-0.362874537706,-0.254407912493,0.094015173614
23076,-0.784709393978,-0.617416739464,-0.693909108639,0.257830858231,-0.289784371853,-0.123776823282
10099,-0.483160793781,-0.928746938705,-1.47131609917,-0.180449619889,-0.0594487413764,-0.00608095526695
9817,-0.684937417507,-0.795362472534,-0.654087424278,-0.425767689943,-0.135616391897,-0.168327361345
9126,-0.179182708263,-0.375284910202,0.670599043369,0.073019951582,0.326342642307,-0.00214958935976
3930,-0.745345115662,-0.14414973557,-1.14122581482,0.143149062991,0.0600921437144,-0.0789546594024
10450,0.194654747844,-0.39613366127,-0.310641884804,0.500272393227,-0.194256529212,-0.463549792767
54386,-0.879663944244,-0.971672356129,-0.941601932049,-0.771333098412,-0.324492663145,-0.690390348434
664,-0.660657644272,-0.388592660427,0.467367112637,0.153110310435,-0.763110041618,-0.158992424607
596,1.00136005878,0.551523327827,0.950990319252,1.13544201851,0.352165073156,-0.0109063889831
10180,-0.120460540056,0.964154481888,-0.242471814156,-0.501627326012,0.169305354357,-0.995738625526
1445,-1.04160916805,0.432254254818,-0.516526639462,0.314775615931,-0.261344850063,-0.0365802235901
230,-0.473680615425,-0.461506396532,0.80360686779,0.162035614252,-1.04095315933,-0.355506360531
9246,-0.500988125801,1.30471885204,0.0872565805912,0.118709780276,0.0486723184586,-0.688783168793
5092,-1.04457366467,-0.532335579395,0.0718503445387,0.964990973473,-0.202202394605,-0.204562842846
23463,0.344232022762,-0.70923602581,-0.278855860233,0.00215581059456,1.07149338722,-0.0347834378481
10007,0.116289034486,-0.708198070526,0.269242346287,-0.622262239456,0.758405566216,-0.0984066724777
4925,-0.435018867254,0.0501693040133,0.186449080706,-0.250427365303,-0.403044998646,-0.511803328991
6251,-0.585110664368,-1.1035579443,0.805352210999,0.120999261737,-0.231962710619,-0.524673640728
5782,-0.37203592062,-0.792967438698,-0.830051362514,0.254000395536,0.0927269160748,0.673851549625
5106,-0.147634699941,0.22558298707,1.07106244564,0.0541327446699,0.131949648261,0.112870007753
2673,-0.807312905788,-0.712769031525,-0.140192657709,0.224696427584,0.139546781778,0.440312772989
644,-0.886177897453,0.176520466805,-0.0600791573524,0.465642273426,-0.375135987997,-0.288443535566
6284,-0.117885261774,0.192558020353,0.310327321291,-0.472322404385,-0.237897187471,0.153772220016
4605,0.7449208498,1.50381064415,1.66443574429,-0.19160208106,-0.183397293091,0.145188182592
6810,-0.460275948048,-0.109898209572,1.48472511768,0.0897740721703,-0.0192681588233,-0.0214397460222
54499,-0.130941510201,-1.13681924343,-1.29266870022,-0.24709635973,-0.351482152939,-1.08294808865
11007,0.15707847476,-0.688647329807,0.251235216856,0.24120016396,0.127237543464,-0.31217944622
1643,-0.474161565304,-0.680606007576,-0.477203607559,-0.0864727795124,0.126671001315,-0.449644386768
25805,2.16332125664,-0.337988644838,0.790557920933,0.970972299576,-0.844323635101,-0.331718325615
3033,0.907453358173,0.0318782031536,-0.35051202774,-0.479352533817,-0.647032916546,0.520119130611
2745,-0.731696486473,-0.590357661247,0.0179978907108,0.422530025244,-0.145455732942,-0.176647543907
9961,-0.864286839962,-0.733726978302,0.254307448864,0.00357672572136,0.825009822845,-0.525434732437
3925,-0.46489661932,-0.837624907494,-0.84221547842,-0.419715821743,-0.188962012529,0.00517427921295
2582,0.12513884902,-0.0233231633902,-0.524420022964,-0.565491437912,-0.787672698498,0.47531837225
5792,0.193022966385,1.17108023167,0.89270222187,0.639273047447,0.0507126823068,0.120794810355
5236,-0.0448009073734,-1.03926062584,-0.525772869587,0.339777946472,-1.13469350338,-0.868860960007
4016,-0.416839361191,-0.814130663872,0.153894543648,0.370717585087,-0.426775753498,-0.305534362793
4651,-0.474474906921,-1.01479542255,-0.476262480021,0.26005923748,0.120675578713,0.241258308291
3988,-0.720324158669,-0.127095192671,0.635882496834,-0.719094097614,-0.673201799393,-0.00921270251274
26227,-0.760162472725,-1.09771132469,-0.917524158955,-0.786429047585,-1.18607711792,-0.678505122662
7982,-0.550290346146,-0.576344907284,-0.830785036087,-0.164111912251,-0.0684803724289,-0.365594923496
3551,-0.712441444397,1.69250655174,1.98435544968,0.402248650789,0.421076595783,0.292418897152
5108,-0.251950412989,-1.45277190208,-0.799689292908,-0.252180099487,-0.430856317282,0.124790638685
8870,0.221511259675,-0.0829755216837,1.25863170624,0.612977743149,-0.333268105984,-0.786242425442
2195,-0.901946783066,-0.724548220634,0.477791190147,-0.0995442271233,-0.658929407597,0.0492402538657
8731,-1.05491042137,-0.603978693485,-0.780848741531,-0.197256088257,-0.126078531146,-0.11671615392
1956,-1.48335516453,-0.846271514893,0.00670856237411,0.675484776497,-0.350727975368,0.320149123669
10276,0.159555107355,-0.391492009163,-0.966099977493,-0.291346430779,-0.639810860157,-0.280640751123
1666,-0.103030309081,0.528112471104,0.674086868763,-0.337988525629,-0.069568246603,0.918146848679
4864,-0.474805831909,-0.88608288765,0.577674508095,-0.687530815601,-0.00525809824467,-0.132788136601
4232,0.40411350131,0.259926855564,-0.00131146539934,0.237182065845,-0.429893225431,0.193501994014
5050,0.182518854737,-0.549899578094,-0.0659401416779,0.000563131761737,0.348889529705,-0.152777329087
813,0.174790114164,-0.71564912796,-1.58458089828,-0.27779084444,-0.986879229546,-0.206872269511
3964,0.498131513596,0.22045725584,0.979156136513,0.337539732456,0.370921671391,0.386328041553
26020,-0.670856773853,-0.603524982929,-0.804526388645,0.075357414782,-0.0714962333441,-1.13801670074
481,0.0481479912996,-1.27670955658,-1.1193754673,-0.321156322956,-0.644863843918,-0.449809968472
5019,-0.992420911789,-0.820522904396,1.3527957201,0.220935091376,-0.765428483486,0.390333026648
291,0.0643331184983,0.268985509872,0.800754845142,-0.562279760838,-0.326959758997,0.000330433249474
10973,-0.706351161003,-0.832118272781,-0.574550867081,-0.283284336329,-0.420551091433,0.120794124901
9697,0.141038879752,-0.781314134598,1.21326673031,0.067794829607,0.0901695787907,-1.36957001686
5831,-0.95050150156,0.462616682053,-1.06308937073,-0.454556465149,-0.632385849953,-0.790354132652
8202,-0.919507801533,-0.0501986443996,-0.560065865517,0.483610868454,-0.20305635035,0.454428762197
57804,0.143877118826,-0.233849570155,0.773657977581,-0.126813948154,0.449986129999,-0.07872633636
5566,0.231598451734,1.13248181343,0.673199534416,0.316158950329,0.137098684907,-0.139103293419
57149,-0.470697999001,0.0283842086792,-1.23406147957,-0.00272170640528,-0.124951675534,0.187591269612
7416,0.0918814837933,-0.96472209692,-0.474848479033,-0.0578532069921,-1.65972077847,-1.16084456444
10174,-0.671726047993,-3.0383143425,-0.23800894618,-0.1226715222,0.157582730055,-0.371843099594
6676,0.29891911149,-0.948550760746,1.21348726749,0.984380424023,-0.40187060833,-0.193826898932
8884,-0.342671185732,-0.362574160099,-0.530052304268,1.19116127491,1.04575967789,-0.250327408314
5997,-0.603695333004,-0.705780863762,-1.21290040016,-0.636570930481,-0.559943914413,-0.337770015001
57147,-0.213446065784,0.0447083264589,0.945601701736,-0.144184589386,0.352200627327,1.06671953201
6909,-0.281865954399,-0.158005014062,0.280927151442,0.80719512701,0.146100506186,0.30661380291
9093,-0.102924406528,-1.10694503784,0.000979055766948,-1.26462255139e-05,-0.319085717201,-0.109392732382
23142,-0.67579305172,0.221038043499,-0.446814805269,-2.47514152527,0.149410277605,0.773039877415
8444,0.168077111244,0.0733165740967,0.362196266651,-0.217138856649,-0.412651032209,0.212049782276
11232,-0.572126030922,-0.0895933061838,-0.270902335644,1.38649535179,-0.721404016018,-0.933242201805
27095,-4.33639001846,-1.31747961044,-1.08782219887,1.36399960518,0.0881316065788,-0.159366607666
10732,0.069102704525,-0.0212788581848,0.478543370962,1.44238388538,0.379396766424,-0.185882478952
23029,-0.434935212135,0.29574906826,1.18270015717,-0.387211501598,-0.069439612329,-0.459757894278
9270,-0.429947495461,0.267274856567,1.31120240688,-0.299078464508,0.375115662813,0.0362054631114
47,0.246865570545,1.44212388992,-1.47064089775,-0.466170608997,4.07179832458,0.14911082387
5889,1.38496863842,0.321601957083,0.510721087456,-0.0938090234995,0.504009902477,-0.0624705702066
8243,-0.317172944546,5.56546401978,-0.0916600972414,-0.017579395324,-0.0225798264146,0.339687883854
10730,0.0276762247086,-1.01211309433,0.0399105101824,-0.191862434149,-0.561401546001,0.122568204999
30,1.1273522377,0.626762628555,0.354642599821,0.0129907280207,0.0562391504645,-0.335788249969
7466,-0.805151283741,-0.821530878544,0.108188554645,-0.0964440330863,-0.0860639438033,-0.433526545763
89910,0.605354428291,-0.125011563301,-0.159379482269,-0.493602395058,0.196493908763,0.165337830782
56654,-2.28745770454,-0.189317643642,-0.598461031914,0.110644310713,-0.0843345671892,1.14033389091
501,0.554396986961,-1.84780478477,0.398178607225,-0.647246479988,-0.631930828094,0.307585209608
5438,0.586963891983,-1.20484375954,-0.771400392056,-0.53118878603,0.500497341156,-0.590948104858
26993,-0.853129923344,-0.725662112236,-0.975811481476,0.141260206699,-0.863602399826,-0.773372411728
55111,0.925257325172,0.320084005594,0.547536373138,-0.220130324364,-0.561935544014,0.436036169529
8520,-1.05798363686,-0.480536729097,-0.0509809702635,-0.540604531765,-0.481841653585,-0.046367675066
10146,0.341719061136,-0.0254550129175,-0.432662427425,-0.776877105236,-0.626446902752,0.577869296074
7165,0.0803182125092,-1.54900658131,1.08414375782,-0.533949434757,0.0507740192115,-0.226329818368
55011,0.29405272007,0.360387682915,0.92401266098,0.0158979296684,-0.41040211916,0.213392421603
6461,0.88318926096,0.0794852972031,0.112917736173,0.440650641918,0.256897181273,-0.139320209622
10813,-0.651064872742,0.885262131691,0.160853862762,-0.249540656805,2.51909828186,4.74106216431
80746,-0.0410409942269,0.759826779366,-0.182439550757,0.14338940382,-0.103796578944,0.452266454697
10434,-0.633017599583,-0.753490805626,-0.372118204832,-0.828183889389,0.187754556537,0.133008629084
5607,0.302774429321,-0.207101657987,0.336301296949,0.214234739542,0.0955667048693,-0.0272462144494
22827,0.118207275867,-0.866799652576,-2.0796225071,-0.216567665339,-0.0460364744067,0.339049071074
51635,-0.732600450516,-0.334396958351,0.145299643278,1.00265443325,1.09216165543,1.51225924492
84159,0.143755182624,1.70988070965,0.397130668163,1.61169779301,0.258876949549,-0.351005345583
3508,1.00821805,0.209432557225,-0.396571934223,-0.658263087273,0.275998592377,-0.515666842461
84890,-0.821432352066,-1.13934111595,-2.05445623398,0.724766373634,0.12272592634,0.131801322103
79600,0.209368154407,0.289249956608,0.361576408148,0.240784943104,-0.431248962879,-0.349869161844
8574,0.392189860344,-0.672165989876,-2.92341661453,-0.269893378019,-0.261382967234,0.00613342225552
5529,1.44014215469,-3.71148443222,-0.745609462261,-0.242335617542,-0.509114027023,-0.00237160921097
3909,0.238452285528,1.80607044697,0.0903441160917,-0.0160956978798,0.621010959148,0.052404820919
9637,-0.0612921193242,-0.643535673618,-0.435067713261,-0.52755177021,-0.257556349039,-0.00916527211666
8518,-0.742137134075,-0.285417199135,-0.00339820981026,1.32632923126,-0.256703257561,0.128757372499
6443,0.172424405813,-0.212652921677,-1.24631524086,-0.183889806271,-0.514550983906,-0.355737686157
58478,-0.708154082298,-1.57050526142,-0.439187765121,-0.891129612923,-0.672419250011,0.200858175755
4850,-0.11392249912,-1.08811354637,-0.455782651901,-0.455870687962,-0.060348212719,0.0508687123656
23210,-0.405640125275,-1.32559347153,-0.626123785973,0.0715181082487,-1.25024974346,-1.19260823727
54733,0.161515682936,0.199333906174,0.772257685661,-0.659856438637,-1.58907604218,-0.577545464039
55129,-0.264726608992,-0.270841181278,-0.102463111281,-1.22220563889,0.210532471538,0.139508128166
10273,0.000282435968984,3.43543934822,-0.00265243486501,-4.26899787271e-05,-0.159034639597,-0.580372691154
572,0.00782361626625,0.28739374876,-0.287615448236,0.23353086412,0.309882074594,-0.476234585047
5716,0.150758683681,-1.44069457054,-0.88862156868,-0.488000631332,0.333484232426,0.402113109827
22841,-0.201604798436,-0.594372153282,-0.499831706285,0.0672797039151,-0.324195474386,-0.482933104038
2356,0.196550041437,-1.34482693672,-0.346783936024,0.490150272846,-0.0902281403542,-0.295417785645
6050,-0.050264056772,-0.274522274733,0.86643242836,1.00285828114,0.141546547413,-0.273235738277
64422,0.0364850610495,-1.28557753563,0.166614443064,-0.671889483929,1.06475973129,0.11901370436
8837,0.556059837341,-0.0447402969003,0.459799617529,-0.534711301327,-0.181019246578,-0.0363529920578
55127,-0.947860956192,0.478691607714,-1.12152767181,0.506125807762,-0.494015276432,-0.33220410347
23335,1.10394620895,-0.266646325588,0.594776153564,0.304408699274,0.425649046898,-0.32664078474
10270,-0.162855625153,0.675766944885,-0.607036828995,0.113052107394,-1.52791440487,0.11298649013
6509,-0.0886344984174,-0.932076454163,-1.15049004555,-0.0430470630527,-0.391652405262,-0.158194869757
83743,0.0661359503865,-0.965140223503,-0.297870635986,0.491573393345,-0.240290313959,-0.29837551713
6772,0.0765519440174,-0.567295312881,0.732418954372,0.443209171295,0.918295562267,-0.599620044231
22887,-1.26988482475,-0.0869299769402,-0.471075832844,0.23810249567,-0.16762727499,0.246589869261
51001,0.193903639913,-0.304896175861,0.270451635122,-0.402431368828,-0.561067044735,0.0981947332621
26511,-1.20536708832,-1.02117717266,-1.27542662621,-0.846897304058,-0.40521979332,0.138080328703
7874,-0.864331185818,-0.844858050346,1.92222368717,0.175093114376,0.0395702272654,0.386905014515
51070,-0.250999391079,-0.233298152685,-1.32263600826,-0.254634708166,-0.324124097824,-0.211154431105
1738,-0.609188556671,-0.180483132601,2.34574890137,-1.01926290989,1.16552090645,0.24779073894
3416,-0.607483148575,-0.584965348244,0.699251651764,-1.08090734482,-0.372496247292,1.64019751549
9128,-0.671119689941,-1.09912800789,0.0327017903328,0.329975008965,0.00862209498882,-0.0466590896249
9833,-0.220852002501,-0.595481395721,4.13177156448,0.274739742279,0.156035259366,-0.0977382063866
4088,-0.822137475014,-0.264328360558,-0.51276999712,-0.528382360935,0.0905137062073,0.307352781296
5018,-0.0994077026844,-2.1916577816,-0.959617912769,0.10906548053,-0.852831125259,-0.643636226654
51375,0.813600182533,-0.399329006672,0.444304525852,-0.096886202693,0.317367911339,-0.0616817176342
55038,0.439431399107,-0.572633564472,-1.22515892982,-1.03554487228,-0.754525899887,-0.206807971001
23061,-0.766929268837,-1.75571489334,3.00481796265,0.291712015867,0.517840147018,-0.248371675611
64428,0.261818766594,1.82232570648,1.49919319153,0.201149046421,0.353500038385,-0.207847699523
11325,-0.731087565422,-0.0745864212513,0.183992400765,0.133984103799,-0.0560276061296,-0.22922039032
9641,-0.146192148328,0.136019945145,1.27785611153,0.614561617374,1.05455183983,-0.026773147285
23038,-0.82843798399,-1.0278775692,0.989179968834,0.257378727198,0.082350641489,-0.333601295948
57048,1.05756473541,0.500691473484,0.00486846268177,1.01935064793,0.405756562948,-0.284206807613
94239,1.05820667744,0.926406025887,0.478491812944,0.646913826466,0.0121188163757,-0.241581007838
51203,0.0799760371447,0.806736588478,1.36087822914,-1.82118427753,0.852916240692,0.951729655266
388650,0.518113136292,0.921165585518,0.487786740065,0.310869604349,0.20514523983,-0.293342322111
23039,0.0754916369915,-0.374964475632,-0.367697179317,-0.34101447463,0.317437022924,-0.321632027626
55179,0.281328827143,0.0491555035114,0.795262932777,0.268287926912,0.182691931725,0.116373047233
5827,0.569122552872,-1.67313742638,-1.04520785809,-0.724892199039,-0.960631430149,-0.190627798438
10245,-0.0644724220037,-0.840757250786,-3.81548047066,-0.256980717182,0.47756177187,-0.177330613136
6813,0.0226668901742,0.456512480974,2.24996185303,1.06417179108,0.935006797314,0.134085744619
3251,-0.0359887927771,-0.154500693083,0.176111027598,-0.137682169676,-0.100188829005,0.0423408672214
23212,-0.286658763885,0.917957901955,1.01651930809,0.523549795151,-0.0664796382189,1.2445833683
23536,0.242705181241,0.894609749317,0.85996234417,0.323871463537,-0.0427250750363,1.28418982029
51282,0.511771857738,-0.0501891672611,-0.932556867599,-0.290049731731,-0.158519953489,-0.597592413425
10227,0.588547825813,-1.0055065155,0.615888655186,0.0921073481441,0.28808811307,2.31728720665
50813,-0.351513028145,-0.214749842882,1.11098599434,0.478834271431,2.14998626709,-0.803130567074
51024,-0.53659504652,-1.93712627888,-0.0383815765381,-0.492571800947,0.0895680859685,-0.472373366356
53343,-0.712076663971,-0.325441211462,0.701787590981,-0.215796515346,0.328566908836,-0.347120195627
1465,0.714990735054,0.186979949474,1.24108433723,-0.52464556694,-0.183297738433,-0.202590852976
79006,0.127699896693,-0.244183629751,0.6654266119,-0.435905635357,-2.20591878891,-0.130886018276
6988,0.517767369747,-2.24647760391,-0.55275708437,1.01142501831,0.0365315675735,0.659946739674
11011,0.609200835228,0.61870598793,-0.818019032478,1.24292743206,0.476483285427,-0.053067676723
23325,-0.668938040733,-0.778348505497,0.249057367444,0.125997588038,0.0802634358406,0.596822619438
10049,0.560892045498,-0.0813182294369,0.745704114437,-0.902353167534,-0.405256986618,-1.25404715538
3157,-0.359742939472,-0.405397236347,0.000230410107179,0.000227927637752,0.0,0.0
200734,0.169553294778,0.586824595928,0.946375608444,0.505252599716,2.28188419342,0.102289274335
9053,-0.260092943907,3.6571958065,-0.214044898748,-0.0218540579081,0.631652474403,0.7449888587
79094,-0.35925295949,0.247226685286,0.689306080341,-0.0427815020084,-0.714894652367,-0.23203805089
2778,0.679283201694,-0.966703653336,-0.00345561886206,-0.000674618815538,-0.184902489185,-1.59137737751
54881,0.138721376657,-0.813340425491,-0.727011203766,-0.653545320034,0.635731697083,-0.961977958679
54807,0.819347918034,-0.446693390608,-0.905344188213,-0.699965953827,-0.662383913994,-0.194593295455
323,0.802501618862,0.664647340775,0.534380555153,0.582804441452,-0.383037447929,0.584852993488
26001,-2.4798002243,-0.119594939053,0.192233070731,0.617955267429,0.914366483688,-4.37757539749
10190,-0.0421349257231,-3.79340028763,1.40649878979,-0.187214240432,0.182413518429,0.593692839146
9686,0.183795928955,-0.195249482989,-0.216850116849,-0.0561875328422,-0.36930334568,1.34793615341
54915,2.82265686989,-0.621798694134,-1.08520066738,0.204721570015,1.91727054119,0.386069834232
23658,-4.19105577469,-0.540267109871,-0.932063817978,-0.302005410194,-0.565526723862,-0.47266215086
7750,1.51534795761,0.358266562223,-0.788482069969,0.460825443268,0.0522388257086,0.302546352148
79643,0.29750174284,0.0529963672161,2.63009214401,-0.413943350315,-0.105372801423,0.126143470407
9488,0.465640693903,-0.559634923935,0.920563042164,1.10426557064,0.60630607605,0.209395617247
11200,-1.11508727074,-0.585608661175,-0.359205961227,0.131277784705,-0.467779517174,0.221705064178
65057,0.102678470314,0.72899723053,1.21781086922,-0.43285214901,0.535939276218,0.303695082664
6832,0.669240951538,0.348511517048,0.44928497076,0.158716231585,0.0589556694031,-2.40291810036
23131,-0.243262320757,1.34722185135,-0.472761631012,1.10783624649,-0.165180906653,-0.704767525196
10776,-0.256280571222,-0.569707691669,-0.855715036392,-0.328613638878,-0.311222434044,0.341001808643
6253,-0.0717441737652,0.412390053272,-0.895188450813,0.677921056747,-0.517693400383,-1.60872399807
79716,0.0906204134226,1.21166658401,-0.203717514873,0.529488503933,-0.678611934185,0.162966877222
29978,-0.0194811671972,-0.614995718002,-0.715521097183,3.28486347198,-1.85449802876,0.29108774662
9988,0.168877393007,0.0905005931854,-0.18147778511,-0.47281524539,0.458684206009,0.277552068233
10845,-1.402764678,0.00293903797865,-0.760007023811,-0.845717668533,0.355544656515,-0.534261822701
54957,-0.177420333028,0.569412469864,-0.233329325914,-0.754276335239,-0.359933882952,-0.0105267837644
79170,0.217454984784,1.28752589226,1.30342960358,0.350862622261,0.070062123239,-0.0726604163647
10610,0.0873522460461,1.35452532768,0.85827422142,-0.145050749183,0.0711944103241,-0.235205769539
128,0.0249371528625,-0.761216163635,-1.35368704796,-0.192991003394,-0.0720372498035,-5.42823266983
51026,0.208771258593,-0.0796229541302,1.19170737267,-0.688441693783,-0.212273210287,0.288789600134
5498,0.972391605377,1.44586908817,0.151713758707,-0.27453905344,0.201505988836,1.04156601429
124583,-0.47076946497,-1.42930603027,-1.29768562317,0.0318277813494,-0.147921532393,0.339969933033
9455,0.160335436463,0.338675826788,1.1864528656,0.347554206848,0.112256467342,-0.391478598118
1212,0.812470138073,-0.832905352116,-0.269922107458,-0.393078505993,0.117325827479,-0.482047736645
5255,1.25565195084,1.85731220245,0.347577124834,0.870809078217,-0.322528779507,-0.302817493677
9448,-0.287376821041,-3.73811340332,-0.891498863697,-0.0862066671252,-0.310775876045,-0.160658165812
9924,-0.388058513403,-0.44332575798,-0.597543954849,0.0062453597784,0.337101966143,-0.29916420579
5480,-0.464531004429,-0.611233115196,0.251658976078,-0.468681067228,-0.882272601128,-0.539670825005
1983,-0.472132742405,0.00890816003084,-1.26034903526,-0.492442071438,0.0013445019722,0.322292089462
56889,-1.09494745731,-0.916911840439,0.607102155685,0.813846170902,-0.441376805305,-0.529691815376
79080,0.750326037407,-0.825596868992,0.274687856436,0.0307434685528,-0.116051808,-0.619277179241
9016,0.0986788868904,1.28084993362,1.03777229786,0.198532506824,-0.0759118124843,-0.694241464138
6915,-0.0513614751399,1.02727985382,0.86959373951,0.233613669872,-0.0402042269707,-0.148005232215
9709,-0.595313847065,-2.10233449936,0.667857408524,-0.182831689715,-0.281267404556,-0.698333144188
116832,-0.0249283015728,-0.483841150999,0.157660722733,-0.162918195128,2.07578730583,0.306948542595
670,0.842525362968,0.798109829426,1.17669057846,0.878808438778,1.0987393856,-0.0687265098095
7867,-0.0145577341318,0.630306005478,0.859836578369,-0.74447953701,-0.092437505722,-0.37718307972
79143,0.0855391919613,-0.793379187584,-0.211010336876,0.553612887859,0.14755693078,0.272345036268
11284,-0.204194843769,-0.344456642866,1.08602452278,0.818461418152,-0.331083476543,0.995984077454
23443,-0.617112755775,-0.810565233231,1.10769057274,-0.716212928295,-0.525838196278,0.00107784569263
51599,1.66583573818,0.619319200516,0.74143910408,0.691997408867,-0.490164577961,-0.0328612178564
5927,-0.551942586899,-0.832844853401,-0.770247101784,0.521623253822,-0.183847904205,1.11140966415
55793,0.9230915308,-0.14462685585,-0.0937518775463,0.937139034271,-0.691934525967,-3.11341118813
5867,-0.0287711620331,-1.06642580032,-0.87643456459,-0.194701701403,-0.153844758868,-0.465974032879
7866,0.19715988636,0.0583727024496,-0.267751634121,-0.261833429337,0.0728688687086,0.0144053697586
25825,-0.0509003847837,-0.169620618224,0.122444987297,-0.453048318624,-0.203873261809,1.21499705315
4067,0.196772545576,0.397771000862,1.07375693321,0.711734831333,0.494311213493,-0.213520467281
51015,0.792793035507,0.37521559,0.279777616262,-0.749451756477,0.103966265917,-0.332957595587
5891,0.1070497334,0.263379782438,0.511988461018,-0.0790754109621,0.717340826988,-0.510335564613
3300,-0.623630583286,-0.795402944088,-0.456013321877,1.27400660515,0.343536257744,0.106980957091
64781,0.78653305769,1.37187170982,0.520165085793,-0.834063887596,-0.326436311007,0.771054148674
51056,0.344418376684,-0.131344839931,-1.20399618149,-0.494636058807,-0.165326088667,0.651812493801
8550,0.299545109272,0.800983130932,0.92187666893,0.105908423662,0.248868361115,0.65687584877
50810,0.604201555252,2.34385943413,0.0200211033225,-0.588682830334,0.432486951351,0.470308661461
23011,0.945274114609,-0.444621384144,2.44499850273,0.445138931274,0.0777117013931,0.268710821867
11168,-0.338397920132,-0.437391579151,0.0411480665207,0.225470796227,-0.341255486012,0.528371036053
1385,0.783792495728,-0.476992219687,-1.29835176468,-0.403053700924,0.415943980217,0.672300696373
10150,-0.293127208948,-0.131890952587,0.213299423456,0.0965673625469,-0.50552380085,-0.172675818205
29763,-0.658655524254,0.501584768295,1.10692799091,0.615732371807,0.159769043326,-0.252936065197
9112,0.878689825535,-0.638931632042,-0.561831474304,0.610156297684,0.613884091377,-0.199625059962
23499,-0.577509880066,-0.628544569016,-0.373335063457,0.124411888421,0.55767583847,-0.167109727859
85236,-0.221272319555,0.859969496727,-0.409111648798,0.0911713168025,-0.301660865545,0.0572706647217
5096,0.779061079025,-1.34290552139,-0.640396118164,0.655034780502,-0.825263738632,-0.132631734014
55620,0.741847813129,0.871363461018,0.701133489609,-0.548151612282,0.181585848331,0.0786377340555
5373,0.337369263172,1.32677292824,0.782333612442,0.444427609444,-0.183034539223,-0.143955692649
51170,0.146227762103,-0.356974363327,0.453258603811,0.0360253155231,0.900258779526,-0.342603862286
54850,-0.244523763657,-1.07336890697,0.550675928593,0.364673435688,-0.0935179069638,0.0853447914124
80349,-0.434219121933,1.35788393021,-1.55674922466,-0.134817495942,-0.102143108845,0.133773088455
355,-0.675004541874,0.966083645821,0.715190052986,-0.739175081253,-0.659522652626,0.545199632645
1062,0.0496094822884,-0.112330794334,1.46987342834,-0.0208695828915,1.94225096703,0.717486321926
8804,0.0105364173651,-1.53531837463,-0.287186384201,0.401989012957,-0.188125967979,-0.397888749838
80758,-1.03732800484,-0.125196039677,-0.706713676453,0.367569327354,0.315867036581,-0.176403000951
375346,-0.185223594308,1.87326478958,0.760465562344,0.649249434471,0.838743329048,0.0534498393536
51385,1.77554941177,1.85043358803,-0.480053246021,0.616130113602,0.590812623501,-0.703966736794
55748,-0.281483143568,-0.657109379768,-0.431948542595,-0.0222338587046,-0.0327438861132,0.310122519732
10318,-0.956125319004,-0.699294149876,-0.568133175373,0.00470152497292,-0.21876052022,-0.353575468063
54681,-0.675416946411,-0.510677874088,-1.11755764484,-0.0124367550015,-0.267507702112,-0.608319282532
7905,0.106671355665,-0.447225004435,1.45453035831,-0.686468422413,-0.737262010574,0.520553648472
28969,0.135281577706,0.0649091005325,-0.970974206924,1.18261361122,-1.28720939159,0.651698470116
10668,-0.696377277374,0.00630420446396,-0.40239867568,-0.190806806087,-0.0851996466517,0.210251539946
51005,0.393760561943,-0.265261054039,-1.11580395699,0.466214925051,-0.0747708529234,-0.217558979988
8800,-0.0138990134001,1.68608093262,1.81050109863,0.324307620525,0.359355151653,-0.234968423843
54438,0.490328073502,0.40856552124,0.284999877214,0.215328752995,0.386401295662,-0.633937954903
55825,0.913422048092,0.273101270199,1.28421926498,0.21020257473,0.464891403913,-0.169898360968
8835,-0.371355563402,2.42274641991,1.3357155323,-0.289197921753,0.989134311676,0.0125471800566
64429,-0.275407910347,0.0165104418993,0.431914508343,-0.147599220276,-0.850009799004,0.623962819576
3682,0.277750015259,0.0227999091148,0.654385626316,0.377627849579,0.611238658428,0.249367445707
10329,-0.329573601484,-0.212737470865,-0.560895800591,0.408410727978,-0.711771607399,-0.332886844873
27109,-0.437440097332,0.00832226872444,-0.779261827469,-0.541531801224,-0.163818731904,0.335098177195
51335,0.533451735973,-0.380180895329,0.200773224235,-0.296453207731,0.133797600865,0.579250633717
3202,-0.368613630533,0.156882867217,0.105989001691,-0.0853020399809,0.357158601284,-0.334009170532
2896,-0.615854501724,-0.562274694443,-0.717023670673,-0.305523067713,-0.192536860704,-0.350359380245
79902,0.288061380386,0.634455502033,0.207861185074,-0.200251430273,-0.151022687554,-0.46272534132
29083,-0.50133907795,0.758571147919,0.922670125961,1.16213774681,-0.110222056508,0.48259717226
5747,-0.440641075373,1.25008618832,1.0435500145,0.543160498142,-1.4561136961,0.530634105206
22905,0.24518764019,-0.477874696255,-0.0556374788284,-0.333760261536,0.544611215591,0.318249166012
63933,0.594750642776,-0.870817780495,-0.762108922005,-0.676926255226,0.0377697497606,-0.355671107769
9847,-0.411929637194,-0.58678907156,-0.797372341156,-0.0906220152974,0.173643112183,1.77853953838
51021,0.509669005871,-0.665439724922,-1.68500888348,-0.129486724734,-0.0289599895477,0.0541372261941
8996,0.188647985458,0.711293101311,0.733782529831,0.405541479588,0.150114223361,-0.144001290202
7376,0.9881965518,0.421712934971,0.33563041687,0.467055946589,0.590626776218,0.173096701503
5357,0.144180059433,0.337808251381,0.437549054623,0.770141363144,-0.634090185165,-0.260070383549
56940,-0.408376783133,-0.558417916298,-0.353567928076,-0.249603405595,0.151695594192,-0.928244352341
6195,-0.0611675977707,-0.834470689297,-0.889078259468,-0.178571432829,0.00158786773682,0.302861064672
1633,0.58937638998,-0.321677148342,-0.295422315598,-0.436762183905,1.09245359898,0.698740363121
23321,-0.431755691767,1.64659762383,-0.366842001677,-0.173314675689,-0.438147604465,-0.767964839935
51160,-4.12771654129,0.0768547952175,-0.128523766994,0.0382632017136,-5.70370340347,-0.397983729839
55604,0.141168579459,-0.788093805313,-1.83611834049,-0.87225228548,-0.722323000431,0.124020263553
2063,1.39472436905,-0.806852161884,-0.502002716064,-0.835440158844,-0.948284387589,0.820906579494
54512,0.00608114153147,1.81603753567,-0.362709254026,-0.120549097657,0.474448531866,0.459569454193
9124,0.0793219506741,-1.21754622459,-0.418841481209,-0.681553781033,-0.493819057941,-0.834911704063
79174,0.0709829777479,0.955457925797,0.752947568893,0.264611244202,-0.021861821413,0.0154888480902
23223,0.499139875174,-0.553618550301,0.734929263592,-0.00205525755882,-1.73894488811,-1.19413542747
39,0.672586679459,0.757696926594,0.423649728298,-0.309142649174,-0.331115961075,0.282486051321
57215,0.23433175683,-1.53534734249,0.263182848692,0.36439165473,0.638846993446,0.0338958799839
1052,1.48986721039,0.0154300406575,0.55417239666,0.157282710075,0.912967324257,-0.261585205793
23139,0.571865439415,0.113223969936,-0.123853616416,-0.374425709248,0.55217564106,0.115801244974
79947,0.310349553823,0.682860255241,0.390599519014,1.56797075272,-0.327343642712,-0.673589110374
4616,0.488669157028,0.331307560205,0.531330823898,-0.146652013063,-0.285365879536,-0.697027206421
9710,-0.420645475388,0.108220905066,0.934390246868,-1.13563108444,0.406316280365,0.549805104733
6990,-0.634223222733,-0.156428351998,0.878866910934,0.0590729415417,0.729200959206,-0.30372607708
29082,-0.839371442795,-0.0346217751503,0.120770663023,0.0237489901483,0.0397426746786,0.0935073792934
9670,0.125990629196,1.57127487659,0.930731356144,-2.56873083115,0.110563069582,-0.363442957401
81533,-0.518821358681,0.0535770505667,0.510602831841,-0.178844094276,0.504903256893,1.6513351202
10525,0.300273895264,0.63892185688,0.653740227222,-0.107527337968,-0.188703805208,-0.190055191517
2353,0.692594110966,0.19399780035,0.28612652421,2.62292408943,0.0744766518474,-0.286171704531
57192,1.17119967937,-0.447590261698,-0.196060955524,0.19497564435,0.00364157557487,-0.268011391163
3398,-0.0597354397178,-0.923801958561,-0.0731598138809,-0.111392445862,0.595076620579,0.199800491333
3775,0.0503986179829,-0.00521856546402,1.02827823162,-0.410339593887,0.0807452574372,0.279038071632
26064,-0.128980383277,1.1135840416,0.911428570747,0.847628593445,0.110446594656,0.105247333646
29103,-0.186651423573,0.11430233717,0.815856218338,0.70665204525,-0.125250950456,-0.191637530923
3206,-0.205399304628,-0.201487213373,0.836944103241,0.787869393826,-0.150076061487,-0.369510829449
1500,0.488973975182,-0.126165956259,0.327975571156,0.199817016721,0.115594044328,0.296475082636
7690,-0.0968460440636,-0.560419678688,-0.584450185299,-0.151943698525,0.348121672869,2.46866464615
29911,-0.214270010591,-1.17806255817,-1.17947435379,0.243481233716,0.379664808512,-0.321805000305
2064,-0.535266876221,0.267900407314,-0.823505997658,0.0985536724329,0.415921121836,0.311046898365
65123,-0.0805917680264,0.89106965065,-0.204473599792,1.12879776955,0.239543378353,0.0721803307533
5986,0.26104837656,1.78360462189,0.746304750443,0.64315789938,-0.0678157657385,-0.263439387083
85377,-0.405775845051,-0.427180349827,-0.745960712433,-0.230467796326,-0.424567610025,1.1633939743
9903,-0.790634274483,0.0764580667019,-0.500126957893,-1.04821419716,-0.430765748024,-0.510922431946
7088,-0.525888204575,-0.28913217783,-0.787893176079,-0.108837753534,-0.927331566811,0.213392481208
22796,0.42196804285,-0.556708931923,-0.124374032021,-0.856799244881,-0.500136315823,-4.11239242554
51116,-0.904042601585,-0.756813526154,0.877165973186,-0.803278207779,-0.910329222679,1.56394898891
54442,0.10165438056,1.34909331799,-0.861029446125,-0.0784136280417,-0.111899442971,-0.145065411925
10695,0.519407331944,0.623902320862,0.967998862267,0.40961176157,-0.610207676888,-0.60205668211
102,-0.367551386356,-1.24468874931,-0.605415761471,-0.00680950284004,-0.0416053533554,-0.0452518463135
965,-0.210201144218,-0.249517217278,1.10661518574,0.412170499563,0.66394174099,-1.01615190506
3800,0.195988506079,2.31568169594,-1.439661026,-0.501291036606,0.345135688782,1.48352110386
10362,-4.3824005127,0.00721848011017,-0.245999678969,-2.80246162415,-1.87595248222,-1.42915403843
5300,-0.118677183986,-2.31528711319,-2.11992311478,-0.295278549194,0.50069975853,0.622388422489
8270,-0.238630026579,-0.763575673103,-0.120833978057,-0.94041287899,0.0880063176155,-0.344404160976
27242,0.185970723629,0.935419917107,0.864072918892,0.515671372414,0.038766078651,-0.353610932827
9928,-0.156465083361,-0.385394215584,-0.671929061413,-0.620171785355,0.0521755442023,0.330705106258
1534,0.380826473236,-0.639093875885,0.311692208052,-0.344803154469,0.385372579098,-0.290753185749
5654,-0.629976272583,-0.49931743741,0.282671004534,0.194729030132,0.555790305138,0.0331729203463
10810,0.143568873405,0.447885662317,-0.974903941154,-0.866652727127,-0.0513349473476,-0.132271707058
7105,-0.0357148498297,-0.214764565229,-0.688106775284,-0.236617103219,2.43664932251,0.248287111521
23014,0.323923796415,-0.348952353001,0.681908905506,-0.641414403915,0.161594241858,0.0322905778885
55012,0.0248370990157,-0.0787667632103,-0.931185901165,0.197204366326,0.454273194075,0.652991056442
2887,-0.0363407433033,-1.33715629578,0.980056226254,-0.115355551243,-0.370113313198,0.0329037830234
9183,0.891288042068,-0.162897124887,-0.810582220554,-0.373635709286,0.765473842621,-0.0257817208767
11151,-0.197803378105,0.404364436865,0.240356698632,0.597034037113,1.36834108829,-0.169744670391
7511,0.814969062805,-0.785929739475,0.116503000259,-0.64473849535,-0.0733472257853,0.885671257973
10046,0.596249341965,1.33139669895,-0.523020803928,-0.136804759502,-0.394932091236,0.243317067623
1829,-0.0801922008395,1.16272735596,1.97298586369,-0.385589838028,0.145802482963,-0.127130910754
11000,1.29922318459,0.408071279526,-0.633845925331,0.309713572264,0.777978181839,-0.249374255538
976,-0.983254015446,-0.672009468079,0.169826388359,0.0842500478029,-0.927045702934,0.683545351028
3597,0.199569880962,0.752939164639,1.46293091774,0.620271682739,0.123645588756,-0.318399012089
178,0.107083201408,3.00399899483,0.715089857578,1.83245801926,-0.340570211411,-0.312157660723
2625,0.764243960381,0.487825036049,1.22402775288,0.823076486588,-0.186958283186,-1.11619901657
6119,0.0493073165417,-0.305957466364,-0.608114004135,-0.56016254425,-0.36673951149,-0.0257315225899
26136,0.738749682903,-0.242767572403,0.915459632874,-0.184304624796,0.361116290092,0.214675053954
6697,-0.208995714784,1.31597673893,1.11479568481,-0.0525545328856,0.79653608799,-0.0399801358581
5971,-0.55264544487,-0.913476765156,-0.0453354120255,-0.67968082428,-0.153477609158,-0.995123624802
22934,-0.131094142795,-0.0368587970734,-0.798890829086,-0.549431085587,-0.267426401377,-0.138176947832
9289,0.460252225399,0.993278086185,-2.28439211845,-0.19123236835,2.15574550629,-0.0398833304644
4931,0.582829356194,1.46399450302,0.233269065619,0.000927927612793,0.651328980923,0.00754692405462
4200,-0.723725557327,-0.205821752548,-0.409555763006,0.192905664444,-0.244769588113,-0.320832014084
93594,0.306421816349,0.63310956955,-0.232331082225,-0.467898458242,0.582960605621,0.86633002758
5982,-0.0982093811035,1.82193982601,0.127912163734,-0.219501823187,0.290471583605,0.0360135883093
26520,-0.794101476669,-0.0687559470534,-0.792676866055,0.29661527276,-0.225971564651,-0.298909395933
4998,0.554745912552,0.518599629402,0.685257911682,-0.105363793671,-0.72140365839,-0.221571221948
10038,-0.368995547295,-0.390829801559,-1.17864882946,0.272082358599,0.200323611498,0.652213454247
60493,-0.0240165889263,-1.04818487167,-0.0100308656693,0.178364962339,-0.309996217489,0.472554385662
51495,0.174368515611,0.684317827225,-0.745283722878,-0.112502798438,0.195817232132,0.836001336575
4482,1.19940090179,1.17333436012,-0.137307241559,-0.204397261143,-0.258457481861,-0.594926834106
23224,-1.46461606026,3.20428967476,-2.06715154648,0.54835665226,-0.648511648178,1.12152671814
9690,-0.255271852016,-0.277244210243,-0.580618977547,0.201753228903,0.315014243126,0.249879509211
80212,-0.191191911697,-0.0894660949707,-0.901963591576,-1.96265816689,0.059934169054,0.941102206707
29928,0.190041765571,-0.619759082794,-0.535146594048,-0.0167785137892,-0.209108263254,-0.813046455383
22809,-0.245388865471,-0.388248890638,0.352802246809,1.20478820801,-0.470300018787,0.581516444683
50814,-0.684695422649,-0.208419322968,-0.162661626935,0.22839319706,-0.0507849603891,1.44685435295
55256,-0.26556378603,0.174698635936,0.0683382302523,-0.453942149878,1.05879187584,0.119960658252
56997,2.06288480759,-0.316160231829,2.49929881096,-0.531223833561,0.49747055769,0.083094753325
81544,0.314010113478,0.0116488188505,0.336867004633,-0.247965216637,0.00827652215958,-0.106507703662
6894,-0.501296758652,0.00364825129509,-0.912348985672,1.38225698471,0.954459965229,0.0248920843005
64080,-1.09823417664,-0.589708149433,0.183565452695,1.26327371597,-0.824894428253,1.64479267597
55818,-0.113500207663,-1.16979968548,-0.294429540634,0.386137515306,0.0917741581798,0.977055907249
637,0.303425520658,0.302870750427,0.45298743248,-0.226840242743,-0.43610009551,0.135626241565
22823,-0.217900440097,0.667598247528,-0.808432221413,0.426774144173,0.796375513077,1.8744096756
5287,-0.124096117914,0.0643298625946,-0.483192324638,0.47389703989,0.100034296513,1.04117679596
91137,-0.302731335163,-0.823895335197,0.115089848638,-0.0977243557572,0.156000435352,0.352798700333
23097,-0.692203164101,-0.833317875862,0.302884370089,0.972251415253,-1.84554946423,-0.342762470245
9851,0.0607522800565,-0.298941016197,0.791695415974,-0.426828205585,-0.183026015759,0.328757464886
23522,0.512216806412,0.212951987982,-0.546026706696,-0.3296649158,0.805743694305,0.511920332909
1123,0.53509759903,1.23028683662,1.08633828163,-0.108651995659,1.97176659107,0.225427076221
5603,-0.64906001091,-0.414422571659,0.840387403965,0.0495680272579,0.358224391937,0.0482973307371
51569,-0.0373857095838,0.00144776701927,-1.27630639076,-0.353812068701,-0.229225352407,-0.0371882617474
55699,-0.178346738219,0.144506841898,0.874320328236,0.0701003223658,-0.0128857344389,-0.203532904387
2624,-0.377088576555,-0.537036716938,0.374431699514,-0.488572984934,0.32185703516,-0.511649847031
8204,-0.433101385832,0.404632329941,-0.0912250503898,-0.771926283836,-0.188219860196,0.542784452438
9133,0.329098343849,-1.09808123112,1.06909477711,-0.0683897957206,-0.122072204947,0.620558440685
10921,-0.513742268085,-0.746897697449,-3.44292712212,-3.4377374649,0.005600258708,-0.88028973341
51742,-0.887663125992,-1.04805421829,-0.418545663357,0.189979851246,-1.03303647041,0.070932507515
2954,-0.177817627788,0.437691569328,0.164209783077,-0.47760078311,-0.652506709099,-0.215447366238
27244,-0.973450899124,0.159669339657,0.771096885204,-0.384199768305,-0.329894840717,-0.112418286502
23013,1.59951114655,0.46196359396,-0.122525811195,0.00339277274907,0.516726970673,0.0934022217989
8050,0.139745101333,-0.35696297884,-0.544878959656,0.697953045368,0.156245827675,-0.186027541757
79961,0.340396493673,4.39357089996,0.840308666229,1.88568818569,0.214149564505,-0.283957481384
2017,0.745592832565,0.19814786315,-0.741567611694,-0.834141612053,0.0558181405067,0.466812223196
55148,-0.458712756634,-1.08374905586,-0.304995626211,-0.305885672569,0.0616496093571,-0.234546065331
960,-0.574398815632,0.305930644274,1.15329098701,0.101307943463,0.433835685253,-0.240404650569
10451,-0.138094693422,-0.274441570044,0.417906165123,0.548708200455,-0.777422130108,1.17815589905
57406,-0.0298377871513,0.472177565098,1.31259953976,-0.541318953037,0.473775923252,0.224963247776
51719,0.543950974941,-1.50951719284,-0.898419678211,-0.740833222866,0.336668878794,-0.173275589943
7074,-1.47770178318,0.390506476164,-0.121029600501,0.0989462286234,0.255836099386,-2.20648622513
10059,0.0197847038507,0.915771365166,1.0877802372,-0.347912222147,0.00770664215088,0.553048193455
51071,-0.126625105739,1.04432749748,1.27783560753,0.211355000734,-1.16631698608,0.180962413549
5796,0.192575186491,0.901111364365,0.631962895393,0.90703868866,0.197012037039,-0.172204464674
55008,-1.0437400341,0.847883582115,0.221242979169,0.3662365973,-0.258499830961,-0.677547812462
23597,-1.61200881004,-2.230427742,-0.829625785351,-0.3958106637,0.358652353287,-0.41962531209
8869,0.0924596339464,-0.584376454353,-0.10569806397,-0.335590064526,-0.575207173824,-0.604881823063
8727,-0.538166284561,-0.344225764275,-0.114613264799,-1.14691972733,-0.174320086837,0.382724791765
63874,0.470614135265,0.489386945963,-0.372880518436,-0.787921309471,0.794497489929,-1.55701601505
8821,0.96974003315,1.04186701775,2.19802999496,0.14702180028,-0.502998828888,-0.0948822796345
57178,-2.45543670654,-0.838648736477,-0.182580262423,-0.469223350286,0.456388115883,0.253542840481
5468,-0.726500868797,-0.0900803506374,0.339626222849,-1.00016021729,0.497274816036,0.523227751255
10557,-0.262255191803,0.0393050909042,-0.52738660574,-0.173893198371,0.0874197781086,0.171861305833
831,0.630134284496,0.558170437813,-0.00799801945686,-0.124555081129,0.573569774628,0.0458453930914
9531,-4.03743457794,-0.609415590763,0.51890796423,0.697051286697,-0.364645242691,0.716422080994
2767,-0.616781115532,-0.11264076829,1.12881326675,-0.826031804085,0.495462626219,-0.0445586740971
1861,0.640898644924,0.286747306585,0.583237051964,0.664654195309,0.486016571522,0.27911221981
10165,-0.460677325726,0.15037932992,-0.33882278204,-0.193175137043,0.954805016518,1.22297596931
7106,-1.72415542603,-4.24164104462,-1.34359145164,-0.65756726265,-1.0306571722,-0.344835668802
2908,-0.878648459911,-0.184601396322,0.711682200432,-0.358557283878,-0.973110556602,-0.488935530186
57761,0.0566489845514,0.989339530468,0.463980048895,0.308935523033,-0.545923233032,-0.138506039977
23338,-0.870253801346,3.32102513313,1.31320106983,-0.47103279829,0.369783610106,0.637714982033
7852,0.0533238612115,0.464577674866,-1.37043237686,-0.627896666527,-1.07080829144,-0.454031646252
55033,-0.893830418587,-0.248027831316,-0.840360820293,-0.513332605362,-0.52020406723,-0.212792620063
57019,0.271587371826,1.6956949234,-0.772498965263,0.391760379076,-0.108152270317,-0.94059997797
91949,0.265193343163,0.550566196442,-2.09743762016,0.918868720531,0.604488432407,0.0425506234169
84617,0.240603893995,-0.379897236824,0.328836619854,0.432815819979,-0.124259933829,-1.6236821413
25,0.240308940411,-0.250994741917,0.105529487133,0.138076007366,0.425488442183,0.265676498413
899,0.615868628025,-1.09655380249,-0.969494462013,-0.282116889954,-0.339204847813,0.217430830002
79850,-1.17062962055,-2.06949424744,3.06992340088,0.559029519558,0.401221424341,-0.293079555035
51466,0.440782189369,-0.462616026402,-3.40516257286,0.0767113491893,0.488468945026,-0.0167373493314
2852,0.457384884357,-0.663862884045,1.75787258148,-0.140201807022,0.719237565994,0.320914655924
55837,-0.767273068428,-0.522840261459,-0.111257977784,-1.01565527916,0.664526820183,0.869177341461
2131,0.657306075096,0.334609389305,0.0706165879965,-0.383206725121,0.0109214633703,0.334177494049
5427,-0.595412492752,-1.07703399658,3.37588429451,-0.17056235671,-0.127753421664,-0.215673387051
25966,0.71888422966,-0.349504798651,0.801144361496,-0.619610786438,0.270001769066,0.666624546051
55608,-0.00840530544519,0.0590924061835,-0.251981288195,0.197998031974,0.546687245369,0.428612053394
1662,-0.607346594334,0.489250123501,-0.142749607563,-0.394839525223,-0.170214086771,-0.289521515369
9702,-0.148929655552,1.21964263916,2.20788168907,-0.148457407951,0.176963672042,0.481786251068
11031,-0.149422779679,-0.0545930117369,-0.20504181087,-0.0889174938202,-0.0611345395446,-1.7891920805
10057,-0.585587501526,2.19708514214,0.966494679451,0.626129329205,0.220145359635,-0.387570112944
5985,0.143580436707,1.42366802692,0.864271104336,0.204177975655,0.15044644475,0.451909661293
3280,0.83790242672,0.462033390999,0.656217455864,-0.6152125597,-0.292570948601,0.477193653584
55958,-0.0555498600006,0.809078335762,0.622127175331,-0.515003800392,1.29622960091,0.477487534285
51465,1.62477612495,0.490708112717,0.436979562044,-0.518541157246,0.58732098341,-0.484737485647
2542,-0.0620393455029,-1.23632359505,0.738330960274,-0.134949803352,1.18009567261,-0.705134034157
10641,-0.105695299804,1.81404221058,1.27937936783,0.240148544312,0.423817157745,-0.253404021263
11137,-0.450849890709,-1.10985827446,-1.83407652378,-0.030930608511,-0.139691591263,-0.903461039066
9842,0.513558983803,0.0397117361426,0.149896979332,-0.632587075233,0.0572336912155,0.0917147248983
10493,-0.18830114603,-0.736592233181,-0.943566441536,-0.228303551674,-0.308642297983,-0.693235218525
10112,-0.142106473446,-0.387752532959,0.394003629684,1.05979120731,-0.368083417416,-0.0164647549391
1001,-0.0739170312881,3.00253224373,1.4192097187,0.598348498344,0.502236008644,0.651902258396
23635,0.434880197048,0.744018018246,-0.694633305073,0.191356912255,-0.00190318748355,0.311102867126
29916,-0.424876958132,-0.981600642204,-0.895780682564,0.142103597522,0.234772652388,-1.07568967342
2810,-0.987610518932,-0.481160163879,0.493927240372,-1.11430501938,-0.685684204102,-0.451654285192
5993,0.715568363667,-1.06273472309,-0.0470884740353,0.0137891322374,-0.0892926454544,-0.910761833191
11142,-0.111893571913,0.624718606472,-0.326387196779,0.832357883453,0.874342441559,-0.721671104431
79187,0.155645370483,0.213913321495,-0.309183865786,0.12163169682,0.545614004135,-0.387995958328
51382,-0.353128165007,-2.92582893372,0.03944350034,-0.040818810463,0.105790115893,-0.576235890388
8318,0.438691675663,1.12409305573,1.41547095776,-1.48800694942,0.437430977821,-0.0842867344618
9695,0.340626746416,0.0835782587528,0.213045567274,0.49438983202,2.21422410011,-0.251979768276
9712,0.14836448431,2.57283353806,1.31604814529,0.175471067429,0.305236846209,0.364190816879
64943,-0.60683041811,-0.0954849720001,-1.42772436142,0.686778247356,0.834864675999,0.389987438917
9738,-0.734784245491,-0.80835878849,-0.243814051151,0.579206764698,-0.365539044142,0.765357792377
6793,1.28098618984,-0.0648345500231,0.809372544289,-0.102508276701,0.372936218977,0.336829781532
7358,-0.229928776622,-0.0462010502815,-0.141807496548,0.880453169346,0.876061022282,0.560255050659
58472,-0.592940688133,-0.00769163668156,3.49713349342,-0.12372366339,1.26039278507,-0.201239943504
50865,-1.73283696175,-0.345441460609,0.225196123123,-0.245475634933,-0.0203111171722,-0.491895735264
23200,1.54335057735,-0.113098204136,0.382990896702,0.0393898263574,0.24280372262,-0.0654173344374
51293,0.526323914528,-0.609444379807,-1.2228603363,0.10650755465,-0.507383406162,-0.524079561234
10962,3.69503593445,-0.918087482452,-0.900176107883,-0.181873559952,-0.0873273462057,0.0325023829937
10153,-0.283376306295,3.25695586205,0.00979395210743,-0.793013572693,-0.0605458915234,-0.158154338598
874,0.405146926641,-0.485192865133,0.189697802067,-0.197577863932,0.365394681692,-1.11007249355
