rid,NMH001_FIBRNPC_6H:BRD-A92334183-001-01-6:10,NMH001_FIBRNPC_24H:BRD-A92334183-001-01-6:10,NMH001_NEU_6H:BRD-A92334183-001-01-6:10,NMH001_NEU_24H:BRD-A92334183-001-01-6:10,NMH001_NPC_6H:BRD-A92334183-001-01-6:10,NMH001_NPC_24H:BRD-A92334183-001-01-6:10
5720,0.25339999795,0.624899983406,-0.302633166313,-0.647818207741,-0.762532234192,0.25077188015
466,0.631900012493,1.16914999485,-1.76165759563,-1.33966374397,-0.287413477898,-1.18655824661
6009,0.0680999979377,-0.352699995041,-0.094629779458,-1.32070159912,0.324949860573,0.918445646763
2309,0.474400013685,0.451000005007,-1.03375566006,-3.1554069519,-0.24544391036,0.0526037216187
387,0.248850002885,0.051600009203,0.131717354059,-0.274714887142,0.18817897141,0.379253685474
3553,-0.570549964905,-0.592999994755,1.41446983814,1.70902121067,0.311220735312,1.95187282562
427,0.791849970818,0.593100011349,0.125287413597,-0.0642593577504,-0.781126141548,-0.316127598286
5898,0.581300020218,0.0522000044584,1.12621879578,2.06542897224,-0.81404286623,-2.00627875328
23365,0.139449983835,0.586500048637,0.584961891174,-0.286120116711,0.246660336852,0.555555284023
6657,-0.830500006676,0.0872500017285,-0.681053340435,-1.67520952225,0.0045480132103,0.276373416185
5054,1.27760004997,0.71614998579,-0.541928350925,0.452537536621,0.402781665325,0.146574646235
3108,-0.212449997663,-0.59274995327,0.391884416342,-0.039944011718,-0.102635465562,0.685286402702
1950,-0.935299992561,0.233900010586,2.25083231926,1.26870298386,0.364676296711,-0.334067344666
351,-0.0681000053883,1.07774996758,-0.000214758212678,-0.000851728371345,-0.339739918709,-0.456921517849
4846,-0.169350013137,0.436850011349,0.130006313324,-0.357745051384,0.1454641819,-2.04256439209
1452,0.299899995327,-0.902549982071,-0.0588094964623,-0.143575340509,0.402940452099,-0.941853940487
4776,-0.261249989271,-0.206849992275,1.85969054699,1.01055073738,1.29311037064,2.94469308853
6908,0.621649980545,0.00905001163483,-1.25661468506,-1.01675319672,-0.198797464371,0.855832457542
672,-0.826600015163,-0.0862500071526,0.33646094799,1.06640410423,-0.873568594456,-1.38137936592
5710,0.927749991417,-0.15625,-0.047079090029,-0.552588582039,0.182396963239,-0.779958367348
2115,0.139299988747,-0.0699999928474,1.92375981808,-1.99812841415,-1.92883515358,-0.365576356649
7015,-0.333999991417,-0.386749982834,0.919005513191,1.34997189045,0.5710272789,1.41979396343
8726,0.676750004292,-0.0412500016391,0.615459620953,0.542182564735,1.09063053131,-1.17286884785
2185,-1.10354995728,-0.264800012112,1.43808555603,1.2769510746,-0.28775036335,0.469958752394
3315,1.20039999485,0.138850003481,0.414332479239,-0.193679869175,0.418225228786,0.38451012969
5289,0.214150011539,1.40024995804,0.138169437647,0.229143589735,-0.535607099533,0.873521387577
868,0.860350012779,0.144300013781,0.0523170828819,-2.10165548325,-0.398089647293,-0.450603485107
1677,0.792399942875,0.726249992847,1.18100595474,1.24669885635,0.179224580526,-0.337556183338
7043,-0.758749961853,-0.17824998498,1.43037450314,1.0910282135,-0.530873000622,0.620812058449
5613,-0.370100021362,-0.0423000007868,1.45862197876,1.65099358559,-0.92461335659,-0.102747961879
595,0.882350027561,0.457300007343,2.38795304298,0.113547235727,-0.277384668589,-0.977359473705
4793,0.0975500047207,0.843499958515,0.593929469585,2.16612076759,-0.171026527882,-0.208746552467
2736,0.691500008106,-0.973850011826,0.193492919207,1.06723296642,-0.430833220482,-0.0537195801735
5290,-0.649600028992,0.658599972725,-1.33056259155,0.900716662407,-0.285274863243,0.920916378498
6194,0.0,0.60480004549,-2.51141810417,-0.00241600419395,-1.21183943748,-0.173512339592
1676,-0.313899993896,-0.212400019169,1.43770039082,1.58902895451,0.577195584774,1.54716205597
23512,-0.222550004721,0.938599944115,0.83202445507,-0.143766462803,-0.228931218386,-0.0788732692599
148022,0.0330500006676,-0.321449995041,1.5154517889,1.2061252594,0.945645153522,0.848375320435
1906,-0.990599989891,-0.942799985409,1.66275072098,1.837277174,-0.785549521446,0.651463508606
8878,0.337249994278,0.296350002289,-0.605432391167,-0.743370056152,-0.327822834253,0.537959158421
3091,0.495000004768,0.626049995422,-3.16630601883,-0.294982165098,0.308207690716,-0.578920781612
5743,0.359300017357,1.6155500412,0.256190448999,2.21461510658,0.275792062283,2.19824552536
5321,-0.869750022888,-0.386549979448,-1.64136815071,0.0644052252173,-0.220860183239,0.743748426437
4144,1.08634996414,0.631749987602,0.0343247279525,0.348451912403,-0.171669960022,-5.92024469376
1981,0.545099973679,-0.896450042725,0.645126461983,0.321178495884,-0.0801766961813,-0.622407197952
695,0.231349989772,1.01999998093,0.940492331982,0.897928118706,-1.75194168091,1.69963979721
10398,1.264950037,0.729200005531,1.32199168205,0.998135685921,-0.212203651667,-0.0229306519032
5708,0.362250000238,-0.0591499954462,0.184287726879,0.111119419336,4.10479068756,-6.40412998199
1213,0.800650000572,-0.23734998703,-1.67742872238,-1.56087994576,0.0145687162876,-2.34683346748
226,0.830900013447,1.29850006104,0.00746314786375,-1.2269654274,-0.150818645954,0.1127679497
6777,0.291500002146,0.286800026894,-0.917575061321,-1.32223582268,0.635411262512,-0.663853466511
2113,0.268649995327,-2.31575012207,1.30766987801,0.508858323097,-1.50611448288,-0.519869863987
3329,1.02639997005,0.0412999987602,-1.34186661243,-0.342253237963,-0.109178386629,-0.130346208811
1050,-1.27625000477,-0.350499987602,1.99457037449,0.0890832096338,3.5429019928,-0.0523940846324
9491,-1.32964992523,-0.620849967003,1.51605856419,2.08329796791,0.316011548042,1.82271659374
22926,-0.0950499996543,-1.3626499176,-0.370325833559,-0.608428955078,-1.09503340721,0.699987113476
5899,0.624050021172,-0.0626499950886,0.492320746183,0.500334143639,-0.528842508793,-0.513695299625
5467,-0.519549965858,-0.362050026655,0.90947663784,1.92467904091,1.07337427139,1.11899554729
6774,-0.359950006008,-0.132699981332,2.15888690948,-0.661123275757,0.221987232566,0.668285489082
1788,-0.752050042152,-0.689249992371,1.21921265125,1.35481321812,-0.0268484950066,0.686173081398
5921,-0.00174999982119,0.754949986935,-0.200541868806,-1.03726136684,0.512936770916,-1.04622721672
5721,0.739699959755,-1.1235499382,-0.680716276169,-0.269462883472,0.30277466774,0.0102702379227
2263,-1.34970009327,-0.211249992251,1.39658463001,1.36068558693,0.0501550137997,0.964905381203
808,-0.181400001049,-0.29365003109,0.683862745762,1.8858114481,1.15074419975,2.09503054619
30001,0.371250003576,-0.103349983692,0.716802835464,-0.595381975174,-0.747322022915,-0.168440133333
348,-0.394900023937,-0.21930000186,0.546152114868,2.27050590515,0.513400435448,2.57829618454
30849,0.312949985266,-0.200950011611,0.592136383057,0.873275518417,0.227566093206,0.279268085957
1454,-0.852949976921,0.307500004768,-0.727473199368,-5.67833375931,-0.488553196192,0.371252626181
6500,0.807249963284,1.35979998112,0.141508460045,-1.02610707283,0.938423156738,-0.78249335289
5627,-0.00444999337196,0.0533500015736,1.38655650616,-0.66029471159,-0.549339473248,-0.266418278217
5715,0.139599993825,0.567799985409,0.845238149166,1.73199987411,0.468323945999,0.791073977947
4791,-0.00834999978542,-0.0570000112057,0.937582910061,1.45274043083,0.227032184601,1.42146897316
56924,4.40684986115,0.694350004196,-0.153177589178,0.247962161899,0.80454492569,0.229605957866
2690,3.14800000191,-0.60389995575,0.494857609272,0.381894350052,0.447681814432,0.910238981247
1019,1.00484991074,0.304349988699,-1.39386665821,-1.21913230419,-0.855854034424,-1.59937512875
51422,-0.796450018883,-0.0388500094414,1.5392370224,1.1432185173,1.22594940662,-1.16260933876
5788,-0.0166499987245,-0.898900032043,1.38487422466,1.37836575508,-0.448438882828,1.10313522816
6709,0.437600016594,-0.69185000658,-1.62752819061,-2.72650814056,-0.295323908329,-0.228224948049
1277,0.697600007057,0.156000003219,-0.079333268106,-0.374884814024,-0.138040959835,0.0891566574574
993,0.272249996662,0.109399996698,-0.9818136096,-1.24868619442,-0.226178601384,0.236610025167
7157,1.05669999123,0.143949985504,-1.34612822533,-1.64195251465,0.0691732168198,0.779988765717
1958,1.00660002232,-0.564199984074,-0.329667001963,0.079907014966,2.67506051064,-1.53065550327
4582,-0.124099999666,-1.0625500679,-0.000257909297943,-1.49509584904,-0.115659035742,-0.61605578661
9212,-0.632849991322,-0.796200037003,0.646535038948,-0.114509835839,-0.589067995548,0.847008287907
8440,0.394749999046,-0.318599998951,-1.00473594666,-1.98057866096,-1.56537270546,-0.804218769073
6790,0.22104999423,0.191299974918,0.747783601284,-0.487522423267,0.330479711294,-0.437658429146
8851,2.48810005188,0.824899971485,-1.64194893837,-1.81341576576,0.604502618313,-0.385255515575
2534,0.925300002098,-0.346899986267,-1.08329558372,-1.56128382683,-0.220367535949,0.413462817669
4893,-0.385499984026,0.105049990118,0.980117440224,1.69315040112,0.0616425871849,0.274970412254
665,0.747850000858,0.358449995518,-1.64493012428,-1.07478642464,-0.190795183182,-1.23111987114
4313,0.08180000633,-0.864099979401,1.08869588375,2.96305441856,0.677120029926,1.23484277725
1022,-0.881500005722,1.55094993114,1.85855126381,0.913300275803,0.582215964794,-0.219059914351
5880,0.698449969292,0.148000001907,0.236481711268,0.539868354797,-0.132926493883,1.12956547737
3162,0.577450037003,1.07924997807,-0.268477469683,-0.0353184640408,-0.158888101578,-0.636516690254
1282,0.539649963379,-0.333849996328,1.11648857594,2.25824666023,0.56023478508,0.143792003393
3383,-0.875300049782,0.518400013447,3.29127645493,1.20390176773,-0.0731468051672,0.743987560272
727,-0.681600034237,0.00199997425079,1.85360598564,2.37686085701,0.25748693943,1.12227475643
4792,1.86190009117,1.19900000095,-1.39520144463,-0.532735466957,-0.964716970921,0.354599773884
4794,-0.886299967766,-0.311549991369,1.26841259003,2.28351545334,-0.555953145027,1.17485225201
902,0.187399998307,0.123199999332,1.76671910286,1.72504341602,0.407895237207,1.37979567051
8091,0.754050016403,0.509100019932,-0.283807069063,0.391793906689,0.0478584319353,-1.15434277058
3486,0.456050008535,-0.566449999809,1.25888741016,1.65550947189,-0.548707783222,-0.481772959232
10818,-0.136099994183,-0.195999979973,1.81720817089,0.420423150063,-0.487316280603,1.15564274788
3454,-1.48199999332,-0.513199985027,0.325715065002,1.37066078186,-0.465759307146,0.505655765533
4282,1.02119994164,0.510100007057,-1.75625729561,-0.504603862762,1.14520692825,-1.0565520525
1605,-0.65775001049,0.313400000334,-0.906595766544,0.0957522392273,0.271689921618,0.100593328476
10644,-0.180349990726,1.85899996758,0.509747922421,-1.63645887375,-0.0195547938347,-0.80607175827
2065,0.243050009012,-0.600350022316,0.347120195627,1.58766257763,1.27816438675,0.398266136646
8321,-0.625999987125,-0.234999984503,0.87125235796,0.764603674412,-0.934716284275,-0.0446579307318
8503,0.139850005507,-0.572800040245,-0.93616604805,-1.43334197998,-0.179546028376,0.833905041218
7027,0.144400000572,0.799299955368,0.640224814415,1.25240123272,-0.0595358014107,0.712880671024
6850,-0.416899979115,-0.143500000238,1.57782840729,3.54994106293,0.324732899666,1.61525011063
1978,0.202500015497,0.769450008869,-0.574981987476,-1.33906793594,-0.679328024387,-1.0487909317
896,0.998450040817,1.14424991608,-0.104126952589,-1.00895500183,0.0178172290325,-2.21189713478
5777,-0.152400016785,-0.789600014687,1.99926447868,0.0526696927845,0.0237314850092,-0.127779453993
1846,0.0292500257492,0.261000007391,-0.392139434814,-2.16975617409,-1.56932079792,0.0463442802429
5925,-0.246350005269,-0.419600009918,0.329543918371,0.601830303669,-0.967430114746,-1.2112249136
142,-0.638750016689,-0.549250006676,0.403480857611,-0.739491641521,0.587083697319,0.377301245928
1021,1.2065500021,-0.528699994087,-1.39875292778,-1.75808024406,0.375715494156,-1.31812787056
5699,-0.141849994659,0.577849984169,0.294187098742,1.77783870697,-0.376066327095,1.36116933823
8061,1.26959991455,-0.83210003376,1.56177532673,0.849242925644,0.517374098301,0.844724297523
1870,-1.19555008411,-0.556349992752,1.32630157471,1.30609834194,-0.167573586106,-0.224660381675
1398,1.24734997749,1.08210003376,-2.67481184006,-1.72854495049,-0.518303632736,-1.15673053265
3312,0.871749997139,0.633749961853,1.68906962872,0.602721273899,-1.16574275494,-0.278216093779
891,-0.160800009966,0.767549991608,0.80203795433,1.28013968468,0.197527319193,-1.61105298996
4775,-0.944049954414,0.281450033188,0.316624283791,1.10572242737,-0.174715712667,2.43466591835
5111,0.623500049114,0.239150002599,-4.29888534546,-1.27402091026,-0.21158786118,-2.06852149963
5696,0.67359995842,0.64485001564,0.625043749809,0.320660829544,-0.424868404865,1.587677598
5588,-0.727949976921,-0.0305499881506,1.71419417858,1.02895689011,-0.64070302248,1.32383573055
6839,0.209550023079,0.113899998367,1.51181268692,-0.171921551228,0.477741867304,0.130051746964
329,-0.968400001526,0.852849960327,-1.09410440922,-0.920858740807,-0.517026424408,-0.717318415642
5058,-5.10735034943,4.3219499588,-0.103977441788,0.931499004364,2.56889986992,0.755075156689
998,1.04240000248,-0.0354500114918,0.0361022949219,-1.57595658302,0.668538451195,-0.293690592051
9134,0.115699991584,-0.327799975872,0.307897210121,2.46953129768,0.0900925993919,-0.20268163085
6616,-0.552749991417,4.33545017242,0.400172561407,-0.492293983698,2.53432893753,0.7690346241
5223,0.564700007439,0.620450019836,-0.872210860252,-0.921453475952,0.183652073145,0.0909882858396
4690,0.48115003109,0.306549996138,0.587547779083,1.9211306572,0.281958460808,0.75934189558
958,0.270999997854,-0.702000021935,-0.238886967301,0.963940501213,-0.818044960499,-0.175736039877
1616,0.333749979734,-0.327399998903,1.29128646851,0.51840865612,-0.607763528824,-0.574185669422
991,-1.20064997673,-3.95104980469,-0.609235405922,-0.335626840591,-2.51316857338,-0.882703065872
6347,0.0397000089288,0.374599993229,1.57193696499,1.68268704414,1.44858670235,2.1074898243
6714,-0.57959997654,-0.574499964714,-0.584884405136,-0.584437310696,1.41527450085,-1.00054526329
652,-0.725350022316,-1.07225000858,1.04388737679,1.25191736221,-0.170761182904,1.1266835928
4331,0.627449989319,0.488749980927,0.265187948942,2.65188074112,-0.227000296116,0.752458691597
7099,0.527599990368,-0.357299983501,0.345746517181,0.658195853233,-0.55919033289,5.4249625206
10320,-0.263549983501,0.114299997687,1.11943376064,0.800361037254,-1.01718652248,7.60311412811
2042,-1.3248000145,2.5758998394,-3.29358243942,-1.1935762167,-6.6833486557,-4.27895450592
843,-1.00699996948,-0.648100018501,1.2291033268,-0.691256225109,-0.229463294148,0.589500546455
840,0.0837000012398,-0.29240000248,-1.00354707241,0.53456646204,0.256842672825,-0.609268009663
7048,1.42359995842,-0.385800004005,1.99983906746,1.23172426224,-1.16436076164,0.0839762985706
4851,-0.065299987793,0.211599990726,0.134948909283,0.510303378105,0.0273158848286,0.121004894376
6464,-0.147100016475,-0.36669999361,0.82742369175,0.518686830997,0.345879912376,0.393635302782
23410,4.97585010529,-0.122200004756,1.23606026173,0.0640112906694,0.0973093509674,0.905289292336
54205,0.191650003195,0.456499993801,0.720788955688,0.806341826916,-0.752179861069,-0.381029039621
2770,0.200549989939,-0.303350001574,0.650301456451,0.256471127272,-1.12473702431,1.1075758934
80204,-0.885150015354,-0.767499983311,0.35970929265,0.138607054949,-1.15012550354,-0.217570066452
4208,-0.575100004673,-0.759450018406,0.987052440643,-0.0155468508601,2.15704703331,0.149823203683
1845,0.894400000572,2.22300004959,-0.0423902869225,1.14197385311,-0.349100619555,0.367147177458
23368,-1.0773999691,-0.0976000055671,1.39985668659,0.746137082577,-0.372715234756,0.985907196999
5583,-0.713900029659,0.010150000453,1.69847762585,0.898598492146,-0.595279932022,1.57531797886
8900,-0.388000011444,-0.263650000095,1.14461874962,1.33123123646,-0.374818563461,1.24681782722
581,-0.879349946976,-3.36490011215,0.594853043556,2.00004267693,-0.861633360386,0.413767963648
6193,-0.769250035286,-0.0677500069141,-0.00671054422855,0.67277765274,-0.224744975567,-0.943869411945
6622,-0.408849984407,-0.202149987221,-0.226435363293,0.216378614306,0.360293239355,0.741462469101
11261,0.619149982929,-0.166400000453,-0.695675134659,-0.786916434765,-0.931084036827,-1.17181324959
6696,-0.358500003815,0.387499988079,-0.187849462032,-0.184571385384,0.157483756542,-0.0871791243553
8312,0.0731000006199,-0.857749938965,0.341656178236,-0.367070406675,-0.0820297375321,-0.392046779394
835,-0.233050003648,-0.30505001545,1.82717394829,-1.2723095417,0.969343364239,-0.982550323009
8324,0.417050004005,-0.394250005484,-0.547207176685,-1.12319386005,0.419788897038,-0.612962722778
1848,1.38975000381,-0.129099994898,0.130253702402,-0.205817893147,-0.0194067656994,-0.574094295502
154,0.175050005317,-0.740800023079,0.333260715008,0.803675949574,-1.20468854904,0.836220026016
4312,0.719499945641,1.3626999855,1.20223772526,1.64071393013,2.41214632988,0.980056345463
994,0.483350008726,0.461299985647,-2.64302396774,-1.97275233269,0.522102534771,0.00590997934341
2048,0.459800004959,5.01550006866,0.150786072016,-1.26050162315,-0.08931928128,-0.301300555468
1111,-0.78250002861,3.27274990082,1.86825501919,2.82694339752,-0.875516653061,-0.371876835823
5154,0.793249964714,-0.380850017071,-0.0674740821123,0.848803639412,-0.397283673286,1.92253494263
2920,-0.885599970818,1.11115002632,0.543173313141,0.315287292004,-0.386447787285,-0.664802074432
3122,0.0597999989986,-0.725600004196,0.980583131313,1.70141971111,-7.90059566498e-05,0.765766859055
2769,-1.39234995842,-0.168149992824,0.767761230469,2.76508283615,0.22756806016,2.22942900658
5900,-0.44010001421,-0.268849998713,-2.35370254517,-1.54288029671,0.436810404062,0.291329950094
6304,0.628600001335,0.0244000256062,0.520108938217,-1.09531354904,0.716879069805,-0.395632505417
5211,-0.321399986744,-0.270900011063,-0.349272966385,0.0239745527506,-0.240155398846,0.651830375195
2886,-0.699000000954,0.486149996519,-1.60127389431,0.171412602067,-0.460487425327,0.492277026176
9261,0.281399995089,0.852400004864,-1.8850492239,-1.69348871708,-0.657718718052,-0.0392812341452
8569,-0.173000007868,0.00950001180172,0.558956980705,1.11678397655,1.44769692421,1.41235017776
3303,0.230399996042,2.64144992828,4.25882863998,1.53574228287,0.491201013327,0.67503464222
5331,-0.120149999857,0.226950004697,0.199623182416,-0.43189895153,0.077692553401,0.662979245186
5347,1.17599999905,0.759350001812,-0.0750105381012,0.992043316364,-0.477388978004,0.64903742075
4638,-0.0702999830246,1.47514998913,0.479800373316,0.789840579033,-0.00280206929892,1.20041227341
2264,0.281700015068,-0.180350005627,0.209261521697,0.422778010368,-0.712336540222,0.0372158437967
1029,0.118950001895,-0.641049981117,0.532998919487,0.356978774071,-0.130419015884,-0.053850620985
1027,0.0455499887466,0.307549983263,-4.3166384697,-2.48823571205,-0.127650514245,-0.806883871555
2597,0.0,-0.00065000000177,0.000133366629598,-0.000661716330796,0.0,0.00030559572042
55847,-0.547800004482,-0.0204000100493,0.796670675278,0.634810447693,-0.287860155106,0.602910161018
25803,-0.00939998030663,0.218099996448,0.93350815773,1.82260763645,0.991964936256,2.36452317238
3480,-1.11979997158,0.442600011826,-0.391873329878,-2.7399058342,-0.114773482084,-0.539887189865
2946,0.455999970436,-1.06710004807,1.49525809288,0.918629348278,-0.140549749136,0.813196718693
9517,0.850199997425,0.308099985123,-0.92662781477,-0.767770886421,0.196563825011,-0.114189565182
25987,-0.173400014639,-0.481000006199,-0.603629946709,-0.683510005474,0.547058224678,-0.309751182795
23670,1.45860004425,-0.315000027418,-0.397676706314,-2.2487821579,0.297937303782,-0.102358683944
11182,0.610899984837,0.706200003624,0.631263077259,0.415675401688,0.387545317411,0.768565058708
2146,-0.0304000005126,0.190200001001,-1.25957620144,-1.79104328156,0.794871926308,-1.37254393101
3385,1.03434991837,0.592450022697,0.11117528379,0.642921209335,0.459003210068,0.346672683954
5261,-0.845450043678,-0.0293000005186,1.60551333427,1.29229402542,1.10740125179,0.631555914879
10765,-0.967299997807,-1.39179992676,-0.991999804974,-1.53986561298,0.164028555155,0.257164359093
25839,-1.04014992714,0.296499997377,-1.51181840897,-0.818159341812,0.104707866907,-0.328956991434
4172,0.914699971676,0.0720999985933,0.389389753342,0.0992306470871,0.634878277779,0.737163841724
23161,-0.84635001421,-0.162549987435,1.3128221035,1.36474072933,0.438316464424,0.12536676228
10298,0.244700014591,-0.511049985886,-0.381301283836,-1.79260396957,0.816181480885,0.109053552151
1802,1.12269997597,-0.414950013161,-0.155469432473,0.0904615521431,1.10080349445,0.544319152832
58533,0.015900015831,0.145750001073,-1.15942442417,-0.625198721886,-0.50868922472,0.0134692192078
147179,0.204899996519,-0.263049989939,-2.12436246872,-1.06371796131,0.390768438578,0.526832520962
29937,-0.131850004196,0.328800022602,0.513064324856,0.0491507649422,-0.00423595309258,0.320489525795
6184,0.196799993515,1.16809999943,-0.90729790926,-1.14801716805,-0.925089657307,-0.299985915422
9854,-0.708750009537,-0.385250031948,0.589101612568,-0.78359824419,0.482089549303,0.102121591568
2553,1.64295005798,0.0196499973536,-0.393990546465,-0.570745110512,-0.459990561008,0.0932815670967
5440,0.350849986076,0.664849996567,0.76660835743,1.73570215702,-0.0809001922607,0.971464037895
54623,-0.878100037575,-0.27484998107,1.34197759628,-0.634867429733,-0.33926525712,0.499568849802
9533,-0.583549976349,0.350149989128,0.9559892416,0.702886581421,0.968462765217,2.01242589951
8607,0.685400009155,-4.14210033417,-0.608379900455,-0.435848355293,-1.13645660877,-0.0271697640419
207,-0.772499978542,0.429700016975,-1.7583694458,-1.46428155899,0.823004722595,0.61111664772
26054,0.118550002575,-0.0609499961138,0.771259069443,-0.448750197887,0.0553742796183,-0.973223865032
10682,0.4579000175,0.260399997234,-0.85723400116,-1.25131452084,0.119321905077,0.370871901512
8573,0.0265500023961,-0.401149988174,-1.45065665245,0.599513173103,0.00491490960121,-0.012306958437
23378,-0.455749988556,0.95845001936,0.767779588699,-0.288960427046,1.18195807934,-0.0715192854404
8553,-0.318850010633,0.0121499896049,1.87267494202,3.59187197685,0.626781582832,1.09004831314
622,0.156849995255,0.425799995661,0.524996817112,-1.40897572041,-0.595380544662,0.173645794392
9467,0.807950019836,-0.499300003052,-0.296121001244,0.949935615063,0.0622618496418,2.12359642982
5525,-0.473900020123,-0.694800019264,0.697105467319,1.35608041286,-2.20215463638,0.938649296761
256364,-0.532999992371,1.25179994106,0.169910535216,0.505819797516,1.98760271072,0.738478541374
332,0.420049995184,0.615299999714,-0.315551161766,-0.345658361912,0.304707527161,-0.722093224525
2058,0.688549995422,-0.0697500035167,-2.25607967377,-1.85642838478,-1.09623014927,-0.106133282185
7849,-0.709200024605,0.164450019598,0.348184525967,0.65728700161,-0.367842167616,1.02253997326
23244,0.235850006342,-0.601749956608,1.39210379124,0.0622633993626,0.144494116306,0.356857508421
7494,0.350400000811,0.486050009727,1.75631654263,0.0398051738739,-0.351108849049,-1.34324085712
4836,-0.689999997616,-0.975400030613,0.732006430626,2.09684157372,1.01316320896,0.867877542973
23647,0.685400009155,-0.605349957943,-2.3938498497,-3.75810408592,0.48265004158,0.387495160103
10617,-0.064600020647,0.619249999523,0.0272342581302,-0.190674632788,0.183345675468,-1.25617563725
2184,-0.0432499945164,0.81945002079,1.39993703365,-3.11421442032,0.464688390493,-0.442216455936
5355,0.43125000596,-0.538900017738,0.828830838203,-0.606506347656,0.0712945461273,0.802589297295
6659,0.434799998999,-1.01170003414,-1.01716852188,-5.01956701279,-0.561896085739,0.201368495822
7016,-1.69965004921,-0.358099997044,1.20317459106,1.53538286686,-0.595534622669,-0.565616488457
90861,0.426300019026,0.733700037003,-1.22033941746,-1.68480885029,-0.262591332197,0.0315150693059
10670,0.445100009441,-0.367500007153,-0.619131147861,0.187106817961,-3.01680326462,0.318584561348
79071,-0.482549995184,0.457300007343,0.63594865799,0.0133616700768,-0.399580538273,-0.611288011074
64746,0.670099973679,1.05590009689,-0.974608182907,0.00932437181473,1.5671620369,-1.22221362591
5366,-0.34350001812,-0.646699965,1.82600533962,0.703998446465,-0.678179502487,-0.563987791538
11344,0.529550015926,-0.00194999948144,-1.34535396099,-1.72902679443,-0.152242124081,0.00571477413177
10013,0.98835003376,-0.653750002384,-1.84351062775,-1.9687628746,0.631164669991,-1.01528382301
5829,-0.186599999666,-0.790099978447,-0.000672726251651,-0.000137105002068,0.0250259339809,0.259964168072
5257,-0.878149986267,-0.0367000102997,-1.19936013222,-0.331721365452,-0.254843920469,0.701233565807
22794,-0.465449988842,-0.76859998703,-1.55936074257,-0.788851499557,0.524535059929,0.733899056911
9761,-2.0218000412,0.0454000085592,-1.24254584312,-1.46344995499,0.864228188992,0.0231943130493
23326,0.796000003815,0.550400018692,-3.36648511887,-2.13830780983,-0.653961181641,-1.24941897392
10972,0.686100006104,0.256649971008,-0.000612273812294,-0.641519665718,-0.596366584301,-0.656568229198
10523,0.21645000577,0.0978500023484,-2.7266163826,-1.77267122269,0.544058680534,-0.104415975511
79090,2.35644984245,0.522750020027,1.24753260612,0.967655360699,-0.482950747013,0.329628407955
27032,-0.99950003624,-1.57239997387,-0.0199592132121,0.142027467489,0.515894055367,-0.209161326289
9097,-0.0926000028849,-0.900499939919,-1.41169583797,-0.179433226585,0.166491791606,0.931950211525
10513,2.45614981651,1.08039999008,-0.902590572834,-0.745647609234,2.49453997612,-1.01173329353
1891,-0.607950031757,-0.960749983788,1.35685443878,1.23226046562,-0.241775125265,1.92344343662
3066,-0.306699991226,-0.0577499866486,-0.533343017101,-1.56867492199,0.37305444479,-0.112815082073
9801,0.0485499799252,0.335900008678,0.969872117043,0.0357678830624,0.381083160639,-0.767153978348
1459,-0.354800015688,-0.62784999609,1.16840982437,0.719586730003,0.315558969975,1.36817860603
9703,0.515950024128,0.0115000009537,-0.764715254307,-1.40269553661,-0.258892863989,0.46465408802
10606,0.693250000477,0.0798500031233,-0.127557396889,-0.763156533241,0.668114900589,-1.14244806767
1017,-0.282150000334,0.314249992371,0.928689062595,0.843804001808,1.58957052231,0.207620933652
9813,-0.0966499969363,-0.182900011539,0.0399519726634,0.241196393967,-0.373373538256,-1.53596639633
7485,-0.45165002346,0.481149971485,-0.265306353569,-1.11941945553,0.332686781883,-0.852457880974
2109,0.456800013781,-0.429300010204,-0.936576664448,-1.66031169891,-0.0553632378578,-0.855199337006
23271,-0.548650026321,-0.107099995017,0.268155068159,1.12504839897,-0.718306899071,0.0623854398727
9915,-2.53709983826,-0.123300001025,0.00111232628115,-0.000128538929857,-0.339176177979,0.00799764692783
9552,-0.11880004406,-0.181550011039,-0.285713911057,0.254071891308,0.500519454479,1.74859654903
93487,0.128999993205,1.37059998512,0.120461344719,-0.539966106415,-0.474567651749,-1.27048707008
2956,-0.308199971914,0.554049968719,-1.64429962635,-0.640308558941,1.82344150543,0.263590306044
11065,1.70854997635,0.237549990416,-0.593714654446,-1.04413461685,0.458683282137,0.77888405323
9653,-0.704900026321,-0.029549986124,1.77293014526,2.94475793839,0.159600198269,0.948465943336
200081,0.385300010443,1.34299993515,-1.5061686039,-1.57436728477,-0.562621533871,-1.61371195316
3337,0.794900000095,1.00204992294,-2.40816617012,-0.354847788811,-1.04010498524,0.627353191376
11073,-0.413349986076,0.105649992824,0.135267049074,0.608683764935,-1.05540657043,2.03568100929
23,-1.3207000494,-1.37405002117,0.356258153915,0.244233697653,0.461526036263,-0.602437376976
5641,-0.549199998379,0.377350002527,0.183484226465,0.127780541778,0.950655698776,0.838625252247
8720,-0.550199985504,-1.0882999897,0.125647366047,0.0438426434994,0.0674220696092,-0.216502338648
10782,-0.439249962568,-0.651099979877,-0.741101861,-1.16179633141,-0.273447185755,1.00590229034
25932,1.21130001545,-0.720499992371,-1.28085076809,-0.798752903938,-2.0456776619,-6.66232633591
3028,0.779399991035,-0.257349997759,-0.282153427601,-1.12391507626,-0.148238360882,0.390458017588
6804,0.432000011206,-0.512950003147,-1.28504896164,-2.0991973877,0.667290985584,-2.02225184441
890,0.386900007725,0.322450011969,0.517749547958,0.0527217909694,-0.311608910561,-0.458120912313
6390,0.106700003147,0.421250015497,-0.342068254948,-0.450349211693,0.0992004945874,-0.890173196793
4303,0.0985999926925,-0.277300000191,-0.412459254265,-1.3328448534,-0.523243367672,0.220846414566
10953,0.283899992704,0.00389999896288,1.05778706074,-0.954580485821,-0.406455814838,1.85349106789
22889,-0.323249995708,-0.935850024223,0.531684994698,1.25346374512,1.05468463898,-0.420378655195
3098,0.570649981499,1.0326000452,-0.366284549236,-1.06653857231,-0.31472080946,-0.179243996739
11044,-0.72990000248,-0.183449983597,0.130805552006,0.11693892628,-0.0980135053396,1.34704434872
8985,0.363499999046,-0.192900002003,1.2457318306,0.787057518959,0.709378123283,-0.187588572502
66008,0.324699997902,-0.125350013375,0.67352616787,-0.540166854858,0.697120547295,-0.0435510165989
9217,-0.537000060081,-0.295249998569,-0.640002667904,-0.1760199368,-0.40880137682,-0.783366501331
701,-0.746450006962,-0.206600010395,0.400390386581,0.360983729362,0.187530189753,1.72677624226
6182,0.595299959183,-0.296299993992,-1.78134274483,-1.74766123295,0.937114238739,-0.213181644678
4860,1.26604998112,0.972199976444,0.0521173551679,0.565298497677,-0.538138091564,-0.00889633595943
7398,0.49375000596,0.585399985313,-0.407627403736,-1.22148561478,-0.815099656582,-1.8311650753
6117,0.774450004101,-0.112800002098,-1.09846138954,-1.80325424671,-0.418222665787,-1.61744940281
23588,-1.40810000896,-0.999650001526,-0.0391781777143,-0.195164427161,0.140572756529,-0.0876817703247
949,-0.142350003123,-0.308750003576,1.39576506615,2.23199772835,0.246062070131,0.906744241714
7168,0.375450015068,-0.0758499801159,1.08032488823,0.69219660759,0.651757895947,-0.21716606617
9375,0.879199981689,-0.0179500281811,-1.2994402647,-1.75775170326,-0.589188814163,-1.46466612816
4927,-0.236849993467,0.238350003958,0.0730862021446,-0.516911625862,0.958562493324,0.00362142361701
2523,-0.753199934959,-0.555699944496,1.28018403053,0.755335867405,-0.425881505013,0.918955087662
58497,-0.604499995708,-0.505400002003,-0.161401242018,-0.0165902674198,0.232464209199,-0.437515586615
6856,0.388450026512,0.253250002861,-0.520113348961,-0.458823502064,-0.107052929699,-0.320466607809
26036,-0.344500005245,-0.652350008488,-1.16653430462,-1.44797682762,0.345429480076,2.10194969177
10206,-0.345299988985,-0.328850030899,1.09142613411,1.54572033882,0.322237670422,1.08101379871
25793,0.771149992943,0.743799984455,0.459604084492,-0.0902455449104,0.262666076422,-0.390931785107
55556,-0.279449999332,-0.086850002408,0.272912174463,0.516810357571,0.991763412952,0.318718671799
3978,0.402099996805,-0.311899960041,-1.51677644253,-1.81748557091,0.441105931997,-0.142815381289
10681,0.373199999332,1.67880010605,1.47113025188,1.66397237778,0.303602397442,1.0313256979
3638,0.692250013351,0.840000033379,0.606224179268,1.01030290127,-0.68231600523,-0.145559355617
8349,-1.61500000954,-0.269649982452,0.699192941189,0.633668065071,-0.429899454117,0.190282404423
6275,0.881799936295,1.26030004025,1.09025967121,1.03399384022,0.465419322252,-0.384903043509
3895,-0.433450013399,-0.919300019741,0.829254984856,0.960720717907,1.21503329277,-0.0598077178001
392,0.239199995995,0.497599989176,0.263275682926,-0.00749054551125,-0.120252422988,1.03412652016
9170,-0.956950008869,-0.528849959373,0.29999679327,0.570277273655,-0.253863483667,-0.270689457655
80347,0.103500008583,0.781849980354,-0.557469069958,-1.30713248253,-0.219698876143,-0.61084830761
23300,0.434450000525,0.0171499997377,-0.56400179863,-1.26490163803,-0.783906280994,-1.39575111866
836,-0.832300066948,-0.83109998703,1.86006200314,0.681144177914,0.702354967594,-0.641093432903
11188,0.487600028515,-5.22310018539,-1.70179843903,-1.6695561409,0.927101254463,-1.28012216091
10898,-0.574199974537,0.650949954987,-0.778717875481,-0.213609144092,1.19199705124,0.111457169056
9276,1.1806499958,-0.703400015831,-0.436665534973,0.216814309359,0.952795922756,0.749050438404
1647,-0.747750043869,0.00870001316071,0.293624103069,0.716260015965,0.656080007553,-0.207830443978
10285,-0.233550012112,0.593249976635,-0.523309111595,1.24293076992,-0.694902062416,-2.05284929276
23386,-0.422850012779,0.679550051689,-1.82934868336,0.185117542744,-0.870128452778,0.852533340454
3156,-0.314150005579,2.45770001411,-0.550332903862,-0.550614774227,0.0616045892239,-0.738275170326
10237,0.363649994135,0.24375000596,-1.43750119209,-1.32742846012,0.057315826416,0.551009118557
7077,-0.206849992275,0.0907000005245,1.61259698868,2.11564803123,-0.854236066341,3.54093694687
11157,0.721700012684,1.20319998264,0.209208399057,-0.61425948143,-0.534596264362,-2.34684681892
22908,0.535700023174,-0.483649969101,-1.40017545223,-0.833233952522,0.34795486927,-2.50306534767
10915,0.882999956608,-0.412549972534,-1.73781752586,-1.25999641418,0.046064466238,0.32252702117
9897,-1.04789996147,-0.377149999142,1.39896035194,1.32444882393,-0.260866880417,0.619049966335
1759,0.386449992657,-0.958999991417,-1.86296391487,-3.06002211571,1.33675813675,-0.224283158779
54541,0.184400007129,0.0649999976158,-0.087679207325,0.214695647359,0.868928551674,-0.358525186777
211,0.89099997282,0.594799995422,0.0472417995334,0.709270119667,0.269487559795,-0.422782331705
5048,-0.578899979591,-1.00169992447,2.00330853462,1.24878573418,-0.337086349726,0.839867293835
84722,0.523200035095,-0.317799985409,1.55214345455,0.946481704712,0.440514326096,1.74829494953
29890,-0.164049983025,-0.380800008774,-0.82748734951,0.370076090097,-0.453543871641,-0.911251842976
9868,-1.94204998016,0.291000008583,-0.808414936066,0.128827512264,0.330055594444,-1.66251683235
873,0.388099998236,0.909299969673,2.00383901596,1.77636909485,0.664065480232,0.887852370739
5580,0.579200029373,-0.703850030899,0.610480487347,1.03635954857,1.2351565361,0.9016020298
3725,0.58544999361,-0.528549969196,0.332938909531,0.755945205688,-0.449910879135,1.68336439133
23585,0.698150038719,1.06559991837,-1.3084179163,-0.658621072769,-0.667441368103,-1.94101214409
51097,0.98115003109,-0.114849999547,-0.346590578556,-0.52387034893,-0.15392780304,-1.50760126114
1831,0.738700032234,0.284500002861,-0.249051213264,0.350067615509,-0.340162992477,0.606086969376
7020,-1.03570008278,-0.406599998474,1.61869359016,0.774082422256,-0.771189570427,-0.139830246568
55893,-0.505649983883,0.202100008726,0.451833546162,0.0809611603618,0.424008488655,0.840498209
6944,-0.143150001764,-0.803900003433,2.05729627609,2.513931036,0.884053647518,1.47483718395
22883,0.220050007105,-0.915650010109,-2.21350169182,-2.58174538612,0.422356069088,-0.48494976759
5601,-0.260450005531,0.354600012302,1.37491214275,1.51516485214,0.788472175598,1.31202983856
10775,-0.394099980593,0.172600001097,1.06111371517,2.06593632698,-0.120389670134,0.140715941787
4780,-1.78880000114,-0.545800030231,1.54802298546,0.931777238846,-0.888314545155,1.21318507195
10904,0.841849982738,1.53060007095,-2.70015978813,-2.47038555145,0.694401979446,0.107097044587
9917,-0.87650001049,-0.648550033569,0.200348168612,0.845787763596,0.290797561407,0.888738930225
1399,-1.18244993687,-0.188299998641,0.992897927761,1.04124605656,0.1899664253,0.556094646454
24149,1.46315002441,0.518450021744,1.47867226601,0.710062980652,0.367975205183,-1.09267807007
2222,-0.0179499983788,1.14319992065,-1.04732751846,-0.988917648792,0.0704333782196,-0.0814389511943
10131,-0.186299994588,-0.0649499893188,1.16259598732,1.79665315151,0.756456434727,0.287334024906
2958,-0.584300041199,-0.691399991512,1.05071878433,0.448979884386,0.0861475765705,0.344982236624
9650,-0.593599975109,-0.430750012398,1.66637051105,1.76128911972,0.0171051323414,0.661024928093
7319,0.560699999332,-0.121300004423,-0.404944002628,0.0820825397968,0.208887845278,0.70687443018
4817,-0.606850028038,-0.152150005102,0.490105390549,0.707163453102,0.507350802422,2.64688467979
9143,-0.130799993873,-1.23175001144,-0.901120483875,-2.2263674736,0.191077560186,-0.220051378012
10494,0.445199996233,0.273750007153,-0.633281648159,-1.15364706516,0.629328370094,0.556118190289
55324,0.985000014305,-0.445950001478,-2.316624403,-2.33256721497,-1.38537311554,-1.49476730824
23149,0.167649999261,-0.433899998665,0.677095592022,1.44879078865,-0.241061925888,1.15605843067
9943,-0.217299997807,0.181549996138,-0.280716538429,-0.526945948601,0.60849750042,-0.698981285095
6599,0.373549997807,0.280900001526,-2.05815625191,-1.49155640602,-0.455157756805,-0.0772072821856
51031,-0.370350003242,0.578149974346,-1.15663075447,-2.01466536522,0.3360632658,0.22489400208
3566,-0.638300001621,0.504400014877,1.47778892517,1.7639862299,-0.173004746437,1.13033413887
3815,-0.80630004406,-0.883900046349,-0.0155170410872,0.455877780914,0.80745947361,1.78571856022
8624,1.04110002518,-0.285050004721,-1.44079053402,-1.98826932907,-1.09493875504,-1.40609323978
27346,-0.132300004363,0.166550010443,-0.848567008972,-1.53060007095,0.262260079384,-0.679160952568
10489,-0.260500013828,-0.676649987698,-0.0935071408749,-0.512182176113,0.0617606043816,0.419520676136
26128,0.223149999976,0.270600020885,0.434734165668,0.337923049927,0.971922695637,-0.481790930033
79921,0.629700005054,-0.374949991703,0.551409840584,-0.956227064133,-1.22973752022,-1.01574099064
55746,-0.568600058556,-0.89234995842,-0.468784987926,1.18677139282,0.745086550713,-0.679188013077
23636,0.726949989796,-0.195349991322,-1.5209145546,-1.56518304348,-0.153496488929,-1.68297946453
10892,0.65775001049,0.254499971867,-0.164338290691,0.507827162743,0.732592105865,-1.54356694221
10652,0.52999997139,0.577849984169,-0.948020219803,-1.07191944122,0.446247041225,0.772202253342
11004,0.183050006628,1.08045005798,-0.0225635170937,-0.353349268436,-0.0308088958263,-2.64691138268
23530,0.595749974251,-0.535899996758,-1.12723004818,-1.2365231514,-0.0638426244259,-1.12800395489
8826,-1.12599992752,-0.799049973488,1.76811420918,2.22702074051,-0.42100161314,0.243150129914
3308,-0.51700001955,-0.369900017977,0.368583530188,0.00176423788071,-1.76016414165,0.290149986744
7153,0.477349996567,0.197599992156,-0.966015160084,-2.22721195221,-0.165944933891,-1.93464040756
11041,0.693799972534,-0.0122999995947,-1.11889314651,-1.96237826347,0.499900668859,-0.0173616819084
6342,0.308650016785,1.65235006809,1.06096804142,-0.565959572792,0.448092103004,-0.331524044275
5883,0.325500011444,0.373500019312,-0.799068808556,-1.05401480198,-0.503944635391,-0.374699175358
10589,1.02960002422,-0.0479499995708,-1.13761723042,-1.03669929504,0.474934130907,0.28698515892
5110,1.1820499897,0.826300024986,-0.911656320095,-0.842305779457,-0.226187735796,-1.57820677757
4609,1.36454999447,0.41914999485,1.59424984455,0.395058810711,0.469208359718,0.22233274579
5423,-0.44754999876,-0.451649993658,0.806238055229,0.342830121517,-0.030690215528,0.759963333607
1070,0.661550045013,0.259350001812,1.36008477211,-0.487509131432,-0.0216192305088,-0.64288187027
10051,1.03519999981,0.69034999609,0.176103577018,0.219659611583,0.320022821426,-1.43905818462
6603,0.167199999094,2.18909978867,1.03443086147,2.01391649246,1.23868334293,1.28448903561
9019,0.753049969673,0.494199991226,-1.37135744095,-1.61212205887,-1.73624002934,-2.09516143799
10969,0.665099978447,1.07349991798,-1.56178867817,-0.348760545254,-1.16951537132,-1.21316361427
9797,0.568750023842,0.906750023365,-1.14240860939,-1.45956194401,2.57114672661,-0.932966709137
4043,0.529649972916,1.03369998932,-0.580237984657,0.0488544180989,-1.21959924698,0.319517761469
9519,-0.242850005627,-0.456250011921,1.32577776909,0.32221147418,-0.327077627182,-0.488489747047
8480,0.0756500065327,-0.572800040245,-0.727495551109,-1.00604820251,0.289166778326,-0.471861362457
983,0.160050004721,0.753549933434,2.6277012825,0.256007343531,0.296651154757,-1.21152436733
10559,-0.814849972725,-2.06209993362,1.29498839378,1.83925414085,0.513450682163,0.350497603416
8508,-1.92649996281,0.0178500115871,-2.28819465637,-1.96685886383,-0.874010503292,-1.31495261192
9275,0.389649987221,0.813099980354,0.282940417528,-1.41805887222,-0.372767299414,-0.948805451393
8914,-0.509900033474,-0.512149989605,-0.159323856235,0.313115805387,0.376636981964,0.20671454072
54505,-0.291100025177,0.225499987602,0.537968337536,-1.20957374573,-0.599541604519,-1.28452551365
6919,-0.94779998064,0.23685002327,0.0921366214752,-0.118674248457,-0.155064612627,0.803354620934
2274,0.583899974823,0.00129999965429,0.813788354397,1.29314398766,0.0829916000366,0.145199641585
2288,0.0,-0.735800027847,0.000118123600259,-0.00079804728739,-1.04304265976,-1.34304881096
7994,0.946349978447,-0.511400043964,-1.6627175808,-2.02429938316,0.546731948853,-0.0242347773165
4216,0.156700000167,-0.407400012016,-1.1179485321,-1.67599570751,-0.0157264769077,-1.24314117432
7538,0.543499946594,-2.04914999008,0.377298951149,-0.150783360004,-0.156720101833,0.235932320356
3628,0.102049998939,0.832849979401,0.856635928154,-0.13990676403,0.134999930859,0.440876096487
2037,0.328500002623,-0.285199999809,-1.04059696198,0.14013427496,-0.542864859104,-1.03302633762
2771,-0.0969499945641,0.15569999814,-1.17095637321,-1.3467386961,-0.0387509837747,-0.315492391586
7264,0.701550006866,0.528100013733,-0.567750394344,-1.09573173523,-0.186948999763,0.526907086372
1786,-0.563600003719,-0.0755999982357,0.000579499057494,0.000140154210385,0.173568829894,0.191816776991
5873,-0.649749994278,-0.947749972343,1.94557821751,0.640927553177,0.351845175028,2.34293651581
780,-1.12454998493,-0.981499969959,-2.23412394524,0.0361188650131,-0.165730625391,-0.109442993999
9926,0.433250010014,-0.21250000596,-0.990235507488,-1.20100545883,-0.30955389142,-0.925467014313
8446,-0.670650005341,-0.178900003433,1.6474070549,2.18128848076,-0.152644902468,1.13993632793
7159,-0.517650008202,-0.281199991703,-0.594322025776,-0.821948111057,-1.63292396069,0.963041305542
1026,0.293850004673,1.01714992523,-0.404050290585,-0.0069414973259,-0.0814151018858,-0.664646208286
7082,0.70894998312,-0.767300009727,-0.505219042301,0.855195939541,-0.786148250103,-0.458732128143
10058,-0.106749981642,-0.433999985456,0.235036939383,-2.09816670418,0.702771306038,-1.07680273056
10797,0.695550024509,-0.12705001235,-0.222920522094,-0.474352747202,-0.237872511148,-2.56128931046
11230,0.693599998951,0.431349992752,-3.08626294136,-1.44088864326,-0.35076969862,0.312899649143
30836,-1.24384999275,0.185000002384,0.136516571045,0.154971495271,0.75202280283,-2.49065685272
27336,-0.49745002389,-0.544700026512,0.00209892122075,0.00164727307856,0.238742291927,0.504493653774
9918,0.448700010777,-0.322950005531,1.6621966362,1.8407125473,0.724777817726,0.854189634323
79073,0.122100010514,-0.0294499993324,0.643869280815,0.879771113396,-0.167635038495,0.409727692604
9688,0.108550012112,0.749599993229,-0.335024684668,0.388675153255,-0.526703357697,-0.112322032452
23659,0.346050024033,0.766550004482,-0.890594422817,-0.283083796501,0.650676250458,0.125267416239
8396,0.187200009823,-0.392849981785,-2.50382041931,-2.67626786232,0.527823209763,0.0585401728749
23077,0.00949999690056,0.0963499993086,0.489123374224,1.29724812508,0.956363916397,1.6534537077
10857,0.596600055695,-0.420899987221,-3.43689703941,-0.828860461712,0.249069228768,0.0138912424445
16,-0.52144998312,-1.8436999321,0.775242447853,0.573491692543,0.174744129181,-0.108917936683
2817,0.363900005817,-1.72329998016,-0.737082958221,0.190635934472,0.0817792415619,-1.26338016987
60528,-1.47209990025,0.592149972916,1.27594065666,-2.96954417229,-0.0800271332264,1.55519294739
5359,-0.245949983597,-0.187150001526,0.567043781281,2.01195287704,0.863795816898,0.352090954781
1514,0.0891000032425,0.600050032139,-1.15241205692,-1.37093472481,0.0669100880623,-0.357780665159
1509,0.375750005245,0.163249999285,1.28528118134,0.896303415298,-0.382229328156,0.844717621803
9181,-0.0925000309944,-0.686749994755,-0.159893542528,-1.45716190338,0.0270467251539,0.268177092075
3611,1.16614997387,0.0273999869823,-0.130086705089,-1.204631567,-0.00994262844324,-0.00537317991257
4783,-0.677600026131,0.433200001717,0.068727761507,-1.2397274971,-0.527695417404,-1.58052253723
10123,-1.02474999428,-0.265249997377,1.27295255661,1.97676706314,-0.107287213206,0.911256968975
8895,1.13820004463,0.690400004387,0.372349321842,-0.721516728401,-0.0829287469387,-0.144863814116
9805,-0.431400001049,-1.0367000103,-0.149819895625,-1.33283209801,-0.0532189756632,-0.0684806928039
4125,1.68024992943,-0.632750034332,-0.787327766418,-0.610231280327,-0.0394361168146,-0.0629564747214
1635,0.306950032711,-0.204300001264,-0.227039605379,-0.101196229458,0.0292145609856,0.336225271225
4154,0.420300006866,-1.01409995556,0.0400484055281,1.56952786446,-0.356928735971,-0.254447430372
26292,0.352499991655,0.300300002098,0.85101556778,2.06551265717,-0.081968575716,-0.936682879925
5770,-0.824800014496,0.274599969387,1.51502633095,1.85251843929,-1.09575152397,0.647886276245
25874,0.428800016642,0.789299964905,0.504215955734,0.833086013794,-0.210428625345,0.298380166292
11319,-0.456749975681,-0.260749995708,-0.256429612637,0.200450599194,0.232101947069,0.301033318043
1153,0.540400028229,0.762349963188,-4.83948469162,-7.60210800171,-0.543601870537,-0.287738025188
11098,-0.16669999063,0.604949951172,0.0959930121899,-0.14293602109,0.22578060627,-0.17410774529
8974,0.128549993038,0.13330000639,1.95598459244,0.51751935482,1.12463009357,0.832885622978
533,1.06594991684,1.28200006485,-1.2822906971,-0.828757464886,-0.786191701889,-2.05908679962
823,-1.10975003242,-0.679000020027,0.785036504269,1.27420520782,0.626770436764,1.48854279518
6812,1.20284998417,1.37975001335,-1.46694731712,-1.24922895432,-0.0184533596039,-1.58387517929
3693,0.27974998951,0.259099990129,-0.208526939154,-0.340344876051,-0.595173239708,-0.745808422565
4891,-0.746450006962,-0.000900030136108,0.177586093545,0.119937002659,0.570908725262,1.20767521858
10954,1.43274998665,0.553900003433,-0.127018719912,-0.122832000256,0.235300987959,-0.227930694818
5909,-0.700850009918,0.293749988079,-0.261658608913,-0.877835035324,-0.391194969416,0.502453029156
9221,0.592849969864,0.511999964714,0.219618439674,-0.446354091167,0.186494380236,0.458379894495
847,0.3111500144,-1.08124995232,1.82884645462,3.15982961655,1.30297660828,-0.847540795803
11072,-1.80220007896,0.440999984741,-0.0625214874744,0.205564469099,0.548987925053,-0.353584200144
10221,-0.46305000782,-0.825799942017,1.97798514366,0.836321949959,0.316902697086,1.46976280212
7158,-0.154250025749,-0.504050016403,-0.550345242023,-1.31999254227,0.0891578793526,-0.200638771057
8678,-0.372249990702,-0.206900015473,-1.01484417915,-0.881730735302,0.653875827789,-0.155084371567
11014,0.939649999142,0.843450069427,-1.13153588772,-0.638508975506,0.369274616241,-2.1425716877
1994,0.246700003743,0.371799975634,0.874062418938,-1.38779711723,0.0461356043816,-0.749750971794
3482,-0.565199971199,-0.71899998188,0.166113212705,1.60730886459,0.818281948566,-0.155653089285
25976,0.584249973297,-0.282799988985,0.0224024653435,1.18962144852,1.25200223923,0.048549644649
10491,-1.49545001984,-0.509750008583,0.162014424801,-0.23593069613,0.49864205718,-0.752205967903
51053,-0.135650008917,-0.202549993992,-0.000225945317652,-0.000870402494911,-0.407966911793,-0.591475367546
9267,0.935349941254,-0.130100011826,-1.38817620277,-1.66720581055,0.236382335424,-1.22570407391
5547,-0.0418500006199,0.325899988413,0.301809817553,1.35258340836,1.9098726511,1.99038982391
6597,0.656599998474,0.129200011492,-1.88996708393,-2.01954960823,0.33279338479,-0.4031483531
5836,0.18275000155,-2.11495018005,1.93389010429,1.43892669678,0.723987460136,1.03257417679
6118,-0.442699998617,0.305550009012,0.837224662304,0.676280736923,0.514281749725,0.547214210033
2961,-0.0816500037909,0.159599989653,1.6812376976,0.474577784538,0.676384568214,1.78115463257
310,0.722599983215,0.326200008392,-0.28315076232,-0.102632001042,-0.684552669525,-1.10709118843
7296,0.740949988365,0.0566500127316,-0.279673546553,0.0283681154251,0.315763622522,-1.58937263489
1429,0.903550028801,0.251699984074,0.174156844616,0.306797802448,-0.337072014809,-0.744791507721
2548,0.563149988651,0.831149995327,-1.49452590942,-1.68621373177,-0.350720077753,-1.26151382923
6499,0.595799982548,0.841350018978,1.03114652634,-1.3621506691,0.208955556154,-0.0229242146015
642,1.04454994202,-0.407450020313,-1.74397611618,-1.60735368729,-0.384419620037,-1.82804989815
23076,0.341350018978,0.223000004888,-1.09934711456,-1.06403446198,0.178382694721,-2.92558836937
10099,0.431450009346,0.323649972677,-1.0378023386,-0.895530581474,-0.559504270554,-0.203433826566
9817,-0.286249995232,1.55805003643,0.5364138484,0.291069805622,0.744833230972,0.389041960239
9126,-0.951950013638,-0.119699984789,0.935164690018,-0.0665546581149,-0.992794334888,-0.610388755798
3930,-1.18494999409,0.520049989223,-1.08624613285,-1.21151566505,0.206340432167,-0.307058751583
10450,-0.148599997163,0.561450004578,1.46464300156,0.934981822968,-0.595548510551,0.151459336281
54386,1.15834999084,0.00525000691414,-3.79265165329,-1.54479050636,0.506245315075,0.960917890072
664,0.42769998312,-0.565649986267,-0.916657090187,-1.59296238422,0.634899199009,-1.71338486671
596,-0.416649997234,-0.355049997568,-0.266808152199,-1.0340616703,-0.32484999299,-1.00266909599
10180,0.229200005531,0.0718499869108,-0.0681020021439,-0.327557206154,0.391478419304,0.542265176773
1445,1.64735007286,-0.922650039196,-0.810011267662,-1.82097911835,1.6544752121,-1.88510918617
230,-0.122950002551,0.520299971104,1.19262480736,1.1213862896,-0.00799664855003,1.02887654305
9246,-0.382400035858,-0.0958000123501,-1.78964781761,0.707216382027,0.966419279575,1.60201501846
5092,0.163599997759,-0.301600009203,-0.0823152661324,1.3270509243,-0.239649623632,0.0740547329187
23463,0.650249958038,1.12594997883,-1.33274972439,-0.76999604702,0.286909729242,1.5356900692
10007,-0.389750003815,0.866649985313,1.20130205154,1.475045681,-0.157548934221,-0.393849611282
4925,0.538599967957,0.454100012779,0.883807778358,0.103911653161,-0.433033287525,0.340842962265
6251,-1.43015003204,0.341899991035,1.73425006866,1.35198068619,-0.677268922329,1.03419017792
5782,1.22169995308,1.30484998226,-1.54478728771,-1.669921875,-0.224637299776,-0.192907840014
5106,0.847900032997,-1.23629999161,-0.360438138247,1.3449242115,-0.0953547358513,0.828226685524
2673,-1.29735004902,-0.811850011349,0.586366355419,-1.13391911983,-0.867527246475,-1.18720579147
644,0.468699991703,-0.526499986649,-0.165694445372,0.136786103249,-0.537102520466,-1.33881962299
6284,0.690950036049,0.0136500000954,0.861924171448,-1.93145811558,-1.51817786694,-0.774910628796
4605,-0.0331500023603,0.353049963713,1.27400135994,1.50232744217,1.49916982651,1.01278591156
6810,-0.601050019264,0.286249995232,0.938491463661,0.774102687836,0.608271062374,0.344712257385
54499,0.784950017929,0.747300028801,-0.693982064724,-1.89519333839,-0.33453258872,0.450359433889
11007,0.534299969673,-0.616400003433,2.30452537537,4.10617685318,1.07389044762,0.963747262955
1643,-0.788649976254,0.580200016499,0.684210717678,-0.665860116482,0.28966397047,0.0943636447191
25805,2.63024997711,1.05590009689,0.477858841419,0.799561738968,-0.347950905561,0.446964621544
3033,-0.296400010586,0.179100006819,1.4528850317,1.54143869877,-0.969075679779,-0.679688453674
2745,0.115249991417,-0.0773999989033,-0.188202604651,-0.927962064743,-0.130317121744,-0.248228162527
9961,0.308349996805,-1.1373000145,0.782052576542,2.06134033203,0.256374746561,0.553846955299
3925,0.0778000056744,0.243349999189,-1.01703190804,-1.36759364605,-0.547903478146,0.163963675499
2582,-0.292549997568,-0.604200005531,-0.300374925137,-0.681055307388,0.313757449389,0.670388698578
5792,-0.490149974823,-0.0570000112057,0.63909381628,0.647787153721,0.557221651077,0.482701122761
5236,-0.28125,0.200149998069,-0.895197570324,-0.447579532862,0.170851916075,-0.479691445827
4016,0.342700004578,0.527749955654,0.583658277988,0.311955779791,1.16795301437,1.50375235081
4651,0.109200000763,0.280349999666,-1.07603621483,-1.50202465057,-0.724477231503,-1.30777835846
3988,-0.458649992943,-0.135300010443,1.6471683979,2.49047660828,-0.32542565465,-0.382953286171
26227,0.305250018835,0.158749997616,-0.833970785141,-0.904047489166,-0.213403075933,-0.261232495308
7982,0.131850004196,-0.485599994659,-1.33837711811,-1.85683047771,0.48125731945,-0.303617835045
3551,0.238350003958,0.286149978638,0.736638486385,1.07858502865,0.811617314816,0.772344648838
5108,-0.405750006437,0.337550014257,-1.09466028214,-1.30963516235,-0.385159224272,-2.19746088982
8870,0.898000001907,0.845899999142,0.0668260455132,1.36642563343,0.752670049667,1.22770571709
2195,0.680150032043,-0.335799992085,0.753049850464,1.08553683758,1.52000069618,-1.02676594257
8731,-0.357800006866,0.35925000906,-1.54036688805,-2.0118227005,-0.24210691452,-1.78866446018
1956,-0.389100015163,-0.851050019264,-0.0167749524117,0.287315547466,0.351779520512,-0.563190162182
10276,-0.186499997973,1.33159995079,0.306792318821,0.49525398016,-0.687288582325,0.774737119675
1666,0.308400005102,0.59090000391,0.306456148624,0.191113680601,-1.65288889408,-0.755556106567
4864,0.766349971294,0.238449990749,1.72961044312,0.314022183418,0.405286312103,-0.61669254303
4232,-0.787400007248,-0.558350026608,0.000422680925112,0.0010323432507,1.38286340237,-0.126673907042
5050,-0.0890999883413,0.540449976921,-2.55302143097,-7.50847625732,0.044586032629,1.19824790955
813,0.900049984455,1.1942499876,0.661509156227,0.416449606419,-0.526879429817,-0.262802839279
3964,-0.418300002813,-1.50635004044,1.33809757233,0.956851482391,0.251413494349,0.812766194344
26020,0.867949962616,0.00244998931885,-0.434861540794,-0.755821228027,-0.469573318958,-0.66544342041
481,0.196950003505,-0.136749997735,-3.21879458427,-1.71473884583,0.181111961603,0.413861274719
5019,1.05180001259,0.592899978161,0.0758160352707,-0.0438117384911,0.193283557892,-1.44234287739
291,-0.730500042439,0.048750013113,-0.975316047668,-1.08707845211,0.298642098904,-1.49355757236
10973,0.517149984837,0.334100008011,-0.551322281361,-1.55434846878,-0.139052987099,-2.70235180855
9697,0.383349984884,1.31134998798,0.82701176405,1.40233945847,0.385354489088,-0.265943914652
5831,-0.943599939346,0.140599995852,-0.739651203156,-0.664144575596,0.0945215672255,-0.434315502644
8202,0.668299973011,-0.101299986243,1.04506266117,-0.320112347603,0.361754834652,1.14862275124
57804,0.238850012422,0.320699989796,2.57538771629,1.34308493137,-0.465442478657,1.30705654621
5566,-0.651600003242,-0.790750026703,0.896990954876,0.385285615921,0.985022068024,1.36337077618
57149,0.0433000028133,0.893550038338,-0.713190436363,-2.24737620354,0.0510749816895,-0.17750120163
7416,-1.76665008068,0.539049983025,-0.603987634182,-0.591294765472,-1.35835146904,-0.205718934536
10174,0.123349994421,0.712900042534,-0.859837412834,-1.35081005096,-1.42513597012,-1.36817157269
6676,-0.61620002985,-0.627949953079,1.12480974197,1.57426869869,-0.477477967739,2.5470995903
8884,1.52839994431,-0.373850017786,-0.909544050694,1.56903672218,0.0764795541763,-0.187810257077
5997,0.152400001884,0.238649994135,-0.190734505653,0.178528368473,0.47752481699,-0.311765789986
57147,0.3138499856,-0.0850500017405,0.759443283081,-0.348250806332,0.215453535318,-0.337555557489
6909,-1.4335000515,0.190600007772,0.12727765739,1.87427902222,2.80548501015,-0.192126899958
9093,-4.99965000153,-0.157550007105,-2.70792913437,0.000485781085445,-1.21727538109,0.63629001379
23142,-2.20545005798,0.189249962568,1.61504411697,1.64849972725,0.0638125017285,0.801442086697
8444,-0.0046000033617,0.299750000238,0.347773373127,0.337807238102,-0.239254385233,0.470290541649
11232,-0.819299995899,-0.389399975538,0.354203999043,-0.500972270966,-0.545995235443,-0.226430997252
27095,-0.226950004697,0.71020001173,-1.23014760017,-1.18728661537,1.07657945156,0.245075404644
10732,-0.237900003791,0.263349980116,1.71938419342,2.94596004486,0.600189328194,0.251589000225
23029,0.13220000267,-4.61245012283,-4.29340267181,-1.18720912933,1.96777129173,-0.108241379261
9270,1.14715003967,-0.0911499857903,-0.996533632278,0.832923531532,-0.379465222359,0.32055079937
47,0.348749995232,0.00139999948442,-0.771267175674,-0.759161472321,0.222238451242,-0.0680126920342
5889,-0.925700008869,0.0303499996662,1.78722882271,1.20357060432,0.303230404854,-0.105496622622
8243,1.04234993458,-0.928300023079,0.652018606663,-1.00218963623,0.377661645412,-0.727668941021
10730,5.0,-0.489850014448,0.479513257742,-0.183058574796,-0.861626386642,-0.0690568983555
30,0.978600025177,0.403999984264,0.285402417183,-1.09064483643,-0.479683309793,2.06913423538
7466,-0.204300016165,0.353949993849,1.33031690121,1.4684445858,-0.293025195599,0.661054611206
89910,0.433550000191,0.412550002337,-0.418690443039,-0.930525064468,2.38698029518,-1.24166250229
56654,1.00970005989,0.285499989986,-2.65268135071,-2.01590871811,1.20841062069,-0.132668241858
501,-0.799550056458,-0.214149996638,1.00915837288,-0.566946208477,0.675219237804,-1.32618260384
5438,0.272450000048,0.879649996758,-1.16757559776,-1.11436021328,2.51679611206,0.684656500816
26993,0.201849997044,-0.292450010777,0.127226293087,-1.3205742836,0.411439776421,1.41054749489
55111,-1.41019999981,-0.858049988747,-0.345150142908,-0.0905043780804,0.21671025455,0.753727793694
8520,-0.696099996567,-4.58260011673,0.411342471838,0.336459368467,-0.998357355595,-1.3205678463
10146,0.926450014114,-0.121150009334,-0.599744975567,-1.72214484215,-0.674669623375,-0.93066072464
7165,-1.46720004082,0.835049986839,0.360046297312,2.08022642136,2.81172919273,-0.357433915138
55011,-2.3491499424,-2.18414998055,0.887802660465,0.948138713837,-0.693808794022,-0.413481891155
6461,-0.865700006485,-1.53785002232,-2.70682549477,0.00200250255875,-0.0988695025444,1.01776862144
10813,-0.522099971771,-0.69494998455,1.35143685341,1.1854698658,0.478119730949,1.22555971146
80746,-0.486849993467,-0.646099984646,0.0617976784706,2.66613054276,0.786647796631,0.853759646416
10434,1.43315005302,-0.313249945641,-0.66123521328,0.781888604164,-1.07863211632,-0.374908775091
5607,-1.04019999504,-0.431600004435,0.991920351982,0.334735482931,-0.433842897415,-0.0406962037086
22827,0.698549985886,0.186250001192,-1.57429051399,-0.880924582481,-0.142997652292,0.364012926817
51635,0.651700019836,0.0297500044107,-0.255702614784,1.29812932014,-0.331878900528,0.134981513023
84159,-0.753550052643,-0.500800013542,0.166546523571,1.6522103548,-0.114827796817,0.598427534103
3508,-0.728699982166,-0.361349999905,2.37861561775,-0.328195631504,3.02283287048,2.06710529327
84890,0.0935000032187,0.616550028324,0.910794913769,1.86764812469,-0.52556347847,-0.667001724243
79600,-0.646000027657,0.337400019169,0.675237894058,0.609296917915,-0.0113122984767,-0.0406965762377
8574,0.276300013065,0.153250008821,-1.79428851604,-4.69103956223,0.142209768295,0.795214653015
5529,0.271800011396,0.107400000095,0.0750402882695,-1.04244148731,0.809306144714,0.129333481193
3909,-0.648899972439,-0.0108000040054,0.186629533768,0.523619651794,1.99142813683,1.16483640671
9637,0.393900036812,-2.56019997597,0.330361783504,2.28676819801,0.350527405739,0.600545942783
8518,0.054800003767,-0.969949960709,0.0103445202112,-1.79458236694,0.881095170975,-2.74900794029
6443,0.29540002346,1.37310004234,0.49647206068,-1.68590784073,2.65522909164,-0.852149128914
58478,0.493449985981,1.02760004997,0.0473428294063,-0.41316473484,-2.91838622093,-1.04906523228
4850,-1.36045002937,0.589249968529,0.328539729118,1.07883405685,-0.113102674484,0.677624106407
23210,0.901450037956,0.369800001383,-0.342017292976,-0.139739394188,0.881910920143,-0.195728257298
54733,0.0505000017583,-0.0451000034809,1.47168636322,6.05781698227,0.382973641157,-0.236854434013
55129,-0.382099986076,0.240499988198,0.876977920532,0.546659231186,-0.997193932533,1.39117586613
10273,-4.99935007095,-0.267450004816,-2.35539627075,-6.75854301453,-2.47419881821,-0.139003574848
572,-0.276300013065,0.515850007534,-1.0200741291,-1.20306158066,0.144783258438,-0.246527433395
5716,0.297399997711,0.306950002909,0.0164292156696,-0.640804290771,0.214534729719,-0.679928779602
22841,-1.01310002804,-0.829899966717,1.92612707615,3.6189455986,3.14252257347,0.143546611071
2356,-0.196750000119,-0.112849995494,-0.788284063339,-0.510882019997,0.845708072186,0.735903382301
6050,0.78694999218,-0.914300024509,-0.635537385941,-0.173587813973,0.429593205452,0.132965803146
64422,-0.0638000071049,0.679450035095,0.630054295063,9.37316417694,1.73745989799,-1.55748295784
8837,-0.604250013828,0.614600002766,1.78089928627,1.11486148834,2.62974238396,0.556419551373
55127,2.40945005417,1.27649998665,-0.816842615604,-1.64057576656,1.50410938263,2.29818177223
23335,-0.33109998703,-0.715749979019,0.257735013962,0.132024377584,1.6891027689,1.27632832527
10270,1.11334991455,0.326800018549,-0.503550052643,-0.942627549171,-0.146273165941,0.138945639133
6509,-0.499849975109,1.08165001869,4.90151119232,-1.64766168594,-0.0758887529373,-0.545500397682
83743,0.266900002956,-0.151800006628,0.744983673096,-1.00469040871,-0.271515727043,0.371387243271
6772,0.351599991322,-0.491200000048,0.0541722998023,1.32611763477,-0.432194471359,-0.48036891222
22887,0.491200000048,-0.255550026894,-0.495850622654,0.0493355989456,1.35307836533,-0.465181142092
51001,-0.158500000834,0.174950003624,1.20350408554,1.50932085514,0.115210928023,0.115571118891
26511,-0.0629500150681,0.886549949646,-1.72500729561,-0.649790287018,-0.523348987103,0.473176658154
7874,0.712100028992,0.468250006437,-2.08985042572,-2.28429627419,0.44282245636,-1.81178283691
51070,0.738049983978,0.0721499919891,-0.202728241682,-0.460771650076,-0.943990588188,0.564708828926
1738,1.19029998779,0.823450028896,-0.355263292789,-2.99198079109,0.235727638006,-0.70142686367
3416,-0.181550011039,0.272599995136,0.441215127707,1.23784136772,0.190486595035,-0.0113502293825
9128,-0.102250009775,0.692300021648,0.542920231819,-2.11460971832,-0.3473046422,-1.74306213856
9833,0.468549996614,-0.0178000032902,1.23413693905,1.41900885105,0.992654800415,-0.3608905375
4088,-0.301249980927,0.123500004411,1.88440454006,0.959436357021,0.305452138186,-2.52621746063
5018,0.786750018597,0.198500007391,-3.35440063477,-1.18178033829,0.597490012646,-0.742351770401
51375,-3.31149983406,-2.83995008469,0.0024914261885,-0.0120984166861,-0.106986299157,1.33712756634
55038,-0.219399988651,2.44860005379,0.570912599564,1.20417189598,-0.201960325241,0.907164812088
23061,0.0097000002861,-0.404300004244,0.541376948357,-0.199336528778,-0.386335253716,-0.369061738253
64428,-0.533200025558,1.70190000534,1.15957403183,0.920539021492,2.83180546761,1.82182073593
11325,0.325800001621,0.508450031281,-0.780150413513,-0.954076051712,-0.133260726929,-1.71895611286
9641,-0.714450001717,-0.376550018787,2.38098788261,1.29971015453,0.39893078804,1.34036326408
23038,0.481850028038,-0.731249988079,-0.749351024628,-1.33211541176,-0.0947158113122,-0.821338772774
57048,1.88394999504,0.454399973154,-1.09597504139,-0.0766428411007,-0.788367271423,2.02386403084
94239,-0.956350028515,0.356600016356,0.683909714222,2.06654286385,1.19050955772,0.857539713383
51203,-0.257250010967,-0.344449996948,-0.589785933495,1.2078897953,0.103039845824,-0.162821426988
388650,-0.207650005817,-0.197249993682,0.0012379050022,0.000731284671929,0.38397026062,0.760341763496
23039,0.417499989271,-0.967800021172,-1.16130566597,-1.77037107944,-0.982725322247,-0.908817887306
55179,-0.392650008202,0.483650028706,0.569097101688,1.00804972649,-0.315863341093,2.71608257294
5827,0.696099996567,0.351499974728,-0.682018399239,-0.164799690247,0.0966639518738,-0.328921407461
10245,0.414900004864,0.320200026035,0.363510340452,-1.0826830864,0.728067100048,1.42608475685
6813,0.486250013113,0.304949998856,-0.625377297401,0.392717272043,-0.43814599514,0.0673013180494
3251,0.496950000525,0.355700016022,0.047355286777,-0.582785010338,3.50526022911,5.64911270142
23212,-1.44359993935,0.190800011158,0.728343248367,1.10013687611,3.231995821,-0.106302678585
23536,-0.715149998665,3.39744997025,1.04777061939,1.58862352371,0.0921040028334,0.706933021545
51282,0.343450009823,1.01569998264,-0.731764376163,-0.365513682365,0.0949953868985,0.084374755621
10227,0.0996000021696,0.894649982452,0.124321788549,-1.06368589401,0.396766245365,0.598504006863
50813,-2.02184987068,-0.5625,-0.150122120976,0.0939447283745,0.489944964647,1.92794466019
51024,0.142849996686,-0.0924500077963,-1.40602934361,-3.43671822548,0.00572526454926,-1.10373032093
53343,-0.160349994898,0.338699996471,0.577290832996,0.542695581913,-0.99881875515,0.534902751446
1465,-0.232450008392,-2.36924982071,1.60409474373,-0.300511240959,-2.6304628849,0.101513981819
79006,0.608150005341,0.971399962902,-0.942366242409,-0.925250351429,-0.0965019613504,-1.26205825806
6988,0.0460000000894,0.297500014305,-0.274489462376,-0.380847036839,0.252619087696,-1.16987991333
11011,1.1765999794,-0.35609999299,-0.95715045929,0.69915831089,0.274625867605,0.715840995312
23325,1.49804997444,-4.95284986496,0.452330470085,-0.00231696665287,0.013308018446,-1.79085898399
10049,-0.192499995232,-0.0783500000834,0.134664818645,0.752573251724,-0.866224527359,0.904536008835
3157,1.20849990845,-3.93849992752,-0.00277039362118,-5.22750616074,-0.000364269159036,-0.00030559572042
200734,-0.0768000036478,0.0233500003815,0.370422363281,0.587844252586,-1.68733382225,-0.257102608681
9053,-0.462400019169,0.188649997115,0.762336969376,5.23039150238,-2.65403079987,-4.48033237457
79094,-1.56099998951,0.675000011921,1.09079098701,0.488070636988,-0.318219006062,0.544895231724
2778,0.527999997139,-4.88355016708,-2.71279811859,-2.59272909164,-0.976384699345,-6.38579845428
54881,0.117200016975,0.347099989653,0.694562792778,0.32478928566,-0.268028974533,0.290959894657
54807,-0.778699994087,0.0394999980927,1.98578333855,1.6971886158,-2.00685334206,1.27559328079
323,-1.71449995041,-0.415549993515,0.817250311375,1.82818078995,-0.30009996891,1.36394643784
26001,0.644199967384,-0.619000017643,-0.611553251743,0.415358543396,0.584415256977,-2.08404779434
10190,0.3125,0.779500007629,0.888285160065,2.20425915718,0.395117431879,-0.0530189797282
9686,0.506600022316,0.0444500073791,-2.60162591934,-0.761696696281,0.561613559723,0.550356447697
54915,0.0495499894023,1.18070006371,-1.19855761528,-1.38404178619,1.06809663773,1.63564515114
23658,1.11059999466,-4.32014989853,-0.482635855675,-1.38834881783,-0.355293929577,-0.516312897205
7750,0.139200001955,0.35404998064,-1.26041853428,-1.4064822197,-0.487092018127,-2.15851998329
79643,-0.479950010777,0.7675999403,0.0557391308248,0.380880087614,0.0109762996435,-0.395281732082
9488,-0.776849985123,-0.157799988985,-0.693736791611,0.0232519954443,-0.518838763237,0.276292860508
11200,0.0818499922752,0.194600015879,-0.662622869015,-1.13497686386,0.253305971622,-0.948695242405
65057,-0.0225500017405,0.864999949932,0.890744805336,1.32280945778,0.416631639004,1.63184952736
6832,-0.781400024891,-0.43029999733,0.187405973673,0.665396809578,-0.195893913507,0.342880308628
23131,-0.539849996567,-0.670099973679,0.113957941532,-1.09895515442,-0.0751738920808,-0.440296679735
10776,0.680999994278,0.0287500023842,-1.70802605152,-1.41359949112,-1.42593073845,-2.29457402229
6253,-0.572849988937,-0.689050018787,-2.70728588104,0.51242518425,0.529379010201,-1.13073503971
79716,0.197100013494,-3.8111000061,0.364881306887,1.86187875271,0.604851305485,1.82928371429
29978,-2.81275010109,-2.20040011406,2.81971049309,0.0616037845612,-1.31155526638,-0.767389714718
9988,0.219650000334,0.46250000596,-1.11148297787,-2.75470519066,0.667454779148,-0.448768347502
10845,-0.371249973774,-0.352199971676,-1.16705203056,0.661309719086,0.463313043118,-1.27634882927
54957,-0.434249997139,-0.255349993706,0.122437492013,0.678901314735,-0.492389947176,0.934528470039
79170,-1.17474997044,-0.906849980354,2.21028494835,1.33001279831,1.09354770184,0.512315630913
10610,-1.61710000038,3.9929997921,1.52170491219,0.671359419823,-0.47498613596,1.03508150578
128,0.546849966049,0.219050019979,-0.503237962723,-0.502803683281,0.0374332070351,-0.26404607296
51026,0.615350008011,1.28569996357,0.758285582066,1.82768166065,-0.266810745001,-0.429468989372
5498,-1.01289999485,-0.642400026321,0.171144410968,0.895195603371,0.17448784411,0.385981291533
124583,0.747550010681,-4.72335004807,-3.69590711594,-0.869971334934,-3.65180397034,-1.3845179081
9455,-1.54014992714,0.152949988842,0.688784599304,1.72968697548,0.131198406219,0.959725618362
1212,0.774650037289,0.627650022507,0.603804945946,0.556143224239,0.234693184495,0.601064682007
5255,-0.836199998856,-0.963100016117,1.27094507217,1.41585838795,-0.690331995487,0.98170375824
9448,1.07780003548,0.517899990082,-0.773760735989,-1.95666205883,-1.76318836212,-0.19955855608
9924,0.659600019455,0.217349991202,-2.83769989014,-0.58028960228,-0.557078480721,0.126958400011
5480,0.167300000787,-1.98134994507,1.72953546047,1.62505841255,0.613749802113,-0.0412230566144
1983,1.01979994774,-3.01440000534,-1.45264959335,-0.800770878792,-3.63614273071,-0.468086451292
56889,-0.217350035906,-0.0169000029564,-1.20038223267,-1.67967677116,-0.524340331554,-0.295434385538
79080,-0.884850025177,-3.80229997635,1.45698046684,1.97282361984,0.767191410065,1.18255400658
9016,-1.58825004101,1.19550001621,-0.323764622211,1.68400549889,-1.32154560089,1.05511808395
6915,-0.598200023174,0.135349988937,1.82745051384,0.678282737732,0.354031205177,0.573039889336
9709,0.0241000056267,-0.403149992228,0.680623292923,0.69981443882,0.462495297194,1.57268834114
116832,0.0587500035763,0.34019997716,0.0463553965092,-0.619367718697,-0.689293980598,0.747816979885
670,-1.23930001259,0.824000000954,0.18923252821,0.210560530424,-0.106200426817,0.442801445723
7867,0.0222000032663,0.119949989021,0.173188224435,-0.314935445786,-1.25432085991,0.433815658092
79143,-0.717350006104,0.129199996591,-0.689418077469,0.773090898991,-1.49596917629,0.255854010582
11284,-0.247999995947,1.15829992294,-1.05203795433,-1.33217978477,-0.069742642343,-0.330932974815
23443,-0.648100018501,3.71534991264,1.4745554924,-0.201917111874,-1.14246869087,-0.73114413023
51599,-0.309499979019,-0.346199989319,1.42148160934,1.07957458496,-0.41116514802,0.404299616814
5927,0.318049997091,0.304149985313,-1.59876978397,-1.58092570305,-0.196982741356,-0.0832606852055
55793,-1.34680008888,0.527799963951,0.51326584816,-1.66126263142,0.055526919663,0.785303294659
5867,0.589049994946,0.11194999516,0.615908622742,-0.403370797634,1.00384294987,-0.118661701679
7866,0.692299962044,0.354699999094,0.167022019625,0.172117337584,0.684110581875,-2.27427744865
25825,-0.015499997884,-1.43414998055,0.892656087875,1.55938529968,3.16713762283,1.4600675106
4067,0.296149969101,0.305799990892,0.210908234119,0.818988978863,1.26658558846,1.30100035667
51015,-0.22729998827,-0.497049987316,1.61285328865,1.50266242027,-1.78750526905,-0.117845311761
5891,-0.0979499965906,0.870050013065,0.758094072342,2.11730790138,0.630802512169,1.98461842537
3300,0.289250016212,0.0255999993533,-0.619549751282,-1.2896592617,0.745210647583,-0.974735736847
64781,1.81309998035,-0.135499998927,1.08252930641,-0.292694091797,-1.12320792675,0.122601494193
51056,-0.343100011349,0.199000000954,1.54120647907,0.292581290007,-0.22224150598,-0.425671726465
8550,-0.0182000100613,-0.343400001526,0.810943901539,0.465908527374,-0.597806215286,-0.685441613197
50810,0.428149998188,-0.598450005054,-0.159709781408,-1.93372440338,-1.45337557793,-0.670391738415
23011,-1.14179992676,1.42649996281,1.1736137867,1.69899141788,-0.852147102356,0.918210983276
11168,0.125950038433,-0.0772500038147,-1.66726350784,-1.77894210815,0.409164816141,-1.14923322201
1385,-0.279399991035,-0.430999994278,-0.228222429752,-1.54551291466,-0.016442835331,-0.482943177223
10150,0.0128500163555,-0.267799973488,0.0578326284885,-1.30312907696,0.519488453865,3.11426377296
29763,1.05884993076,-0.94000005722,1.83852648735,-0.280221700668,0.548260986805,1.17391180992
9112,-0.0229999981821,-0.642300009727,-1.40274953842,-1.41253483295,0.898674070835,0.194786250591
23499,0.874249994755,-0.782899975777,-2.08508324623,-3.064868927,-2.38521814346,-0.471444159746
85236,0.652899980545,-0.314149975777,0.206335246563,-0.325385868549,-0.254628956318,0.115889541805
5096,0.0727499946952,0.470849990845,1.27801728249,-0.938469290733,-1.79209661484,-0.441841959953
55620,-0.367150008678,-0.370900005102,1.88012194633,2.65469264984,-0.527519464493,1.13909006119
5373,-0.420850008726,-0.000149995088577,0.00419979542494,0.305414527655,1.29881870747,1.96317303181
51170,-0.331849992275,1.57414996624,-0.29562407732,-0.469979047775,-0.0809417963028,-0.10453042388
54850,-1.12809991837,-0.587999999523,1.20624220371,-0.023383192718,-0.354959785938,0.237451612949
80349,0.747200012207,0.0103500187397,-0.811575710773,-0.827830731869,0.774639129639,-0.783985257149
355,0.551049947739,2.20444989204,0.61328047514,-0.288939058781,0.286152422428,-0.120563387871
1062,-0.539650022984,-0.572099983692,1.76120507717,3.12727880478,-0.418755590916,1.07510995865
8804,-0.51314997673,-0.645300030708,-0.465128839016,0.325608342886,0.267237484455,1.13928413391
80758,-0.726700007915,0.157399982214,-3.38429427147,-1.1061937809,-0.635950505733,0.581679821014
375346,-0.169550001621,-1.07975006104,0.673555254936,0.792506217957,-0.27476605773,0.135839194059
51385,0.0205499827862,-0.0827500000596,1.35654783249,2.65436267853,1.51400160789,0.0888078510761
55748,1.03139996529,0.714200019836,-0.976744651794,-1.26307201385,-1.37418055534,-1.96048927307
10318,0.163550004363,0.0891999974847,0.722243070602,0.37349575758,0.390382230282,0.164266556501
54681,0.613550007343,-0.398850023746,-0.96313560009,-1.14883375168,-0.128408968449,-0.101975739002
7905,-0.494100004435,-0.0687499642372,0.928311824799,0.247250199318,-0.90835249424,-0.738291501999
28969,0.585099995136,1.68924999237,0.258395284414,-0.613188326359,0.227339148521,1.18015825748
10668,0.844099998474,-0.0688000023365,-1.02638554573,0.146408557892,-0.522496759892,-0.660194516182
51005,0.399800002575,-0.16479998827,-1.25418519974,-1.02269101143,0.0998648405075,0.215174943209
8800,-0.238750010729,-0.218649998307,0.529532909393,0.904557585716,3.6908698082,1.37389791012
54438,-1.06710004807,-0.298300027847,1.70210278034,1.30138468742,-0.218747079372,1.25954055786
55825,-0.576050043106,5.91069984436,0.898069560528,0.782948374748,-0.65660315752,0.724177598953
8835,-0.395050019026,3.48254990578,1.27822113037,0.291447490454,1.57344675064,0.811934053898
64429,0.542050004005,0.401149988174,-0.659715235233,-0.0336176455021,0.344891101122,-1.01237726212
3682,0.242699995637,-0.0450000017881,1.91694450378,0.898128926754,0.193156257272,0.204263404012
10329,0.849599957466,2.97755002975,-1.8698233366,-0.919049263,-0.532023489475,0.0635590404272
27109,0.373800009489,0.00990000367165,-0.505506277084,-0.147394299507,0.380346059799,-0.659316778183
51335,-1.56445002556,1.54010009766,0.754650175571,1.01339137554,-0.543224155903,-0.298349261284
3202,-0.195149987936,-0.420450001955,0.460559010506,-0.436719506979,-0.835826039314,0.70644390583
2896,0.470999985933,0.0431500077248,0.835320472717,-1.05575501919,-0.0390463769436,-0.182374358177
79902,-4.5735502243,0.305449992418,-2.79998779297,-0.0672308206558,0.770249843597,1.275826931
29083,-1.3735499382,0.759100019932,-0.998541474342,-0.614284217358,-0.316032469273,-1.38805043697
5747,-0.455299973488,-0.524550020695,0.376106023788,0.266988992691,-0.359213918447,-0.621673762798
22905,0.198200002313,-1.0271999836,0.661484479904,0.67280548811,1.55422794819,0.326793372631
63933,0.427249997854,-0.485350012779,2.41671609879,-0.831387400627,0.703061640263,0.477342844009
9847,0.381349980831,0.0687500089407,-2.67863130569,-1.83295750618,0.823098421097,-0.539458155632
51021,0.555649995804,0.756099939346,-0.665232419968,-1.25473928452,-0.187893792987,0.0215970277786
8996,-1.31564998627,0.516399979591,1.2115676403,0.404398620129,0.762531518936,0.882697582245
7376,-0.413749992847,-0.308599978685,1.0218937397,2.01465153694,-0.461630761623,1.48031687737
5357,-0.696400046349,-0.151199996471,1.03140854836,1.16667222977,-0.0276492238045,0.3625446558
56940,-0.530349969864,-0.107850000262,-0.234868049622,1.67445361614,-0.905843019485,-1.97509074211
6195,-0.486050009727,4.98264980316,-1.46729385853,-1.43413090706,-0.850868463516,-0.351692020893
1633,0.500300049782,0.233250007033,-0.588233232498,-1.19544422626,0.539650142193,-1.569688797
23321,-0.0453999936581,-0.178300008178,-3.18845772743,-0.826289594173,-0.858232498169,-0.99011194706
51160,-1.19089996815,0.352750003338,-2.50913000107,-1.98999917507,0.649975061417,0.828647851944
55604,-0.362799972296,0.348450005054,1.09236967564,0.399488210678,-0.191761374474,0.344407856464
2063,0.0845499932766,0.0514499992132,0.953984618187,-0.93258535862,-0.512993276119,0.201543882489
54512,0.338900029659,0.238149985671,-0.461222201586,0.694813668728,0.149578332901,0.195442721248
9124,-0.0332500040531,-0.645049989223,0.980419397354,0.669127047062,0.0927144959569,-0.229147464037
79174,-1.48725008965,0.227849990129,0.585078001022,1.58866810799,-0.108940437436,-0.0944949537516
23223,1.72035002708,0.284750014544,0.603512704372,1.02579045296,0.152046844363,0.725714206696
39,-0.115699991584,0.479550004005,0.0249229371548,0.395118415356,-2.61542320251,-0.0352582708001
57215,0.0955500006676,-0.55940002203,-1.26437211037,0.259544342756,-0.398228168488,0.635347008705
1052,-0.955799996853,0.269550025463,2.62029886246,1.85270690918,0.58406740427,0.890976309776
23139,-0.484350025654,-0.235250011086,-0.885625779629,-1.40951132774,1.42645990849,0.27835214138
79947,-0.108050003648,4.00089979172,2.90440678596,4.12193346024,0.836609303951,2.10115885735
4616,-1.01434993744,0.645300030708,0.234158426523,2.00818395615,0.134687662125,1.71141386032
9710,-0.560750007629,0.986250042915,0.0108447410166,0.87772667408,-0.69818341732,0.995181143284
6990,0.782000005245,0.672749996185,0.0007513910532,0.836645483971,-0.442935407162,-0.460441201925
29082,-0.318250000477,-4.53189992905,-0.478938609362,-0.955039978027,-1.01215219498,-1.1567003727
9670,-0.0384999960661,-1.18414998055,0.520177185535,0.536743342876,0.674581646919,1.92280113697
81533,-1.56150007248,-0.06740000844,2.25455951691,2.27991867065,1.63287091255,1.60008168221
10525,-0.829200029373,1.08074998856,2.30307769775,0.58602052927,-1.22780442238,-0.148851677775
2353,0.310600012541,5.33724975586,0.165971204638,0.757561326027,0.153241336346,1.16264736652
57192,-1.09334993362,0.393450021744,-1.00227582455,-0.532240509987,-0.1718711555,0.662302732468
3398,1.00030004978,0.467550009489,-0.72697031498,-1.17803168297,-0.491118103266,-0.914063453674
3775,-0.174499988556,0.531949996948,1.29572558403,0.616739273071,-1.41696286201,0.605231463909
26064,-5.22560024261,-1.88289999962,0.00231948075816,0.000172904925421,-1.85372495651,-1.08625805378
29103,0.163399994373,1.56709992886,0.570980072021,1.19063019753,0.707834601402,1.55243289471
3206,-0.0351000130177,-0.429849982262,1.31920146942,1.24587571621,-1.54392719269,1.13711071014
1500,-0.478799968958,-0.240500003099,0.750977575779,1.74435007572,-1.54922628403,1.59879946709
7690,0.0688999891281,0.0571000017226,-0.267637133598,-1.27818334103,1.26915025711,-0.715313613415
29911,-0.114900000393,-0.717550039291,-0.624213755131,-2.00186872482,-0.486889332533,0.0413974821568
2064,0.613700032234,0.507300019264,-2.41366529465,-1.41970801353,0.911776423454,-0.748090445995
65123,-0.355399996042,2.2881500721,-0.0644755959511,0.27268743515,0.976053476334,1.17163264751
5986,-0.589849948883,0.582149982452,-1.80816674232,0.00271261064336,0.213193386793,1.63436257839
85377,0.623450040817,1.81755006313,-0.419920951128,-1.76639831066,0.377710700035,-0.3873898983
9903,2.4333999157,0.571550011635,-0.132281318307,-0.512080550194,-0.342713564634,-0.878676772118
7088,0.437750011683,-0.0880500078201,-0.69814479351,-1.03444969654,0.596731722355,-1.06224656105
22796,-0.274150013924,-0.121699988842,0.63961327076,1.75740671158,1.27991676331,1.15974915028
51116,0.320100009441,-0.727500021458,-0.94687974453,-0.946247756481,0.247448891401,0.19538128376
54442,0.00774999987334,4.72630023956,-0.0384461730719,-0.696897268295,0.747122883797,0.206579267979
10695,-0.604249954224,-1.12565004826,0.702385425568,1.32200455666,0.242733478546,-0.097973972559
102,0.687449991703,-0.0127000063658,-1.86439168453,-1.95370197296,0.215605437756,-0.253121972084
965,0.00439999997616,0.508149981499,0.121482595801,0.973719954491,-0.220009982586,-0.222421139479
3800,-0.961850047112,4.8111000061,-1.50514519215,-1.3787817955,0.0869759768248,-1.3493796587
10362,0.337249994278,-3.4498500824,-2.06185626984,-1.00482583046,-1.94515991211,-6.14897489548
5300,-0.441100001335,-1.11584997177,-2.04585933685,-0.517263293266,0.948999047279,-0.680465817451
8270,-0.728649973869,0.24169999361,-0.0167456045747,0.243440404534,-0.41830483079,-0.210674569011
27242,-1.23944997787,-1.08909988403,-1.2968941927,1.16842222214,-0.244490385056,0.162881940603
9928,0.859400033951,1.13689994812,-0.679398477077,-0.75700712204,-2.24130964279,-1.1438447237
1534,0.424199998379,-0.0254500024021,1.04093444347,-0.516386806965,-0.0741211175919,0.412659823895
5654,-0.227250009775,0.86804997921,0.596061706543,1.73569536209,-0.0128148198128,1.0907959938
10810,1.35675001144,-0.286400020123,-0.806118607521,0.0174043159932,0.778671264648,-0.617657124996
7105,0.416750013828,-0.281399995089,-1.59607374668,-0.73596405983,-0.845784664154,-0.824813902378
23014,-1.30855000019,0.123899996281,-1.40341317654,-0.00511214137077,0.0534198582172,-0.459690332413
55012,0.601549983025,0.456550002098,1.43957686424,-0.802470803261,0.37319919467,-0.275915324688
2887,-0.401600003242,-0.860700011253,-0.427832633257,-0.685220837593,0.837743461132,1.22888374329
9183,-0.665950000286,-0.448300004005,0.403683751822,1.60108244419,0.151514038444,-1.3019336462
11151,-0.784399986267,0.575500011444,-0.406348586082,0.47873955965,-0.126623868942,0.415157020092
7511,-0.195599988103,1.62684988976,-0.68578094244,0.165895283222,-0.343555450439,1.43026888371
10046,-0.535799980164,0.671249985695,0.472156256437,-0.0115273892879,-0.357271611691,0.733160078526
1829,-0.84500002861,-0.123599991202,2.92022132874,1.61386609077,3.3438642025,0.884763598442
11000,0.246100008488,-0.498349994421,0.667037963867,0.835860729218,-0.576676607132,1.57229661942
976,0.79515004158,1.22154998779,0.826585292816,2.1001970768,-0.695869505405,1.32776892185
3597,-0.257600009441,-0.535549998283,1.24804127216,1.44274353981,0.318054258823,0.620702385902
178,-0.390200018883,4.99405002594,0.84871840477,1.08961069584,-0.697421967983,1.65885591507
2625,-0.689249992371,1.33870005608,-0.302768111229,0.60226225853,2.72650551796,1.74744927883
6119,0.722949981689,1.49374997616,-0.616362333298,-0.00371742248535,-0.0781670659781,0.596488058567
26136,-0.307549983263,0.106749996543,-2.81316161156,0.314999461174,0.265937507153,0.455616116524
6697,-0.965550005436,0.0957999974489,1.56277954578,2.22369623184,0.217992261052,0.362298518419
5971,0.401049971581,1.00964999199,1.04268801212,-0.60159778595,-0.331098139286,0.905797600746
22934,-0.525400042534,0.690800011158,0.198195129633,0.185350820422,0.246792823076,0.193491190672
9289,0.405950009823,-0.0918000042439,-5.54429626465,-1.474173069,0.0304680764675,1.13651478291
4931,-0.461850017309,0.315250009298,0.000985531369224,0.000192189065274,-0.173426896334,0.212973430753
4200,0.217100024223,-0.475799977779,2.00508213043,-0.514107108116,0.195936918259,-0.30532848835
93594,-0.708499968052,-0.530499994755,0.739082336426,0.489014625549,0.541086018085,1.09124064445
5982,1.20504999161,0.144299998879,-0.373743802309,-0.196121782064,0.538870811462,0.844438910484
26520,0.738800048828,-4.8654999733,-0.923617959023,-1.10256743431,0.46247702837,-1.83005857468
4998,-1.06060004234,-0.348699986935,0.49287083745,0.34371766448,-0.0546201914549,-0.902511358261
10038,-0.211199998856,0.675899982452,-1.01738119125,-2.11570048332,-0.116073288023,-0.0248765349388
60493,0.791550040245,-0.0619499981403,-1.42689847946,-1.93719208241,-1.08421278,-1.61927211285
51495,-2.11485004425,-0.0431999862194,-2.75734853745,-0.847077488899,-0.435348808765,-1.57938063145
4482,0.683849990368,-0.24849998951,1.36765813828,0.549385547638,1.31299972534,0.40838176012
23224,-0.275649994612,-0.720649957657,-1.64446997643,-1.46406579018,-0.427059352398,-1.25961506367
9690,1.66505002975,1.05460000038,-1.27412807941,-2.84488844872,-0.0737663209438,-1.29771924019
80212,-0.379099994898,-0.104499995708,-1.64559185505,-4.26073694229,0.476598232985,0.532808244228
29928,0.879999995232,0.561749994755,0.101761937141,-0.481867909431,0.925997972488,0.460775017738
22809,-0.0682999789715,-5.02545022964,1.31233167648,1.32845818996,-0.444261997938,0.949213564396
50814,0.679100036621,-0.332749992609,-1.49977600574,0.161801934242,-0.222524285316,-0.183864161372
55256,0.970499992371,0.286350011826,2.39685916901,2.81836175919,0.296748489141,-0.793033182621
56997,-0.661050021648,-0.241149991751,2.43790602684,-0.542765319347,-0.150271832943,0.499857842922
81544,-0.473299980164,0.669350028038,0.449010014534,0.665217339993,-0.72509765625,1.36141133308
6894,0.086249999702,-0.0706499963999,-2.52430677414,-0.715327501297,0.170322209597,-1.18888258934
64080,3.32620000839,2.84165000916,-1.06419432163,0.0788979828358,0.112632870674,0.502080917358
55818,0.541900038719,0.378199994564,-0.247914344072,-1.32335317135,-1.13313233852,-1.96715545654
637,-1.56354999542,-1.68694996834,1.29267406464,1.05880856514,0.463807791471,0.339101374149
22823,-0.708350002766,-0.369949996471,-1.50873816013,-1.42308354378,0.436722278595,0.654326736927
5287,-1.73590004444,-0.655849993229,-1.54926288128,-2.38961744308,0.0542373359203,-0.872764229774
91137,0.261500000954,-1.45440006256,-0.725633621216,-1.34617567062,-1.00231587887,-0.558951437473
23097,-0.576649963856,-1.27834999561,-1.77310168743,-1.30063819885,-0.136200904846,-0.468142181635
9851,-0.473199993372,0.0618000030518,2.0631301403,1.89774024487,-0.117471948266,2.15832304955
23522,2.80835008621,0.336600005627,-0.742056846619,-1.03409206867,-0.911837697029,0.682902216911
1123,-0.40854999423,0.936800003052,1.27754437923,1.42076051235,0.213469475508,0.516280055046
5603,0.749599993229,0.244500011206,0.262560486794,0.76472979784,0.0504484325647,1.44570875168
51569,0.702600002289,0.326300024986,-0.0777089595795,-0.0686153173447,-0.483320295811,-1.18719220161
55699,0.34454998374,-0.1481000036,-0.0941039323807,-0.0378260612488,-0.00670765340328,-0.205852553248
2624,-0.324800014496,0.0512000322342,2.51868391037,0.553029954433,2.94285202026,0.471143722534
8204,0.407650023699,-2.6454501152,-0.553094267845,-1.54240453243,-1.70364117622,0.287513852119
9133,0.828750014305,0.0435499921441,0.308116674423,-0.217990458012,-0.0996552854776,-1.82023632526
10921,0.151149988174,-0.363299995661,-1.48004817963,-5.65155696869,-1.69537901878,-0.0844195634127
51742,-0.108300000429,-1.3478500843,-2.45845961571,-2.4581284523,0.253665804863,1.25594139099
2954,-0.192550003529,0.820299983025,1.26181614399,0.821924209595,-0.823084950447,0.628093600273
27244,-0.807700037956,-1.16365003586,1.92029547691,0.234302803874,-0.848085284233,-0.930328190327
23013,1.27740001678,0.986950039864,-1.05305051804,-1.57372879982,-0.37789490819,-1.94548916817
8050,-0.145400002599,-0.00729999877512,-0.798953294754,-0.465496093035,0.562075853348,-0.262719988823
79961,-1.11185002327,-0.816349983215,1.48927259445,1.14260184765,1.83630609512,2.62432980537
2017,1.66050004959,0.731949985027,-1.54075527191,4.55348062515,-0.356566011906,-1.01208019257
55148,-0.538550019264,0.997200012207,-0.434052437544,-0.177157700062,-0.117412507534,-0.419798851013
960,-0.958850026131,-0.538650035858,0.163844928145,-1.54951798916,-0.23265337944,-0.182321384549
10451,-1.61930000782,1.28940010071,0.460609465837,0.344238609076,0.814066588879,1.0027410984
57406,-0.521999955177,-0.0652000010014,1.49363219738,1.84898138046,-0.0464040711522,0.804285943508
51719,-0.146799996495,0.482699990273,-0.110492892563,-1.59975361824,-0.525437235832,0.511143386364
7074,-0.654449999332,-0.899899959564,0.0847984552383,-0.519051074982,-0.592426300049,0.209219396114
10059,-0.637049973011,0.0681499987841,-1.30484509468,1.52065300941,0.924473822117,-0.731850087643
51071,-0.270049989223,0.374699980021,-2.30168747902,1.3172339201,-0.165928527713,0.773472130299
5796,0.0011500120163,-0.470699965954,0.185312137008,0.300731241703,-0.0599595308304,0.711113810539
55008,-0.847450017929,0.914250016212,-0.0183919575065,0.147588908672,-0.269201487303,1.44232916832
23597,0.560500025749,1.17339992523,-0.454465389252,-0.79907566309,0.484396576881,-0.769328117371
8869,-1.29200005531,4.42864990234,-1.20730054379,0.187796205282,-0.378349781036,0.634988367558
8727,0.0474499985576,1.2961499691,1.94956231117,0.513988137245,1.41072225571,-1.29348254204
63874,0.0151499994099,-0.68624997139,1.73819088936,0.198734164238,0.128961592913,-0.297868013382
8821,2.51289987564,-0.85070002079,1.05645012856,2.31412982941,1.30668139458,2.29754590988
57178,0.376049995422,0.352149993181,-3.33879756927,-8.94343280792,-1.32360339165,-0.108365364373
5468,0.412399977446,-0.776149988174,1.33378875256,2.33543586731,0.80129981041,1.65467953682
10557,0.537600040436,0.0206000059843,-1.19267225266,-0.973007380962,-0.242972701788,-1.30979156494
831,-1.2907500267,-0.10514998436,-0.89226013422,0.578135073185,-0.696487128735,-0.286904156208
9531,0.263000011444,-0.0886000096798,0.375725746155,1.30439162254,-0.150327458978,-0.0278289392591
2767,0.689399957657,0.0802499949932,-1.38441097736,-1.63856637478,1.11628007889,1.59300708771
1861,-0.381150007248,-5.04580020905,0.616978347301,0.793059110641,0.0585126578808,1.12515187263
10165,0.0285499989986,0.583750009537,-0.24820458889,-1.3647121191,-0.484939068556,-0.40142005682
7106,-0.0623500049114,0.355549991131,-1.3884344101,-2.23459529877,0.153866499662,-1.3225646019
2908,0.544000029564,-0.0638500005007,0.671626925468,0.709531664848,2.94915509224,-0.333651155233
57761,-0.646649956703,-1.3804500103,0.0486382134259,0.00201977347024,0.212195664644,-0.269393324852
23338,0.401299983263,0.314449995756,-0.0224752277136,0.0949766114354,-0.609212756157,0.528505265713
7852,-0.0461499989033,-0.527199983597,-0.237456858158,-1.92371892929,0.410059541464,0.381841570139
55033,-0.102700009942,0.374799966812,-0.0769965350628,-0.466560125351,-0.577567458153,0.191306203604
57019,0.731199979782,-0.41265001893,-0.717538237572,-0.649981677532,-0.215019866824,-0.226311013103
91949,-0.757300019264,-0.789900004864,-2.70933580399,0.77189707756,-0.224481374025,1.0089148283
84617,1.26724994183,-4.74735021591,-1.00846886635,1.29092872143,-0.644731283188,0.594854176044
25,0.644699990749,0.476049989462,-1.0070836544,1.06213462353,2.2045135498,0.843120455742
899,3.34754991531,4.15065002441,0.0203688889742,-0.360401064157,1.7715729475,0.666796863079
79850,0.764250040054,0.0149499997497,1.05174922943,0.773822903633,1.75739455223,0.44325619936
51466,2.47064995766,0.56200003624,-2.09919238091,-2.13469219208,0.23444147408,1.08265161514
2852,-0.414499998093,-0.366200000048,1.58160221577,-0.0246896892786,2.7666656971,1.00467050076
55837,-0.464049994946,0.415149986744,-0.0475094206631,-0.586287736893,0.153652429581,1.81501555443
2131,-0.862299978733,-0.00695000588894,0.00401372462511,0.302305907011,-0.683910667896,-1.59832918644
5427,0.269050002098,0.651250004768,0.615850329399,-0.846356213093,-0.0707843154669,0.681479215622
25966,-0.51164996624,0.100199997425,0.339758992195,1.0183429718,0.332532435656,0.270166128874
55608,-0.0430000014603,0.0404000282288,-2.32602763176,-4.33007335663,-0.393132567406,-1.35662579536
1662,3.06675004959,-0.474500000477,-0.768461585045,0.516790449619,0.223893582821,-0.621202647686
9702,-1.73745000362,-1.53305006027,0.827007293701,0.977149128914,0.255491137505,1.08439981937
11031,0.289300024509,-0.572250008583,-0.928193449974,-2.27836513519,0.732199907303,-0.472775697708
10057,-0.152050003409,0.414350003004,-0.542165398598,-0.486018121243,0.228089332581,0.459967970848
5985,-0.492950022221,0.475900024176,0.458712399006,-0.623671650887,0.671057462692,0.36003857851
3280,-1.09349989891,-0.691749989986,1.86018848419,0.924694180489,-0.325385332108,-0.480922222137
55958,-0.0694500058889,0.610899984837,0.83395421505,1.48286831379,0.63823145628,0.0195536408573
51465,-1.27880001068,-0.968150019646,0.728887021542,0.356995165348,-0.765822947025,0.521134257317
2542,-0.0678500235081,0.932449936867,0.19944986701,-0.851722061634,0.425456017256,0.00729364156723
10641,-0.263999998569,-0.510150015354,0.715337157249,1.31716012955,-0.575702548027,1.63193297386
11137,0.186650007963,0.339349985123,0.685912668705,-3.75486564636,0.123303174973,0.417747676373
9842,0.0257999971509,0.916700005531,0.00317516503856,0.60036867857,-0.357759714127,0.841330826283
10493,0.357950001955,-0.0509000122547,-1.26976597309,-2.14830684662,-0.442200064659,0.215075045824
10112,-0.36724999547,-0.180500000715,0.420662730932,0.519720852375,-0.0523543357849,-0.498154819012
1001,0.55395001173,-0.00450000166893,-0.0272178202868,0.450084805489,-0.280097186565,1.56393933296
23635,-0.622699975967,0.562649965286,1.21375572681,0.278760492802,-0.302800238132,0.247142672539
29916,0.229150012136,0.614349961281,-0.0214545428753,-0.577348828316,0.278886377811,-0.429967135191
2810,-0.0567000061274,0.0784499943256,0.331170499325,0.259531497955,-0.533043503761,1.64355814457
5993,2.09430003166,0.345400005579,-0.34144949913,-1.4620680809,0.0408518016338,-0.737996578217
11142,-1.05210006237,-0.34580001235,-1.22152352333,-1.05384635925,-0.261270344257,0.197538763285
79187,-0.392399996519,-0.592450022697,0.483562290668,0.376888930798,0.616574287415,0.215035155416
51382,-0.1263499856,-0.245849996805,-0.911984443665,-1.32629609108,0.54035961628,-0.45235478878
8318,-0.582099974155,-0.439199984074,1.38270187378,1.03961634636,0.64689540863,0.466173171997
9695,-0.49509999156,-0.534449994564,3.68960142136,0.280484259129,0.13037315011,0.727945566177
9712,-1.25215005875,0.0856999903917,-0.540647506714,-0.361047685146,-0.0407475680113,-1.28235864639
64943,0.6195499897,-1.08764994144,-1.616497159,-1.39495182037,0.754500329494,-0.462463408709
9738,-0.99874997139,-0.048299998045,-0.603634357452,-1.00944137573,0.759424328804,-0.676289319992
6793,0.490649998188,0.167900010943,0.977403402328,1.50331223011,-0.58633184433,0.259396910667
7358,-4.48234987259,0.771899998188,0.146804049611,1.28633213043,-0.203405484557,-1.08247220516
58472,-0.00770002603531,1.2608499527,1.9316534996,1.48004329205,-0.165666490793,1.07249569893
50865,0.429250001907,0.08394998312,2.37528777122,1.18027472496,0.693169176579,1.12389850616
23200,0.656750023365,-0.752000033855,1.46832382679,1.29346835613,-0.0094213783741,0.703830480576
51293,-0.58109998703,0.797699928284,0.604161441326,-0.724114894867,0.279216647148,-1.01598274708
10962,0.110100001097,5.2048997879,-4.02965593338,-3.06697273254,0.221167683601,-1.76737129688
10153,-0.557749986649,-0.942799985409,0.60339474678,-0.406139165163,-0.103579960763,-0.0359653905034
874,-0.973299980164,0.862800002098,1.65840578079,3.7717397213,0.587221384048,1.05358719826
