rid,ERG011_VCAP_6H:BRD-K19330527-001-01-7:10.011,ERG011_VCAP_24H:BRD-K19330527-001-01-7:10.011,ERG016_VCAP_24H:BRD-K19330527:9.71,ERG016_VCAP_24H:BRD-K19330527:3.24,ERG016_VCAP_24H:BRD-K19330527:1.08,ERG016_VCAP_24H:BRD-K19330527:0.36
5720,-0.928849995136,0.608003020287,0.36794012785,0.231274023652,0.253066688776,-0.334973990917
466,-0.115199998021,0.271397829056,-3.38752412796,-1.97505009174,-1.36390006542,-1.67310655117
6009,-0.609050035477,0.247689798474,0.232297539711,-0.574037492275,0.0850999653339,-0.156269341707
2309,0.45269998908,2.07614827156,1.45007896423,0.359110593796,0.271666646004,-0.00397938489914
387,-0.976700007915,1.09814155102,1.58264291286,0.219635218382,1.55439996719,-1.24357748032
3553,0.6304500103,-0.886049330235,0.881321549416,0.090746819973,-0.196533352137,0.166670367122
427,-0.233449995518,-0.681185483932,-3.28611969948,-1.59552145004,-2.50603342056,-1.86382246017
5898,0.617250025272,1.816442132,0.220953375101,-2.66972494125,-0.270033329725,0.104775846004
23365,-0.933350026608,1.6476906538,0.124582968652,0.240196511149,0.845066785812,-0.967482209206
6657,0.587700009346,-1.3596227169,1.73364233971,0.109560795128,-0.610433340073,0.569387435913
5054,-0.618200004101,-1.57899212837,-0.838949084282,-0.514269173145,0.641100049019,-0.0420586392283
3108,1.7689499855,1.26255679131,5.61893033981,3.51469326019,0.990533351898,1.0332274437
1950,0.515399992466,-0.791955649853,-1.25615727901,2.25498700142,3.25910019875,0.784786701202
351,-0.264450013638,0.354199200869,-0.353472352028,0.334283053875,-0.501766681671,-0.727466583252
4846,-0.618399977684,1.27527928352,-0.372542262077,1.68247723579,-0.297700017691,0.864360570908
1452,0.797950029373,2.43384432793,-0.76311147213,-0.030732780695,-0.260866671801,0.245507001877
4776,0.520049989223,-0.845145761967,0.536657810211,0.62028002739,-0.402033299208,0.240684658289
6908,-0.416500002146,0.694844603539,-1.82504487038,-1.03365468979,-0.328800022602,-0.858708798885
672,-0.575600028038,-0.640981078148,-3.06498980522,-1.39911627769,-0.0321666747332,-0.900787591934
5710,0.462149977684,0.918100893497,-1.6214466095,-1.09443962574,0.353600025177,-0.335770189762
2115,1.35504996777,-1.00494349003,3.57627534866,1.09297192097,-0.617966651917,0.342982262373
7015,0.655400037766,-0.868934869766,1.11178803444,0.232376664877,-0.932733356953,0.0213759504259
8726,-0.708000004292,0.318111509085,-1.85113894939,0.0595804750919,0.735800087452,-0.890713453293
2185,0.355500012636,-0.399570822716,0.767981469631,0.595005810261,0.0795000195503,0.469470977783
3315,-0.180549994111,1.24028348923,0.616358160973,0.402165293694,0.99380004406,0.149795979261
5289,1.32255005836,-0.560272812843,0.844394862652,0.882806897163,-0.272233337164,0.457661032677
868,-0.672199964523,1.77624571323,1.27331793308,0.772287011147,1.01966667175,-0.151572018862
1677,0.931600034237,-1.32484531403,0.165437191725,0.581847727299,-0.188366666436,1.57718884945
7043,-0.670700013638,-0.116015776992,1.54363310337,0.762253642082,0.491000026464,0.506065309048
5613,0.331950008869,-0.817299842834,-0.00537601858377,0.71100705862,-0.600533366203,0.761357843876
595,0.352099984884,2.38397312164,-2.05997014046,-1.7954839468,0.5230666399,-0.631253302097
4793,-0.189300000668,0.408868312836,0.80011177063,1.12451767921,2.6673002243,0.502400875092
2736,0.0137999951839,-0.563529729843,2.64394760132,0.641668856144,1.21140003204,0.260687202215
5290,1.07535004616,-0.672242283821,0.15107485652,0.211157783866,-0.612833380699,0.00197830423713
6194,-1.06229996681,0.000575258396566,0.481965065002,0.304978996515,-0.611466646194,-0.638473331928
1676,0.183750018477,-0.250820636749,0.197739958763,0.309256017208,0.0374666750431,0.626803874969
23512,-0.507650017738,0.0496961846948,-2.10535264015,-1.77352690697,-0.616499960423,-0.406162023544
148022,0.176499992609,1.38186502457,-0.0643475800753,0.272693961859,-0.0814666599035,0.348551422358
1906,0.0763500034809,-0.252583891153,0.56871587038,0.583632409573,-0.0385999977589,0.769673645496
8878,0.413350015879,-0.18241545558,-0.248052611947,-0.810073196888,-0.0754999816418,0.0465607345104
3091,-0.497249990702,-0.819403350353,-1.63883912563,-2.2891767025,-0.973099946976,-0.619380652905
5743,0.449900001287,-1.37970304489,3.04175281525,0.650547504425,2.94403362274,-0.563378095627
5321,0.417899996042,-0.893969118595,0.459426939487,0.570780754089,-0.725299954414,0.73139321804
4144,0.597299993038,-1.90180301666,-0.850414276123,-1.20194506645,-1.22676670551,0.51915204525
1981,0.204050004482,4.66204547882,0.572998762131,0.130658894777,0.908566713333,1.30667555332
695,0.0263999979943,-1.30605864525,0.918175339699,-0.951556801796,-0.408266693354,-1.55592513084
10398,0.225299984217,-0.799699306488,0.225943699479,0.520829319954,0.548333287239,0.725552201271
5708,0.143799990416,0.573969602585,-1.36362552643,0.150010973215,-0.160199999809,0.2919703722
1213,-1.16539990902,0.883996009827,-0.993620276451,-1.00367486477,0.718599975109,-0.272002846003
226,-0.131200015545,0.0572298355401,-2.54831910133,-0.732967019081,0.388599991798,0.418310195208
6777,1.96239995956,-1.72645282745,0.295177966356,-0.0772052183747,-1.35276675224,3.35583353043
2113,0.518700003624,-0.612497448921,0.0650581419468,0.643254876137,-1.03033339977,0.925543189049
3329,-0.197800010443,0.853717148304,-4.64035606384,-2.118475914,-0.259666711092,0.258033573627
1050,-0.6575999856,1.02887821198,-0.420780092478,-1.71923303604,0.183133333921,-0.841499745846
9491,0.329450011253,-1.01551032066,0.153152614832,0.44416975975,-0.252966701984,0.339929044247
22926,-0.124949991703,-0.0217739231884,2.54034042358,0.860011100769,0.0449666678905,0.299073219299
5899,0.696550011635,-0.689170539379,3.0761961937,-0.815139055252,0.583166658878,-0.58642166853
5467,-0.459949970245,-0.167577266693,3.05558180809,1.72726535797,0.745099961758,-0.106826215982
6774,-0.42769998312,0.254361301661,-0.0716716945171,-0.15416136384,0.0557333379984,-0.811171531677
1788,0.641599953175,-0.548089206219,0.99658370018,0.822725892067,-0.249533355236,0.353559315205
5921,-0.821850001812,0.892794430256,0.548101842403,-0.175958514214,1.04110002518,-0.101462751627
5721,-1.28074991703,-0.66083741188,-2.04086852074,-0.292927205563,-0.699233353138,0.331856548786
2263,0.492500007153,-1.35212910175,-0.0737314149737,0.694121062756,-1.09990000725,0.349647194147
808,0.290800005198,-0.976080298424,0.404540896416,0.762790083885,-0.19580000639,0.655154943466
30001,0.665849983692,-0.091199696064,-1.68641042709,-0.501103460789,-0.670000076294,0.164069354534
348,0.928099989891,-1.6316999197,1.92237830162,2.79534506798,2.14556670189,0.479388594627
30849,-0.142749994993,0.20456469059,-0.310956090689,-1.59735012054,-0.381366729736,-0.370843052864
1454,-0.632699966431,1.05978441238,-0.42115175724,-0.710358262062,-0.045733332634,0.373438358307
6500,-1.49469995499,0.503081262112,-0.618241906166,1.14588320255,0.571566700935,2.28188610077
5627,0.782099962234,-0.342404603958,-0.0180148780346,-0.842325329781,-0.915300071239,-0.122998416424
5715,-0.658499956131,-0.0420168116689,0.463968724012,0.488474428654,1.05453336239,0.155168414116
4791,0.75720000267,-0.93973761797,0.503943443298,0.224110037088,-0.144199997187,0.232007414103
56924,-0.181899994612,0.46253862977,0.310699522495,0.912395358086,-0.594033300877,-1.24445319176
2690,-0.175299987197,0.152881205082,0.771871507168,-0.123804092407,0.0327666550875,-0.796658694744
1019,-2.37475013733,0.181042686105,-2.39692521095,-1.08283734322,0.783766686916,-1.40778660774
51422,0.722699999809,2.19397091866,0.764930605888,-0.0826617479324,-0.237999990582,-0.0710520595312
5788,0.225999996066,-1.0066601038,1.2370442152,0.42624515295,0.622133374214,-0.186907321215
6709,-1.29200005531,-0.627270281315,1.44118881226,1.40160989761,1.18023324013,0.461317002773
1277,0.0627999901772,-0.995007634163,2.00835156441,1.10673618317,0.965066671371,1.26016044617
993,-0.312150001526,-0.869791567326,-2.22177481651,-0.952292084694,-0.31683331728,-0.012809664011
7157,0.206249982119,-0.158529430628,-0.149989753962,-0.243052273989,-0.209733322263,-0.101743511856
1958,-0.324999988079,-0.421583533287,-0.227960765362,1.55194318295,-0.862000048161,-0.446040868759
4582,-0.0108499825001,1.14047658443,3.23617744446,2.42543029785,3.38833355904,-1.71428096294
9212,0.836149990559,-0.534573495388,1.1780616045,0.0200734734535,0.0394000411034,0.696132719517
8440,-0.683950006962,0.147252321243,-1.65387284756,-0.711205780506,-0.33930003643,-1.58521461487
6790,-0.272850006819,0.728482484818,0.49872353673,-0.721905112267,0.807566702366,-0.433122634888
8851,-0.258249998093,1.56946277618,0.00820678472519,-1.08879876137,0.10000000149,-0.0990282297134
2534,0.458750009537,-0.812268137932,0.852109193802,-0.010796085,-1.67479991913,-0.483660727739
4893,0.485549986362,3.01106333733,0.897035062313,1.16685545444,0.216666683555,1.41362524033
665,0.280449986458,-0.980913817883,1.91617035866,0.18676866591,-0.0171666145325,-0.621794819832
4313,0.214850008488,-1.04057812691,1.13663554192,0.854575395584,-0.383366644382,0.376788020134
1022,0.222750008106,0.767301261425,1.31283795834,0.349875807762,-0.397166728973,-0.163773447275
5880,-0.0765500068665,0.269903808832,0.779303312302,0.813645660877,-1.33540010452,0.707886815071
3162,-0.715450048447,1.33187913895,0.0313274860382,1.19390797615,1.47316670418,1.13649821281
1282,0.642749965191,-1.03189599514,1.59664261341,0.437772512436,-0.628900051117,0.661180734634
3383,-0.683000028133,0.351064175367,1.5932135582,0.758191227913,0.828133404255,-0.718138515949
727,0.261699974537,-0.489513456821,0.468497276306,0.677456855774,-0.772366642952,1.14441657066
4792,-0.493250012398,1.81236433983,-1.05031776428,-0.636427164078,0.159133344889,0.0781702846289
4794,0.283249974251,-0.187687531114,1.69354319572,0.89262676239,0.173233360052,0.667529582977
902,0.489650011063,-1.3621417284,-1.96577310562,0.792608559132,-0.326366662979,-0.287624418736
8091,-0.336950004101,-0.484174191952,-0.311016142368,1.01568365097,0.387733340263,-0.0869221389294
3486,-0.377099990845,1.69696068764,0.571380734444,0.355130434036,-0.110033333302,0.0764647573233
10818,0.182499989867,-0.0279373023659,2.14121055603,0.986829459667,-0.310400009155,0.54786157608
3454,0.245599985123,-0.38517343998,1.67851567268,0.503831744194,0.52653336525,0.714826762676
4282,-1.44889998436,0.00405035354197,-2.04287743568,-1.28930926323,-0.368733376265,-0.908414781094
1605,-0.358200013638,0.740619182587,-0.882557988167,-0.874976634979,0.825600028038,-0.0584320798516
10644,1.37674999237,-1.08637821674,3.50613689423,2.3675737381,0.548966646194,0.672549128532
2065,0.0625499933958,1.34203314781,-0.0608306527138,-1.21152818203,0.203700006008,-1.30207645893
8321,0.284350007772,-0.979130744934,0.575473546982,0.564633965492,-0.398433357477,0.841020941734
8503,0.393249988556,-0.0465778931975,1.48864412308,-0.537356972694,0.358266681433,-0.248551487923
7027,0.660199999809,-1.4339107275,-0.785532653332,-0.74233019352,-0.166233360767,0.108257338405
6850,1.36105000973,-0.625471770763,0.523868322372,0.588738024235,-1.10493338108,-0.0560389943421
1978,0.439400017262,2.69060492516,-1.28189849854,-1.08824658394,0.0414333343506,-0.630396127701
896,-0.860249996185,-0.364887654781,-0.695688247681,0.128711402416,2.17196655273,0.474081367254
5777,0.18164999783,0.395133405924,4.53220176697,2.32945561409,0.676399946213,-0.502805650234
1846,0.274800032377,1.3116941452,1.54143178463,1.04150736332,-0.295466661453,0.172474905849
5925,-0.143299996853,1.41851222515,-0.915868520737,-1.21732378006,0.0976333171129,-0.701199948788
142,0.371800005436,0.13947044313,-1.21069920063,-0.33140578866,0.260266661644,0.0555968284607
1021,0.996250033379,1.38739871979,4.02140617371,2.21148824692,0.235566675663,0.692329823971
5699,-0.195650011301,1.36892414093,-0.342576146126,0.203507184982,-0.275266677141,1.20158410072
8061,0.045450001955,-0.880097031593,0.778585255146,0.740621864796,-0.244866669178,0.490890145302
1870,1.62549996376,-0.999552369118,1.91087794304,1.90800845623,-0.782166719437,0.425152540207
1398,-1.93359994888,0.441279649734,-4.01700210571,-0.232637226582,-0.278666675091,-0.39953738451
3312,-0.522599995136,-0.816293418407,-1.51305139065,-1.27634239197,0.125099986792,-0.813826262951
891,0.685350000858,-1.22658860683,0.0055133998394,0.941087782383,-0.786900043488,0.271945059299
4775,0.0594500005245,0.351848393679,0.0605101138353,0.261232048273,-0.311066657305,0.279029399157
5111,-0.659850001335,0.195495501161,-1.37995171547,-0.85022187233,0.0758666694164,-0.352343678474
5696,-0.518750011921,0.638760268688,-0.182643324137,-0.210666805506,-0.085300013423,-2.67785978317
5588,1.1535500288,-1.50732862949,1.14435660839,0.602510690689,-0.134833335876,0.174081891775
6839,-0.609549999237,-0.0374782420695,-1.65212595463,-0.559512376785,0.492533355951,-0.506086707115
329,0.21289999783,-0.662754774094,-3.01658773422,-0.941767811775,-2.45609998703,-2.41877698898
5058,0.114750012755,0.833701133728,3.0586502552,1.9372420311,-1.40693342686,0.190451592207
998,0.90649998188,0.458581238985,-2.71459913254,-0.295635342598,-1.15233337879,-0.110289603472
9134,-0.322250008583,-0.641074299812,-3.26122140884,-1.4601521492,-0.0545333474874,-0.208688512444
6616,0.453099995852,-1.0129430294,1.31196343899,1.16364741325,0.34473335743,0.0747894644737
5223,-0.648999989033,0.10752415657,-0.170973688364,-0.161058813334,0.65750002861,0.0766179487109
4690,-0.498799979687,0.231869667768,0.881140172482,0.719594955444,-1.02629995346,0.133350118995
958,-0.118049994111,-0.96802598238,0.509398043156,1.28277337551,-1.04336678982,0.438203006983
1616,0.0867500007153,-0.180304974318,1.96968924999,0.544724881649,-0.540666639805,0.241456508636
991,0.625750005245,-0.332805097103,-1.40898060799,-0.390347182751,0.199700027704,0.0630090385675
6347,0.297500014305,-1.26220095158,1.13347399235,1.5739812851,-0.381500005722,0.499735802412
6714,-0.660300016403,1.40470468998,0.213386237621,-0.774293124676,1.48409998417,0.521752357483
652,0.146249994636,-1.20676624775,1.40431177616,0.797580122948,-0.642333328724,0.322588264942
4331,-0.344150006771,-3.01299333572,-2.46390199661,-1.51520633698,-0.941633343697,-1.26447319984
7099,0.712349951267,-0.459529280663,0.0217484459281,0.322035491467,-0.605599999428,-0.228275969625
10320,0.473899960518,-0.6875872612,0.591205835342,1.36817753315,0.263533353806,0.762179791927
2042,-0.0968499928713,-0.806082963943,-0.830176830292,-0.119438447058,-0.459533393383,-0.631335258484
843,0.0155999995768,-0.432910561562,1.05859863758,1.07156443596,-0.323966622353,0.488039195538
840,-0.692000031471,0.863435149193,-1.0570152998,-0.936801195145,-0.080000013113,-0.865675210953
7048,0.437550008297,-0.0402340367436,0.849753975868,0.719524741173,-0.548433363438,1.04883682728
4851,-0.18130004406,-0.834538936615,0.447350382805,1.85657477379,-0.0264666676521,0.973191976547
6464,1.04524993896,-0.658740818501,0.58402466774,0.845765709877,-0.289966702461,0.35994040966
23410,-0.885749995708,1.36907613277,1.4284594059,0.760023117065,-0.0397333353758,0.562782824039
54205,0.198199987411,-1.42726492882,-4.12659835815,-0.428921103477,-1.13596665859,-1.16649198532
2770,4.86329984665,-0.513410568237,-0.374277532101,-0.66949146986,-0.519366681576,-1.04871106148
80204,0.0783500000834,-1.22568941116,-0.19553989172,0.564158439636,-0.0275333225727,0.31890013814
4208,0.583900034428,-0.861430168152,1.35047888756,1.34311187267,-0.285133302212,0.028934545815
1845,0.509799957275,-0.204940482974,-0.309567511082,-0.333615660667,-0.302600026131,0.341211020947
23368,0.825199961662,-1.11472308636,0.342370867729,0.550047695637,-0.703500032425,0.156893089414
5583,0.0857499837875,-0.118000149727,0.426644206047,0.214270412922,0.0148666799068,-0.324386239052
8900,0.585150003433,-0.640007734299,-0.747877180576,1.33406865597,0.217200055718,-0.230739846826
581,0.321900010109,-0.426369071007,0.868155956268,0.283019989729,-0.2894333601,-0.0604272671044
6193,-0.149999991059,1.42254090309,0.343225181103,-0.196709707379,-1.35236668587,0.0624424219131
6622,-0.526350021362,1.47358095646,2.0116250515,0.415775954723,1.0314000845,2.08020591736
11261,0.566950023174,0.061603680253,2.1085524559,0.903602540493,0.894933402538,-0.082788079977
6696,-0.0854000002146,0.247384041548,1.56131923199,0.886259794235,3.91100025177,-0.403427064419
8312,0.209350019693,-0.844308137894,0.246332526207,0.186851203442,-0.310400009155,0.732090115547
835,0.491899996996,0.573833525181,0.337245970964,0.108551383018,-1.28510010242,-0.0367265343666
8324,0.236200004816,0.4259750247,-0.272846847773,-0.566761314869,-0.734200000763,1.18618881702
1848,0.335649996996,-0.412765771151,-0.720217466354,-1.01948475838,-1.12543332577,-0.656982719898
154,-0.245499998331,0.677146196365,-1.21552562714,0.354417026043,1.05053329468,-1.02787268162
4312,1.2120500803,-1.14430522919,0.797168314457,0.392218917608,-0.556400001049,-0.0394383221865
994,-0.0251999981701,0.102542132139,-0.547447085381,-0.303288459778,-0.158466681838,-0.194403707981
2048,-0.579349994659,0.574515938759,2.4309732914,1.64446163177,0.806733369827,-0.144299715757
1111,0.819100022316,-0.794986248016,-0.417888134718,-0.374367713928,0.157199978828,0.573018431664
5154,-0.651849985123,1.02366042137,-2.98136973381,-1.36898112297,0.100800007582,-0.70970416069
2920,-0.79365003109,-0.192628875375,-0.153755098581,1.04370844364,0.616466641426,1.84926128387
3122,0.142549991608,-0.966668069363,1.09967255592,1.22674107552,0.0987333357334,2.55961418152
2769,0.0190499946475,0.441903352737,0.030191168189,0.571759998798,0.427033364773,0.197112053633
5900,0.379000008106,1.73643708229,1.16136288643,-0.200591310859,-3.25930023193,0.610714614391
6304,-0.165999993682,0.600955784321,3.39731693268,0.679651856422,1.44933354855,0.0453409999609
5211,-0.456150025129,0.408966958523,1.0322278738,0.30835968256,0.862133383751,0.162445083261
2886,1.26614999771,-0.455754518509,0.648912847042,-0.826632678509,-0.924600124359,-0.333238601685
9261,-1.0325499773,0.975888550282,0.740104496479,1.82496523857,0.148400008678,-0.356522858143
8569,0.309599995613,-1.184202075,3.24329781532,2.67383623123,0.36109995842,0.687887191772
3303,0.601999998093,0.579402148724,-0.917536258698,0.120676547289,-0.631666660309,-0.325392901897
5331,0.220649987459,1.19208061695,0.969493508339,-0.21520653367,0.692366719246,-0.491268366575
5347,-0.666900038719,1.05728948116,-0.605144023895,-0.502606630325,0.608033359051,0.803905665874
4638,0.643949985504,-0.0350549221039,-0.53793156147,0.544262170792,0.316333353519,0.21446031332
2264,1.41545009613,-1.14329230785,2.84985113144,0.178283527493,0.241300106049,-0.675517916679
1029,-0.0231999903917,-1.31836736202,4.05860042572,3.73912620544,-0.243499994278,0.126068726182
1027,-0.558099985123,-2.72080373764,-1.67080545425,-1.23712360859,-0.824000000954,-0.966627597809
2597,-0.790400028229,0.561847507954,0.581158638,-0.545656919479,0.62176656723,0.183917716146
55847,0.0948999971151,-0.876856923103,-1.12467288971,-0.276655435562,-0.312833368778,-0.364168465137
25803,0.770799994469,1.00105762482,-0.460225075483,-1.0948523283,-0.560133337975,-0.206464678049
3480,0.0640500038862,1.21267294884,-1.72785878181,-1.60871243477,0.0886000171304,-0.309100776911
2946,0.959000051022,-0.872591018677,1.31598114967,0.0407226234674,0.988033354282,0.914801299572
9517,-1.16645002365,1.43561577797,-0.986306846142,-1.34240436554,0.602400004864,-0.0271409153938
25987,-0.406650006771,1.71491062641,1.58503603935,-0.153093367815,0.839066743851,-0.593519806862
23670,-0.203199982643,1.3311663866,-1.06637620926,-1.43481075764,0.866100013256,-0.0839219465852
11182,-0.180399999022,-0.212044581771,0.683516263962,0.689612150192,0.676233291626,0.210368961096
2146,-1.02875006199,0.157540410757,-1.15333867073,-0.25395783782,-0.00916662812233,-0.4259506464
3385,-0.0521000027657,0.666886746883,-2.64790558815,-1.04924881458,0.569133400917,-1.00150668621
5261,0.229999989271,-1.36028552055,-0.74661386013,0.358304351568,-0.359200000763,-0.277626514435
10765,-0.463649988174,2.64399313927,0.229115024209,0.163769870996,0.512633383274,1.18965315819
25839,-0.149550005794,0.834652662277,1.4786670208,-0.301149964333,-0.280533343554,-0.388675332069
4172,-0.128699988127,-0.134186789393,-1.3260974884,-0.394901067019,-0.0258333683014,0.13214379549
23161,0.878350019455,-0.901201188564,-0.905614554882,0.668769836426,0.11806666851,0.13121548295
10298,-0.621800005436,0.897639453411,0.508143246174,-0.0460486039519,1.35400009155,-0.106200054288
1802,-0.166650012136,-0.140182346106,1.76630103588,-0.623027920723,0.432533383369,1.90164208412
58533,0.125649988651,0.603513002396,-0.949067473412,-1.65100491047,0.232233315706,-0.398512661457
147179,0.28464999795,0.27198112011,2.22238874435,0.537696242332,-0.035533323884,0.695528268814
29937,0.199449986219,-0.398362308741,-0.415765047073,-0.769417047501,-0.362133353949,-0.0846174359322
6184,1.22905004025,-0.00905137509108,-1.82081758976,-1.40779066086,-1.91270005703,-0.336157351732
9854,-0.313149988651,0.0500570274889,2.7653093338,1.22887778282,-0.0670000165701,0.357341885567
2553,-0.238949984312,0.53277349472,0.475491344929,-0.425416052341,0.80493336916,1.19577538967
5440,0.615949988365,-1.66448318958,-3.69217538834,-1.00549924374,-2.34853339195,-1.68669247627
54623,-0.142149999738,-0.747194945812,-1.33575034142,-0.687800347805,-0.102999985218,0.564050793648
9533,0.18900001049,-1.28643155098,-0.771026968956,0.0830877572298,-0.325666636229,0.175951629877
8607,0.249899983406,-0.287741690874,-3.54022598267,-1.21779727936,-0.860066711903,-0.173653662205
207,-1.64785003662,0.920793652534,-0.727841854095,-0.554781556129,0.885766625404,-0.403935730457
26054,-0.275399982929,0.793454110622,0.203642144799,-0.624644994736,0.790033340454,1.30964756012
10682,0.0797500014305,0.173796311021,-1.74582231045,-0.229239314795,-0.537833333015,-0.224134117365
8573,-0.82590007782,1.56080210209,-0.330202132463,-0.134237349033,-0.91753333807,-0.526766359806
23378,-0.664100050926,8.21999168396,-0.0981243252754,-0.0237363278866,-0.801800012589,-0.556238174438
8553,-0.402000010014,2.06499099731,3.84301042557,0.877016782761,0.838933348656,-0.0167250335217
622,-1.31095004082,0.517967104912,-0.0648705214262,-0.751363575459,0.00226664543152,0.0900901257992
9467,0.586199998856,-1.18352794647,0.00626294314861,0.324431598186,-0.899566650391,1.05849540234
5525,0.32279998064,-0.61420571804,1.05824041367,0.384189128876,-0.0349999964237,0.091163508594
256364,0.750400006771,0.139377862215,3.8373708725,3.48576998711,0.977099955082,0.914497375488
332,-1.44770002365,-0.18149214983,-0.760956287384,-0.406371206045,0.416933357716,-0.266425728798
2058,1.12880003452,2.7852191925,-0.732221722603,-0.986352920532,-0.222500011325,-0.319500029087
7849,1.13845002651,0.668600618839,4.02457761765,2.77047538757,-0.649966716766,0.0046404004097
23244,-0.338450014591,0.457976460457,-1.13967633247,-0.351112127304,0.567666649818,0.287986308336
7494,-0.210949957371,1.05754482746,-1.21030974388,-2.16808080673,0.286800026894,-1.32808113098
4836,0.672950029373,0.250292420387,-0.449260890484,-0.764159500599,0.135899990797,0.413397341967
23647,-1.16250002384,1.36605966091,0.968602538109,0.558584451675,0.60170006752,0.395318418741
10617,0.0671999901533,-0.0243183039129,-1.6721739769,-1.52626597881,-0.4457000494,-0.0803786218166
2184,-0.923849999905,-0.0283821597695,-0.761126577854,0.302680402994,-0.473566740751,0.113394632936
5355,1.03559994698,-1.01006948948,1.18643820286,0.800619840622,0.36836668849,0.746339321136
6659,-0.779100000858,1.66010344028,-2.97015833855,-1.40185701847,0.845600008965,-0.729825735092
7016,0.0438999831676,-1.07518911362,0.493661880493,0.677997887135,-0.171900033951,0.644566655159
90861,-0.231350004673,-0.512816905975,-1.48115253448,-1.36459648609,0.463533341885,-0.0524585917592
10670,-0.135999977589,-0.521893024445,-0.648279309273,-0.085972443223,-0.338933348656,0.198751449585
79071,0.823099970818,0.0335319042206,-0.677908301353,-1.02856516838,-1.38876676559,-0.147304356098
64746,-0.586449980736,0.388575553894,-1.83813881874,-1.63748717308,0.605799973011,-0.847623467445
5366,0.393900036812,0.454456448555,0.757193088531,0.329581916332,-0.547833383083,0.655585229397
11344,0.356299996376,-0.0970578789711,0.166186898947,0.115752264857,0.434533387423,0.181142479181
10013,-0.487900018692,0.981825768948,0.679860472679,0.191689401865,0.773366689682,0.735410511494
5829,0.537149965763,-0.518046855927,0.445229828358,0.679433643818,0.409500032663,0.765291690826
5257,0.752449989319,1.15627229214,2.38687038422,0.593595862389,1.73866665363,0.826500296593
22794,-0.59065002203,1.58033549786,2.0439016819,1.09258532524,0.427300035954,0.207797855139
9761,-0.297899991274,2.00276350975,0.656110286713,-0.0855494439602,0.415033340454,0.0363419689238
23326,-0.468199968338,-0.295833587646,-4.42922973633,-3.51453495026,-1.76150000095,-1.94010078907
10972,0.392549991608,1.51719713211,-0.554722428322,0.225994840264,0.339000046253,0.472512692213
10523,-0.714599967003,1.12205255032,-0.733849644661,-0.582009196281,0.213566690683,-0.39961463213
79090,0.573000013828,1.15355420113,1.33583164215,1.08690428734,0.815066695213,-0.311241835356
27032,-0.637799978256,2.54710078239,0.78564876318,-0.527317881584,0.422500014305,-0.462269842625
9097,-0.108249992132,0.351116418839,0.571331620216,0.200129464269,-0.558366656303,-0.421575903893
10513,-0.525649964809,0.240437448025,-1.03735327721,-1.22101867199,0.261766672134,-1.64972376823
1891,0.0323999971151,1.53850531578,-1.04869294167,-0.479729235172,-0.409433364868,0.631346940994
3066,-0.951599955559,0.375116914511,-1.7016658783,-0.864565432072,-0.0825666487217,0.513792514801
9801,0.144600003958,0.451718330383,-2.35066723824,-0.647748708725,-0.0195000469685,0.380198180676
1459,0.313650012016,-1.888931036,0.673990905285,1.22855520248,-0.656733334064,0.485799431801
9703,0.646800041199,0.449028402567,-2.68748044968,-0.562019467354,0.258600026369,0.0627727210522
10606,-0.811300039291,0.660035848618,-0.0399887561798,-0.226976752281,0.417033314705,-1.25932443142
1017,0.391300022602,-1.29351460934,-0.298047721386,0.931958496571,0.433966696262,0.349736362696
9813,1.44184994698,-0.343885213137,0.855815708637,0.143213033676,-0.612299978733,0.305110275745
7485,-1.11839997768,0.303873479366,-1.88668346405,-0.553290128708,0.418033331633,0.174571856856
2109,-0.143099993467,1.52219700813,-1.59324872494,-0.100813984871,0.557066619396,0.362398266792
23271,1.01964998245,-1.16513264179,0.193153560162,0.636327564716,0.00119999051094,1.04795706272
9915,0.365799993277,-1.70282971859,-0.185637623072,0.723493635654,-1.93760001659,0.174207404256
9552,-2.30964994431,0.267883777618,1.38152480125,0.752468109131,0.572633326054,0.788907945156
93487,0.816150009632,0.507874667645,-1.14303791523,0.708747029305,-0.401266694069,0.0542213022709
2956,0.556599974632,-0.956970691681,-1.07920193672,-0.0200601369143,-0.049600020051,0.705146431923
11065,-0.778149962425,-0.808677494526,-1.87814426422,-1.08828401566,-0.110966697335,0.257710844278
9653,0.31069996953,-1.02938294411,-0.487814426422,0.236156240106,-0.819100022316,0.610786318779
200081,-0.0671000033617,0.678655266762,-2.41720271111,-1.86834871769,-0.659533321857,-0.0322917476296
3337,-0.906550049782,-0.34494125843,-3.18248939514,-1.89253306389,-0.954200029373,-1.56186819077
11073,0.683200001717,-1.14124894142,0.791198074818,0.592727601528,-0.644566655159,0.727493703365
23,-0.453899979591,-0.288641989231,0.975496649742,1.65459060669,0.934300005436,1.47159314156
5641,1.18410003185,0.286413490772,0.513279974461,-0.0465339198709,-0.680966734886,0.88531088829
8720,0.320150017738,0.38064172864,2.80512332916,1.80024838448,0.701800048351,0.319958746433
10782,0.125049993396,-0.0900063067675,0.957300424576,0.335293412209,0.353633344173,0.565085172653
25932,0.588199973106,2.59281039238,1.43870127201,-0.544648051262,0.0790333300829,0.971819162369
3028,-1.15114998817,0.0716945081949,-1.38392210007,-1.16131854057,0.803633391857,-0.271636217833
6804,-0.819599986076,0.442654967308,1.40215826035,-0.106006264687,1.00713336468,0.927538692951
890,-0.603600025177,0.0818476080894,-2.02391719818,-0.595385372639,-0.0731333494186,0.0287034511566
6390,-0.676599979401,-0.490562498569,-2.37416028976,-0.675260365009,-0.484899997711,0.050940554589
4303,-0.40625,0.969124615192,0.866519868374,-0.240974962711,0.380600035191,-1.10711550713
10953,0.326249986887,-0.109355866909,-2.03949165344,-1.17878830433,-0.34293332696,-0.392552375793
22889,0.0227000117302,0.411502718925,-0.793199777603,-0.78619325161,-0.00903333444148,0.619431376457
3098,0.235900014639,0.868016719818,-0.929176032543,-1.01217055321,0.754266738892,-0.29623773694
11044,0.0599999949336,-0.420234262943,1.28134512901,-0.41379147768,-0.08816665411,0.372048139572
8985,-0.332899987698,-0.443230628967,0.300652861595,0.274660676718,0.450800001621,0.196125894785
66008,0.17215000093,1.83649659157,0.125266611576,0.457423955202,0.0037333406508,0.806124925613
9217,-1.02520000935,0.320713847876,-0.898297488689,-0.127627700567,0.221699997783,-0.130860179663
701,0.545849978924,-1.17686641216,0.712030529976,1.04000008106,-0.37313336134,0.637496650219
6182,-1.87665009499,0.562268257141,-1.50136995316,-2.91506147385,-0.0670666843653,0.486651599407
4860,-0.153200000525,-0.463684290648,-2.05760979652,-1.90337347984,-0.22650000453,-0.630902767181
7398,-0.500150024891,-0.769323468208,0.379532158375,-0.683498680592,-0.490533322096,-0.724601864815
6117,-1.27915000916,0.819782733917,-1.16739571095,-0.937813282013,0.294633299112,-0.392863094807
23588,-0.324200004339,1.12849295139,0.0407625436783,-0.0859794318676,0.737866699696,-0.450616598129
949,-0.286300003529,0.879734456539,0.111637219787,-0.313543915749,0.297899991274,0.25096014142
7168,-0.0920000076294,0.607634425163,-0.981435775757,-0.702059209347,-0.0139999687672,0.411980390549
9375,-0.278050005436,-0.0974496752024,-2.44326925278,-2.02040672302,-1.98156678677,-0.996597409248
4927,-0.866100013256,-0.241789013147,0.480856359005,0.929531335831,0.916199982166,1.42518186569
2523,0.636950016022,0.338850587606,0.315441012383,0.407865673304,-0.0532999634743,0.438724040985
58497,3.18650007248,0.326011300087,6.20998764038,3.89167165756,1.28460001945,0.718998551369
6856,-1.33429992199,0.679486215115,0.402073442936,-0.195131376386,0.526600003242,-0.15490680933
26036,-1.33735001087,2.43482780457,-0.538535356522,-0.841233074665,0.820966720581,-0.188894629478
10206,0.218849986792,-0.726067006588,0.556143343449,1.26122772694,0.0887333452702,0.229881554842
25793,-0.729949951172,0.742413401604,-0.116083920002,0.104957915843,0.0162000060081,-0.475053846836
55556,-0.413249969482,1.34025061131,-0.348189771175,-2.41278266907,-0.12539999187,0.443472266197
3978,-0.803250014782,0.202614367008,-0.946342229843,-0.1621530056,-0.181333333254,-0.00798162817955
10681,-0.667099952698,0.768787801266,1.62417626381,-0.0657311603427,0.610933303833,0.0529619455338
3638,0.228750005364,0.74002289772,-0.531593203545,-1.45013129711,-1.26433336735,-1.41330718994
8349,0.828799962997,-0.458142310381,0.965614616871,0.750758111477,0.0102000236511,1.15130603313
6275,0.149600028992,-0.82556116581,0.835197687149,0.339397460222,0.468200027943,1.82001376152
3895,0.0293000042439,-0.0756519883871,0.396651506424,0.288054585457,-0.283500015736,0.358450651169
392,0.783849954605,0.466699570417,1.42988967896,0.547657012939,0.356766670942,0.989055752754
9170,0.447450011969,-0.500377178192,1.12860918045,1.34341239929,0.774466753006,0.985094428062
80347,0.473350018263,-0.52090293169,-2.58090472221,-2.17348074913,0.111833304167,0.348707616329
23300,-0.0703499913216,0.0731475502253,-2.19366598129,-1.52762961388,-0.681233346462,-1.95559334755
836,-1.28980004787,-0.110286548734,1.45796811581,0.54732131958,-0.0599666535854,-0.0200945734978
11188,-1.46714997292,2.26538658142,-0.0367178618908,0.371130257845,1.67710006237,0.65055757761
10898,0.145200014114,0.302662611008,2.21645760536,2.42894172668,0.910933375359,-0.15157237649
9276,-0.940299987793,1.46932053566,0.0884958729148,-0.00583067536354,0.871433377266,0.561006426811
1647,1.92024993896,-1.16422605515,0.662593364716,0.573951005936,-0.215666651726,0.12070569396
10285,0.118000000715,-0.925473570824,-1.11822891235,-0.29553592205,-0.175900012255,0.999953866005
23386,0.429349988699,0.795106887817,0.0586859583855,-0.974186599255,0.368733286858,-1.74944865704
3156,0.771250009537,0.110521450639,-0.284935683012,-0.488029062748,-0.192499995232,0.224141657352
10237,0.059249997139,0.806202173233,0.39814683795,-0.315528929234,0.189566671848,0.243415698409
7077,0.540050029755,-1.10768938065,1.10164904594,0.0627042651176,-0.3641667068,0.48629155755
11157,-0.954800009727,-0.815610587597,-2.45995807648,-0.427276045084,-1.25526666641,-0.713004469872
22908,-0.731599986553,0.860987961292,-0.297778129578,-0.00825440883636,0.32116663456,0.242642462254
10915,-0.352400004864,1.05298340321,-0.404890745878,-0.392491400242,-0.107400000095,-0.181021153927
9897,0.142499998212,-0.356596112251,0.675521373749,0.449283599854,-0.115600049496,0.482660889626
1759,-0.959699988365,0.240498095751,4.91167545319,3.00534701347,0.702200055122,0.759241938591
54541,0.737049996853,0.558030366898,1.25554251671,0.409828692675,-0.691566705704,0.452435940504
211,-0.0760000050068,-0.549334645271,1.02595829964,0.488502383232,0.359266668558,0.486237347126
5048,-0.281199961901,-0.0861480757594,0.268979400396,0.468470662832,-0.322266668081,0.737603545189
84722,0.0711500048637,-1.48322212696,0.153877332807,0.225417077541,-0.139266684651,0.29193341732
29890,0.507799983025,-0.546978712082,0.967930793762,0.173561125994,0.181733354926,1.12209248543
9868,-1.97444987297,0.630995094776,0.906912147999,-2.6852209568,0.638333380222,-0.344192624092
873,-0.0263500213623,0.67005866766,-0.665374994278,-0.821193575859,0.264666676521,0.365443080664
5580,0.0801500082016,1.08524620533,2.99705505371,-0.381639540195,0.784633338451,0.366943240166
3725,1.30169999599,-0.502876937389,0.844904363155,0.68232011795,-0.369866669178,0.137875929475
23585,-0.323199987411,0.514282822609,-1.26244831085,-0.357069194317,0.264699995518,-1.52565693855
51097,-0.00094997882843,0.547707080841,-1.1173915863,-0.865579307079,0.023733317852,-0.303164541721
1831,0.143000006676,-0.651425719261,-0.341329604387,0.4020832479,0.603466689587,0.301865518093
7020,0.550000011921,-0.90824341774,0.953872561455,1.03863084316,-1.09809994698,0.853867948055
55893,0.0572500005364,-0.225861355662,0.54859149456,0.525110661983,-0.147166639566,0.144712477922
6944,-0.404649972916,0.161290496588,1.31899535656,0.863266646862,-0.0422000065446,-0.0711059868336
22883,0.296849995852,0.650559365749,-0.209295138717,-0.298661410809,0.416400015354,-0.184512108564
5601,0.186650007963,1.21272611618,0.527325928211,-0.318211764097,0.0280333012342,0.363282710314
10775,-1.1101000309,0.328812450171,-0.0416885688901,-1.80843400955,0.637800037861,-0.198009386659
4780,-0.279700011015,-0.557822167873,0.589825510979,0.705806910992,-0.248300030828,1.36375033855
10904,-0.413399994373,0.819306075573,0.644499778748,-1.0919829607,1.05876672268,0.0735501646996
9917,0.253549993038,0.119104132056,1.30043697357,1.21236252785,0.0610666573048,0.568915307522
1399,0.708150029182,-1.53914177418,1.23531365395,0.802797198296,0.10706666857,1.05260562897
24149,-1.79390001297,-0.1747687608,1.72203731537,1.23577749729,-0.126033350825,0.013263553381
2222,1.07365000248,0.447339743376,0.184719160199,-0.834701240063,-0.932500004768,-0.960082173347
10131,0.142100006342,0.915218353271,0.266448587179,1.30730879307,1.14059996605,0.527955532074
2958,-1.0815500021,-0.747408986092,-0.457419544458,-0.52024024725,0.236400008202,0.452231317759
9650,0.575599968433,-1.42649316788,0.198628559709,0.792773723602,-0.392699956894,0.231571614742
7319,0.292900025845,1.07583856583,1.50376987457,0.0592132210732,-0.389600008726,-1.10709822178
4817,-0.107649996877,-1.12720143795,1.79831266403,1.21263575554,-0.566333293915,0.95555126667
9143,-0.753200054169,0.62045276165,2.43183517456,1.48395001888,1.01193332672,1.30114734173
10494,-0.0242500007153,0.552422881126,-1.13920998573,-1.09058523178,0.0654333531857,-0.0351763963699
55324,-0.954349994659,0.640898644924,-1.49492645264,-1.42095077038,0.413166701794,-0.815510630608
23149,-0.420049995184,-0.682912409306,0.539435088634,1.15473592281,-1.38503348827,-0.189199954271
9943,-0.92015004158,-0.0849555358291,1.85652256012,-0.631734967232,0.375233322382,-1.05788469315
6599,0.466150015593,-0.713810384274,-1.38964223862,-1.26565861702,-0.801033377647,-0.313867360353
51031,1.05599999428,0.249040260911,0.11070561409,0.590307354927,-0.036499992013,-0.137573182583
3566,-0.17380002141,-0.887478470802,2.20831012726,0.530506432056,0.274266660213,0.89535433054
3815,2.43930006027,-0.463117718697,2.27594566345,0.743720948696,-0.358533322811,0.494049966335
8624,-0.697099983692,-0.152184739709,0.925692796707,-2.28714680672,-0.850000023842,0.000407299026847
27346,-0.120349995792,0.35635215044,-1.65330338478,-1.24070477486,-0.548566639423,-0.643471479416
10489,-0.287200003862,-1.10330307484,-0.250614464283,-0.0872890204191,-0.242266669869,0.912983775139
26128,0.153449982405,-0.163875162601,-2.64051270485,-1.52076220512,-0.547366738319,-0.0958203747869
79921,-0.194849997759,0.300280570984,-0.873574972153,-1.60321009159,-1.36883342266,-0.456692188978
55746,-0.45530000329,0.335053503513,-0.254043638706,0.614946961403,0.0370666980743,-0.153860986233
23636,-1.04689991474,0.439959079027,-0.530518233776,-1.0189883709,0.747799992561,-0.38542547822
10892,0.346400022507,-0.513611257076,-1.6323697567,-0.642967700958,-0.134833335876,-0.270097345114
10652,-1.07050001621,0.093954063952,-0.688771903515,0.423088550568,0.400533348322,0.236552134156
11004,-0.501550018787,0.433776140213,-0.564635932446,-1.58290886879,-0.223866641521,-0.426142156124
23530,-0.378949999809,0.307540625334,6.78265619278,2.05152225494,1.08616662025,0.77025949955
8826,0.43235000968,-0.796313583851,1.38054275513,0.0283517539501,0.559666693211,1.24060618877
3308,0.762099981308,-1.80944228172,-0.351432621479,0.414766907692,-1.385866642,1.0111823082
7153,-0.735899984837,0.353776007891,-1.59830880165,-1.63270294666,0.0234666615725,-1.33905243874
11041,-0.927349984646,0.629466235638,0.0580829530954,-0.053089812398,0.225800037384,-0.420756429434
6342,-1.00069999695,1.19424629211,0.179090037942,-0.584543764591,1.40590012074,-0.053075119853
5883,0.887250006199,0.856435000896,-1.0010150671,-1.61224842072,-0.845400035381,-0.250665545464
10589,-0.384550005198,0.479731947184,-0.0573419332504,-0.0289758890867,0.782599925995,-0.181040346622
5110,-0.908249974251,0.150101095438,-2.53431558609,-1.26284956932,-0.941066682339,-0.527698159218
4609,-0.891800045967,1.28322052956,0.465969443321,-0.492288887501,0.414033383131,-0.213331520557
5423,-0.152000010014,-0.376724362373,-0.246294915676,-0.307337582111,-1.06733334064,0.203553885221
1070,-0.238150000572,0.107934035361,-2.20178508759,-1.21723818779,0.0143000110984,-0.758405447006
10051,-0.878600001335,-0.534286618233,-1.07846808434,-0.746205508709,0.38560000062,-0.368238061666
6603,-0.340600013733,1.90629506111,0.0514721497893,-0.212276935577,0.292500019073,-0.45366102457
9019,-0.890900015831,0.11137843132,-3.19347000122,-1.92380714417,-1.10103344917,-1.65878665447
10969,-0.685949981213,-0.316694021225,-2.60784602165,-2.15314912796,-0.374566674232,-1.29834198952
9797,-0.627099990845,0.394321382046,-3.44920611382,-1.66453838348,-0.147433340549,-0.639976739883
4043,0.0670000016689,0.805647730827,-0.285953909159,-0.1965264678,-0.102899998426,1.58265256882
9519,0.0780500024557,-0.27749595046,-1.97282767296,0.191203832626,-0.233333334327,1.61518037319
8480,-0.122100003064,-0.12289622426,-2.20944595337,-1.33488130569,0.0150000154972,-0.29040774703
983,-0.998700022697,-1.31851923466,-1.24967193604,-0.793176233768,0.151833355427,-0.415026217699
10559,1.32089996338,-0.409638911486,0.876995742321,0.884121537209,0.275399982929,-0.192668735981
8508,-1.15610003471,1.28831493855,0.571637451649,-0.51048463583,0.782700061798,-0.305136978626
9275,-0.712599992752,0.624943077564,-0.790350794792,1.20002484322,0.448966681957,-0.618468999863
8914,0.373199999332,-1.47664129734,-1.60112810135,0.0861275196075,-0.110300034285,0.259886622429
54505,3.08504986763,1.64226806164,-2.00882077217,-0.62498497963,0.865566670895,0.0719837546349
6919,-0.332149982452,1.69529175758,0.975928902626,0.138789355755,0.335399985313,0.372284114361
2274,3.09049987793,2.58060646057,1.60747218132,-0.184125095606,-0.923166632652,-0.891288816929
2288,0.337249994278,-6.8223361969,-0.188494920731,0.896246194839,-1.52883338928,0.818162500858
7994,-1.29674994946,1.28496110439,0.237048879266,-0.383358299732,0.50396668911,-0.0150841772556
4216,-0.888299942017,1.88874566555,-0.836094379425,-0.607785403728,0.460299968719,-0.169553101063
7538,-0.414599984884,-0.378959298134,0.459061712027,0.234103739262,0.231833353639,0.634887635708
3628,-0.373750030994,-0.328397959471,-0.852272033691,-0.449903815985,-0.231966733932,-0.197211802006
2037,1.22734999657,-0.716957330704,-2.1020886898,-0.689731359482,-0.565066695213,-1.66224360466
2771,-0.0663499832153,-0.0922844707966,-0.168016582727,0.654666423798,0.54403334856,-0.887013435364
7264,-0.386749982834,-0.195700109005,-1.89110171795,-0.465722262859,0.760466694832,0.651409327984
1786,1.43974995613,-8.18972301483,0.281533420086,1.70208835602,-0.110700011253,1.20823919773
5873,0.8111500144,-1.55024266243,1.68120217323,1.0496455431,-0.130733340979,0.708052635193
780,-0.976350009441,0.481435358524,1.18284451962,0.914687156677,-0.37376666069,0.480355381966
9926,-0.95759999752,-0.194522351027,-1.25969791412,-0.169916242361,-0.335700035095,-0.36472928524
8446,-0.130199998617,-0.649601876736,0.550342738628,0.436531960964,-0.197199970484,0.68295943737
7159,0.682850003242,-0.868174433708,1.78567385674,1.84739923477,0.148700028658,0.470478653908
1026,-0.87760001421,0.445282846689,-1.54456830025,0.230744183064,-0.782699942589,-0.210101157427
7082,0.83780002594,0.846123695374,2.402967453,0.598159015179,3.09876680374,-0.26703581214
10058,-1.06560003757,0.0116575956345,-1.24409604073,-0.788874447346,0.828733325005,-0.0673053860664
10797,0.76164996624,2.73352861404,-0.736151397228,-2.17898225784,-0.2649333179,-0.9577242136
11230,-0.222000002861,0.380469590425,-0.388197541237,-1.63096964359,0.612233281136,-0.104484476149
30836,-0.123849987984,-0.431184381247,0.991374373436,-0.518086671829,0.833933353424,0.00743299722672
27336,0.150049999356,-0.407317817211,-0.0267307385802,0.373316764832,-0.173666656017,0.646912813187
9918,-0.0846999883652,-0.215187519789,0.580126166344,1.13926780224,-0.078499943018,0.0199657343328
79073,-0.0163999982178,0.768784582615,0.616107642651,-0.481804251671,0.352533340454,0.353053718805
9688,0.133600011468,-3.02431297302,-6.04996490479,-3.33867263794,-0.891933381557,-0.229456394911
23659,0.0246999561787,-0.286832153797,1.20883882046,1.46537590027,0.0207000076771,0.887857198715
8396,4.77909994125,1.63635969162,0.835861325264,-0.0261054262519,0.808233380318,0.352132320404
23077,-0.151250004768,0.663532972336,-1.13077056408,0.777274847031,-0.0322333425283,0.505860090256
10857,-1.61109995842,0.645119309425,-1.04068350792,-0.789642691612,0.286666691303,-0.712657809258
16,1.13199996948,3.73055911064,2.98417758942,1.66711878777,0.627566695213,0.146572470665
2817,0.219200000167,0.327559411526,0.668409943581,1.12436103821,1.15700006485,1.24399089813
60528,0.659500002861,-1.3005502224,-1.44692397118,0.165501534939,-0.677566707134,0.547426402569
5359,0.74430000782,8.18969726562,0.947559118271,0.824718177319,-0.197733357549,1.33911848068
1514,-1.34874999523,0.59765791893,0.0510775260627,-0.73972004652,0.272866666317,-0.685334980488
1509,0.133000001311,0.552488148212,0.665321469307,0.425089985132,1.09533333778,0.771088123322
9181,0.46130001545,1.92001724243,0.754523932934,0.367154568434,0.336933344603,-0.737922906876
3611,-0.360249996185,-0.320365309715,-2.57662820816,-1.24152493477,3.22936677933,-0.469796657562
4783,-0.0562000013888,-0.154868766665,0.893823266029,-1.23751068115,0.291033357382,-0.0980209410191
10123,1.02524995804,-0.796927034855,0.756381034851,0.676576733589,-0.171133309603,0.745789825916
8895,-0.877149939537,0.340420693159,-1.58366286755,-1.36959338188,-0.245800048113,-0.427272796631
9805,0.823300004005,-0.951120495796,4.49468946457,3.09230184555,0.268366664648,0.393376588821
4125,-0.527649998665,0.92720001936,-0.870116889477,-1.17034649849,0.452233344316,0.296102970839
1635,-0.525749981403,5.37677812576,-0.831669330597,-0.517680227757,-0.207433342934,-0.517421782017
4154,0.064200013876,-0.771696031094,1.89657592773,-0.764214277267,-1.03303337097,-0.388921320438
26292,0.0621000081301,-0.478309124708,-1.26590704918,-0.403841465712,-0.120033353567,-0.489974319935
5770,1.14709997177,0.595365464687,0.318700671196,0.353448957205,-0.106333315372,0.0149986660108
25874,-0.631099998951,-0.516254246235,0.850490629673,0.14023090899,0.52196675539,-0.256378263235
11319,-1.52275002003,1.01359176636,-1.64729952812,-0.79514670372,-1.17106676102,0.141627579927
1153,0.528999984264,-0.378811150789,-3.55237030983,-0.722159743309,-1.74433350563,-0.189502507448
11098,0.38124999404,0.65100556612,0.298158168793,0.153248995543,0.274499982595,-0.526248395443
8974,-0.202800005674,-0.622233986855,-1.10777759552,0.227049142122,-0.553166687489,0.114263668656
533,-0.192099988461,-0.809688508511,-1.68817400932,-1.97567713261,0.0535333305597,-0.567313730717
823,0.524650037289,0.801725029945,-1.51079702377,-0.559308648109,1.08823335171,-0.69949221611
6812,-0.814549982548,0.292136609554,0.431963205338,-1.29876589775,-0.0500666797161,-0.545966744423
3693,-0.880750060081,0.999101340771,-1.35692644119,-0.354929566383,0.63330000639,-0.335455715656
4891,0.394250005484,-0.753172934055,6.60301828384,5.51976966858,0.512133359909,1.24471580982
10954,-0.387549996376,1.14516699314,-1.16043651104,-1.65348351002,-0.458800017834,-0.305503338575
5909,0.472699999809,1.20837974548,0.333953499794,-0.405508130789,-0.233866676688,-0.0824997127056
9221,0.853450000286,-0.406300157309,-2.0428109169,-0.991822957993,-0.937966704369,-0.471301913261
847,0.375949978828,0.225339144468,-1.11507177353,-0.319670677185,0.762933373451,-0.413953483105
11072,0.0848500132561,-0.451219499111,0.495733261108,0.324243307114,1.02096676826,0.505447089672
10221,-0.380100011826,-0.618280827999,-3.92456459999,-2.63974165916,-3.28250002861,-2.94660806656
7158,-0.047100007534,-0.913567841053,-0.942580938339,-0.625710725784,-1.25353336334,0.588205814362
8678,1.53970003128,1.45075619221,3.8322057724,2.87094497681,1.25033342838,1.1295208931
11014,-1.01250004768,0.840870261192,-1.05121994019,-0.668066263199,1.43393337727,-0.81066006422
1994,-0.534049987793,2.70315527916,3.82001900673,0.922350525856,0.936100006104,-0.269397199154
3482,0.602349996567,0.751997470856,0.046699911356,-0.318885743618,-0.270566701889,-0.050211738795
25976,0.476700007915,-0.457754045725,1.93718016148,-0.0778252333403,1.17063343525,1.04167366028
10491,-0.128250002861,0.438408732414,0.418065965176,1.23437333107,0.126900047064,-0.341027736664
51053,1.26749992371,-1.33214950562,-2.0229074955,-0.583595752716,-1.18239998817,-0.964727163315
9267,-1.10274994373,0.571731328964,3.19786047935,-1.37565898895,0.963866710663,-0.917536258698
5547,-0.859450042248,-0.227283462882,-0.287091314793,-0.323003083467,-0.414666622877,0.0725348889828
6597,-0.60949999094,0.90604788065,-0.399496555328,-0.471276938915,0.946333348751,-0.369098782539
5836,0.460899978876,-0.58810967207,1.68255198002,0.857884824276,0.839100003242,0.556586146355
6118,0.847649991512,-1.35354816914,1.08913147449,0.905961036682,1.05030012131,-0.0298412106931
2961,-0.412449985743,-0.070176884532,1.15266537666,0.962848305702,0.540233314037,0.650017142296
310,-0.768200039864,0.293302863836,-1.85894775391,-1.79966533184,-0.470333367586,-1.2161232233
7296,-1.38829994202,0.602320611477,-0.498303830624,-3.63432240486,0.0335333347321,-0.775346040726
1429,1.03975009918,0.623894453049,0.0797865986824,-0.330692231655,-0.665666699409,-0.199627131224
2548,-0.418300002813,1.19508218765,1.77512001991,-1.55924749374,0.222800016403,-0.461013197899
6499,0.207100003958,0.360590964556,-0.0348483249545,-0.103786416352,0.261366665363,-0.332180827856
642,-0.686299979687,0.675461530685,-1.32811069489,-1.37297701836,0.344500035048,-0.322192847729
23076,-1.21955001354,0.442637205124,-1.35494947433,-0.630771040916,-0.424200028181,0.35335034132
10099,-1.47919988632,1.14582741261,-1.03068161011,-1.45367574692,0.226700007915,-0.487516582012
9817,1.19754993916,0.762726247311,0.481462180614,0.317827880383,0.582066655159,-0.0347956120968
9126,-0.487299978733,-0.509068071842,0.101349651814,1.83407092094,-0.165733337402,-0.205215096474
3930,0.444150000811,-0.326331973076,-1.78292679787,-1.44079995155,-0.289866685867,-0.521446108818
10450,0.218450009823,-0.127198830247,-1.06341540813,-0.300712734461,0.0792333483696,0.55877405405
54386,-0.802000045776,1.30608093739,0.494331866503,-0.397189795971,0.394133359194,-0.830981254578
664,-0.643299996853,1.30642390251,0.734004437923,-0.266024947166,1.16790008545,-1.25905013084
596,1.23664999008,0.23246255517,2.83368968964,0.657364547253,-0.30680000782,0.0939125716686
10180,-0.469550013542,-0.776202917099,1.04628920555,0.487129479647,0.28343334794,0.168197453022
1445,-0.882899999619,1.2388266325,-1.05962228775,-0.494444072247,0.32950001955,0.43230432272
230,0.317550003529,0.636105179787,-1.49237585068,2.58041501045,-0.636633336544,0.092559158802
9246,0.748950004578,-1.23458945751,0.982216060162,1.76343917847,-0.33060002327,1.51835203171
5092,-1.61704993248,0.967237889767,1.31841266155,0.420512467623,0.590033352375,-0.154858112335
23463,0.460049986839,0.573895871639,-0.554646193981,-0.351437866688,0.216066658497,0.620157241821
10007,-0.116200000048,0.590750575066,-0.0621039420366,-1.14402663708,-1.82079994678,-0.0270204693079
4925,0.183449998498,2.10992002487,1.72676277161,0.348676532507,-0.0635000169277,0.208288908005
6251,0.335599958897,-0.14235290885,2.3177986145,0.564928412437,0.0263666510582,0.231815099716
5782,-0.112900018692,0.292561799288,-1.29432570934,-0.582264661789,0.324933350086,-0.445091068745
5106,0.530099987984,-1.03083050251,0.583105623722,0.118100106716,-0.266566693783,0.748723566532
2673,0.736699998379,-0.35017234087,-1.2448091507,-0.141806229949,-0.35410001874,0.487332940102
644,-0.739899992943,0.606903851032,-0.420642018318,-1.94995605946,0.275333344936,-0.65911501646
6284,-0.461950004101,-0.169908821583,-1.70542407036,-2.29967474937,-0.992899954319,-1.62258040905
4605,-0.508149981499,-2.52648591995,-0.771771550179,1.20579981804,-0.218033343554,0.318354398012
6810,1.18454992771,-0.54915356636,2.32344126701,1.37072205544,0.337500035763,0.51632642746
54499,-0.171300008893,0.294121593237,-1.00075161457,-0.476545751095,-0.750733375549,0.957299113274
11007,-0.221650004387,0.624050140381,0.44213077426,-0.100507840514,-0.138833329082,0.508918702602
1643,0.558600008488,-0.567219614983,3.25643396378,0.25924885273,-0.631733298302,0.147920995951
25805,-0.805449962616,-1.03874254227,-0.889842033386,-0.150077968836,0.330166637897,-0.681250691414
3033,-0.815850019455,-0.708770692348,-1.6290307045,-1.06796956062,0.446933329105,-1.45973277092
2745,0.00575000047684,-0.257873535156,-0.309910237789,-0.0289035439491,0.469933390617,0.28431609273
9961,-0.551450014114,0.0602889545262,2.47144985199,0.767181813717,2.19916677475,1.11465215683
3925,-0.760600030422,-0.826042532921,-0.836601853371,-0.345787495375,-0.396733343601,0.577134370804
2582,-0.883400022984,0.625662565231,0.36453962326,-0.254465103149,0.210333347321,0.0818195939064
5792,0.777649998665,-0.352415710688,0.925682663918,0.933274030685,-0.0687666684389,1.04618787766
5236,-0.837050020695,0.581040620804,0.360843092203,-1.145657897,-0.223999977112,-0.335570454597
4016,0.106499999762,-0.450580626726,-0.828953742981,0.32797947526,0.255533337593,0.0258321464062
4651,-0.852200031281,0.538574934006,0.967983007431,-0.546417057514,0.358900010586,-0.846499681473
3988,-0.0658000037074,-0.73242598772,-1.12414634228,-0.543517589569,-0.422899961472,-0.305095613003
26227,0.561949968338,1.97536337376,-0.045285820961,-0.503782868385,-0.26836669445,-0.563585042953
7982,0.874549984932,1.18786525726,-0.208879828453,-0.82389909029,-0.340466678143,-0.317176699638
3551,0.365900009871,-0.848388791084,-0.255467355251,0.0986388325691,0.10216666013,0.587227761745
5108,-0.642549991608,-0.459757357836,0.07253241539,-0.414109021425,0.100433319807,-0.982199788094
8870,1.57774996758,-0.574787974358,0.707018017769,0.812873125076,-0.875433385372,0.560580730438
2195,-0.675750017166,1.10130059719,0.00648200511932,-0.244901567698,0.803366720676,-1.16483175755
8731,-0.990149974823,1.28819799423,-0.10082667321,-0.625284135342,0.733966648579,-0.989874780178
1956,-0.790000021458,0.72047996521,3.47151994705,1.79758358002,1.51880002022,0.0375561825931
10276,0.345149993896,0.220801770687,-1.65084469318,-3.37769055367,-0.734966754913,0.158135056496
1666,-0.318949997425,-0.756624698639,-1.87107050419,-0.889833390713,-0.294433325529,-0.0329239368439
4864,-0.49690002203,0.67189592123,0.0736743584275,-0.794458210468,0.200466662645,-0.0438386201859
4232,-0.328450024128,0.0876602679491,0.732344210148,0.38604709506,-0.441533386707,0.821764945984
5050,-0.440299987793,0.193437367678,-0.88906031847,-0.890403985977,0.125866681337,0.521499991417
813,-0.141250014305,-0.850633382797,-1.78010547161,-1.7947717905,-0.248400017619,-0.304144382477
3964,-0.398549973965,-0.0514107085764,5.07078170776,4.46213150024,1.46423339844,1.12078607082
26020,-0.694800019264,0.627493441105,0.294635981321,-1.28691196442,0.89509999752,0.0349378436804
481,-1.03384995461,-0.456177651882,-1.0532553196,-0.277273118496,0.689900040627,0.0785547047853
5019,-1.37835001945,0.166379362345,-2.11480593681,-1.8028588295,-0.509100019932,-0.896087050438
291,-0.606699943542,0.569848060608,-0.502269148827,-1.34165740013,0.375366687775,-1.32556033134
10973,-1.04275000095,0.693550944328,-3.06792545319,-0.694043159485,1.00353336334,-0.0474717319012
9697,-0.270750015974,-0.885812997818,-1.31865739822,0.870764493942,0.120433337986,0.312032014132
5831,0.0708000063896,2.28640699387,0.476592481136,-0.388496339321,0.0636999979615,-0.328052848577
8202,-0.222999989986,1.34471356869,0.132785096765,-0.0394413918257,0.645633339882,-0.491558760405
57804,-0.65465003252,3.2622127533,0.249634385109,0.0863209366798,0.13123331964,0.278984934092
5566,0.214300006628,-1.10177874565,0.78553301096,0.682283163071,0.141266673803,0.617230892181
57149,-0.708500027657,0.535432696342,1.541187644,1.44747161865,1.16153335571,-0.373356044292
7416,-0.384500026703,0.799844324589,-0.439122855663,0.414435505867,-1.02626657486,0.660905063152
10174,-0.728349983692,1.16489672661,-1.97341322899,-2.12788963318,-1.39933347702,-1.4214758873
6676,-0.0552499890327,-0.589450001717,0.433206558228,0.87177670002,-0.872566699982,0.841589212418
8884,-1.00705003738,-0.248856827617,-2.39123916626,0.0982127562165,0.237866684794,0.575038909912
5997,4.0611000061,-0.222613319755,5.93944406509,3.47477674484,1.43833339214,1.28563129902
57147,-0.613900065422,0.189940616488,-1.72326266766,-0.674581289291,-1.73170018196,-0.790500819683
6909,0.66345000267,0.353887438774,0.830003380775,0.27955955267,0.167500048876,2.68101716042
9093,0.245549991727,-2.29073810577,0.24199745059,0.873646259308,-0.464833348989,0.412655770779
23142,0.935000002384,-0.292662829161,0.465857595205,0.616214334965,0.436200022697,1.09587228298
8444,0.155000001192,-0.911104619503,0.574280440807,1.90273714066,-0.993900001049,0.207333058119
11232,0.738049983978,-0.584441125393,-0.53776037693,-1.38678359985,0.0946667194366,0.419043660164
27095,-0.469449996948,0.605125844479,0.81974363327,-0.548405051231,0.776599943638,-0.776859879494
10732,0.968150019646,0.564635515213,0.628787994385,0.600431263447,-0.486733317375,-0.463145554066
23029,0.462700009346,-0.947724759579,-1.77764332294,-4.58062648773,-3.6062002182,0.768260776997
9270,-0.393450021744,-1.76116621494,-1.85473155975,-1.11174988747,-0.575333356857,-0.191542431712
47,-0.230700001121,0.970510482788,0.358185648918,-0.434867709875,0.213899999857,-0.659910619259
5889,0.0435000061989,-0.706891715527,-0.424543470144,0.675466418266,0.34566667676,0.205074489117
8243,-0.159150004387,-1.56428563595,-1.74319648743,-0.0671810507774,-0.84573328495,0.0540161281824
10730,0.109949991107,1.50767147541,-1.26783466339,-2.73947358131,0.796366631985,-0.500440657139
30,0.787850022316,-0.10416995734,-1.30722212791,-0.861900269985,0.323166668415,-0.510493397713
7466,0.648450016975,-0.460322290659,-0.127403005958,1.24648046494,0.52110004425,1.16918551922
89910,0.296050012112,0.484868168831,0.863907456398,0.443708002567,0.599933326244,0.169966310263
56654,0.149450004101,1.41709518433,-0.419802457094,-0.700493752956,0.144766658545,0.728990018368
501,0.19010001421,-0.402276962996,-0.319724321365,-0.899790167809,-1.52776670456,0.0407462120056
5438,0.2323500067,0.480753749609,-0.374376893044,-0.119935274124,0.291666686535,-0.285665839911
26993,-0.576250016689,1.1889193058,-2.41042995453,-0.0997642353177,0.584833323956,-0.13838031888
55111,-0.131649971008,0.232654392719,0.80097424984,-0.159252211452,0.198066651821,-0.129649609327
8520,0.0856000036001,-1.1422894001,-2.90570306778,-0.416365385056,-1.1359333992,-0.11528788507
10146,-0.577899992466,-0.0303381830454,-3.1056997776,-1.30733561516,-3.16243362427,-1.51426076889
7165,0.317999988794,-0.0641860365868,-1.45304524899,-1.38960957527,0.0285000056028,-0.405902922153
55011,0.00190000236034,0.596796870232,-3.90765786171,0.593194544315,0.625866651535,-0.887746870518
6461,0.307850003242,-0.349984139204,0.455677717924,0.624232828617,-0.0857666432858,0.607550621033
10813,-0.699249982834,-0.63300973177,-2.64849424362,-1.18143105507,-0.422933369875,-0.344983786345
80746,-0.521450042725,0.0465396642685,-0.224472418427,-0.634537220001,-0.61310005188,-1.36317050457
10434,-0.183650001884,0.479043275118,-3.79243612289,-1.50686132908,-0.321633338928,-1.11469078064
5607,0.738900005817,1.26220405102,0.744310498238,-0.508317351341,0.104866683483,-0.637199223042
22827,-1.5203499794,0.522760808468,0.109779551625,0.585681080818,0.606833338737,0.581811547279
51635,-0.304650008678,1.41923713684,-1.7305059433,-1.50636780262,0.0,0.0
84159,0.294049978256,-0.272759497166,0.882014811039,1.1337428093,-0.252566695213,1.22877001762
3508,-0.413399994373,3.81455397606,2.58557057381,2.07898283005,0.354733347893,-0.0899429917336
84890,-0.724799990654,0.491127848625,-0.418429791927,-0.505303740501,-2.55110025406,-0.579409003258
79600,0.79105001688,0.000261653214693,-0.90590929985,-0.983069181442,-0.136400014162,-0.116467356682
8574,0.124650001526,0.340500354767,-0.476718395948,-0.238299936056,-0.170900017023,-0.399297833443
5529,0.667350053787,-8.02991199493,0.682765483856,0.348851680756,0.111166656017,0.91825824976
3909,-0.646600008011,0.969074547291,-0.192644834518,-0.358145743608,0.247233331203,0.653717696667
9637,1.18389987946,-0.282372891903,0.971899390221,-0.329413175583,2.04979991913,-0.615172028542
8518,-0.474299997091,1.05047357082,1.11868572235,-0.17739571631,1.12606668472,-0.023700658232
6443,-0.943450033665,0.73036390543,0.0913207232952,0.30903339386,-0.817100048065,-0.506705522537
58478,-0.827449977398,0.015849288553,-1.97350013256,-2.24363160133,-0.290933310986,-0.570166707039
4850,0.304650008678,-0.17881205678,0.431325137615,0.023896984756,0.329199969769,0.548434138298
23210,-0.839650034904,0.348418772221,-0.617845773697,-0.319418072701,-0.214866638184,0.248179227114
54733,-0.0415500104427,0.587546765804,-3.5883102417,-2.33867001534,-1.77300000191,-0.313997656107
55129,-0.0541999936104,0.626391649246,0.43650752306,0.863097906113,-1.22899997234,-0.0141697525978
10273,0.580299973488,0.860034406185,-0.359869897366,0.456554740667,0.426299989223,-4.49482011795
572,-0.807749986649,0.17307049036,-0.456718713045,-0.49254077673,0.106466650963,-0.20342451334
5716,-1.422549963,1.59949231148,1.44884943962,-0.173628389835,3.07960033417,-0.729459702969
22841,-0.105949997902,-0.729971289635,-0.390215456486,0.208815231919,-1.07829999924,0.654408693314
2356,-0.603700041771,1.21740043163,0.454044789076,-0.135988041759,0.226666748524,0.528347849846
6050,-0.239050015807,0.582781553268,1.77843594551,2.01683688164,0.602100014687,1.64915108681
64422,-0.141250014305,0.568052887917,-2.06675839424,-1.04283249378,0.182566672564,-0.414669811726
8837,-0.0416499972343,-0.388494312763,3.9438958168,0.246237039566,-0.527766704559,1.77152943611
55127,-0.242049992085,0.689572632313,-0.986530661583,-0.377014696598,0.906899929047,0.126305952668
23335,0.581699967384,1.80936813354,1.69338905811,1.3021453619,-0.0841333866119,0.733182549477
10270,0.101949989796,0.509642481804,1.16316199303,0.67189180851,0.532333314419,0.514822483063
6509,1.5217499733,0.974559962749,0.726203978062,0.462672382593,-0.0408000051975,0.509620010853
83743,-0.726800024509,0.785135447979,-0.414575338364,-0.283912241459,0.358600020409,-0.0808609127998
6772,0.200050011277,-1.26806032658,-0.512472569942,0.307412654161,0.299266666174,-0.503049731255
22887,-0.800549983978,1.36823630333,-1.30089020729,-1.36669325829,-0.583266735077,-0.957439899445
51001,-1.27404999733,-0.569107174873,-0.348430126905,-0.00942853838205,-0.385933339596,0.801691651344
26511,-0.79105001688,0.716831564903,-1.32970333099,-1.1878272295,-0.167933344841,-5.16188430786
7874,-1.09695005417,1.30377244949,-1.88095998764,-0.953078448772,0.628166675568,-0.219621986151
51070,1.22510004044,-0.368897974491,-1.77039980888,0.183069601655,-1.93200016022,-3.87118840218
1738,-0.658800005913,0.1824477911,-3.78963184357,-2.49140644073,-3.14226675034,-2.1790497303
3416,-0.519500017166,-0.585842311382,0.158205941319,-0.501566052437,-0.569666624069,-0.0989571213722
9128,-0.680850028992,0.0523201189935,-2.45960712433,0.146833389997,-2.47733330727,0.036789894104
9833,-0.784600019455,-1.63013720512,-2.56866574287,-0.245928823948,-0.431700050831,0.0289505571127
4088,0.250950008631,0.292018353939,-0.539516091347,0.224740684032,-0.526499986649,-0.724404096603
5018,-1.64584994316,0.856092095375,-0.758607327938,-0.470937818289,0.443133294582,-0.352242082357
51375,0.280650019646,0.0291510224342,0.723759531975,-0.101435378194,-0.804000020027,0.20163166523
55038,-0.691599965096,-0.413182497025,-2.11452960968,-0.168163105845,-0.570733308792,0.114758729935
23061,-0.0974000096321,0.628291428089,0.410550624132,1.06954264641,0.594400048256,0.67282474041
64428,0.410400003195,-0.821628928185,0.335773676634,0.0139957815409,-0.884133338928,-0.380124092102
11325,-0.462449997663,0.294814676046,-1.89995312691,-1.18812704086,-1.60396671295,-0.92565882206
9641,0.617049992085,-0.0910044908524,2.70724201202,1.18403112888,-0.17990000546,0.331878572702
23038,-0.335700005293,-0.190116494894,0.122706018388,-0.552691102028,-0.205966666341,-0.279353916645
57048,0.94470000267,-0.876335024834,-0.823455691338,0.131532728672,0.434166669846,0.267758667469
94239,1.37615001202,-0.840606987476,0.179828509688,0.822667360306,0.820766687393,0.319829106331
51203,-0.163000002503,-1.32428824902,-0.500819325447,-0.0214529633522,-0.293033361435,0.00150734744966
388650,-0.280799984932,-0.391602277756,-3.95159769058,0.924022376537,0.118533313274,0.744152188301
23039,-0.650350034237,0.461313128471,-0.88046336174,-0.799835324287,-0.54563331604,0.0533083081245
55179,0.39794999361,-1.08019089699,-0.380687624216,0.236278355122,0.460000008345,0.309494554996
5827,-0.306499958038,1.12553668022,-0.817770123482,-0.94531917572,0.724266648293,-0.629261493683
10245,0.183500021696,1.01719594002,-0.844865322113,0.447614908218,-0.865599989891,-0.40814524889
6813,0.457149982452,-0.416443198919,-0.18590554595,-1.16760659218,-1.13616669178,-0.161536604166
3251,-0.236699998379,-0.15714751184,-2.06291532516,-1.61047935486,-0.0270333588123,-0.981570959091
23212,-0.264999985695,-0.0607848018408,1.33917057514,-1.31221735477,0.134333342314,-0.671415567398
23536,1.24670004845,-1.28153550625,0.269516855478,-0.685015320778,-0.86433327198,0.14063949883
51282,0.664600014687,-0.281820952892,-1.20139122009,-2.30994415283,-0.776333391666,-1.43031013012
10227,0.827199995518,0.920013189316,0.387909710407,-0.493200987577,0.525599956512,-0.368315041065
50813,0.507350027561,1.1399846077,1.73056566715,0.977264285088,-0.0417000055313,-0.0848977193236
51024,-0.152300000191,0.884221971035,1.15248119831,0.534019827843,0.646766722202,0.587916135788
53343,0.330099999905,-1.10118854046,-2.53745150566,-1.70047092438,-0.340933352709,-0.432148694992
1465,0.0688499957323,0.273691952229,-3.91382408142,-0.790844142437,-0.199933350086,-0.179136097431
79006,0.49019998312,-0.0614038035274,2.06207585335,1.81864547729,-0.380333334208,-0.0652268826962
6988,-1.00209999084,1.06070435047,1.50250160694,0.0788508802652,0.510766625404,-0.671130120754
11011,0.0695500001311,0.539486050606,1.89408218861,1.78552317619,0.994766712189,-0.376989901066
23325,0.310949981213,0.284762710333,-3.35365653038,0.442334860563,-3.22083353996,0.885971486568
10049,0.101000003517,0.654178023338,0.0541055984795,0.117119953036,1.08503341675,0.974502503872
3157,0.490099996328,1.33085942268,2.38084459305,-0.417972892523,-2.58063340187,-0.12026900053
200734,0.484849989414,-0.749552845955,0.177654489875,1.05630981922,0.0596999824047,0.206542998552
9053,0.446950018406,0.283396065235,2.62460613251,-0.283954918385,0.461333334446,0.67076086998
79094,2.95129990578,0.156329214573,0.820265054703,0.533949136734,-0.649566650391,0.018529266119
2778,-0.543599963188,-8.27927017212,-2.04448008537,-0.854826211929,0.232899993658,0.323875963688
54881,0.59944999218,-1.83120298386,1.80282855034,0.00730984751135,-1.43060016632,0.269515156746
54807,-0.168199986219,-0.425340473652,1.28248071671,0.160260915756,0.460633397102,1.12106895447
323,-0.137350007892,-0.611663162708,0.229362308979,0.85831540823,-0.553433299065,0.250879049301
26001,0.15150000155,-0.318734645844,0.343376874924,-0.389300316572,0.421000033617,-0.0382240414619
10190,-0.417699992657,-2.70415711403,-3.2441110611,-1.0675753355,-1.16829991341,-4.60853242874
9686,-0.141549989581,2.4633936882,1.62249207497,-0.696006238461,0.610900044441,-0.695732951164
54915,0.127100050449,0.414011031389,0.0771297812462,-0.597372472286,0.887766718864,-0.972034335136
23658,0.707200050354,-1.52649688721,-4.24006128311,-1.47964584827,-2.09876656532,-0.638586640358
7750,-0.436349987984,0.636651217937,-1.78954386711,-1.15329897404,0.0459666997194,0.226362079382
79643,-0.169449999928,-1.24916708469,-2.83253216743,-1.41953468323,-0.30133330822,-0.778012394905
9488,-0.482249975204,-0.522329747677,0.0433949381113,2.02145934105,-0.495399981737,0.402465343475
11200,-0.381150007248,-0.370558053255,-1.71315157413,-1.71095764637,-0.52653336525,-0.455581188202
65057,0.43520000577,-0.978026866913,-0.171929121017,0.189850330353,-0.0390333533287,-0.466776609421
6832,0.290149986744,-0.760729134083,0.0708762854338,0.444832026958,-0.530500054359,0.708838939667
23131,-0.79935002327,2.01265287399,4.97224760056,2.0143840313,0.623166680336,0.181087315083
10776,-0.156149998307,0.218653708696,-1.43330347538,-0.908092677593,-0.922433376312,-0.770567715168
6253,-0.229299992323,-0.0175970718265,1.34721148014,1.3102273941,0.529733300209,0.971038460732
79716,0.943949997425,0.438452333212,-1.39257085323,0.670540332794,0.0372333228588,0.343137800694
29978,0.551249980927,-1.45059096813,-2.17131996155,-1.19395208359,-0.653866648674,-0.605703949928
9988,-0.611750006676,-0.0766570866108,-0.897010326385,-0.511490762234,-0.471799910069,-0.511262655258
10845,-0.621549963951,1.91356265545,-0.0384367182851,0.0874935984612,0.0615666657686,-0.518968224525
54957,0.680249989033,-0.313388288021,-0.325691640377,0.337104737759,0.855266749859,-0.0672163888812
79170,0.51289999485,-0.144989997149,0.273897856474,0.30454069376,-0.375066667795,-0.321741938591
10610,-0.3492000103,-0.478640347719,0.152164459229,-0.0585791319609,0.26426666975,0.226582631469
128,-1.74010002613,-1.06546127796,-1.08038949966,-0.460411071777,-0.225500017405,-0.0989971011877
51026,-3.03479981422,-1.28612601757,-2.67228150368,-0.0966805964708,-0.820733308792,-0.944429755211
5498,0.979250013828,-0.951662182808,-0.132153332233,0.522622168064,0.716366648674,0.783850193024
124583,-1.22804999352,-0.748719990253,0.0863409042358,-1.00732171535,0.986766695976,-0.0460482090712
9455,-0.193500012159,0.208873301744,-4.46161842346,-0.0977468490601,-0.267066657543,-0.208936274052
1212,0.203050002456,-0.0638178363442,-0.674197673798,-0.349800527096,0.350433349609,0.649572908878
5255,0.389399975538,0.360453784466,-0.84753882885,-1.98403835297,0.947600007057,1.10176110268
9448,-0.303749978542,0.213209569454,-1.73514032364,0.521275222301,1.10973334312,-0.0834356099367
9924,0.89509999752,0.39842414856,-0.498698413372,-0.638464093208,-0.350200027227,0.442657887936
5480,0.718799948692,0.893248021603,0.444026917219,0.314787209034,0.173299998045,-0.386809468269
1983,0.167650014162,-0.348238676786,-1.77794611454,-0.644288539886,0.0728000104427,-0.222172230482
56889,-0.310350060463,-0.377341985703,-0.707765877247,-0.598456084728,-0.106966659427,-0.348367035389
79080,-0.69034999609,0.199086800218,1.40607857704,1.18602442741,0.388799995184,0.698406457901
9016,0.148950010538,0.115369766951,-0.925323486328,1.01546478271,-0.520033359528,-0.948618769646
6915,0.297199994326,1.10979831219,0.687658250332,0.710128903389,-0.498566687107,0.315153121948
9709,1.66785001755,1.12339818478,1.85874950886,-0.142053157091,-1.51666665077,-0.570544242859
116832,-0.792299985886,-0.100208930671,3.32629156113,2.29831886292,1.13759994507,0.094055339694
670,0.514450013638,-0.32971060276,1.1735367775,1.09007358551,0.217599987984,0.748323619366
7867,0.23575001955,-1.13986432552,-2.63279104233,-2.64241886139,-0.80060005188,-1.07756733894
79143,0.117699995637,0.759198367596,-1.00485014915,0.76278346777,0.851666688919,0.627489209175
11284,0.0130999982357,1.02919483185,0.396165728569,-0.234044626355,1.2813000679,-0.518126189709
23443,2.17414999008,0.41096252203,0.323181629181,-1.74737119675,-0.359133332968,-0.286681830883
51599,0.175200000405,0.246407419443,0.984070658684,0.556261301041,-0.0622333288193,-0.675985693932
5927,0.335950016975,2.98479032516,0.844956159592,0.431058585644,0.371733337641,-0.0369683504105
55793,1.0597499609,0.10460999608,2.5979745388,2.40632534027,-0.133933335543,0.0499444901943
5867,0.204800009727,0.431438982487,-1.17794072628,-0.498741567135,-0.618533372879,0.890185475349
7866,-0.820950031281,0.127778753638,-1.82488107681,-0.84537011385,0.048700042069,-0.307472616434
25825,-0.283950001001,0.44951915741,-1.74127459526,-1.41446828842,-0.182133302093,-1.51042199135
4067,0.880950033665,-0.302273660898,1.65841400623,0.674981236458,-0.488733321428,-0.0860911309719
51015,0.304300010204,-0.219200626016,-0.616625547409,-0.050012871623,-0.317799985409,0.893289089203
5891,0.756550014019,-1.00298452377,0.420541882515,0.360882639885,-0.495766669512,0.195714488626
3300,-0.454450011253,0.940896630287,1.274512887,1.49605631828,0.560400009155,1.03033673763
64781,0.829450011253,-0.798379600048,0.0159524716437,0.119411215186,-0.690900027752,1.13657343388
51056,-0.089649990201,-0.790260255337,0.900575041771,0.592284202576,-0.296666681767,0.457505226135
8550,2.91009998322,0.516684055328,-1.36346495152,-0.96791446209,-0.324666678905,-2.19932866096
50810,-0.0261499993503,-0.0794307366014,-1.84154510498,-1.12772583961,-0.836333334446,-1.20596337318
23011,0.140450000763,-0.364904999733,-0.966120958328,-0.459154725075,-0.693499982357,0.387034356594
11168,-0.493549972773,1.00586986542,-0.721363067627,-0.953209996223,0.208033382893,-0.819671034813
1385,-0.0782499983907,2.17513132095,1.13756906986,-0.900647699833,-0.44000005722,0.6814006567
10150,0.183200001717,0.0196604505181,-1.1963351965,-0.511578679085,-0.179399996996,-0.588773369789
29763,1.60685002804,0.640186131001,1.18795967102,1.28757870197,-0.19910004735,0.259127140045
9112,-0.281650006771,1.11601245403,1.35498714447,0.903907895088,0.808599948883,0.585207462311
23499,-2.01314997673,1.66410732269,-3.28346061707,-0.562438845634,0.453233361244,0.152465745807
85236,-0.0734999999404,0.560738563538,0.267773658037,-0.151445358992,0.15860003233,-0.571130812168
5096,-2.09894990921,0.00812901556492,-1.33465993404,-0.544444561005,-0.0723666697741,0.0193978399038
55620,0.209299981594,0.342266052961,-1.05839025974,-0.938560664654,0.354866623878,0.221738368273
5373,-0.3804500103,-0.53605234623,1.10141193867,0.644743680954,-0.191633343697,0.0590945482254
51170,0.470600008965,-0.864191234112,-1.44255542755,-1.1226991415,-1.19473338127,-0.422079265118
54850,-0.169350013137,-0.934252142906,-1.07127094269,0.205244511366,-0.359599947929,0.34626147151
80349,-1.56410002708,-0.559859514236,-0.949391424656,-0.340147048235,0.249166667461,-0.101167485118
355,-0.564049959183,0.564666450024,-1.37846636772,-0.953931927681,0.547200024128,-1.00563049316
1062,0.18520000577,-0.0920668393373,-0.412236720324,0.602966725826,0.268133312464,0.428907454014
8804,-0.854100048542,1.53463947773,0.61094802618,0.104475170374,0.403366684914,-0.89576792717
80758,-0.173649996519,0.592180192471,-0.730132877827,-2.9753715992,0.140700027347,-3.27682423592
375346,0.308200001717,-0.617177903652,1.40351676941,2.06062364578,-0.575933337212,0.612126231194
51385,0.847000002861,-0.838152587414,0.138655543327,1.11207640171,0.422466665506,0.455336391926
55748,-1.4471000433,-0.697211027145,-0.82580447197,-0.488094478846,0.391466706991,-0.132995560765
10318,-0.240850001574,1.31115448475,0.0724867135286,-1.30962216854,1.2310334444,0.101996541023
54681,0.408550024033,0.939698398113,0.192969799042,-0.588969707489,0.269499987364,-0.587122559547
7905,0.577200055122,0.50334072113,-0.787165522575,-0.365699589252,-0.334199965,-0.907872080803
28969,-0.82279998064,0.0402029752731,-1.16972088814,-0.943729639053,-0.121266663074,-0.323118716478
10668,-0.402199983597,-1.00286114216,-0.342545956373,-0.979789495468,-0.766333341599,1.43174433708
51005,-0.315149992704,0.954557418823,2.31156754494,1.07982587814,0.766200006008,0.174823015928
8800,0.738749980927,-1.28741157055,-0.595698952675,0.511185765266,-0.936300039291,0.456866681576
54438,0.362949997187,-0.62631726265,1.3043282032,0.251852542162,-0.696999967098,0.26118683815
55825,0.204599991441,-0.442284822464,0.266942322254,0.817688822746,0.485666692257,-0.358969569206
8835,0.302899986506,-1.06022393703,-0.125750258565,0.602276206017,-0.32416665554,-0.137465819716
64429,-0.00135000050068,1.06983673573,-1.26847958565,-1.13306641579,-2.19339990616,-2.93208837509
3682,-0.384200006723,-0.582993149757,-0.0958508551121,-0.525688529015,-0.610499978065,0.253586769104
10329,0.803349971771,0.0460904799402,-1.28545618057,-0.990185379982,-0.777199983597,-0.449984490871
27109,0.0619499981403,0.0184276495129,-2.01917552948,-1.52015626431,-1.00733339787,-1.42605495453
51335,-0.079150006175,-0.0553998202085,-3.19881391525,-1.26378333569,0.120433330536,0.2712046206
3202,0.529500007629,1.40116596222,-0.398279726505,1.04031717777,-0.0805333331227,0.627470493317
2896,-0.121350005269,0.813101053238,-0.206157401204,-0.125368535519,0.399366647005,0.253035217524
79902,0.958150029182,-0.630157411098,-1.76521968842,-0.435000061989,0.00216668844223,-0.0929012298584
29083,0.00944998860359,-0.228045463562,-3.21286201477,-0.36451074481,-0.49350002408,-0.447143346071
5747,0.196850001812,-0.725803434849,0.253211170435,-0.173592627048,-0.608433365822,-0.153648495674
22905,2.70854997635,0.55849391222,0.765663027763,0.520535469055,-0.705666720867,0.486525684595
63933,0.136549949646,-0.0771246850491,0.340907394886,-1.57133865356,0.162100046873,-0.909671545029
9847,-0.0467000007629,0.453028738499,-0.406690567732,-0.811325311661,0.994099974632,-0.567799031734
51021,-0.44215002656,0.177826270461,-2.04758858681,-0.566260099411,-0.246700018644,0.218796879053
8996,0.402899980545,-0.0730273276567,-1.12799024582,-1.16130161285,0.950133323669,-1.01389849186
7376,0.425900012255,-0.404284477234,2.53780126572,0.466002881527,0.0446000248194,0.209298044443
5357,-1.34350001812,-0.14792509377,-1.04342389107,0.478186011314,0.425099998713,-0.82893550396
56940,0.262849986553,-0.119648307562,-0.0784575343132,2.14979290962,-0.14063334465,0.681751132011
6195,-0.982349991798,0.935243427753,-0.629977941513,0.909889519215,1.04723334312,-0.790564894676
1633,-0.117650002241,-0.722198486328,-0.736096799374,-1.31074857712,-0.0987666845322,-1.23787808418
23321,0.301399976015,-1.06639480591,-0.440130978823,1.01045048237,-0.65873336792,-0.0270439982414
51160,-0.553600013256,-0.152839243412,-1.52346038818,-0.416016310453,0.0418000072241,1.03746986389
55604,0.120100006461,1.08287119865,2.87896442413,2.04322361946,0.443499982357,0.0333532914519
2063,1.29364991188,-1.3956297636,-0.63868367672,-1.2101405859,-0.105866700411,0.305442303419
54512,-0.343549996614,-0.200374558568,0.946987390518,-1.30473327637,-2.02216672897,-2.36848163605
9124,0.034049987793,1.32514977455,1.76801371574,1.20593905449,0.254433333874,0.842290103436
79174,0.186850011349,1.08075547218,0.012659817934,0.32811704278,-0.115766704082,0.481386631727
23223,-0.0226000100374,1.37839198112,-0.695910096169,0.784308314323,-0.182966664433,0.282080709934
39,0.890850007534,-1.64593863487,-1.84315872192,-2.05601429939,-0.791866660118,-0.428874224424
57215,-0.0467999950051,-1.24861288071,-2.19640874863,-3.10610055923,-3.17760014534,0.0422231405973
1052,-0.0446999967098,-0.922472953796,-0.411735206842,0.20123963058,-0.0515333414078,0.219812572002
23139,0.0281499922276,0.086993560195,0.154689311981,-0.35742983222,1.41109991074,0.0636270642281
79947,0.0291500091553,-0.102449558675,1.39000177383,2.01514792442,-0.155933335423,0.303362250328
4616,0.159449994564,-0.911321699619,0.432153582573,0.758476018906,-0.0832999646664,0.330303370953
9710,0.732699990273,-0.19174066186,-0.689493000507,1.05222475529,-0.608066678047,0.432843327522
6990,-0.752750039101,-0.272020965815,-1.75175988674,-1.2754240036,0.183366656303,0.0186709165573
29082,-0.503149986267,0.370918005705,-2.01806092262,0.239625543356,-0.630433380604,0.166686356068
9670,0.378650009632,-1.54454362392,0.411613702774,0.945652544498,-1.22749996185,0.415274679661
81533,-0.113799996674,0.14791020751,-0.267628014088,0.672073125839,0.725666701794,0.644473552704
10525,0.585799992085,0.317467600107,0.844574272633,0.00233244895935,-0.395433396101,0.302757382393
2353,0.351799994707,-0.0877521187067,0.0746363848448,-0.267974257469,0.452266722918,0.815074265003
57192,-0.775849997997,0.289866447449,2.82836914062,1.85173738003,1.13623332977,-0.227600991726
3398,-0.831000030041,1.8348839283,-1.0299987793,-0.661065578461,1.25836670399,-0.513535022736
3775,-0.103950023651,0.789684414864,0.388222813606,1.6847063303,-1.12086677551,-0.373898744583
26064,-0.206700012088,-0.653896689415,0.949234724045,1.32255876064,0.573733389378,0.641429066658
29103,0.162749990821,-1.01960909367,0.178976297379,1.01430773735,-0.499633342028,0.225159913301
3206,-0.302349984646,-3.05644798279,-0.960730671883,-0.90307533741,-0.146933346987,-0.693259835243
1500,0.324349999428,-0.721978545189,0.673966348171,0.739348769188,-0.0778333544731,0.804809451103
7690,-0.020900003612,0.285381048918,-0.531622171402,-0.576536893845,0.624333322048,-0.752465844154
29911,-0.404500007629,1.65849483013,-1.48865580559,0.0269233286381,0.189233332872,0.433500647545
2064,-0.673749983311,0.18018886447,0.250511348248,-0.712971746922,0.29656663537,-2.37747168541
65123,-1.05274999142,-0.20336407423,-1.2489490509,-0.824589908123,0.87313336134,0.61154717207
5986,0.345400005579,-0.227223411202,-0.425662398338,0.3080483675,-0.103533327579,0.48792386055
85377,-1.0407500267,0.337070226669,0.531465291977,0.583839893341,0.713400006294,0.044418156147
9903,-0.427350014448,1.18100261688,0.538953483105,1.06634902954,3.31713318825,-0.143799036741
7088,-1.00995004177,0.310560524464,0.219839990139,-1.63976359367,0.438600003719,-0.648014128208
22796,-3.90995001793,0.311361312866,0.85484534502,1.04868090153,0.532033324242,0.769314706326
51116,0.023749999702,0.386521428823,-1.1247048378,-0.708572983742,-0.315600037575,-0.23638908565
54442,0.21590000391,1.36834931374,1.04916191101,0.159036874771,0.582266688347,-0.269660443068
10695,-1.53789997101,-3.32908344269,2.09539604187,3.71321201324,1.00513339043,1.83108067513
102,-0.838899970055,0.407057583332,0.632944107056,-0.185278505087,0.229166686535,0.975956201553
965,0.625699996948,-0.803607106209,0.176759362221,-0.448909252882,-0.627200007439,-0.64997792244
3800,-0.120149999857,0.259296953678,-1.14171409607,-1.59065830708,0.365299940109,-0.881054997444
10362,-0.0255500078201,1.41509139538,2.41243505478,0.638692319393,0.882599949837,-0.00324136018753
5300,-1.05774998665,0.594361782074,0.841050922871,-0.393287777901,1.06780004501,-1.35974156857
8270,-0.0186000019312,0.993990719318,-1.5575054884,-1.14777541161,-0.144966676831,-0.357402324677
27242,0.258799999952,-0.602214694023,1.43730711937,1.21786558628,0.255766689777,1.46683692932
9928,0.692749977112,-1.26759767532,-0.920659065247,-2.03543829918,-2.18776679039,-1.25148260593
1534,-2.46169996262,1.49408614635,0.857159614563,0.232746839523,0.743966698647,-0.33890491724
5654,0.422049999237,-0.151382699609,-0.928364276886,-0.804874420166,-0.176033347845,0.312078893185
10810,0.140300005674,1.39844691753,0.856230378151,-0.751977741718,-1.81369996071,-0.236408412457
7105,-0.452700018883,8.12168598175,2.31310224533,1.00825166702,0.234100013971,-0.012346431613
23014,0.362150013447,-2.02696371078,-0.856269478798,-0.797806501389,-1.05889999866,0.0391512811184
55012,0.13069999218,0.10541395843,-1.56120276451,-0.284850507975,0.129933342338,-0.695114552975
2887,1.67499995232,0.43931517005,1.30998802185,-0.724040746689,0.0945333316922,0.0917985439301
9183,-0.0303499996662,-0.509741663933,-1.56088995934,-2.05917716026,0.420833349228,0.373696923256
11151,-0.55805003643,-0.379271239042,0.959242641926,0.116638958454,-1.27363348007,0.53761023283
7511,0.225050002337,-1.1811388731,-2.8010969162,-1.3089401722,-1.13043344021,-0.0940538942814
10046,0.293099999428,1.19332909584,1.05224382877,1.76131916046,0.174133330584,-0.200039088726
1829,-0.286349982023,-0.0648875385523,-1.69931960106,-0.137293159962,-0.912733435631,-1.0819914341
11000,0.00990000367165,0.313898652792,0.0394609570503,-1.33956778049,-0.301300048828,-0.0560439527035
976,-0.830399990082,1.10417556763,-0.0923524349928,-0.407535374165,-0.087933331728,-0.451846987009
3597,0.617449998856,-1.22545731068,0.654957234859,0.665954530239,-0.444233298302,0.0632531121373
178,1.42145001888,-1.34136807919,-1.38999533653,-0.731689751148,-1.30766665936,-0.939899325371
2625,1.0231000185,-0.490934371948,2.69251894951,1.99686479568,-0.223400056362,0.582362473011
6119,-0.812799990177,0.0266102328897,-1.6339507103,-0.236623361707,-0.710299968719,-0.336359679699
26136,-4.56015014648,-0.380445420742,0.0824336260557,0.372901529074,-0.303499996662,0.115705385804
6697,-1.47490000725,-0.445205837488,0.054782807827,-1.37825155258,0.744099974632,-1.12391281128
5971,1.07159996033,0.0481985621154,5.83959913254,4.05035972595,0.853366613388,0.124982491136
22934,-0.684049963951,-0.268337577581,-0.338146865368,-0.166362538934,-0.764433383942,-0.725774526596
9289,0.591349959373,-0.694558978081,2.19594311714,1.25409221649,0.379199981689,0.638795554638
4931,0.720800042152,-8.01916599274,0.216703221202,1.54577827454,0.277899980545,1.30594027042
4200,-0.0754000246525,0.581509590149,-0.801056027412,-0.539667367935,0.48833334446,-0.570883095264
93594,-0.0715999975801,-0.869245886803,0.644147634506,1.33432734013,-1.54210007191,0.664694190025
5982,-0.532700002193,0.581322848797,-1.54092013836,0.0141448974609,0.0147333294153,-0.374738395214
26520,-1.65890002251,0.495077043772,-0.186078071594,-0.686082601547,-0.249833315611,-0.0543469935656
4998,0.183050006628,-1.30750751495,0.496753185987,0.722291648388,-1.03690004349,0.0791037380695
10038,0.21859999001,0.513032197952,-1.28487563133,-1.61628293991,-0.278166651726,0.249967858195
60493,-1.0407500267,0.391220748425,0.05831772089,-0.517068088055,0.359566658735,-0.219338327646
51495,0.71280002594,-0.482985854149,-1.10290837288,0.0203307643533,-0.407699972391,0.761183023453
4482,0.309499979019,-0.277434527874,4.8762140274,2.5435295105,1.31529998779,0.863914310932
23224,0.120800003409,-2.64601302147,-0.832282483578,-0.514696896076,-0.581166625023,-0.479330897331
9690,-0.842650055885,0.661751389503,-3.71828794479,-1.47667813301,-0.622200012207,-1.59182071686
80212,-0.653650045395,0.465609788895,-0.434452235699,-0.712472558022,0.253100007772,0.763685107231
29928,-0.543350040913,0.323344171047,0.84029519558,0.546018242836,0.255499958992,-0.333225220442
22809,1.78445005417,0.367390155792,0.558834671974,-0.458038061857,0.160466730595,-0.955425202847
50814,1.00699996948,0.640152513981,-0.219375401735,-0.01068598032,-0.207700014114,-0.330242246389
55256,-0.597100019455,-0.477909684181,-3.04874372482,-1.07129907608,-0.583266675472,-1.23083519936
56997,0.03615000844,-0.229552403092,-1.18239867687,0.565672039986,-0.430099993944,1.40401124954
81544,0.597200036049,-0.947627067566,0.180688560009,-0.183823317289,-0.969066739082,1.06674897671
6894,-0.360000014305,1.58572220802,0.260732501745,0.155207782984,0.948466658592,0.427175462246
64080,0.683799982071,1.67452394962,1.28125214577,1.23065304756,-0.673800051212,-0.0161694288254
55818,-0.259050011635,0.052534237504,0.396306484938,0.147112190723,-0.526766657829,0.494905233383
637,0.444050014019,-0.0044959411025,-0.475745379925,0.954722642899,-0.843933284283,0.493537008762
22823,-0.010150000453,-0.555159687996,-0.43566223979,-0.249146193266,-0.628166675568,-0.366652488708
5287,0.666999936104,0.0254944115877,-1.53094244003,-0.281984210014,-0.195166707039,-0.67477363348
91137,-1.13695001602,1.35107386112,-0.790805876255,-0.378404200077,-0.159199982882,-0.722011566162
23097,-0.266849994659,1.38591396809,1.9157204628,0.0399653911591,0.870500028133,-1.18127512932
9851,1.49380004406,-0.922975182533,1.962023139,1.13885879517,-0.629900038242,0.481378048658
23522,0.0632500052452,0.898476779461,0.428878843784,0.407933175564,-0.468400001526,-0.425764083862
1123,1.67474997044,-0.846863627434,0.701104879379,-0.632477581501,-0.182866662741,-0.304074317217
5603,0.614350020885,-0.4667506814,3.44872188568,-0.593460917473,-0.524566650391,0.0833940580487
51569,-0.60615003109,-0.236999839544,-2.90264153481,-1.599578619,-1.2840334177,-1.05067372322
55699,-1.19400000572,-0.942338466644,-2.25724339485,-0.065188229084,-1.34913337231,0.372072339058
2624,-2.23850011826,0.668120265007,-1.18168962002,-0.509321630001,0.371266663074,-0.214225828648
8204,-0.298900008202,-0.0801732093096,-4.0732793808,-1.73776674271,-0.956833302975,-1.77042090893
9133,-1.06570005417,-0.565102696419,-2.75340771675,-0.39628842473,-0.63616669178,-1.25097262859
10921,-1.07824993134,1.61109375954,0.777841925621,-0.786785125732,0.176000058651,1.37936377525
51742,-0.732249975204,1.24359703064,0.157767668366,0.250104129314,0.841866731644,-4.27875137329
2954,0.777549982071,-0.548979699612,0.425566256046,-0.457381606102,0.382433354855,-0.172854170203
27244,-0.0878500044346,1.33077538013,-0.895348668098,-0.632683575153,-1.14473330975,-0.954344391823
23013,-1.29560005665,0.993759989738,-2.24363493919,-3.15135526657,1.2161667347,0.30482879281
8050,-0.665199995041,1.08127808571,-3.52134776115,-0.137054443359,0.964066684246,-0.164579153061
79961,1.75835001469,-0.629858136177,0.774961233139,1.07065439224,0.471466720104,0.37798255682
2017,0.126350000501,0.101754724979,2.43988704681,-1.43971276283,0.869566679001,-0.588266432285
55148,0.540799975395,-0.902620434761,-4.30692625046,-1.28246366978,-1.84936666489,-1.37017440796
960,1.06064999104,-1.42898797989,0.448870718479,0.955999612808,-0.829966664314,0.357825040817
10451,1.16649997234,-0.58555829525,1.99775457382,0.976942360401,-0.320633351803,-0.109499901533
57406,1.07780003548,-1.23453807831,1.51829969883,1.17093575001,-0.244400009513,0.485647082329
51719,0.00364999473095,-0.140699774027,-1.92011415958,-1.30908977985,-0.572600007057,-0.574766099453
7074,0.0613499879837,-0.608893454075,-0.657007694244,1.06371855736,-0.759300112724,0.656084895134
10059,-0.447800010443,-0.0397680215538,-4.56836605072,-0.634485423565,0.334533363581,-0.251747131348
51071,0.236049979925,-1.03683185577,-0.715020895004,-0.710866451263,-0.796733379364,0.250720053911
5796,-0.273150026798,-1.10857188702,0.38162150979,0.820545375347,-0.181066691875,1.05508995056
55008,0.274150013924,0.446235120296,1.11190652847,0.919680893421,1.82770013809,-0.326092302799
23597,-1.42040002346,0.20454660058,-1.85459923744,0.65280854702,0.685433387756,0.350967556238
8869,1.23164999485,-0.406293153763,-0.00599232316017,-0.0234486758709,-0.266633331776,0.0656553804874
8727,-0.805700004101,-0.0984593629837,-0.709437012672,0.199715286493,-0.0652000010014,0.0269460976124
63874,0.952950000763,0.964431583881,0.51420545578,0.433599978685,0.687333345413,0.0534222200513
8821,-0.0920500010252,-0.445913314819,0.77204811573,0.41280657053,-1.08960008621,0.476972103119
57178,-0.380600005388,0.291179835796,0.296786308289,0.849997580051,-0.186166644096,-0.0932231098413
5468,-0.511349976063,0.158265784383,0.0917092338204,0.580096185207,0.77429997921,0.0245523005724
10557,0.926949977875,0.698132455349,-0.445128500462,3.13562035561,0.125800013542,0.457889676094
831,1.03770005703,-0.725289940834,-3.0051214695,0.0994857847691,-0.703400015831,0.527364969254
9531,-0.0669500231743,-0.95385658741,-0.0970923528075,-0.212567254901,-0.0245333611965,0.0634434968233
2767,0.0724499821663,1.50060319901,0.233262509108,-0.61510771513,0.681866705418,-0.361877381802
1861,0.79390001297,-1.44984006882,-0.359190016985,-3.36706209183,-1.66340005398,0.664154708385
10165,-0.576700031757,0.58212351799,-2.22425675392,-3.25446486473,-0.665600061417,-6.18448448181
7106,-0.813250005245,-0.114346198738,-2.25386476517,-0.735278010368,-0.476533323526,-0.322970211506
2908,0.173950001597,-2.19837737083,4.34425067902,2.83780670166,0.545533418655,0.943544626236
57761,0.412850022316,0.381249129772,0.632776737213,0.921870827675,-0.337266683578,0.508814930916
23338,-0.914900064468,0.966281890869,-0.300874978304,-1.3099462986,0.624566733837,-0.805427849293
7852,0.326949983835,-0.470409482718,1.01269984245,1.39644384384,0.74653339386,0.319539070129
55033,-0.919699966908,-0.301258444786,3.49163722992,0.617954492569,0.0605999976397,0.688045918941
57019,1.13925004005,-0.830051422119,-0.767447948456,-0.238527938724,-1.614133358,-1.10125398636
91949,0.246249988675,-0.138869211078,-0.703302025795,0.886816978455,0.737900018692,0.456704229116
84617,-0.878100037575,-0.355867058039,-2.13080883026,-1.92791700363,0.501299977303,0.155760228634
25,0.938049912453,0.498941957951,0.411204576492,0.16710036993,-3.06696677208,-0.490775048733
899,-0.412900000811,-0.0543275251985,-0.80369579792,-0.10630106926,0.677599966526,0.638388514519
79850,-1.57349991798,0.690590918064,1.30531907082,0.368784040213,0.535366654396,-0.13968205452
51466,0.200899988413,2.28498291969,1.25673508644,0.334834009409,1.61850011349,0.0550293028355
2852,-0.266750007868,-0.0592061690986,2.89848613739,3.02671074867,0.994733333588,0.126366838813
55837,0.307099997997,-0.380242913961,-1.6344063282,1.49142467976,-1.353266716,-1.42577075958
2131,0.778999984264,-0.675150334835,0.411489546299,0.871711313725,0.154866695404,0.649442911148
5427,2.66735005379,-0.749768674374,0.297726035118,0.0975825190544,-0.518999993801,-0.156829833984
25966,0.452900022268,1.07664740086,-1.17065954208,-0.643399775028,-0.300433337688,0.284089893103
55608,-0.411400020123,1.14381277561,-0.370898514986,-1.24155592918,0.587499976158,-1.35060310364
1662,-1.55025005341,0.248550444841,-6.07500839233,-2.82333660126,0.478066712618,-0.452336072922
9702,0.384400010109,-0.825055480003,-1.84675240517,-0.919648528099,-0.318199962378,-0.518431663513
11031,0.272650003433,0.415908575058,0.511605203152,1.8373208046,0.622300028801,0.406677871943
10057,1.42004990578,-0.213815718889,-1.40177416801,0.321709752083,-0.0120333582163,0.367119073868
5985,0.439950019121,-2.38888978958,-2.64854359627,-0.386188358068,-1.50053346157,0.302315026522
3280,-1.37945008278,-0.725400209427,-1.20360815525,0.128613650799,0.442300021648,0.0159827545285
55958,0.721750020981,-0.542544960976,-0.599309265614,0.124117016792,-0.181866675615,0.563146114349
51465,0.0432999953628,-0.656477689743,0.39704605937,1.07546961308,-0.135266691446,0.747661113739
2542,0.728350043297,-0.126460582018,-1.22543549538,-0.696684956551,0.160733357072,-0.707723677158
10641,0.566799998283,-0.297747284174,-0.333884298801,0.349111795425,-0.0840666890144,-0.307266801596
11137,-0.125599995255,-0.588270783424,0.874321103096,-0.128921225667,0.191333353519,-0.156779050827
9842,1.06999993324,-0.723245024681,0.23823261261,0.496534883976,-0.348300009966,0.590753257275
10493,-0.0738500058651,0.645057201385,-1.77455711365,-1.22205328941,0.276399970055,-0.730371236801
10112,-1.17569994926,-0.0871085375547,-0.423824340105,-0.100153230131,0.595600068569,0.669379174709
1001,0.706300020218,0.566245615482,0.347730100155,0.319849282503,-0.951900064945,0.446868777275
23635,-0.495199978352,-1.05531072617,1.18251717091,0.343301683664,0.674533367157,-0.132778152823
29916,-1.1235499382,0.679974555969,-0.175154536963,-0.360050112009,1.03366672993,-0.216224968433
2810,-1.68324995041,-0.0215879678726,3.82667303085,1.16429781914,3.50946688652,0.805326759815
5993,0.371499985456,-0.402154684067,-1.16177654266,2.17241001129,-1.91670012474,0.572776436806
11142,0.0409500002861,0.665437102318,2.28217458725,2.66638755798,-0.613900005817,-0.3120470047
79187,0.220849990845,0.155368536711,0.496335685253,0.165236443281,-0.463233292103,0.385648727417
51382,-0.379049986601,0.764370858669,-0.167503356934,-0.0612649917603,0.134833335876,-0.076341509819
8318,-4.45734977722,-1.95250892639,-1.97627460957,0.0528966300189,-0.670566678047,-0.338714033365
9695,0.644999980927,1.85451734066,1.17617714405,0.388276189566,-0.468400001526,0.116011440754
9712,-0.595050036907,0.504150211811,-2.21755838394,-0.734693527222,-0.372933357954,3.71686530113
64943,-0.835649967194,0.952621638775,0.735522270203,0.162291631103,0.310433357954,0.57342082262
9738,0.219999998808,-1.15394496918,-1.14760994911,2.55989480019,-0.668700039387,-0.107948645949
6793,0.58335006237,-0.997228860855,-0.306675702333,-0.633555293083,-0.562966704369,-0.279015183449
7358,-0.334549993277,0.336020171642,-0.639219164848,-0.682723402977,0.317466616631,-0.278101712465
58472,0.540199995041,-1.3023993969,0.392725348473,-0.196488022804,-0.442466706038,0.140646636486
50865,-0.886450052261,-1.50884878635,0.0542500093579,0.248374834657,0.0874332785606,-0.422200739384
23200,-0.174100011587,0.0141525790095,1.03757095337,0.144746392965,-0.351733386517,0.0578233748674
51293,0.457650005817,-0.102043882012,-1.62466180325,0.142283767462,-0.498233377934,-0.102934345603
10962,-0.238950014114,0.246059089899,1.77310550213,-0.0506476908922,0.538233280182,-0.655440449715
10153,0.109549999237,-0.042822688818,-1.26433694363,-1.17212486267,-0.710266709328,-0.335891723633
874,0.224249988794,-0.875148177147,-4.77958536148,-2.47260069847,-2.05536675453,-0.536939144135
