rid,DOS027_VCAP_6H:BRD-M55020616-001-01-9:5,DOS027_VCAP_24H:BRD-M55020616-001-01-9:5,DOS051_A549_24H:BRD-M55020616-001-01-9:5,DOS051_HT29_24H:BRD-M55020616-001-01-9:5,DOS051_MCF7_24H:BRD-M55020616-001-01-9:5,DOS051_PC3_24H:BRD-M55020616-001-01-9:5
5720,-1.52404999733,0.100157149136,-0.0896000042558,-0.950049996376,0.0518499910831,0.260199993849
466,-0.572349965572,0.377279400826,-0.479600012302,-0.83185005188,-0.345850020647,-1.0828499794
6009,0.130199998617,-1.09304618835,0.70459997654,0.74270004034,-0.00209999084473,-0.679250001907
2309,-0.323500007391,-3.06211590767,-0.948650062084,-0.105349987745,-0.373600006104,1.76335000992
387,0.930400013924,0.0958270281553,-0.691599965096,0.422800004482,0.0452000051737,-0.96774995327
3553,-0.0518000125885,0.077235430479,1.00444996357,-1.7023999691,1.14724993706,-0.108249992132
427,-0.131949990988,0.308697372675,-0.986500024796,0.615299999714,0.433449983597,-1.2445499897
5898,0.726899981499,0.378837406635,-0.133399993181,0.257149994373,-1.61594998837,-0.450149983168
23365,0.0239499807358,0.14130063355,0.813049912453,-0.506600022316,-0.144850000739,0.332000017166
6657,0.194350004196,-0.259670764208,0.165199995041,-0.16274997592,1.39319992065,0.528149962425
5054,0.739149987698,0.113309398293,-0.000349998474121,-0.511199951172,0.403900027275,-0.419050008059
3108,-0.607100009918,-0.419437348843,-0.361499994993,0.0166000016034,-0.504050016403,-0.0681999996305
1950,-0.933099985123,-0.592677175999,-1.28894996643,-0.957799971104,0.691699981689,0.772449970245
351,0.710100054741,0.224469169974,-0.000650000059977,-0.660799980164,0.578550040722,0.498799979687
4846,1.84700000286,-0.289152234793,-0.379999995232,-0.449299991131,-4.73274993896,1.46504998207
1452,-1.27764999866,-0.386026263237,-1.03554999828,-0.592700004578,-0.957549929619,-0.140750005841
4776,0.415600001812,-0.483925133944,1.68285000324,-0.996850013733,0.78225004673,0.811699986458
6908,-1.02505004406,-0.802373766899,0.475749999285,-0.466500014067,0.367599993944,-0.849950015545
672,-1.36195003986,0.856309533119,-0.0200500003994,-0.700850009918,-0.701449990273,-1.20299994946
5710,0.537099957466,0.272449076176,0.77380001545,-0.993600010872,-0.743099987507,0.00650000572205
2115,0.613799989223,-0.710527598858,-0.148800000548,-0.87165004015,0.962650001049,-0.137050002813
7015,0.377000004053,-0.661273419857,0.299000024796,-0.32380002737,0.282399982214,0.361949980259
8726,0.511099994183,-0.430300205946,1.0366499424,-0.230899989605,-0.579699993134,-0.609300017357
2185,-0.150900006294,-0.789575457573,0.402799993753,0.196850001812,2.17149996758,0.297250002623
3315,1.48399996758,-0.473756670952,-1.47039997578,0.140950024128,0.334549993277,-0.303099989891
5289,0.634050011635,0.2714445889,0.746150016785,-0.394299983978,0.48789998889,-1.07980000973
868,0.907450079918,0.278393805027,0.506749987602,-0.595650017262,1.87339997292,-0.361400008202
1677,0.421850025654,0.310932070017,-0.259049981833,0.0927999913692,0.374000012875,1.07945001125
7043,0.35974997282,-0.54100471735,0.66060000658,-0.820850014687,0.857649981976,0.223299995065
5613,-0.132800042629,-0.183587402105,-0.202349990606,-0.22135001421,1.17065000534,1.19505000114
595,-0.201150000095,-0.583398222923,2.28469991684,0.51004999876,-0.289250016212,-0.15934997797
4793,0.97209995985,0.0359149202704,0.271299988031,-0.758049964905,0.159399986267,0.382899999619
2736,0.22310000658,-0.534456670284,0.0364000014961,-0.912899971008,1.24070000648,0.419550001621
5290,0.553049921989,-0.349801719189,1.40560007095,-0.382399976254,1.51014995575,0.460299968719
6194,0.380849987268,-0.721884787083,0.00034999998752,-0.549049973488,0.00034999998752,-0.942299962044
1676,0.131799995899,-0.394499033689,0.867049992085,-4.30205011368,0.682649970055,0.616000056267
23512,-0.364250004292,0.306631743908,-0.212199985981,-4.43620014191,-2.43654990196,-1.50744998455
148022,0.145150005817,4.09314632416,0.470100015402,-0.290800005198,0.527849972248,-0.215999990702
1906,-0.436100006104,-0.196741640568,0.0378499925137,0.52380001545,0.0500499904156,0.695950031281
8878,0.211149960756,-0.383801162243,-0.385850012302,0.456250011921,-0.814149975777,-0.337350010872
3091,-0.483149975538,0.124197766185,0.406949996948,-0.382550001144,0.125600010157,-0.00369998812675
5743,4.26139974594,-1.81033301353,-0.0393500030041,-1.39814996719,-0.678750038147,0.519050002098
5321,0.348849952221,-1.12738788128,-0.167549997568,-1.08354997635,-0.827950000763,-0.807000041008
4144,-0.466049998999,-0.52071917057,0.0452000200748,-0.443700015545,0.34730002284,0.485249996185
1981,-1.77869999409,-0.162554010749,5.1875,-0.859150052071,-0.48679998517,-0.39200001955
695,-0.582199990749,0.669856190681,0.248949974775,0.836049973965,0.503549993038,-0.466399997473
10398,0.175300002098,-1.59013199806,1.06235003471,-0.706799983978,1.50060009956,0.614499986172
5708,0.125100001693,-0.560209929943,-0.124950006604,0.517300009727,0.760949969292,-0.0258999988437
1213,0.245399981737,2.71450519562,1.34700000286,-0.955700039864,-0.442449986935,0.629950046539
226,0.195950001478,-0.539686083794,0.423049986362,0.530550003052,0.631049990654,0.527649998665
6777,1.52079999447,-0.252042889595,0.175149992108,0.673750042915,-0.1481000036,-0.655400037766
2113,0.375399947166,-0.97212511301,0.539449989796,1.04984998703,-0.289399981499,-1.32704997063
3329,-3.93474984169,0.451273530722,1.47969996929,-3.8641500473,-0.490549981594,-0.513949990273
1050,0.459299981594,0.622662186623,0.655799984932,0.411050021648,-1.47090005875,-0.413000047207
9491,-0.176600009203,-0.984860539436,0.461950033903,-1.02499997616,0.542999982834,0.983500003815
22926,0.49555003643,-0.097714073956,-3.50745010376,-0.614449977875,-0.14335000515,-0.389649987221
5899,0.0340500026941,-0.0224236175418,0.328399986029,0.518000006676,-1.40345001221,-1.03515005112
5467,1.6982499361,-2.73983359337,1.61259996891,1.05005002022,0.478749990463,0.11439999938
6774,-0.350699961185,0.217869281769,0.548150002956,-0.715250015259,0.638249993324,0.530699968338
1788,0.302549958229,-0.379906862974,-0.760949969292,-0.129249989986,1.24040007591,0.411449998617
5921,0.933300018311,-0.0203939676285,1.75934994221,-1.07889997959,-0.563549995422,-0.157800018787
5721,-0.283800005913,-0.17822009325,-0.111349999905,-0.223849996924,-0.0907000005245,-0.239899992943
2263,-0.421549975872,-0.050458163023,-0.500050008297,-0.415300011635,-0.315999984741,0.0657000020146
808,-0.0399999916553,-3.85752820969,0.125099956989,-3.31659984589,0.555899977684,-0.0648999810219
30001,-1.73884999752,0.503549516201,0.28275001049,0.35024997592,-1.15005004406,0.182549998164
348,-0.0606499910355,-0.360967129469,0.123200006783,-0.469599992037,0.942299962044,0.240400016308
30849,-0.518850028515,-0.439211457968,-0.135499998927,0.078749999404,-2.48040008545,0.727950036526
1454,0.70560002327,-0.0657184869051,0.973800003529,0.974399983883,0.0611999966204,0.325500011444
6500,-0.00494998693466,0.0290484875441,0.362300008535,-0.950100004673,-0.0709500014782,-1.41014993191
5627,0.565750002861,0.412661671638,0.469799995422,-0.504299998283,-5.46064996719,-0.426149994135
5715,0.686649978161,0.159227773547,2.76265001297,0.134849995375,-0.363250017166,-0.715299963951
4791,0.0538000017405,0.0191457122564,0.763249993324,0.24770000577,1.04299998283,1.16139996052
56924,0.354200005531,0.326811254025,0.825850009918,0.733900010586,-0.807249963284,-1.70439994335
2690,-0.0711500048637,0.117748603225,-0.385199993849,0.420849978924,-0.586499989033,-0.368400037289
1019,-0.794549942017,-0.2838062644,-1.48725008965,0.307449996471,0.747750043869,-0.117450013757
51422,0.429699987173,3.51104831696,1.1862000227,-0.935549974442,0.847599983215,-0.906300008297
5788,-0.0348999500275,0.254588246346,-0.145999997854,-0.450749993324,-0.0265499949455,0.745849967003
6709,-0.26265001297,-0.791702330112,0.182300001383,-2.29629993439,-1.22889995575,0.497899979353
1277,0.556200027466,0.0294055864215,-0.097800001502,0.723349988461,0.423749983311,0.767150044441
993,-0.934499979019,1.09472978115,-1.53114998341,0.404100000858,-1.09009993076,-0.414649993181
7157,-1.37925004959,-0.317443788052,0.433200001717,0.575450003147,0.256200015545,0.194849997759
1958,-0.303149938583,-0.239266216755,0.291200011969,1.44574999809,0.341300010681,0.505750000477
4582,3.42969989777,0.83725965023,1.25084996223,-0.657850027084,-1.41304993629,0.401099979877
9212,0.15625,0.431202083826,0.746850013733,-1.15365004539,0.547000050545,0.229150012136
8440,-0.514050006866,0.173396676779,-0.309000015259,0.386699974537,-0.266250014305,-0.771049976349
6790,-0.0732999891043,-1.69208073616,-0.122649997473,0.0188000053167,-0.268999993801,-1.898250103
8851,0.0914500057697,-0.124814450741,-0.754349946976,0.491750001907,-1.59080004692,0.0142999980599
2534,0.835550010204,1.85351848602,0.524900019169,-0.596650004387,0.290350019932,-0.122400015593
4893,0.232500016689,-0.559056580067,0.763249993324,0.102499991655,-1.00094997883,0.675550043583
665,1.70824992657,0.26470592618,0.0309000015259,-1.1262999773,-1.4496999979,-1.54394996166
4313,-0.367599964142,0.0389235466719,0.74169999361,-0.819800019264,0.697250008583,0.783049941063
1022,0.282449990511,0.231698870659,-0.318100005388,-0.292850017548,0.881500005722,-0.131799995899
5880,1.31410002708,-0.898280978203,-0.0108000040054,-0.626950025558,-1.09119999409,-0.563199996948
3162,1.41454994678,3.33035898209,0.855000019073,-0.759549975395,0.0352500006557,1.21624994278
1282,0.199199974537,-0.299921929836,0.0745500028133,-0.154349982738,1.49714994431,0.379149973392
3383,0.451400011778,3.1229839325,0.223500013351,0.177199989557,1.67305004597,1.36380004883
727,2.27340006828,0.370172947645,0.908299982548,1.12894999981,0.792050004005,0.39485001564
4792,-0.157099962234,-4.13730621338,0.644149959087,0.704399943352,-0.525700032711,-0.783949971199
4794,-0.00599998235703,-0.3093341887,0.21099999547,-1.93585002422,0.924700021744,1.13384997845
902,0.276749998331,-0.267811536789,0.596450030804,-0.0736500024796,0.433950006962,-1.07940006256
8091,-0.269199997187,-0.331540107727,0.426750004292,0.896699965,-0.133849993348,-0.636999964714
3486,0.515750050545,-0.347539484501,0.085399992764,1.78005003929,0.380349993706,-0.622550010681
10818,0.0775499641895,-0.394364833832,2.06194996834,-1.50620007515,0.738199949265,0.530900001526
3454,1.141299963,-0.9827901721,0.384649991989,-0.650499999523,0.548300027847,0.28385001421
4282,-0.345800042152,-0.0246613025665,-0.0010000000475,0.337249994278,0.100850000978,-0.637149989605
1605,-1.06025004387,0.417746126652,1.01295006275,-0.698400020599,-3.4443500042,-1.13364994526
10644,-0.219400003552,-0.459472954273,3.16144990921,0.207800000906,-0.215649992228,-0.850650012493
2065,0.114050000906,-0.0231809020042,0.636099994183,0.490500003099,-0.55085003376,-0.518749952316
8321,0.191500008106,-0.50510340929,-0.823350012302,-0.536199986935,1.15845000744,1.7172999382
8503,0.863700032234,-0.660405039787,0.361099988222,0.849500000477,-1.8016500473,0.0620499849319
7027,-0.915549993515,0.336765438318,0.100000008941,-0.69194996357,-0.699949979782,0.540650010109
6850,0.255400002003,-1.25545048714,-0.111050009727,-0.122899994254,0.803749978542,1.03020000458
1978,1.55334997177,0.88899487257,0.463849961758,-2.96009993553,-0.489199995995,-0.505499958992
896,-1.61710000038,0.0101551711559,-0.560400009155,-0.376850008965,-0.56485003233,-0.575049996376
5777,0.976850032806,-0.560583055019,0.564750015736,-0.248150020838,-0.885499954224,0.0582000017166
1846,0.375600010157,-0.433301210403,-0.0235000029206,0.304949998856,0.82465004921,-0.675999999046
5925,-0.600850045681,3.07122850418,0.670700013638,0.561349987984,0.39019998908,0.205499991775
142,-0.0221000015736,0.57954955101,1.0176500082,0.314099997282,-0.233649998903,-0.548849999905
1021,-0.182500004768,-0.611123502254,-0.619350016117,0.715049982071,0.682550013065,-0.295750021935
5699,-0.366099983454,0.00523433089256,-0.186650007963,-0.641600012779,0.529349982738,1.12049996853
8061,-0.433699965477,-0.556372284889,-1.25604999065,-0.0227499902248,-0.665349960327,-0.488099992275
1870,-1.08115005493,-0.161925524473,0.557449996471,0.721400022507,-0.591700017452,1.29779994488
1398,0.0381000041962,-0.154450044036,0.260949999094,-0.0384500026703,-0.338950008154,-0.394999980927
3312,-1.05369997025,0.946481525898,-2.37659978867,0.0115499794483,-0.182949990034,0.353649973869
891,0.0255500078201,0.0606730282307,-0.974550008774,-1.78589999676,0.063149958849,1.09685003757
4775,-0.452849984169,-0.0982631295919,0.328700006008,-1.25929999352,0.563749969006,0.0670499950647
5111,0.240799993277,0.501553714275,-0.00164999999106,0.482649981976,-4.86359977722,0.674399971962
5696,-2.57864999771,0.102279230952,-0.237450003624,0.56534999609,0.633849978447,0.361149996519
5588,2.76745009422,-0.374851167202,0.0913499891758,2.72829985619,1.07124996185,0.251150012016
6839,0.179549992085,0.733843684196,-0.129549995065,-0.15569999814,0.362550020218,-1.94385004044
329,-1.36115002632,0.570107161999,1.31945002079,2.21770000458,-0.417699992657,-0.0447999984026
5058,-1.60965001583,-1.13555049896,2.29670000076,-1.04665005207,0.265499979258,1.1753000021
998,0.148399978876,-0.86891245842,-0.724799990654,1.0599501133,-0.893899977207,-0.878550052643
9134,-3.03369998932,1.240696311,-0.590299963951,-1.03869998455,0.751800000668,0.258049964905
6616,0.268150001764,-1.69075405598,-0.935449957848,-0.985899984837,-0.159449994564,0.0710000097752
5223,0.831200003624,-0.672490477562,0.747099995613,0.437449991703,-0.328700006008,-0.294449985027
4690,-2.09419989586,0.630232930183,-0.247000008821,-0.084900021553,1.72885000706,-0.2458999753
958,-0.348950028419,-0.193060666323,-0.256299972534,-0.51029998064,1.21130001545,0.758049964905
1616,0.718099951744,0.0166062265635,0.918200016022,1.69315004349,1.07955002785,0.699499964714
991,0.262050002813,0.2759090662,-0.681900024414,0.337599992752,-1.67105007172,-5.00034999847
6347,-0.356750011444,-1.22806763649,1.74294996262,3.08280014992,0.712499976158,0.316799998283
6714,-0.236099988222,0.0954521149397,-1.02760004997,-1.06540000439,-0.725600004196,0.295850008726
652,0.13330000639,-0.722617745399,0.343600004911,-0.448150008917,0.0119000002742,0.670599937439
4331,-1.86669993401,0.173138380051,0.959249973297,-0.139200001955,-0.0681999996305,-0.19525000453
7099,0.676750004292,-0.850365638733,0.515950024128,-0.427249968052,0.392749994993,0.587849974632
10320,0.328000068665,-1.18328940868,1.36300003529,-0.912699997425,-0.390150010586,0.646649956703
2042,1.06470000744,-1.08859157562,0.436100006104,0.516250014305,0.663999974728,0.543249964714
843,0.0600499510765,-0.824630022049,-0.27484998107,0.0126999914646,1.11354994774,0.681200027466
840,1.76479995251,0.235151126981,-1.54534995556,0.825849950314,-0.807449996471,-0.921849966049
7048,0.155950009823,0.513671159744,0.745100021362,-0.899800002575,1.55194997787,-0.532199978828
4851,-0.132499992847,-0.414985954762,1.6915500164,-0.307999998331,0.210850000381,1.07260000706
6464,-0.140300005674,0.0927148759365,1.99629998207,1.12740004063,0.170849993825,-0.899500012398
23410,-0.102699995041,0.0401336923242,0.504999995232,-1.93285000324,0.876650035381,0.165000006557
54205,-0.983200013638,0.471482843161,-3.17645001411,-0.21495001018,-0.880699932575,-0.109750002623
2770,0.369599968195,0.146850466728,-3.01555013657,-0.0692500025034,0.128499999642,-0.589049994946
80204,0.0181500017643,1.26186597347,1.15930008888,3.69374990463,-0.222449988127,0.0240000002086
4208,1.21220004559,0.10231333971,0.439050018787,-0.475299984217,0.149650007486,0.238900005817
1845,-2.11190009117,1.02397155762,-0.188000023365,-0.324200004339,-0.996050000191,0.389450013638
23368,-0.160850048065,-0.518399715424,1.57279992104,-0.277700006962,-0.133849993348,3.00255012512
5583,0.304499983788,0.111688166857,-0.773050010204,0.0135999917984,-0.776200056076,0.0700999945402
8900,0.443099975586,0.317460536957,0.360650002956,-0.883949995041,1.90915000439,0.160099998116
581,0.978199958801,-0.26064312458,0.214149996638,-1.08624994755,-2.9795498848,0.0645500048995
6193,0.959249973297,-0.304411530495,0.760499954224,0.983000040054,1.03005003929,-0.0345999971032
6622,0.40000000596,0.534104943275,-0.225050002337,2.44070005417,-0.798200011253,-0.391550004482
11261,0.919749975204,3.09993076324,-0.105800002813,0.284299999475,-0.0563500076532,0.998050034046
6696,-1.12660002708,-0.254846632481,0.190400004387,0.781350016594,-0.79164993763,1.98865008354
8312,0.443599998951,-0.0944316983223,0.162349998951,-1.12430000305,0.105750009418,-0.438650012016
835,-0.721000015736,1.42657589912,1.10535001755,-0.536000013351,-1.5992500782,2.57565021515
8324,0.74849998951,-0.0485420674086,-0.553550004959,0.352300018072,4.2673997879,0.363700002432
1848,0.858500003815,0.687227725983,0.301499962807,0.0500499978662,0.745450019836,-0.26835000515
154,2.21450018883,0.883296251297,-1.08085000515,-1.08544993401,-0.553449988365,1.21810007095
4312,0.867649972439,-0.722428202629,2.22939991951,-0.420850008726,1.30524992943,0.4524500072
994,-0.167249977589,-3.08805847168,-0.125200003386,-0.163749992847,-1.55835008621,-5.31809997559
2048,0.865050017834,0.637356281281,1.40180003643,-0.278250008821,1.47494995594,3.63109993935
1111,0.743350028992,0.474421918392,0.562349975109,0.123449981213,-0.170399993658,-1.57840001583
5154,-1.77874994278,0.818301320076,-0.119950003922,-0.398400008678,-1.12664997578,0.678200006485
2920,0.455099999905,3.5395424366,0.0135000050068,1.39444994926,-0.456299990416,-0.757800042629
3122,2.84165000916,-0.27351295948,-0.74715000391,0.638600051403,0.00284999608994,-0.0443999990821
2769,1.47160005569,0.77304828167,0.589150011539,3.5610499382,-0.135150000453,-0.4633500278
5900,-0.323750019073,-3.04111123085,-0.105750001967,1.59095001221,-0.201600000262,0.864849984646
6304,3.93319988251,-0.970485091209,0.616150021553,1.50999999046,3.00750017166,-1.23965001106
5211,0.930949985981,0.370731174946,0.559800028801,0.914300024509,-0.375649988651,-0.240749999881
2886,0.0232999920845,-0.361714452505,0.0772500038147,0.410549998283,0.971049964428,2.20724987984
9261,1.41805005074,-0.0701000094414,-0.733299970627,0.332300007343,-0.942749977112,-0.57539999485
8569,-0.0875499844551,-0.472887843847,0.0575000047684,1.21529996395,0.424250036478,0.871050000191
3303,0.155599981546,0.0175433456898,-0.646000027657,0.0205499976873,-0.893500030041,-0.423299998045
5331,0.571300029755,0.0873532965779,0.333599984646,-0.18125000596,0.425549983978,-1.2853000164
5347,-1.58065009117,0.444022715092,-1.44854998589,-0.404600024223,-1.36664998531,-0.36495000124
4638,1.91795003414,0.0863987728953,1.19024991989,0.00895002484322,0.255849957466,-1.0381500721
2264,-1.07980000973,-1.00873279572,1.16260004044,-0.0582000017166,0.604399979115,-0.904500007629
1029,0.912349998951,-0.0174207091331,0.58729994297,-0.255400002003,0.0304499864578,-0.647449970245
1027,-2.94534993172,-0.172479361296,-0.812600016594,-0.885100007057,0.287000000477,-0.48939999938
2597,0.00130000000354,0.182691752911,-0.00065000000177,0.0,-0.100499995053,0.00034999998752
55847,-0.256250023842,-0.0689969807863,-0.285349994898,-0.543849945068,0.233300000429,-1.62144994736
25803,-0.456249982119,0.0264828503132,-1.24709999561,0.52505004406,-0.975750029087,0.317350029945
3480,-0.286850005388,-0.0429137051105,-1.04270005226,-0.391250014305,-1.12164998055,0.610249996185
2946,-0.162299990654,1.57995140553,-0.560500025749,0.617650032043,1.32920002937,-0.154599994421
9517,-0.822199940681,-0.0973254293203,0.641100049019,-0.282700002193,-1.49930000305,0.122749984264
25987,-0.0434499979019,0.689250528812,0.799099981785,0.436450004578,-1.05089998245,0.277849972248
23670,-0.761349976063,0.546549916267,-0.0278999991715,-0.471400022507,-1.37024998665,-1.11019992828
11182,0.998350024223,-0.604006528854,0.233600005507,-1.1017999649,1.32644999027,-0.364800006151
2146,1.00905001163,0.0522788465023,-0.0979499965906,1.38805007935,0.232449993491,-0.155799999833
3385,1.29335010052,-0.0838513970375,1.15110003948,-0.579949975014,-0.278200000525,0.316350013018
5261,-0.119550004601,-0.592982053757,0.51105004549,-0.764800012112,0.877200007439,0.575699985027
10765,0.457800000906,-0.449446111917,0.628949999809,-0.110999986529,-1.17844998837,0.500200033188
25839,-0.24840003252,-0.582124114037,0.924649953842,-0.0100000053644,-1.9795999527,0.184399992228
4172,-0.0544999837875,-0.333213448524,0.396799981594,-0.362300008535,-0.526750028133,-1.1577000618
23161,-0.737800002098,2.29520320892,-0.732549965382,-0.11755001545,-1.28434991837,0.612900018692
10298,0.518050014973,-3.66160774231,-0.467199981213,0.0735500082374,-1.72389996052,0.789900004864
1802,0.12650001049,1.58733987808,-0.476699978113,0.204699993134,-0.130800008774,-2.30949997902
58533,-2.79619979858,-0.364821016788,1.11704993248,-5.58384990692,-1.41384994984,-0.782350003719
147179,-1.34079992771,0.953429102898,-0.45324999094,0.0658999979496,-1.46580004692,-0.419099986553
29937,-2.18140006065,0.61229211092,0.589200019836,-0.587600052357,-0.0388499945402,-0.539200007915
6184,-0.415950000286,0.114584505558,0.00270000007004,-0.504700005054,-0.392850011587,-0.275600016117
9854,-0.690549969673,-0.16609147191,-0.3954000175,-0.784200012684,-1.50224995613,0.380750000477
2553,0.141449987888,-0.382268190384,-0.726200044155,-1.73090004921,-0.208799958229,0.822700023651
5440,-0.482899993658,-0.182994872332,-0.277599990368,-1.01480007172,0.163850009441,-0.402700006962
54623,0.180749997497,0.608546435833,-0.106700003147,0.694100022316,-0.0666499957442,-0.0545499920845
9533,-0.476300001144,-1.03304553032,-1.0420999527,-0.829349994659,0.3016500175,-0.29675000906
8607,-0.59684997797,0.177062362432,-0.13030000031,-0.303750008345,-1.74549996853,-0.105650007725
207,0.343800008297,0.108341321349,0.616500020027,-1.57405006886,-0.531550049782,-0.363000005484
26054,-0.296700000763,-0.173310428858,0.847899973392,-1.15109992027,-0.405449986458,0.375600010157
10682,-1.29250001907,1.0014039278,1.1072499752,-0.108000002801,0.234600007534,0.178350001574
8573,0.000900000333786,0.39081916213,-0.574050009251,2.25465011597,0.146600008011,-0.301450014114
23378,-0.184299990535,-0.483020424843,0.275950014591,0.0454499945045,-0.489849984646,-1.17050004005
8553,3.1466999054,1.9889677763,1.45114994049,0.969200015068,0.275950014591,-0.607099950314
622,-2.00049996376,0.545041799545,0.395250022411,0.559100031853,-1.12065005302,0.276050001383
9467,-0.779350042343,0.0265641212463,-0.397650003433,-1.34765005112,-0.739000022411,-0.00509998202324
5525,-0.401600003242,-0.308772683144,0.852300047874,0.647499978542,-0.564400017262,-1.41084992886
256364,-0.0591500028968,-0.567706346512,0.947699964046,-0.938049972057,-0.971199989319,-0.29264998436
332,-0.296599984169,0.27436453104,-0.577400028706,-0.310499966145,1.17054998875,-0.993600010872
2058,-0.328649997711,-3.84931325912,-0.322349995375,0.291000008583,0.0291000008583,-0.719799995422
7849,-1.00259995461,0.343309789896,-0.082000002265,-0.725499987602,-0.491800010204,1.04569995403
23244,0.104950010777,0.609613418579,0.0117000043392,0.423399984837,-0.378300011158,-0.267750024796
7494,0.665899991989,0.56598418951,0.0961499810219,-0.826550006866,-0.802299976349,-0.957499980927
4836,-0.617200016975,-0.578387379646,-0.0632500052452,0.62549996376,-0.0558500140905,0.0193000026047
23647,0.417000025511,-0.0880063027143,0.0535499975085,-0.754999995232,-0.546050012112,-0.109650015831
10617,-0.331549972296,0.223109066486,0.466100007296,0.15324999392,-0.933400034904,-0.21819999814
2184,-0.0313500016928,-0.314245194197,0.20064997673,0.206050008535,-0.70300000906,-0.111149966717
5355,1.22440004349,-0.340214431286,-0.867399930954,-0.369800001383,-0.641799986362,-0.193149998784
6659,1.53219997883,0.992049694061,-0.1087000072,-0.183899998665,0.106499999762,-3.45254993439
7016,-1.2336499691,-0.544420778751,-0.400800019503,0.209700003266,-0.533800005913,-0.23140001297
90861,-0.393350034952,0.37310358882,0.239650011063,-0.343300014734,-1.14100003242,-0.775499999523
10670,0.395549982786,0.130816698074,0.571650028229,-1.3384500742,-0.608150005341,-0.191449999809
79071,-0.796800017357,0.425601780415,0.0959500074387,-0.408149987459,0.588750004768,0.278549998999
64746,0.316749989986,0.327689528465,-0.238649994135,-0.214149996638,-2.37465000153,-1.23969995975
5366,-1.31200003624,-0.426481127739,-0.7174000144,0.384400010109,1.49070000648,0.553600013256
11344,-0.345950007439,0.520303845406,-0.476299971342,-0.126749992371,0.138900011778,0.176399990916
10013,1.13610005379,-0.629432201385,-0.562150001526,-1.05859994888,-0.0974000021815,-0.800149977207
5829,0.537250041962,-1.42639744282,-0.262600004673,0.569800019264,0.622900009155,-2.11419987679
5257,1.48215007782,-0.734125375748,-0.146899998188,-0.229499995708,0.442449986935,-0.0672500059009
22794,1.0204000473,-0.192729637027,-0.255199998617,0.0938000008464,-0.365350008011,-0.585650026798
9761,0.313649952412,0.108959168196,-0.684599995613,0.105549998581,-1.2922000885,-0.719699978828
23326,-0.877250015736,-2.64690232277,0.165749996901,-1.01514995098,-0.68514996767,-0.795899987221
10972,-0.727850019932,-0.68669462204,-1.14245009422,-1.75925004482,-1.33914995193,-0.417899996042
10523,0.252049982548,0.666583716869,0.0271499752998,-1.34580004215,-0.762950003147,-1.33745002747
79090,0.321600019932,-1.86661911011,0.120249986649,-0.444850027561,-0.44580000639,0.454299986362
27032,-0.0931499972939,-0.397505939007,-1.03944993019,-1.71930003166,0.468349993229,0.689499974251
9097,-1.57780003548,-0.928665399551,-2.51990008354,-0.445950001478,0.275650024414,0.973999977112
10513,-0.092150002718,0.977709710598,-0.490950018167,0.0485000014305,-1.21815001965,-1.02565002441
1891,-0.871200025082,0.054567322135,0.337000012398,-0.660299956799,0.806600093842,0.519250035286
3066,-0.119449995458,-0.509151101112,0.490950018167,0.423550009727,-0.669550001621,-1.04034996033
9801,0.824800014496,-0.61322259903,-1.54255008698,-1.0123000145,0.203299939632,-0.273100018501
1459,-0.695699989796,0.0535462200642,-0.912750005722,-1.41689991951,0.872550010681,0.880500018597
9703,-1.16620004177,-0.265885651112,0.24739998579,-1.49985003471,-1.18894994259,-0.846099972725
10606,0.982299983501,0.18802767992,0.299349993467,1.1942499876,0.394499987364,-0.899000048637
1017,0.599500000477,-0.502273917198,-0.436199963093,-0.102599978447,0.151999995112,0.315699994564
9813,0.0238499939442,0.898933172226,1.19589996338,-0.195000007749,0.874100029469,-0.327000021935
7485,0.10490000248,-0.281696438789,-0.0886499881744,0.260500013828,0.191349998116,-1.19309997559
2109,-0.300599992275,0.107156604528,-0.271050006151,-0.129049956799,-1.25999999046,-1.30474996567
23271,-0.413800001144,-0.366285979748,-0.236800000072,-0.810199975967,0.308550000191,-0.677999973297
9915,0.170449987054,-0.625204324722,-0.858749985695,-1.93760001659,0.37270000577,0.112949997187
9552,0.22319996357,-1.1930462122,-0.411199986935,0.103650003672,0.831950008869,0.671249985695
93487,-0.754950046539,-0.197181686759,-1.8016500473,-0.447800010443,-1.22140002251,0.242200002074
2956,-1.27289998531,-0.129856288433,0.689499974251,0.00284999608994,-2.40105009079,-0.410850018263
11065,0.0341500043869,0.166221410036,-0.830249965191,-0.0224999785423,-0.790899991989,-0.721899986267
9653,-0.669600009918,0.0109632983804,-0.881649971008,-0.994900047779,0.528200030327,1.29095005989
200081,-0.782449960709,0.452583372593,-0.244749963284,-0.114199995995,-0.666649997234,-1.6507499218
3337,-0.189249992371,0.618868112564,2.74554991722,0.386299997568,0.16155000031,-0.2757999897
11073,0.11179998517,1.28608942032,-0.891099989414,-0.43109998107,0.344550013542,0.915399968624
23,-0.718350052834,-0.840542316437,-0.629949986935,-0.324099987745,1.13514995575,-0.0330500006676
5641,1.99399995804,0.672173142433,-0.118149995804,-0.360050022602,-1.63144993782,1.07239997387
8720,0.29359999299,-0.170433476567,-0.0653499960899,0.854550004005,1.10539996624,0.264750003815
10782,0.281299978495,-0.91681343317,-0.761349976063,0.015399992466,0.762849986553,0.94494998455
25932,0.60095000267,-6.49167919159,0.108850002289,0.846750020981,0.120049998164,0.409450024366
3028,-0.7650000453,0.459380507469,-0.0416999980807,0.813600003719,-0.674699962139,-0.68875002861
6804,0.0964999943972,3.79223108292,4.66139984131,-0.674499988556,5.0,2.47464990616
890,-0.531199991703,-0.123569518328,0.571699976921,0.186199992895,-1.24204993248,0.10474999249
6390,-1.34185004234,0.0218902751803,-0.397199988365,0.102150022984,-1.60070002079,-0.662100017071
4303,-0.253749966621,0.260833978653,-0.395449995995,0.0322499983013,0.137099996209,-0.970799982548
10953,-0.153700053692,0.847714543343,-0.565699994564,0.129799991846,-1.28340005875,-0.543349981308
22889,-0.350549995899,0.358811438084,-0.832349956036,0.0525500178337,0.590299963951,-0.180899992585
3098,-0.600600004196,0.0920820310712,0.261700004339,-0.027999997139,-0.794449985027,-1.43094992638
11044,-0.152799963951,-0.122474037111,1.00714993477,-0.297449976206,0.66890001297,0.131349995732
8985,1.43624997139,0.2182726264,0.570100009441,0.659200012684,0.0803999900818,-0.106299996376
66008,-1.23399996758,0.619000613689,0.256550014019,-0.503799974918,-2.05885004997,-0.636449992657
9217,-0.504750013351,-0.366503119469,0.590799987316,-0.127800002694,-0.0550499856472,0.938700020313
701,-0.262600004673,-0.722894310951,0.0881000161171,-0.448249995708,0.973900020123,0.932500004768
6182,-1.66295003891,0.281809031963,0.0,-0.227450013161,-0.203099995852,-0.900449991226
4860,0.375449985266,-3.67730927467,-0.592549920082,-4.60264968872,-0.732300043106,-0.72469997406
7398,-1.27319991589,-0.00793272256851,-0.348749995232,-1.37574994564,-0.896099984646,-0.13220000267
6117,0.504050016403,0.588088810444,-0.256200015545,0.468699991703,-0.985700011253,-0.840800046921
23588,0.571200013161,-0.0118326731026,0.462149977684,-0.648750007153,-0.649649977684,-1.04110002518
949,0.282600015402,0.128437295556,-0.79540002346,-0.167650014162,-1.92834997177,-0.070199996233
7168,-0.875949978828,-0.546248793602,0.352549999952,-1.7267999649,-3.49169993401,-0.283800005913
9375,-0.283000022173,0.112802281976,1.0828499794,-1.26399993896,-0.594900012016,0.425300002098
4927,0.395749986172,0.611053824425,0.125250011683,0.785099983215,-5.35745000839,1.01209998131
2523,0.414399981499,-1.61041605473,0.0305500011891,-0.222850009799,0.861699998379,0.0135999917984
58497,-0.190300017595,-0.107684515417,-0.131749987602,-1.42604994774,-0.89620000124,0.583400011063
6856,-0.0525500178337,-1.05149888992,-0.145549997687,0.160250008106,-0.880999982357,-1.65775001049
26036,0.738250017166,0.373750865459,0.610050022602,0.304800003767,-0.797999978065,-0.786000013351
10206,-0.0199000239372,-0.572908520699,0.536450028419,-0.400249958038,1.16215002537,0.837450027466
25793,-0.685199975967,0.855869293213,1.22224998474,-2.05599999428,-1.1561999321,-1.74520003796
55556,-0.201799988747,-0.346855163574,0.421900004148,3.19969987869,0.69319999218,-0.43900001049
3978,-0.296399950981,0.516632139683,-0.587399959564,-0.380200028419,-1.67209994793,-0.392749965191
10681,0.0805500149727,-0.623210132122,0.350099980831,0.225199997425,-0.0680499970913,-0.713000059128
3638,0.179150000215,-0.0345196425915,-1.71130013466,0.148649990559,-0.03370000422,-0.0263000130653
8349,-0.780550003052,-0.425961196423,0.124650001526,-0.812799990177,1.46790003777,1.48810005188
6275,1.20134997368,-0.304262787104,0.118649989367,1.32645010948,-0.633599996567,-0.417349994183
3895,0.603850007057,-0.736416459084,-0.926850020885,-0.0929000005126,0.120350003242,-5.0341501236
392,0.495650023222,0.422427266836,1.08504998684,-1.51335000992,-0.159000009298,0.376399993896
9170,-0.403050005436,3.00140547752,-0.222950011492,-1.09570002556,0.359549999237,0.707249999046
80347,1.01454997063,0.130456268787,0.365149974823,-0.361000001431,-2.56990003586,-0.438450008631
23300,-0.451000005007,0.511273026466,-0.00540000014007,-0.374650001526,-0.385399997234,-1.03205001354
836,0.0145499706268,-0.235765472054,0.730749964714,-0.189700007439,0.1195499897,-0.998950004578
11188,-0.320149987936,0.175877228379,-1.4648001194,0.433049976826,0.670750021935,-0.920950055122
10898,2.32749986649,0.303262919188,0.204750001431,0.13639998436,0.622550010681,0.0912000015378
9276,0.200149998069,-0.958875536919,0.26810002327,0.458900004625,0.092600017786,-0.428600013256
1647,1.15054988861,-1.15129029751,-0.583599984646,-0.152949988842,1.01814997196,-3.48905014992
10285,-1.17580008507,-0.386354595423,0.0752499997616,1.11284995079,-0.993499994278,0.12974999845
23386,-0.635900020599,-0.504737615585,-0.0293999910355,-0.476300001144,-1.9919500351,0.504899978638
3156,0.945199966431,-0.277601331472,0.007199998945,-0.507350027561,0.331849992275,-0.660750031471
10237,0.45015001297,-0.235904335976,-0.0550000071526,-4.91769981384,-1.07434999943,-0.985899984837
7077,-0.393150031567,-0.568011522293,1.04040002823,0.0966999977827,1.02285003662,-1.32560002804
11157,-0.486949980259,0.608965337276,1.09789991379,-0.181149989367,-0.636849999428,-1.22519993782
22908,0.323799997568,0.581739246845,-0.440600007772,0.512099981308,1.17429995537,-2.68840003014
10915,-0.134949982166,0.454921752214,0.614499986172,0.898849964142,-0.669099986553,-0.310750007629
9897,0.272750020027,-0.393156260252,0.89904999733,0.0399000048637,1.10485005379,0.285499989986
1759,-0.631249964237,0.14455550909,-0.551750004292,0.425199985504,0.340200006962,0.119649998844
54541,-0.387250006199,0.00045907497406,-0.383049964905,-0.033100001514,-0.650400042534,0.272749990225
211,0.458750009537,-0.121131211519,0.35490000248,0.159799993038,0.851549983025,-0.55269998312
5048,0.0493000149727,-0.412926405668,0.219200000167,-0.618399977684,0.859500050545,0.338899999857
84722,-0.332300007343,-1.29810082912,-0.00545000005513,-4.19860029221,-2.29565000534,0.763300001621
29890,-0.371749997139,-0.475066244602,0.225999981165,0.260499984026,-0.14849999547,0.386949986219
9868,0.58394998312,1.06626629829,-0.900749981403,0.472350001335,0.229450002313,-0.384949982166
873,0.819399952888,-0.392745703459,0.18805000186,0.0234000086784,-2.55634999275,-2.17175006866
5580,0.144599974155,0.0445200353861,0.795650005341,-0.0431999862194,-1.30935001373,-0.771049976349
3725,0.462549984455,-0.916561841965,-1.82099997997,0.333200007677,1.43684995174,0.738700032234
23585,-0.500050008297,0.591564536095,-0.330099999905,-4.54630041122,-2.42039990425,0.167649999261
51097,-1.09290003777,0.15179079771,-0.0363500006497,0.531800031662,0.598250031471,-1.02355003357
1831,0.17745000124,-0.440090596676,1.64594995975,-0.161400005221,-0.0564999952912,-0.133149981499
7020,0.638899981976,-0.707609057426,-0.0435999929905,-0.936600029469,-0.0926499962807,1.4007999897
55893,-0.494950056076,-0.359234809875,0.685299992561,0.0839499980211,0.979550004005,0.279699981213
6944,0.309149980545,-0.583197832108,0.230849996209,-0.269899994135,0.266349971294,-0.206749990582
22883,-0.171299993992,-3.34314346313,-0.0739499926567,-0.883499979973,0.167649999261,0.337449997663
5601,-0.702049970627,-0.818353414536,0.305249989033,-0.391049981117,0.381650030613,-0.596799969673
10775,0.70735001564,-0.0316660180688,0.150200009346,0.815999984741,0.975300014019,0.240599989891
4780,-1.2093000412,0.100097388029,0.193949997425,0.0540000200272,0.336199998856,0.404050022364
10904,-0.250599980354,0.152675300837,-0.202300012112,-1.10364997387,0.440150022507,-0.180150002241
9917,0.0707499980927,3.74982643127,-1.85489988327,-0.368849992752,1.34834992886,0.791850030422
1399,-0.326050013304,-0.579544842243,2.36225008965,0.501800000668,-0.192900002003,0.843699991703
24149,-0.213850006461,0.500091135502,-0.297199994326,-0.929799973965,0.145399987698,1.10874998569
2222,0.734549999237,0.475688159466,0.160750031471,-0.157949998975,-6.02999973297,-0.0918499976397
10131,0.725650012493,-0.391596436501,0.0436500012875,-0.461099982262,0.0162999927998,0.620949983597
2958,0.025200009346,-0.676630318165,-1.97619998455,0.0860499888659,0.917500019073,-0.295249998569
9650,-0.52815002203,-1.12162518501,-1.60535001755,0.269300013781,-1.32420003414,0.624050021172
7319,-0.602400004864,-0.219933763146,0.534850001335,-2.04334998131,-0.483999997377,0.177100002766
4817,0.688600003719,0.0497644543648,-0.387549996376,-3.77429986,0.957149982452,0.809900045395
9143,1.47619998455,-0.0370805710554,-0.148750007153,-1.63384997845,0.046250000596,-0.416149973869
10494,-0.39880001545,0.29799041152,-2.82420015335,-0.479149997234,-0.380600005388,-0.262950003147
55324,-0.150499999523,0.323728322983,-0.277199983597,0.65474998951,0.066899985075,-1.03575003147
23149,-1.04655003548,1.09500098228,0.416049987078,-1.01485002041,-1.38394999504,0.317900002003
9943,-0.237000018358,-1.32168936729,0.120899997652,2.30345010757,-1.07555007935,-0.207050010562
6599,-1.14914989471,-0.573397934437,1.40534996986,0.432950019836,-0.987400054932,-0.61779999733
51031,-0.686349987984,-0.420502185822,0.195600003004,0.0871499925852,-1.00390005112,0.770150005817
3566,0.7105499506,-0.518162608147,0.960300028324,0.621699988842,0.360949993134,-0.21154999733
3815,1.99229991436,0.840135812759,-0.0546000003815,0.733299970627,1.36989998817,0.58930003643
8624,-0.392799973488,0.0222185254097,-0.102899998426,-0.423249989748,-1.04869997501,-0.56510001421
27346,-0.625500023365,-0.0657852888107,-0.556299984455,0.384449988604,0.406849980354,0.273099988699
10489,-1.10490000248,0.0677135512233,1.37959992886,0.583800017834,-0.77999997139,-1.03425002098
26128,-2.82065010071,0.26148211956,-0.881049990654,-1.60625004768,-1.01310002804,0.263399988413
79921,-0.697000026703,-0.767971932888,0.428849995136,0.181849986315,-1.13269996643,-2.54349994659
55746,0.553299963474,0.352786958218,0.0726999938488,-1.00425004959,-0.0811500027776,-1.5392999649
23636,-0.0959999859333,0.604075431824,0.740749955177,0.326299995184,-1.43505001068,-2.92164993286
10892,-0.0706000030041,0.145139336586,-0.236200004816,-0.172600001097,0.0644500255585,-0.330500006676
10652,0.354850023985,0.23699182272,0.860350012779,-0.106499999762,-0.815449953079,-1.62174999714
11004,-0.0896499752998,-0.0574005916715,-0.393000006676,0.160750001669,-1.10874998569,-0.851450026035
23530,1.1330499649,3.92713570595,-0.996600031853,0.317200005054,0.314449995756,-1.16995000839
8826,1.18684995174,-0.0874201953411,0.25079998374,-0.684700012207,1.4958999157,2.20044994354
3308,-0.842350006104,-0.66590231657,-1.12275004387,-0.879500031471,1.09979999065,0.753549993038
7153,-0.0934500023723,0.804500102997,0.0877499878407,-0.298799991608,0.945249974728,-0.43440002203
11041,-0.361050009727,0.450366556644,0.753499984741,-0.417500019073,-0.68029999733,-0.500699996948
6342,0.621550023556,-0.364650130272,0.0335000008345,-0.593550026417,-0.952899992466,-0.09865000844
5883,-0.0702999830246,0.201943933964,1.37045001984,-0.366449981928,-0.983349978924,-0.135299995542
10589,-0.197450011969,-0.123134493828,-0.705950021744,-0.949050009251,-0.639050006866,0.311349987984
5110,-0.800699949265,1.08127260208,0.611100018024,0.442299991846,-0.968249976635,-1.28334999084
4609,-0.802049994469,0.377916872501,-0.346500009298,0.0811500027776,-0.540149986744,-1.2419500351
5423,-2.07760000229,-0.108117669821,0.19129998982,0.471149981022,-0.637699961662,-0.448949992657
1070,0.514400005341,0.268282681704,1.26415002346,-0.315949976444,0.211899995804,-1.33745002747
10051,-0.133050024509,0.308213800192,0.846949994564,0.547899961472,-0.955549955368,-1.38459992409
6603,0.130050003529,1.00715041161,-0.958700060844,-0.504450023174,-0.388199985027,0.165950000286
9019,-0.894000053406,0.873210549355,-0.297349989414,0.165850013494,-0.306799978018,-0.307949990034
10969,0.331349998713,0.565462350845,0.00564999878407,0.297150015831,-0.702250003815,-1.59979999065
9797,-0.745350003242,0.49580386281,0.175200000405,0.111249998212,-1.49274992943,-0.903750002384
4043,0.289800018072,-0.0491036772728,0.305249989033,0.120550006628,-0.832099974155,-1.36919999123
9519,1.64449989796,0.158290296793,0.35609999299,0.0476000010967,0.0900000035763,-0.191750004888
8480,-0.32824999094,0.257244169712,-0.679600000381,0.186250001192,-0.457849979401,-0.428350001574
983,0.0314000099897,0.0254599377513,-0.554650008678,-1.73524999619,-0.82129997015,-0.483449995518
10559,-0.777549982071,-0.758808493614,-4.31865024567,-4.89750003815,-4.49650001526,1.01370000839
8508,0.0738999843597,0.183676153421,-0.576099991798,-5.80124998093,-5.30210018158,0.210749983788
9275,-0.778199970722,1.10855185986,-0.220750004053,0.848150014877,-0.294250011444,-0.528349995613
8914,-0.26519998908,-0.251858532429,0.164649993181,-0.674150049686,-5.44915008545,0.19810000062
54505,0.524800002575,1.07169234753,0.617850005627,0.788249969482,1.54664993286,0.626749992371
6919,-0.27889996767,-0.580973505974,0.325349986553,-0.15625,1.09895002842,1.32824993134
2274,1.17989993095,-0.0403097197413,-2.4822499752,0.100299999118,-0.217750012875,0.46430003643
2288,-0.695050001144,-0.29545044899,-0.00065000000177,-5.03434991837,1.04739999771,-0.301800012589
7994,0.937849998474,-3.82363200188,-1.01409995556,-1.29379999638,-0.738900005817,-0.358399987221
4216,0.0162000060081,0.290496528149,-1.85920000076,0.808950006962,0.288999974728,-0.693599998951
7538,-0.633649945259,-1.04223632812,-1.81115007401,-0.556400001049,0.98584997654,1.24519991875
3628,-0.172950029373,-0.985141158104,0.669849991798,-0.406200021505,0.0597000010312,0.345999985933
2037,-0.957049965858,0.749185085297,1.23434996605,-0.365599989891,-0.829699993134,-0.460550010204
2771,-0.667949974537,0.407694935799,0.504050016403,-0.0715500041842,0.317200005054,-0.781700015068
7264,-0.328599989414,0.3104429245,-0.0731499940157,-1.1061000824,-1.66920006275,-0.357800006866
1786,-1.15454995632,-0.342895954847,-0.966199994087,-0.349500000477,1.327450037,0.0245499908924
5873,0.42610001564,-0.521156668663,-0.377400040627,0.000650003552437,1.72249996662,1.17315006256
780,0.234150007367,0.634292960167,-0.418199986219,-0.547800004482,0.500899970531,0.0791999995708
9926,-2.34584999084,-0.16676068306,-1.28199994564,-0.384000003338,-1.15385007858,-1.68514990807
8446,-0.531949996948,-0.22175128758,0.63330000639,-0.327950000763,0.674199998379,0.87969994545
7159,-0.830649971962,-0.277389675379,-2.28814983368,-0.218799993396,0.276050001383,-0.920700013638
1026,-1.13434994221,0.327530622482,-1.07490003109,0.0571499988437,-1.53775000572,0.172999992967
7082,1.24900007248,0.0438274815679,0.334300041199,0.211300000548,1.16755008698,-0.993000030518
10058,-0.87315005064,0.50782597065,-0.307500034571,-1.56739997864,-1.64120006561,-0.987650036812
10797,0.081200003624,0.194927126169,-0.151399999857,0.374599993229,-1.08060002327,-1.37345004082
11230,-1.37995004654,0.306640446186,0.540250003338,-0.374650001526,-0.743250012398,-0.950850009918
30836,0.429150015116,-0.844253242016,0.200550019741,0.531399965286,0.560949981213,-1.72450006008
27336,-0.748149991035,-0.579829692841,-0.379000008106,-0.233050003648,0.545149981976,-0.104699999094
9918,-0.529350042343,-0.142665028572,-1.15404999256,-1.18025004864,0.773900032043,0.294849991798
79073,-0.288900017738,0.596531689167,-0.589049994946,-0.661899983883,-0.151650011539,-0.136500000954
9688,-1.96994996071,1.16751098633,0.120749995112,-0.170200020075,-0.906700015068,-0.994949936867
23659,-1.4552500248,1.02140974998,-1.04550004005,-0.0029000043869,-1.09095001221,0.0695500001311
8396,-0.264650017023,0.243251815438,-0.675849974155,1.0,-1.99074995518,-0.800700008869
23077,0.138950005174,0.0707610249519,-0.617600023746,-0.571799993515,0.644699990749,0.214900001884
10857,-0.242500007153,-0.372148990631,-0.504000008106,0.162900000811,-1.35684990883,-0.644000053406
16,0.66194999218,0.0755973905325,-0.304100036621,-0.233950003982,-0.530849993229,-5.17360019684
2817,0.0860999822617,-0.0952700972557,0.929549992085,0.00775000452995,-0.142899990082,0.625299990177
60528,-0.769900023937,0.628392517567,-1.03499996662,-0.432999968529,0.808150053024,0.115200012922
5359,0.573849976063,-0.452836871147,0.526399970055,-0.108900010586,-0.34999999404,0.116300016642
1514,-0.00740000605583,0.533084690571,-0.123400002718,-0.0148499906063,-1.19414997101,-1.93019998074
1509,-0.118399992585,-0.346470624208,0.462949991226,-1.24255001545,-0.567700028419,0.764000058174
9181,1.26559996605,0.0962661802769,0.319849997759,-0.728249967098,0.629549980164,-2.6234998703
3611,-0.281349986792,-0.470710784197,-0.274549990892,-0.757600009441,-0.0185499936342,-1.41234993935
4783,2.49909996986,-0.0208984315395,-0.171049982309,0.490149974823,-0.488900005817,-0.736149966717
10123,0.265249967575,-0.679700374603,-0.10704998672,0.249249994755,0.72705000639,0.309599995613
8895,-0.936850070953,-0.476019829512,-0.526149988174,0.444500029087,1.00325000286,-1.18630003929
9805,0.49975001812,-1.12282276154,-2.05425000191,0.0593999996781,-0.0524500012398,-0.215799987316
4125,1.47564995289,-0.0403429120779,0.0449000000954,0.257550001144,0.129299998283,-0.493900001049
1635,-0.253049999475,0.503844738007,-0.0755999982357,0.173199981451,-0.527899980545,-0.00194999575615
4154,-1.24865007401,0.518009662628,-0.212749987841,3.14954996109,-0.642899990082,-0.585950016975
26292,-0.0530000030994,-0.0126106739044,0.350149989128,0.752099990845,0.204449981451,-0.134749978781
5770,-0.506850004196,0.319157749414,1.22660005093,-0.822149991989,1.1195499897,0.81124997139
25874,0.439099997282,-0.340721130371,-1.15205001831,0.398050010204,-0.0659999996424,0.110600009561
11319,-0.737049996853,-0.291478186846,-1.06859993935,-0.302650004625,-0.293150007725,-1.99020004272
1153,-1.00769996643,1.00279927254,-0.583750009537,-0.266499996185,0.448849976063,0.0753499865532
11098,0.945050001144,-0.51059782505,-0.225400000811,1.05605006218,-0.583350002766,-0.736250042915
8974,-0.194449990988,2.05310249329,-1.28030002117,-1.38559997082,-0.75744998455,0.0451999977231
533,-1.99675011635,0.643335580826,0.0357500016689,-0.358550012112,-0.00509998202324,-0.804300010204
823,-0.784250020981,-0.110965296626,0.965649962425,0.72879999876,-0.831150054932,-0.694099903107
6812,1.17444992065,0.810249328613,0.151749998331,-0.821550011635,-1.31404995918,-1.13704991341
3693,-0.642300009727,-0.0513150393963,-0.146800011396,-0.438699990511,-0.424349993467,-0.539349973202
4891,-2.13820004463,0.133026331663,0.0181999951601,-2.01279997826,0.157649993896,1.34940004349
10954,0.338149994612,1.85541415215,2.50200009346,-0.0815999954939,-0.760249972343,-0.587350010872
5909,-0.238900005817,0.518629670143,-0.210500001907,-0.38220000267,-0.338900029659,-0.192350015044
9221,-0.0627499818802,1.10390663147,-0.576550006866,0.150950014591,-1.21549999714,-1.00514996052
847,-0.225149989128,-0.695604264736,1.77215003967,-0.873649954796,0.947450041771,0.632849991322
11072,-0.11234998703,-0.375668108463,-0.154200017452,0.181799992919,-0.923949956894,-0.0225000008941
10221,0.0973000004888,-0.323475211859,-0.112450003624,0.331499993801,0.892199993134,0.587300002575
7158,-0.974350035191,-0.836993098259,-0.51909995079,-5.88514995575,0.87349998951,0.13560000062
8678,0.953150033951,-0.4320333004,-0.616199970245,0.149100005627,-0.720700025558,0.506749987602
11014,0.638849973679,3.24160170555,0.223200008273,-1.19009995461,-1.05255007744,-0.327050000429
1994,0.684849977493,-0.249634310603,0.640950024128,-0.591549992561,0.0777499973774,0.25339999795
3482,-0.451350003481,-0.129032984376,0.615000009537,-0.436000019312,0.790799975395,0.700950026512
25976,-0.763300001621,0.404226005077,-0.704349994659,0.726249992847,0.0458500012755,-0.587400019169
10491,1.61759996414,0.41004294157,0.242250025272,0.905299961567,-1.9375,-1.85654997826
51053,0.192600011826,0.328815758228,-0.490950018167,-0.339650005102,0.576799988747,-0.0853000059724
9267,-0.175249993801,0.625587463379,-0.195899993181,1.02970004082,-0.938050031662,-0.942299962044
5547,-0.505599975586,-0.225830852985,0.575049996376,-0.932150006294,-0.167549997568,0.852349996567
6597,-0.691399991512,0.881167709827,-0.644250035286,-0.164450004697,-0.275649994612,-0.118499994278
5836,-0.543300032616,0.0488694310188,0.123000003397,-0.999799966812,0.78149998188,-0.377999991179
6118,0.404599994421,0.373164534569,-0.254499971867,-0.8832000494,-0.222200036049,-1.36369991302
2961,0.637500047684,-0.364387899637,-0.260200023651,-3.65700006485,-0.546599984169,-0.921899974346
310,-0.116850018501,-0.330341666937,-0.547850012779,-0.0527999997139,-0.0643500089645,-0.183750003576
7296,-1.96429991722,0.526760995388,0.000999999931082,-2.84765005112,0.352149993181,-0.567399978638
1429,-0.230000004172,-0.157963335514,0.109049990773,0.310849994421,-0.511199951172,-1.10199999809
2548,-0.215999960899,1.01960384846,0.20094999671,0.962350010872,-0.474250018597,-0.793200016022
6499,-0.193800032139,0.325923115015,0.146699994802,-1.09605002403,-1.74995005131,-0.43694999814
642,-0.338199973106,-0.0425813794136,-0.420299977064,-0.245450004935,-4.32165002823,-2.02684998512
23076,-0.362650036812,0.354419112206,0.016249999404,-1.67210006714,-3.14229989052,-0.668600022793
10099,0.61964994669,0.718897104263,-0.00809997320175,-1.62720000744,-0.928150057793,-0.678749978542
9817,0.481350034475,0.2775157094,-0.66219997406,0.326649993658,-1.06544995308,-0.982800006866
9126,-0.425199985504,-0.0423301681876,-0.278499990702,0.0402500033379,-0.539199948311,1.04219996929
3930,0.619450032711,0.279116719961,-2.17754983902,0.547949969769,-0.829200029373,-0.188650041819
10450,-0.643800020218,-0.10674880445,-0.751200020313,-0.767799973488,0.406749993563,-0.248400002718
54386,0.10244999826,-1.23043227196,0.0574499964714,-0.111449986696,-0.719900012016,0.209800004959
664,0.880899965763,0.624260962009,-0.303900003433,2.25285005569,0.162750005722,-0.919300019741
596,0.897350013256,-1.1336376667,-0.510399997234,-0.794199943542,0.416150003672,0.338549971581
10180,0.948599994183,0.353471338749,1.06730008125,-0.458249986172,-0.0696000009775,-0.347800016403
1445,-1.11905002594,-0.0274706482887,0.321649998426,-0.585099995136,-0.0840000063181,-0.177799999714
230,-1.70974993706,0.384822815657,-0.714800000191,-0.163800001144,0.86259996891,-0.599399983883
9246,0.339849978685,1.4268913269,0.390850007534,-0.319849997759,1.18335008621,1.12709999084
5092,0.978450000286,0.327556431293,-0.0010000000475,-0.212449997663,0.806200027466,-1.32379996777
23463,-0.178000032902,0.434715926647,-0.675949990749,-2.39849996567,-0.691749989986,-0.278250008821
10007,0.301950007677,-0.295315921307,0.447450011969,-0.113750010729,0.175699993968,-0.464300006628
4925,-0.597150027752,-0.6718339324,-0.108649998903,-0.259550035,0.250200003386,-0.0472500026226
6251,0.176549971104,2.4436442852,1.07500004768,-0.23219999671,1.53690004349,0.379500001669
5782,-0.961250066757,0.127500504255,0.807150006294,0.712499976158,-1.61039996147,-0.983200013638
5106,-0.775699973106,0.308446407318,0.0197499990463,-0.412649989128,-0.213100016117,0.710350036621
2673,-1.07169997692,-0.0414528697729,-1.65260004997,-0.868799984455,-0.280499994755,-0.622699975967
644,-0.899100005627,-2.95197534561,-0.889750003815,-0.698599994183,0.395900011063,0.33909997344
6284,0.0607499778271,0.887333214283,0.529699981213,0.295650005341,0.442099988461,-1.77899992466
4605,-0.619899988174,2.34582304955,-0.382749974728,-0.699300050735,-0.938349962234,0.00399999879301
6810,0.652800023556,-0.170167520642,0.129299998283,-0.569350004196,0.259299993515,-2.95484995842
54499,-0.506399989128,0.057948499918,-0.475499987602,-0.828549981117,-0.335150003433,-1.26679992676
11007,0.918850004673,-0.341844320297,0.640299975872,-0.0681500136852,-0.190449997783,0.116900011897
1643,-0.37064999342,0.0994695946574,-0.885150015354,0.169100001454,-2.22895002365,-0.101450003684
25805,0.840099990368,0.881444692612,-0.272750020027,0.729400038719,0.0863999947906,-0.291200011969
3033,-2.11984992027,-0.386209100485,1.0068500042,-0.530600011349,-0.263100028038,0.662250041962
2745,0.468900084496,-0.342303186655,0.204750001431,0.536650002003,-1.8235001564,-0.277000010014
9961,0.821550011635,1.10562181473,-1.00890004635,-0.0728000104427,-0.402749985456,-0.0749000012875
3925,-0.665899991989,-0.699734330177,-0.196150004864,-1.14600002766,-1.50749993324,-0.817900002003
2582,0.397299975157,-1.70113229752,-0.792100012302,-0.194099962711,-0.103299997747,-0.256249964237
5792,-0.00889998674393,-1.14097177982,0.196200013161,-1.21029996872,0.414449989796,0.953700006008
5236,0.0968999862671,0.716415822506,-0.0910999774933,0.795450031757,0.963949978352,-0.439099997282
4016,2.7920498848,-0.229276925325,1.98790001869,0.187799990177,-0.469749987125,-0.404899984598
4651,1.46679997444,-0.30945032835,0.004100009799,-0.0504499971867,0.335550010204,-0.278449982405
3988,-0.024749994278,0.381360888481,-2.0326499939,-0.242049992085,-0.0139999985695,-0.502750039101
26227,-0.643250048161,0.211899057031,-0.400649994612,-0.567900002003,-2.66474986076,-1.19324994087
7982,-0.908650040627,0.219772309065,-0.0291000008583,-0.0292999967933,-0.675249993801,-1.13835000992
3551,-0.287600010633,0.548412501812,-0.331900000572,-1.09479999542,0.428849995136,1.24639999866
5108,0.668449997902,-0.649087369442,-1.43484997749,-0.966600060463,0.0513499975204,-1.61820006371
8870,-0.472400009632,-0.300425291061,0.248099982738,0.344799995422,-1.47869992256,-1.07924997807
2195,0.150099992752,0.020978808403,-0.441950023174,0.690450012684,0.0760500133038,-0.202649995685
8731,0.799999952316,0.212149471045,0.323900014162,0.175099998713,-1.68044996262,-1.6454000473
1956,1.56044995785,0.213072955608,-0.958199977875,-0.521049976349,-1.09115004539,-0.65775001049
10276,-0.794899940491,0.70986032486,0.821149945259,-4.38105010986,-0.612249970436,-0.377350002527
1666,0.0185000002384,-0.357239067554,-0.204049989581,0.268950015306,-0.040600001812,-0.288150012493
4864,-0.202700003982,-0.0911188721657,1.50789999962,0.215599983931,0.381750017405,-1.19169998169
4232,0.502000033855,-0.708774209023,0.012549996376,0.23765000701,-1.32680010796,0.574299991131
5050,-0.146600008011,0.0291438698769,-0.150099992752,-0.495599985123,-0.790650010109,-1.37055003643
813,1.41629993916,-0.0246839001775,1.29779994488,0.0204000025988,-4.17000007629,-0.527300000191
3964,0.135050028563,-0.302656710148,-0.210400000215,0.152449995279,0.657350003719,1.37135004997
26020,0.11724999547,0.200197786093,-0.311349987984,0.556200027466,-4.80119991302,-0.34604999423
481,-0.228100001812,-0.21542558074,-0.178350031376,0.327349990606,-1.07019996643,-1.21670007706
5019,0.0210500061512,0.269710212946,1.27489995956,0.97990000248,-0.684450030327,-0.745400011539
291,0.346050024033,0.192844301462,-1.29304993153,0.699150025845,-0.0573999881744,-0.0586999803782
10973,-0.429350018501,0.781898617744,-0.26804998517,0.134149998426,-0.3736500144,-0.00269999913871
9697,-0.716800034046,0.190915346146,-0.129949986935,1.11605000496,-0.630599975586,-1.24224996567
5831,0.811899960041,0.306347489357,-1.10020005703,-0.880850017071,-0.493250012398,0.221899986267
8202,0.0413999855518,-0.0799315720797,-0.256099998951,-1.03060007095,0.466400027275,0.79515004158
57804,1.13705003262,1.26434826851,-0.105150014162,-0.0207499973476,-0.244750007987,-0.238399997354
5566,-0.19730001688,-0.0977999567986,0.561199963093,-0.237850010395,1.65659999847,-2.60095000267
57149,-0.984449982643,0.471474647522,0.724349975586,0.73164999485,-1.93140006065,-0.282700002193
7416,-1.1114000082,0.377332776785,-0.257950007915,0.870600044727,-0.018649995327,2.42184996605
10174,0.305400013924,0.925095200539,1.94519996643,1.59354996681,-1.20724999905,0.657199978828
6676,-0.607649981976,-0.170747205615,0.809549987316,0.593799948692,0.875550031662,0.797900021076
8884,0.9945499897,0.299320042133,1.74509990215,0.563449978828,-0.276549994946,-1.23625004292
5997,-0.688950002193,3.55200147629,-1.36540007591,0.323900014162,-0.332700014114,-5.15860033035
57147,-0.626850008965,-0.425411939621,1.16414999962,-0.433550000191,0.330099999905,-0.678849995136
6909,-0.53845000267,1.20025706291,0.65474998951,-0.642549991608,-0.649699985981,1.18579995632
9093,-0.0603500008583,-0.792837321758,0.0,-5.0314002037,0.98710000515,0.443250000477
23142,-0.645799994469,-0.491531133652,2.8303000927,-0.682099997997,-0.353399991989,2.0258500576
8444,-1.23559999466,-0.207556843758,1.62604999542,0.873049974442,2.55879998207,-1.29379999638
11232,-0.0993500351906,0.190166264772,-0.249999985099,1.14049994946,0.791199982166,-1.00709998608
27095,0.868749976158,0.157743230462,0.250400006771,0.0722500011325,-5.02990007401,0.475800007582
10732,0.207300007343,1.14525055885,0.892549991608,0.647449970245,-1.95500004292,-0.404349923134
23029,-0.232949972153,0.200041487813,0.890049993992,1.35619997978,0.309350013733,0.0363000035286
9270,-0.157299995422,-0.249047756195,0.54240000248,-0.0984999835491,0.567799985409,-0.142049998045
47,0.175350010395,-0.221222013235,-0.00200000032783,0.181700021029,-0.834149956703,-0.624700009823
5889,0.20275002718,-0.142551511526,-0.120850011706,0.118599995971,0.0997000336647,-0.467999994755
8243,2.06489992142,0.725903391838,-0.0410999953747,0.63765001297,0.0890500023961,0.621649980545
10730,4.50600004196,-0.374646574259,-0.267749994993,0.588900029659,-3.94745016098,-6.33505010605
30,1.95714998245,0.0841332674026,0.71364992857,-1.02324998379,1.44355010986,-0.75670003891
7466,2.56874990463,0.444838166237,0.563549995422,1.81719994545,1.94725000858,-0.71614998579
89910,-0.0307999998331,-0.251483172178,0.127049997449,-0.113800004125,0.728850007057,-0.802500009537
56654,0.304000020027,-0.218839913607,-0.830849945545,-0.952950000763,-5.30084991455,-1.96434998512
501,0.565900027752,-0.592253744602,0.000800006091595,1.25705003738,0.410999953747,1.2283500433
5438,0.344099998474,0.165498182178,0.290749996901,0.022899992764,-0.437400013208,0.29414999485
26993,0.26985001564,0.120487868786,0.900049984455,0.553300023079,2.4265999794,-0.046649992466
55111,0.555449962616,0.562653422356,-0.396750003099,0.253549993038,-0.790950059891,-0.854799985886
8520,-1.8273999691,0.456139802933,-0.346500009298,-0.23765000701,0.00174999982119,-2.50355005264
10146,0.13710001111,1.34162557125,-0.128200024366,0.911599993706,1.45904994011,-0.172450006008
7165,0.365099996328,-0.25537109375,3.42429995537,-0.343850016594,3.27660012245,0.158449992537
55011,0.517350018024,-2.14892077446,0.797600030899,-0.436000019312,-0.226800009608,2.85590004921
6461,-0.120200037956,-0.245095849037,-0.0758000016212,0.201799988747,0.530149996281,0.76189994812
10813,1.1888999939,-0.939685225487,-1.18514990807,-0.16479998827,0.0179499983788,0.477500021458
80746,1.68134999275,-0.0318083837628,-0.553200006485,1.44169998169,0.231500029564,-0.166749998927
10434,0.583699941635,0.27008420229,-0.510699987411,-0.0218499898911,-0.380550026894,-0.349749982357
5607,0.351649999619,-0.213666886091,2.34165000916,1.99079990387,1.08255004883,0.751100003719
22827,0.683400034904,0.392960786819,-1.98805010319,0.73734998703,-4.7375497818,0.141600012779
51635,-0.00034999998752,-0.280385971069,1.18409991264,0.358249992132,1.58644998074,0.402799993753
84159,1.61255002022,1.10110497475,0.419599980116,0.831300020218,-0.0824000239372,0.49019998312
3508,0.078450024128,0.223791778088,-0.601100027561,1.31914997101,0.587099969387,-0.364199995995
84890,-1.43325006962,1.03605926037,-0.567449986935,0.770050048828,0.773400008678,-0.799250006676
79600,2.24114990234,-0.36064106226,-0.825950026512,0.609549999237,0.0472500026226,1.29834997654
8574,0.339700013399,0.62929391861,0.427649974823,-4.83685016632,-0.405299991369,-0.638100028038
5529,-0.54390001297,-0.397463709116,0.301500022411,-0.0850500166416,1.5040500164,0.253900051117
3909,-0.867349982262,0.188402682543,1.88820004463,-0.645550012589,-0.835300028324,0.897549927235
9637,4.70289993286,0.109839856625,2.29235005379,1.17005002499,-0.507600009441,-0.677049994469
8518,-0.100699990988,-3.01885294914,-0.859500050545,0.253450006247,-0.516799986362,-0.148450016975
6443,2.19330000877,0.594593524933,0.594050049782,-0.554499983788,-1.04279994965,0.251200020313
58478,-0.840300023556,0.74939262867,0.534449994564,1.94854998589,-1.32155001163,2.64774990082
4850,-0.611750006676,3.95506620407,0.5570499897,0.170849993825,0.185800001025,-0.831149995327
23210,0.0298500061035,0.304515302181,0.402599990368,-0.0884000062943,-1.33445000648,-0.543749988079
54733,0.349500000477,0.237574338913,-0.517699956894,-0.616150021553,0.77294999361,-0.996999979019
55129,0.731700003147,0.62568628788,1.77390003204,-0.650700032711,-0.205750018358,-0.421649992466
10273,0.0,0.236647635698,-1.47174990177,0.310000002384,-0.337249994278,0.923950016499
572,-0.75744998455,-0.47243899107,0.519800007343,1.40020000935,0.152000010014,-0.279250025749
5716,0.887249946594,0.292554318905,0.419200003147,0.75024998188,-0.104049995542,0.074300006032
22841,0.106999993324,-0.0427602678537,0.0151000022888,-0.148850008845,0.652549982071,-1.55010008812
2356,0.451400011778,0.159037694335,-0.152999997139,-0.22950001061,-0.247299998999,-0.0679500028491
6050,-0.264649987221,-0.459882259369,-0.729450047016,-0.358300000429,0.551699995995,0.810549974442
64422,0.654349982738,1.02361178398,1.67155003548,-0.60564994812,-0.56099998951,-0.577149987221
8837,0.120249986649,-0.880625128746,1.83124995232,-0.183400005102,1.04645001888,1.58900010586
55127,-1.15559995174,0.137065246701,2.04784989357,-0.694350004196,1.98440003395,2.39350008965
23335,1.13310003281,-0.411643266678,0.493700027466,-0.515949964523,0.703999996185,-0.774699985981
10270,-0.574199974537,-0.0307123810053,0.0986000001431,2.39289999008,-0.405650019646,-1.27254998684
6509,0.406300008297,0.638018608093,-0.0399500131607,0.256350010633,-0.463649988174,-0.514450013638
83743,0.68079996109,0.454700291157,-0.123599998653,-0.0175500009209,2.00755000114,0.517250001431
6772,1.26779997349,-0.234747320414,1.91770005226,-0.289949983358,0.317799985409,0.0570999979973
22887,1.12879991531,0.286791026592,-0.239700004458,-0.124249994755,-0.62885004282,-0.790250003338
51001,-0.493950009346,-0.142716214061,0.59274995327,0.836899995804,0.665899991989,-1.08134996891
26511,0.366899996996,0.694967269897,-1.10440003872,0.323950022459,-0.222000002861,-0.552550017834
7874,0.302650034428,2.12077260017,-0.0824999958277,-0.48449999094,-0.880750000477,-1.28429996967
51070,-3.32784986496,0.154891908169,0.480100005865,-0.3492000103,0.220850005746,0.160849988461
1738,-0.397500008345,-2.29159450531,-0.313650012016,0.202950030565,-0.25260001421,-0.65885001421
3416,-0.362099975348,-0.771639227867,1.02530002594,-0.107600003481,-2.18724989891,-0.0713500082493
9128,-0.530449986458,-3.01268076897,-0.300850003958,-0.197650000453,0.231749981642,0.271750003099
9833,-1.15569996834,3.02385020256,-0.112299993634,1.33640003204,1.32060003281,-1.99270009995
4088,0.353450000286,0.559988737106,0.199499964714,1.27279996872,-1.09219992161,-2.15259981155
5018,-2.0639500618,-0.359802275896,-0.894100010395,-0.424950003624,-1.14974999428,-0.251850008965
51375,0.392899990082,0.688131809235,0.338349997997,0.563099980354,1.11590003967,-0.15964999795
55038,-1.2772500515,0.361705958843,4.12804985046,1.46280002594,-0.267850011587,-0.415950000286
23061,1.64180004597,0.399269640446,2.48475003242,1.40330004692,0.658399999142,0.604499995708
64428,0.22910001874,-0.522865414619,-0.221150010824,-0.639299988747,1.1359000206,0.871800005436
11325,-0.335600018501,1.40893316269,-0.501150012016,0.140450000763,-0.924399971962,-0.979400038719
9641,5.37169981003,-0.0353902280331,0.253899991512,-1.21794998646,0.833899974823,1.02480006218
23038,0.0261499881744,4.85453414917,4.38094997406,-0.910700023174,-0.684450030327,0.123700007796
57048,0.107000008225,-0.649506032467,-0.857200026512,4.06745004654,1.00580000877,-2.38980007172
94239,0.676049947739,-0.565069675446,0.574400007725,0.390900015831,0.386599987745,-0.824049949646
51203,0.439300000668,0.745906472206,-0.76599997282,0.702650010586,1.33109998703,0.395600020885
388650,-0.33259999752,-1.0265134573,-0.231500029564,1.09275007248,1.08864998817,1.04945003986
23039,-0.856299996376,-0.62246876955,0.138250023127,0.155450001359,0.666649997234,-0.0797499939799
55179,0.753749966621,-0.613492012024,0.962199985981,-0.00135000050068,1.24259996414,0.580049932003
5827,-0.482250005007,-0.932365775108,-0.382650017738,-0.25024998188,-0.104999996722,-0.639800012112
10245,-0.198599994183,-0.184080451727,0.555450022221,0.191700011492,-0.204649984837,-0.237950026989
6813,0.629799962044,0.563637018204,0.444350004196,-1.55535006523,-2.0164000988,-0.0972500145435
3251,-0.210199981928,0.129068508744,0.243349984288,-0.854349970818,0.284049987793,-0.568099975586
23212,-0.840149998665,0.549399375916,-0.744199991226,3.72485017776,-1.57990002632,-0.71724998951
23536,0.281450033188,0.576691269875,-0.257849991322,-0.110499992967,0.618000030518,1.10490000248
51282,0.219049990177,0.109072968364,-0.118000000715,-0.342500001192,-1.58064997196,-0.428550004959
10227,-0.640249967575,-0.134601920843,0.728450000286,-0.00025000423193,-2.20994997025,-0.409600019455
50813,-1.04500007629,-0.880813121796,0.175400003791,0.377099990845,-0.816150009632,-1.13884997368
51024,0.528050005436,-0.0623210072517,-1.53434991837,-0.852949976921,0.876850008965,1.37720000744
53343,-0.201849997044,0.933393061161,3.0123000145,0.0410000085831,0.00659999251366,-1.70845007896
1465,-0.189099997282,0.0632597506046,2.81585001945,0.408800005913,0.159350007772,-0.231899991632
79006,0.233400017023,2.2122528553,-0.990999996662,-0.33599999547,0.329650014639,0.931900024414
6988,1.15314996243,2.1217508316,-0.904500007629,0.951249957085,0.251049995422,0.0363000035286
11011,-1.8887001276,-0.687614798546,-1.01999998093,1.48759996891,0.378599971533,-3.40834999084
23325,-4.08620023727,0.0951581075788,-0.0129500003532,-0.141499996185,0.50729995966,-1.29414999485
10049,-0.435849994421,1.9971126318,-0.132850006223,-1.11759996414,-0.767999947071,-0.669649958611
3157,1.99370002747,0.187642037868,0.669749975204,-0.610550045967,-0.423599988222,-1.61529994011
200734,0.264199972153,0.0952860116959,-0.441950023174,-0.0484000146389,0.635600030422,0.818750023842
9053,0.623800039291,-1.41022467613,0.103750005364,0.897100031376,0.120499998331,0.338950008154
79094,1.05875003338,-0.974894940853,5.16620016098,-0.861400008202,-0.477699995041,-0.423650026321
2778,-0.824999928474,-0.246939390898,-0.334450006485,0.354450017214,0.0837500095367,2.10840010643
54881,-0.5570499897,0.502155423164,-0.193849995732,0.0315000414848,-4.50895023346,-1.02625000477
54807,-0.388099968433,-0.586975216866,-0.137099996209,0.516749978065,0.774850010872,-0.0217500030994
323,-0.573949992657,-0.239144057035,0.318250000477,-0.838400006294,-0.11875000596,-0.575849950314
26001,0.100050002337,3.98053097725,4.66139984131,-0.674499988556,5.0,2.46884989738
10190,-0.347350001335,-0.0349071472883,-0.0152000002563,0.754899978638,-0.282999992371,5.26265001297
9686,-1.02680003643,0.70670992136,0.0512000024319,-0.495849996805,-2.00325012207,-0.527350008488
54915,0.491050004959,0.192416206002,0.713900029659,-1.96014988422,0.176149994135,1.69805002213
23658,-1.71969997883,0.143691807985,-0.108450002968,-0.0290499925613,-0.605250000954,1.19919991493
7750,-1.31309998035,0.702642321587,0.626799941063,-0.417750000954,-1.21915006638,-1.38505005836
79643,1.05640006065,0.572012066841,1.64380002022,-1.3518999815,-0.204349994659,0.00885003805161
9488,0.177300006151,-1.27395796776,-0.408449977636,0.245499968529,0.476700007915,1.81210005283
11200,-0.501149952412,0.115820586681,0.348800003529,0.00999999977648,0.143899977207,-1.32799994946
65057,0.177749991417,-1.02043128014,0.610800027847,-0.509299993515,0.695850014687,0.920849978924
6832,-0.400699973106,0.884107112885,0.662699997425,-0.330700010061,-1.25040006638,0.597299993038
23131,2.44900012016,0.400223463774,0.0948000103235,3.21670007706,-0.341250002384,-0.66320002079
10776,-0.107150018215,0.528925478458,-0.226699993014,-0.511299967766,-2.84435009956,-0.944999992847
6253,-0.0358500480652,-1.46680223942,-0.628949999809,0.540199995041,0.466949999332,-0.136050000787
79716,-0.524700045586,0.230938285589,-0.144099980593,1.07994997501,0.0335499644279,0.0710500180721
29978,-0.580299973488,0.588801681995,-0.191550076008,-0.427500009537,-0.70039999485,0.205950021744
9988,-0.0776000022888,-0.138393193483,-0.0659999921918,-0.732950031757,1.86179995537,-0.403899997473
10845,-0.223250001669,-0.033153668046,0.756150007248,1.75265002251,1.78984999657,-0.743849992752
54957,-0.899950027466,-0.211602315307,-0.712400019169,0.914499998093,-0.587000012398,0.0652000010014
79170,-0.448499977589,-0.576619327068,3.16094994545,-1.20120000839,-0.762300014496,1.05774998665
10610,-0.73884999752,0.24266333878,0.754000008106,-0.0933999866247,5.75985002518,1.28184998035
128,0.113950014114,0.860608577728,-0.221100002527,-0.220949992537,0.409950017929,1.00759994984
51026,-0.577749967575,0.217767655849,-0.645599961281,-0.444749981165,0.0501499995589,0.0577500164509
5498,-0.736400008202,-0.279128849506,-0.124899998307,-0.975399971008,0.430800020695,2.38465023041
124583,0.423500001431,0.159313187003,0.462999999523,0.0168499946594,-0.407150030136,-0.561600029469
9455,-0.213149994612,0.555017471313,-0.240799993277,-0.0979500114918,0.202399969101,0.376899987459
1212,-0.787750005722,0.342390120029,-0.732299983501,0.0936499983072,-1.9470499754,-2.51684999466
5255,0.704850018024,0.00499387085438,-1.54570007324,2.61490011215,0.596200048923,0.0392500013113
9448,0.653249979019,0.579006493092,-0.201849997044,-3.03894996643,-1.55789995193,-0.0675999969244
9924,-0.0847499966621,0.532764911652,0.591750025749,0.734799981117,-5.28225040436,-1.16289997101
5480,0.682950019836,0.490518212318,5.4970998764,0.987400054932,0.502449989319,-1.08650004864
1983,-0.510199964046,-0.307089149952,0.370849996805,-0.198200017214,-0.0810500010848,-0.102600000799
56889,-0.846000015736,-2.36346101761,0.817999958992,-0.354499995708,0.470049977303,-0.966250002384
79080,0.652999997139,-0.643291056156,-0.119899995625,-0.0903999954462,-3.41099977493,-4.68965005875
9016,-1.58224999905,-0.0820610299706,-0.160149991512,-1.24354994297,-1.38794994354,0.418749988079
6915,0.488099992275,-0.31475174427,0.352149993181,0.239049986005,0.734849989414,2.48140001297
9709,-0.878199994564,-3.4131975174,0.0941500067711,0.774450004101,-1.6032500267,-0.487450003624
116832,0.157900005579,0.0328440070152,-0.148900002241,1.45039999485,2.59574985504,0.304100006819
670,1.22025001049,-0.552684903145,0.28100001812,1.62454998493,1.53850007057,0.856450021267
7867,0.521349966526,0.0225809961557,0.632399976254,-0.388150006533,-0.405849993229,-0.971750020981
79143,-3.91529989243,-3.34513521194,-0.117950007319,-0.259299993515,0.637499988079,-0.224199995399
11284,0.672099947929,-0.164562687278,0.703350007534,0.957450032234,0.242199987173,0.142599999905
23443,0.12190002203,-0.337161004543,2.62594985962,-0.655900001526,-0.0234000012279,0.762299954891
51599,0.496299982071,-0.38585549593,-0.525599956512,-0.623250007629,0.0982500165701,-0.445149987936
5927,0.102200001478,1.32552671432,0.139650017023,0.300049990416,-0.756699979305,1.95630002022
55793,-0.641649961472,-0.369416862726,-0.382450014353,-1.30990004539,-0.657549977303,-0.632599949837
5867,0.737250030041,-0.0742020308971,0.0433999300003,0.583800017834,2.54229998589,0.703099966049
7866,0.00724998116493,-1.29583489895,0.425249993801,-0.412299990654,-0.314649999142,-0.114200003445
25825,-0.475800037384,-0.151385203004,0.624150037766,-0.222800001502,0.382149994373,-0.340000003576
4067,1.09815001488,-0.329185426235,-0.0814999938011,3.65210008621,-0.710850000381,0.67040002346
51015,0.0661499500275,-0.684334993362,0.361550033092,0.934449970722,1.39695000648,1.31819999218
5891,-0.122799992561,0.802922129631,1.24995005131,4.49074983597,0.223999992013,1.95065009594
3300,-0.278800010681,0.312118709087,0.415850013494,-0.229900017381,-1.03554999828,-0.612399995327
64781,-0.688950002193,-0.057022601366,1.12205004692,-0.86360001564,1.03594994545,1.80924999714
51056,-0.380400002003,-0.157932147384,0.466549992561,-1.45934998989,-0.363400012255,1.20389997959
8550,0.218100011349,-0.0224207788706,-0.0263999998569,0.515600025654,-0.684549987316,-0.391249984503
50810,-0.383849978447,0.0233092904091,-0.379599988461,0.769050002098,-0.394249975681,-0.683300018311
23011,-0.288150012493,0.952681422234,-0.461649954319,0.704349994659,1.57089996338,0.0427500009537
11168,0.0147500038147,0.267561674118,-0.582099974155,0.71130001545,-0.259249985218,-0.809700012207
1385,0.757749974728,0.117042720318,-1.17145001888,1.11334991455,-1.4210999012,0.353600025177
10150,0.831200003624,0.0452852770686,-0.936550021172,0.572000026703,0.663150012493,-0.250800013542
29763,-0.469650000334,0.008046714589,1.84020006657,0.144849985838,-0.473999977112,-0.492100000381
9112,0.187150001526,-0.220657587051,-0.138000011444,0.413300007582,2.10295009613,1.6113499403
23499,-0.606599986553,-0.915211617947,-3.42849993706,1.0598000288,1.87275004387,-1.04015004635
85236,0.485399991274,-0.36785697937,-0.0853499993682,1.12650001049,-0.360650002956,-0.562649965286
5096,-0.293600022793,-0.032911658287,3.55664992332,-0.321050018072,-3.21420001984,0.391649991274
55620,2.41144990921,0.582688868046,0.534049987793,1.70645010471,2.84955000877,-0.568899989128
5373,-0.146499991417,-0.635681688786,0.421849995852,-3.75784993172,-1.50534999371,0.28489997983
51170,-1.06414997578,0.294651627541,-1.65094995499,0.628800034523,0.0342499986291,-0.133550003171
54850,-0.420500010252,0.0878270417452,0.869699954987,0.0121000111103,0.652549982071,-0.0519500039518
80349,-0.298900008202,-0.594282984734,0.288899987936,-0.352800011635,0.29105001688,-0.4375
355,1.54260003567,0.360724449158,-0.0836000144482,0.867150008678,0.742249965668,-1.16544997692
1062,0.0670500025153,0.205049008131,-0.777849972248,1.13394999504,-0.307699978352,-0.387749999762
8804,0.301699966192,-0.890690088272,-0.384900003672,-0.474049985409,0.187300011516,-0.373250007629
80758,-0.742099940777,0.543679118156,-0.754199981689,0.192249983549,-0.979750037193,-0.104499995708
375346,3.5242497921,0.473785281181,-0.285199999809,-0.442700028419,0.827749967575,0.384049981833
51385,0.0889999866486,0.0823332667351,-0.138550013304,-0.253549993038,-1.19529998302,-0.236350014806
55748,-0.656300008297,0.558482646942,0.571799993515,1.16220009327,-0.290900021791,-0.406749993563
10318,0.867350041866,0.473027408123,-0.679149985313,-1.10540008545,-5.44500017166,-1.44175004959
54681,0.26004999876,0.176639214158,-1.82395005226,-0.429399996996,0.912250041962,0.0974500030279
7905,1.07289993763,-0.398970544338,-0.866899967194,2.21989989281,-0.198449999094,0.196449995041
28969,0.577749967575,-0.0656638741493,1.75049996376,-1.0868499279,3.38835000992,0.306649982929
10668,-0.238999992609,-0.165361776948,0.519200026989,0.517300009727,0.639549970627,0.268949985504
51005,0.886900007725,-0.147853776813,2.27480006218,-0.574800014496,0.0251000076532,-0.312049984932
8800,-0.607100009918,-0.242904037237,-4.9861998558,0.688250005245,0.0125500038266,0.907950043678
54438,0.08495002985,2.50120592117,1.87744998932,-0.399550020695,1.65614998341,0.269699990749
55825,-0.0332500338554,0.0434385128319,0.42919999361,1.72239995003,-0.789099991322,-1.19350004196
8835,-0.167350023985,-0.288008391857,-0.750100016594,1.37395000458,0.98884999752,1.09994995594
64429,0.708200037479,0.172399759293,0.272549986839,0.388949990273,1.32649993896,-1.47944998741
3682,0.0604000091553,-0.430605053902,0.72595000267,0.147599965334,-0.215199992061,0.0677500069141
10329,-0.875800073147,-0.105327367783,1.32315003872,-0.693549990654,-0.221000015736,-1.44930005074
27109,-0.391950011253,0.500168085098,0.491500020027,-0.0934500023723,-0.156149998307,-1.47335004807
51335,-0.326150000095,1.14207053185,0.307700008154,0.238799989223,-0.199200004339,0.0118999779224
3202,0.418850004673,0.257467389107,1.29419994354,-3.77669978142,1.92175006866,0.512449979782
2896,-0.00244999676943,1.51202690601,0.342850029469,-1.60304999352,-0.147349998355,-0.18900001049
79902,-0.662999987602,0.0938146114349,0.442450016737,0.785950005054,-0.88010007143,0.277049988508
29083,0.612399995327,-0.200381234288,-0.312799990177,-0.229599997401,-1.55239999294,-0.354550004005
5747,0.334600001574,0.945857226849,-0.360500007868,-0.247099995613,-2.21974992752,0.800549983978
22905,0.726699948311,-0.544181466103,3.44044995308,0.34114998579,-0.289900004864,-0.332899987698
63933,-1.05245006084,0.254682183266,-0.184450000525,-1.40264999866,0.937049984932,1.31824994087
9847,-0.893950045109,0.111411213875,-0.150800004601,0.1875,-0.542100012302,-0.78979998827
51021,-0.869749963284,0.476740062237,1.65139997005,-0.0585000216961,-0.982949972153,1.10214996338
8996,-0.107950001955,0.22948974371,0.0963500142097,1.07134997845,1.21290004253,0.536650002003
7376,0.584500014782,-0.600685894489,1.0080499649,0.249250009656,-0.536000013351,-0.537699997425
5357,-0.361950010061,-0.321367919445,0.990949988365,-0.494800001383,0.226799994707,1.10825002193
56940,4.67344999313,-0.517400622368,0.900449991226,2.76695013046,0.342300057411,-0.455499976873
6195,0.438450008631,-0.119953647256,-0.255449980497,0.00245000422001,0.490299999714,1.76570010185
1633,-0.590050041676,-0.522859036922,-0.145300000906,0.859850049019,-0.683750033379,0.374849975109
23321,0.216350004077,-0.274296313524,-1.20340001583,-0.0400999933481,0.724349975586,1.22210001945
51160,0.263900011778,-0.442783951759,-0.0196000002325,0.112049996853,1.5448499918,0.714800000191
55604,-0.736649990082,0.181944236159,0.287699997425,-0.215250000358,0.876150012016,1.97259998322
2063,-0.225449994206,1.05249917507,-2.11115002632,-0.700250029564,-0.0443499982357,0.412600010633
54512,0.428000032902,0.0396128892899,-0.148249998689,0.184600010514,-0.0813000053167,-2.16219997406
9124,0.0445500016212,0.418367028236,1.54339993,-0.315050005913,1.43484997749,0.861349999905
79174,2.88490009308,-0.571378231049,-0.077099993825,-1.12584996223,0.195650011301,0.947549939156
23223,-0.137250006199,0.226860970259,-0.190399989486,0.337999999523,-3.1398999691,-4.37590026855
39,-0.981499969959,0.112669244409,0.341899991035,-0.224399998784,0.716000020504,0.948950052261
57215,-2.83395004272,-0.0261146128178,-0.188799992204,-0.608600020409,0.728999972343,1.23255002499
1052,-0.0129000097513,-0.849502325058,0.568400025368,-0.63330000639,0.950699985027,-0.0830000042915
23139,-0.101649940014,0.668123424053,-1.36070001125,-0.185750007629,0.697499990463,0.294999986887
79947,0.102349996567,-1.10424923897,-0.0732999742031,-1.10185003281,0.0488999783993,0.577650010586
4616,0.942200005054,-0.992191255093,-0.122249998152,-0.461899995804,-0.077500000596,-0.877300024033
9710,0.437299996614,0.211841136217,1.7106500864,-0.530099987984,0.443099975586,1.45155000687
6990,-0.697700023651,-0.560108244419,-0.223049998283,0.114549994469,-1.3191999197,0.658299982548
29082,0.211349979043,0.0975420176983,-0.105749994516,0.0438500195742,-1.14590001106,0.0410499870777
9670,0.0244000256062,-0.0427593961358,-0.343550026417,0.14099997282,0.639850020409,-2.15435004234
81533,-0.999050021172,0.0258103311062,-1.31914997101,-0.306749999523,0.815549969673,0.830199956894
10525,-0.476450026035,-0.114141389728,-0.622699975967,0.325749993324,0.805700004101,0.55395001173
2353,-0.423149973154,-2.85949373245,-0.00530000030994,0.547049999237,-0.820349991322,1.6154999733
57192,0.336149990559,3.16484165192,0.152899995446,-1.33389997482,1.15665006638,-0.00225001573563
3398,1.29509997368,-0.795850038528,0.211649999022,-0.692650020123,0.81685000658,-0.345150023699
3775,0.245000004768,-0.0321559384465,0.185349985957,0.996000051498,-0.630149960518,0.265249967575
26064,1.29345011711,-2.15158843994,0.61075001955,0.51935005188,0.893949985504,0.16320002079
29103,0.207350000739,-0.297681629658,0.531350016594,-0.18259999156,-0.543749988079,0.587100028992
3206,0.0761500075459,0.183132067323,-0.984200000763,-2.77929997444,0.80220001936,-1.03215003014
1500,-0.225350022316,-0.807487905025,0.325100004673,-1.41199994087,0.880249977112,0.85355001688
7690,0.188350006938,-0.0179136991501,1.09619998932,0.102600000799,-1.0978500843,1.13115000725
29911,-2.68515014648,0.665623307228,1.71239995956,1.37415003777,0.0202999711037,1.82554996014
2064,-2.39865016937,0.459596335888,-0.656599998474,-0.0315499901772,-1.69749999046,-0.0127000063658
65123,-0.337799996138,0.345781564713,1.60509991646,0.282400012016,-0.745450019836,-0.0715499967337
5986,-0.148399993777,-0.355517178774,1.23585009575,2.75165009499,1.31775009632,-0.787549972534
85377,-0.189699977636,0.540899455547,4.53459978104,3.62785005569,3.53900003433,0.160400003195
9903,0.291750013828,1.15284347534,0.608200013638,5.23645019531,4.44019985199,-0.213099986315
7088,0.148800000548,-2.75175881386,-0.108249999583,-0.563700020313,-1.4306499958,-1.18254995346
22796,0.854499995708,-1.75821149349,0.487650036812,-0.316799998283,-5.63805007935,-0.417650043964
51116,0.525349974632,0.414006531239,0.164449989796,-0.13085000217,-0.138199999928,-1.46965003014
54442,0.42895001173,0.445241242647,-0.309599995613,-1.38814997673,-0.627149999142,-0.577199995518
10695,0.0457499921322,-1.65422165394,2.46300005913,-0.629450023174,0.0128499865532,-1.97114992142
102,0.225250005722,-0.598312973976,-0.402549982071,4.87190008163,-0.52429997921,-0.45609998703
965,1.21920001507,0.0810470879078,-0.972699999809,-0.519950032234,0.523400008678,-0.266200006008
3800,0.469250023365,0.552417039871,-0.0123500078917,0.393350034952,-0.968550026417,0.300850003958
10362,1.66670000553,0.153816521168,-5.41074991226,0.249300017953,0.690500020981,0.128150001168
5300,0.983200013638,0.570076525211,1.23829996586,0.963850021362,0.629750013351,0.80780005455
8270,-0.87935000658,0.425349891186,0.134250000119,-0.336000025272,-0.9700999856,0.233899995685
27242,-0.362300038338,-0.605180263519,0.230749994516,0.112900003791,1.0313000679,0.939149975777
9928,-0.86025005579,-2.77658748627,-1.38884997368,0.334299981594,0.142099991441,-0.762449979782
1534,0.376850008965,0.321167767048,-0.399350017309,-0.906449913979,0.601549983025,-0.0825999975204
5654,-0.740000009537,-0.443058133125,-1.0148499012,-0.710900008678,-0.716749966145,0.635299921036
10810,-1.22794997692,-0.473878204823,-0.943400025368,-0.257049977779,0.351499974728,0.690850019455
7105,0.298899978399,-0.398289084435,0.388749986887,-0.730400025845,0.994850039482,-0.990900039673
23014,-1.24629998207,0.730038583279,-0.235599994659,-0.766100049019,0.188700005412,1.20550000668
55012,-1.64194989204,0.392424285412,0.0113499993458,-0.328350007534,0.0084500014782,-0.142700001597
2887,-0.372200012207,-0.455561041832,1.28149998188,0.417149990797,-0.218849986792,-0.488750010729
9183,-0.0131999999285,-0.783752202988,2.56410002708,-0.86335003376,-1.04930007458,-0.244300037622
11151,-0.30554997921,-0.488632380962,-0.864200055599,-0.468949973583,1.32695007324,0.665600001812
7511,-0.536650002003,1.11971199512,-0.307799994946,1.23874998093,0.982599973679,1.4022500515
10046,0.848450005054,0.143393829465,0.102650001645,-0.128199994564,-0.824649989605,0.974300026894
1829,1.68449997902,-0.193459942937,-1.0068500042,0.996350049973,-1.01680004597,0.630400002003
11000,0.0431499928236,-0.935052752495,1.81049990654,-0.0906999930739,-0.37524998188,0.563599944115
976,0.252550005913,0.276908636093,-0.468150019646,0.339050024748,-0.77530002594,0.202899992466
3597,-0.144600003958,-0.921868622303,1.45714998245,0.362200021744,-0.237800002098,1.15499997139
178,-0.645249962807,0.421647369862,-0.521549999714,-0.378800034523,0.117650002241,0.611249983311
2625,0.0458000004292,-0.474124133587,0.859899997711,0.352200001478,-1.14254999161,0.462999999523
6119,2.04194998741,-0.210738867521,0.815400004387,0.421350002289,0.410400003195,0.551599979401
26136,-0.544199943542,-0.424211472273,0.00235000019893,-2.69429993629,0.435949981213,-0.0527499988675
6697,0.164599984884,0.413508296013,-0.515249967575,-0.491400003433,-0.876299977303,-0.748850047588
5971,1.19110000134,-1.69075751305,1.19009995461,-0.367449998856,-0.0542500019073,0.235449999571
22934,-0.487299978733,0.85389071703,-1.43684995174,0.915300011635,-2.35844993591,-0.357400000095
9289,0.158050000668,-0.476795554161,-0.327800005674,-0.0509499907494,-0.236349999905,0.71614998579
4931,0.929449975491,-0.737576127052,0.316399991512,-0.514500021935,1.21985006332,0.996150016785
4200,-0.392849981785,0.0200366675854,-0.43410000205,-0.232849985361,0.409550011158,-1.00584995747
93594,0.770900011063,-0.0791430473328,-0.378599971533,0.0782999992371,-1.2092499733,0.71130001545
5982,-2.36894989014,-0.503317654133,-0.790199995041,0.0365000367165,0.143649995327,-0.233900010586
26520,-0.216700002551,-0.0161610096693,-0.00200000009499,0.0198999941349,-0.5625,0.00034999998752
4998,-0.174199998379,-0.319671273232,1.17170000076,-0.152000010014,0.811050057411,1.28129994869
10038,-4.3046002388,0.543645977974,-1.63720011711,0.273950010538,-0.684550046921,-1.14269995689
60493,1.35035002232,0.86209154129,1.65404999256,1.09479999542,1.01279997826,-0.570649981499
51495,-2.11054992676,-0.960239648819,-1.35095000267,-0.201649978757,0.475149989128,-0.0753499940038
4482,0.711849987507,2.14047050476,0.766250014305,0.865000009537,-0.101450003684,-0.889100015163
23224,-0.270550012589,0.905741393566,-0.724750041962,-0.264349997044,1.13905000687,0.253549993038
9690,0.71724998951,-0.00277964025736,-0.804499983788,-5.70690011978,0.180749997497,-0.177000001073
80212,0.698750019073,0.0242748260498,1.64485001564,-0.507899999619,-0.678400039673,-0.938199996948
29928,0.775100052357,-0.419610023499,1.60185003281,-0.675399959087,-0.829450011253,-0.36439999938
22809,-0.603749990463,0.11538554728,0.279349982738,0.242799967527,-0.34714999795,2.28840017319
50814,-1.22175002098,-0.453111559153,-0.891900002956,-0.320299983025,-0.322050005198,-0.0675999820232
55256,-0.191949993372,0.260075122118,0.988099992275,-0.060799986124,0.0851499959826,-0.017950002104
56997,-1.59905004501,1.78882873058,0.227149993181,0.0613999962807,-0.867300033569,-0.881449997425
81544,-0.143700003624,0.279280841351,-0.183299958706,-0.408500015736,0.203449994326,2.10685014725
6894,0.621200025082,-1.53517615795,0.36265000701,0.201799988747,0.43284997344,-0.896049976349
64080,4.26835012436,0.368727952242,0.294600009918,-0.536149978638,-0.287100017071,-0.904799938202
55818,0.0943999886513,1.25289666653,0.10490000248,-0.106449991465,1.21885001659,0.179600000381
637,-0.546900033951,-0.243863582611,0.428049981594,-0.607100009918,0.701200008392,0.0947500020266
22823,1.03164994717,-0.411478489637,-0.066849976778,-0.362800002098,-0.48995000124,-2.92144989967
5287,-1.15955007076,-0.267876029015,-2.53299999237,-1.4618499279,-0.585399985313,-0.0358500033617
91137,-0.965600013733,0.457799762487,-0.406350016594,-0.611899971962,-0.321649968624,-0.899399995804
23097,0.823399960995,0.143773123622,-0.437599956989,1.02874994278,-0.806650042534,1.27275002003
9851,0.0776000022888,-0.543775200844,-0.352200031281,1.00055003166,0.100800007582,-0.462650001049
23522,1.24375009537,1.58754122257,1.75630009174,0.720550060272,0.518050014973,-0.458900004625
1123,0.591700017452,0.301449030638,0.160850003362,-0.518499970436,1.3273999691,0.0824500024319
5603,-0.0116499662399,0.741076469421,0.0413000024855,0.130899995565,-0.355250000954,-0.118250012398
51569,0.399000018835,-0.0313077569008,0.219150006771,-0.92735004425,-0.930899977684,0.686649978161
55699,-1.08654999733,-0.0471599400043,-2.29275012016,-0.272100001574,-0.848700046539,0.371250033379
2624,0.215999990702,-0.26973849535,0.798050045967,-0.188500016928,0.184399992228,-0.348350048065
8204,0.189599990845,-0.0170912947506,0.0108500001952,0.117650002241,-0.177599981427,-0.506349980831
9133,-1.72670006752,-1.08210706711,-0.470700025558,0.40340000391,0.499000012875,-0.0942499935627
10921,0.703899979591,0.00478053092957,-0.457850009203,0.0544999837875,-0.493399977684,-0.602249979973
51742,-1.14094996452,-0.0561285912991,-4.20880031586,0.521700024605,-0.290250003338,1.60835003853
2954,0.420650005341,-0.334608078003,0.313800007105,-0.0758499950171,0.170999988914,-0.0262999981642
27244,0.270449995995,0.0539542883635,-0.367199987173,-0.681850016117,-0.327549993992,0.517449975014
23013,-2.62954998016,0.212708771229,-0.816199958324,1.15799999237,0.924999952316,0.630800008774
8050,1.03240001202,-0.0739749222994,-0.236600011587,0.0526499971747,-0.160950019956,-0.834599971771
79961,0.401050031185,-0.235397875309,-0.27270001173,-3.37699985504,0.262950003147,0.10490000248
2017,0.619150042534,0.5598295331,1.48204994202,-1.29850006104,-0.0944500043988,-0.39564999938
55148,-0.654249966145,-2.20426392555,0.832149982452,1.46894991398,-0.208000004292,0.0149500072002
960,0.678999960423,-0.6376080513,-1.32305002213,0.147800013423,0.631299972534,0.595950007439
10451,0.70224994421,-0.910634756088,0.269550025463,3.78029990196,1.19075000286,0.377449989319
57406,0.215250015259,-0.796761929989,0.954100012779,0.646250009537,0.516550004482,0.148599997163
51719,-0.368399977684,0.185759425163,-0.499599993229,1.05750000477,-0.466049998999,0.251450002193
7074,0.400749981403,0.770855307579,0.277449995279,1.38684999943,-0.520899951458,3.26819992065
10059,0.675650000572,0.558238863945,-1.29375004768,-0.865949988365,-4.70254993439,0.247500002384
51071,0.692999958992,-0.36795887351,0.799499988556,1.21915006638,0.478600025177,-0.226149976254
5796,0.0559000074863,-0.148952722549,1.03084993362,-0.855799973011,4.87275028229,1.58035004139
55008,1.08214998245,-0.113388746977,-0.521350026131,1.90030002594,3.865650177,-0.222300007939
23597,-0.699299991131,0.250521242619,0.485350012779,-0.384499967098,1.44444990158,-2.92174983025
8869,0.266049981117,-0.554596424103,0.0102500021458,0.920949995518,0.556850016117,0.534000039101
8727,-0.349750041962,-0.217026740313,3.13500022888,0.35695001483,-0.206300020218,-1.33765006065
63874,-0.977999985218,-0.106638610363,-0.724900007248,0.185049980879,2.84625005722,0.708050012589
8821,0.429300010204,0.969618558884,3.53995013237,0.580049991608,-0.603349983692,0.297399997711
57178,1.38359999657,0.510723173618,1.79635000229,0.0496999919415,0.220149993896,-0.0999999940395
5468,-1.58350002766,0.267044603825,-0.132499992847,-0.20775000751,1.0109000206,-0.0861499980092
10557,0.267199993134,0.198383718729,0.212650001049,-2.18540000916,-0.0419499985874,-0.418799966574
831,0.731200039387,-0.243075668812,-0.211699992418,-0.620200037956,0.84325003624,0.845799982548
9531,-0.0151499807835,-0.488655358553,-1.60800004005,0.464250028133,-1.38705003262,0.381749987602
2767,0.788149952888,-0.535046339035,-0.47650000453,1.04704999924,-0.821950018406,-0.194399997592
1861,-2.32289981842,-0.123823262751,-0.151850000024,0.745500028133,-1.79370009899,0.418250024319
10165,-0.297399997711,-1.95423984528,-0.165150001645,0.784749984741,0.555449962616,-0.786099970341
7106,0.340450018644,1.31873750687,0.344150006771,-0.771299958229,-0.95735001564,-1.10545003414
2908,-0.105749994516,-0.224919632077,-0.0324500203133,0.796799957752,-1.12514996529,1.12345004082
57761,0.145600020885,-0.440411031246,0.388799995184,2.11019992828,0.376200020313,0.758249998093
23338,2.18435001373,0.794620573521,-0.15909999609,2.49054980278,-1.01974999905,0.893400013447
7852,-0.0618999898434,-0.293396651745,-0.0966000109911,-1.4375500679,1.20445001125,0.786149978638
55033,-1.84205007553,-0.0469200089574,-0.0296999998391,-0.625,-0.274749994278,-0.264899998903
57019,0.366499990225,0.239883750677,-1.18089997768,0.205600008368,0.178350001574,-0.675799965858
91949,0.452249974012,-3.11329936981,-3.72114992142,0.652700006962,1.29540002346,1.44720005989
84617,-4.7062997818,0.361746162176,-1.40804994106,0.0298999994993,-1.13244998455,0.41660001874
25,-0.40474998951,8.92281532288e-05,-0.187449991703,-0.135399997234,-1.4388999939,-0.756049990654
899,1.73005008698,0.862753927708,2.13510012627,-0.129449993372,0.298399984837,-0.332349985838
79850,0.260699987411,0.0429154634476,-0.246350005269,-0.515049993992,-0.207650005817,-0.421000003815
51466,1.26069998741,0.223196014762,4.14754962921,0.679250001907,-0.867449998856,-0.955200016499
2852,-0.523299992085,0.892146945,-0.243800014257,0.903949975967,-0.221699997783,1.40330004692
55837,-0.0313500016928,0.23659068346,0.00509998202324,-0.15830001235,-0.738200008869,3.47455000877
2131,-0.531900048256,-0.947977900505,0.976150035858,0.371150016785,-0.180399984121,0.846199989319
5427,-0.161599993706,0.452278316021,0.239849984646,-0.572350025177,-0.06495000422,2.16545009613
25966,-0.67484998703,-0.0038865506649,-0.224450007081,1.74619996548,-0.918749988079,-0.292900025845
55608,0.26210001111,-0.583358824253,-0.606949985027,1.00594997406,0.0198999941349,-0.546050012112
1662,-0.121050000191,0.0366846323013,1.03050005436,-0.766800045967,-2.29629993439,-0.0355499982834
9702,0.00804999470711,-1.69247817993,0.676800012589,-0.196949958801,0.235349997878,0.957200050354
11031,2.66849994659,-1.02631258965,-0.171649992466,-0.760949969292,-0.366100013256,0.0349999964237
10057,4.77419996262,0.0904123336077,-0.611999988556,-0.152050003409,1.68694996834,1.13074994087
5985,-0.470300018787,-0.202086016536,-1.13789999485,0.282150000334,-0.0247000008821,0.582050025463
3280,-0.206900000572,0.156357064843,-0.332399994135,-0.702400028706,-2.38494992256,-1.26304996014
55958,-0.0338500142097,-1.11743462086,0.106849998236,0.107549995184,1.47625005245,1.23985004425
51465,0.557499945164,-0.44660872221,-0.244599997997,0.388200044632,1.38405001163,-0.439700007439
2542,0.171900033951,-0.545712411404,-0.235500007868,-1.10439991951,-1.84739995003,-0.670500040054
10641,0.202749967575,-0.16627882421,1.17554998398,0.876850008965,0.612949967384,0.264199972153
11137,-1.72729992867,-0.393703281879,3.50049996376,-0.0930999964476,-0.0731000080705,0.642549991608
9842,1.32939994335,-0.801162064075,0.73710000515,-0.361100018024,2.67910003662,0.78409999609
10493,0.10104995966,1.73400616646,0.423900008202,0.577050030231,-2.34649991989,-0.516600012779
10112,0.42745000124,-0.0480722524226,-0.497999995947,-0.0917499959469,-0.144250005484,-0.86384999752
1001,-0.490999996662,0.0472641289234,3.17939996719,0.683999955654,-1.35039997101,-0.455499976873
23635,0.21005000174,-0.385595083237,1.74119997025,-0.723999977112,-1.02214992046,0.293449997902
29916,-1.00064992905,0.845430731773,-0.334500014782,0.361999988556,-1.52254998684,-0.468349993229
2810,0.714850008488,0.0172965936363,0.240950018167,1.06990003586,0.576800048351,-0.135650038719
5993,-1.10285007954,-0.184271171689,0.701599955559,2.55040001869,-1.42869997025,0.877249956131
11142,-0.355399996042,0.113575786352,-3.40520000458,3.28995013237,-0.886550009251,-0.881349980831
79187,-0.852249979973,-0.392607331276,0.201500013471,-0.0961499810219,0.478349983692,0.966099977493
51382,0.500949978828,0.458220362663,-0.0942999720573,-4.84119987488,0.39794999361,-0.102699995041
8318,0.68725001812,0.569022059441,-0.141949981451,-1.91449999809,0.971199989319,-0.495149999857
9695,-1.21639990807,-1.01656103134,0.767899990082,-0.953199982643,3.54995012283,0.0711999982595
9712,-0.0357500016689,0.796105921268,-0.953999996185,-0.35229998827,3.84149980545,0.436849951744
64943,0.597499966621,-2.34516263008,0.97495007515,-1.90125012398,0.228800013661,-1.05245006084
9738,-1.38510000706,0.229297786951,-0.0038999915123,0.786749958992,1.89249992371,0.647350013256
6793,-0.5013499856,0.324724197388,0.419100046158,-0.800550043583,-0.254800021648,0.636749982834
7358,-0.169049993157,0.714125037193,-3.38835000992,-5.66585016251,-1.22974991798,-0.201749995351
58472,0.718649983406,-0.158474743366,0.482249975204,0.265399992466,0.494450002909,-1.07309997082
50865,-0.34090000391,0.097140610218,-0.970350027084,0.119450002909,-1.59240007401,0.257699996233
23200,0.416450023651,-0.661873221397,0.906949996948,1.00419998169,1.17550003529,-0.530849993229
51293,0.47595000267,0.743750333786,-0.871549963951,-0.704699993134,-1.79180002213,0.230749994516
10962,1.60210001469,-0.0634764358401,2.34185004234,-0.219650000334,1.21564996243,2.20015001297
10153,-0.739449977875,0.0594675391912,0.792549967766,-0.658500015736,-0.0103500001132,2.40869998932
874,-2.69630002975,0.251908063889,0.387800037861,0.0972499847412,1.46834993362,0.368150025606
