rid,CPD001_MCF7_6H:BRD-A01636364-003-10-2:10,CPD001_MCF7_24H:BRD-A01636364-003-10-2:10,CPD001_PC3_24H:BRD-A01636364-003-10-2:10
5720,-0.440038025379,-0.447927772999,-0.989406526089
466,0.417116552591,0.185450732708,-0.855307042599
6009,-0.457587748766,-0.285236597061,-1.06178879738
2309,0.5836840868,-0.326473921537,-0.218823581934
387,-0.145232245326,0.221007853746,0.444678544998
3553,-0.734346091747,0.338968157768,0.199983298779
427,-0.714474141598,0.228538185358,-1.00022542477
5898,0.288633137941,-0.081907145679,0.273366838694
23365,-0.156311944127,0.963616013527,0.853762507439
6657,0.25522005558,0.0352503582835,-0.338945090771
5054,-0.469910591841,0.63297098875,0.15342861414
3108,-0.398452073336,-0.369575083256,0.000503569841385
1950,0.215120404959,0.292376458645,-0.886391580105
351,-0.534822404385,0.344585001469,-0.471265405416
4846,0.974545955658,0.627582609653,0.954595267773
1452,0.514677286148,-2.14863014221,-0.438380926847
4776,-0.0169976148754,0.612081348896,0.857342422009
6908,-0.391101062298,-0.950551092625,-0.829389035702
672,0.431195288897,-0.153922095895,-0.221134603024
5710,0.186278238893,-0.00732174143195,-0.241282731295
2115,0.0175628811121,0.650410473347,-0.693584680557
7015,0.787527918816,0.337779551744,-0.564486682415
8726,-0.0201435331255,0.194540247321,1.29354858398
2185,-0.842338860035,0.164221972227,1.33450305462
3315,0.811840057373,0.361532330513,1.21112883091
5289,0.115700758994,-0.631107926369,0.520646572113
868,-0.229985743761,0.178591325879,-0.550253272057
1677,0.439886569977,-0.77968275547,-0.200206249952
7043,0.178823828697,0.00523284077644,0.438091635704
5613,0.15843474865,0.681385278702,0.242600902915
595,0.0742745622993,-0.501434504986,0.813096761703
4793,1.86619615555,0.43023583293,0.133634105325
2736,2.45568490028,0.1611109972,0.273544073105
5290,2.29815578461,-0.0681936740875,0.922820270061
6194,1.18244028091,0.071332976222,-0.12977001071
1676,0.241864055395,0.443374425173,0.799456477165
23512,-0.107490248978,-0.0069563658908,-0.0421219319105
148022,0.158718973398,-0.532906115055,0.0157605409622
1906,-0.305101186037,0.0317937806249,0.0331749022007
8878,0.490628123283,-0.426971822977,-0.1888050735
3091,-0.304152756929,0.277480512857,0.0157176852226
5743,0.364222705364,-0.374297469854,-0.286933660507
5321,-0.0236463900656,0.619274497032,-0.134779185057
4144,-1.31097173691,-0.391931295395,-0.0611963905394
1981,1.07414603233,-0.906300187111,0.05344761163
695,0.0628142505884,0.825141012669,0.278792977333
10398,-0.181911438704,0.261817216873,0.190236955881
5708,0.0615020059049,0.0491611994803,0.00260354205966
1213,0.456438004971,0.195328116417,0.869974255562
226,-0.276724845171,-1.0250402689,0.707879126072
6777,0.319337517023,-0.989318490028,-0.163114771247
2113,-0.363054335117,-0.00138016790152,0.184636354446
3329,0.0241984054446,0.312637269497,-0.359731048346
1050,-0.304164797068,-1.06167495251,-0.434403896332
9491,0.472478359938,0.410078048706,0.572852730751
22926,0.286859750748,-0.279265850782,-0.0194216743112
5899,-0.0474416911602,-0.221694648266,0.263597756624
5467,-0.015018902719,0.0789315551519,1.03593182564
6774,1.30979323387,-0.0636138692498,-0.261261314154
1788,-0.583049297333,0.537537276745,0.319380402565
5921,-0.692893266678,0.475604563951,0.324898064137
5721,-0.916529595852,0.758113801479,-1.30474376678
2263,3.16319561005,0.652791023254,-0.150736778975
808,1.82904827595,0.474831402302,0.210674345493
30001,-0.170622870326,0.132936567068,0.464240729809
348,-0.194250151515,-0.181195408106,-0.246080547571
30849,-0.870041489601,-0.572538137436,-0.0446482151747
1454,-0.687175512314,-0.623662769794,-0.362851470709
6500,2.42514491081,0.186994940042,-0.113632582128
5627,0.165564402938,-1.10579919815,-0.038936085999
5715,0.277597427368,-0.46143746376,-0.459721267223
4791,-0.000282386317849,0.27984470129,0.374042332172
56924,2.74479556084,-0.73815202713,0.114632822573
2690,1.59745752811,0.175194829702,-0.613960504532
1019,-0.0443850383162,-1.75813245773,-0.0199565924704
51422,-0.192980900407,0.928919017315,-0.819640994072
5788,-0.00157951237634,0.611780047417,0.153916329145
6709,0.229869201779,-1.52203190327,1.00428652763
1277,0.340114325285,-0.248298302293,-0.60716766119
993,-1.53880894184,-0.84453690052,0.357936441898
7157,0.642777681351,-0.585767388344,0.3359554708
1958,-0.311320871115,-0.564666569233,-0.440802574158
4582,0.711745202541,-0.168509304523,-0.788836419582
9212,-0.0923306047916,-0.0539547652006,0.318404465914
8440,0.505703032017,0.569008767605,-0.641887903214
6790,-0.380488276482,-0.357865184546,0.594204068184
8851,-0.645297944546,0.686095237732,-0.409292191267
2534,-0.528429090977,-0.650274693966,-0.567177474499
4893,1.14835882187,-0.0856473147869,1.19474172592
665,-0.149434402585,-0.926767408848,0.165029644966
4313,-0.472137659788,-0.158597499132,-0.565159320831
1022,-0.934487104416,-0.638285934925,-0.48506847024
5880,-0.133851617575,0.186299696565,-0.759750008583
3162,-0.0791184455156,-0.233594417572,-0.929794430733
1282,-0.304781019688,0.622052431107,-0.246281683445
3383,-0.614774703979,0.44059753418,0.195215433836
727,0.0924673303962,-0.124532431364,-0.142798855901
4792,0.872350037098,-0.742559075356,0.382977604866
4794,-0.519031524658,-0.08300383389,0.318709433079
902,0.195287555456,0.1329690516,-0.418544173241
8091,0.506972968578,1.26482021809,-0.599212884903
3486,-0.643881380558,1.67145907879,0.437381833792
10818,-0.144420295954,-0.33912846446,0.891361176968
3454,-0.407969653606,0.435672432184,0.102355480194
4282,-0.627086162567,0.210740461946,-0.427952855825
1605,0.0668557360768,-0.173215329647,0.423864305019
10644,0.0906720161438,-1.03631746769,0.276881635189
2065,0.911736786366,0.677920460701,0.374418288469
8321,-0.590784370899,0.412154108286,-0.135862693191
8503,-0.439533561468,-0.138256371021,0.770648956299
7027,0.929577887058,-0.340874552727,-0.931406021118
6850,0.124384634197,-0.000704124569893,0.488450199366
1978,0.662099301815,0.250902146101,0.3671875
896,-0.276533842087,0.368331611156,0.672405719757
5777,-0.80887645483,-0.390534043312,0.240766644478
1846,-0.354144215584,-0.969950914383,0.723197102547
5925,-0.51861345768,0.85385799408,0.140238761902
142,-0.239550814033,-0.409407794476,-0.00349662452936
1021,0.304633319378,-0.542677998543,1.02120995522
5699,-0.413806378841,-1.2596116066,-2.17892003059
8061,-0.509016811848,-0.157067477703,-0.399928748608
1870,-0.777187526226,0.279484808445,-1.48423933983
1398,0.891690850258,0.309632390738,0.550132632256
3312,-0.369980931282,0.0204169899225,0.950280547142
891,-0.910379052162,1.12254989147,-0.912794053555
4775,-0.391134053469,-0.199694052339,0.885697364807
5111,-0.117550566792,0.704746365547,0.272384315729
5696,-0.0711844414473,0.769213855267,0.182757541537
5588,-0.352364689112,0.770422875881,-0.387696862221
6839,-1.01719105244,-1.09523713589,-0.173538684845
329,-0.682179450989,-0.711917519569,-0.760282933712
5058,-0.285804450512,-0.674337863922,-0.937889993191
998,0.9211140275,0.267859965563,-0.352967947721
9134,0.728766024113,0.723086178303,0.525443077087
6616,-0.173929035664,0.146083697677,-0.135673522949
5223,-4.1285815239,-0.183021128178,0.530913412571
4690,-0.343288272619,0.151299163699,0.604350864887
958,-0.0520070306957,0.68644541502,-0.0622396469116
1616,0.31989261508,-0.929072856903,-0.101877577603
991,-0.11566862464,-0.0583954043686,-0.0279854051769
6347,-0.493256926537,0.0922103226185,-0.203125029802
6714,-0.00183344818652,0.135603561997,1.07484674454
652,-0.48696988821,0.302745103836,0.207569599152
4331,-0.312562614679,0.456838965416,0.122764274478
7099,0.428921759129,-0.146961048245,-0.840883433819
10320,-0.629725217819,-0.655017077923,-0.342499732971
2042,-0.149553537369,0.653981566429,-0.567032396793
843,0.0277172513306,0.0344249308109,-0.592955589294
840,0.168922334909,1.16663503647,-0.246993914247
7048,-0.799618184566,-0.918682456017,-0.477621108294
4851,-0.545011520386,-0.394064337015,0.394888520241
6464,-0.161970481277,0.137337446213,-0.0137151479721
23410,-0.283279448748,-0.109556131065,0.274081707001
54205,-0.146259710193,0.52364051342,0.27877497673
2770,-0.394094765186,-1.32718980312,-0.42095798254
80204,-0.761132240295,-0.960380971432,-0.907992005348
4208,-0.286931067705,0.246679157019,-0.423540472984
1845,0.477634519339,-2.35697603226,0.235747352242
23368,0.0110109169036,-0.18142157793,0.377143710852
5583,0.406637817621,-0.155732661486,-0.2497382164
8900,0.969776749611,0.294640719891,-0.186222761869
581,0.369545400143,0.133282154799,0.896646976471
6193,-0.427752137184,-0.0958879292011,0.95776116848
6622,0.283238470554,1.40026140213,-0.580611467361
11261,0.59187734127,-0.394760519266,0.887846231461
6696,0.166045308113,-0.115148112178,-0.983697891235
8312,-0.559465527534,-0.849058806896,7.88491630554
835,0.289198696613,-0.849855482578,0.32430228591
8324,0.6493268013,0.441681474447,-0.197579681873
1848,-1.10003983974,-0.35764247179,0.0493646562099
154,-0.0733216628432,-0.457014143467,3.02699041367
4312,-0.405133068562,0.18243214488,-0.374454975128
994,-0.00450612604618,-0.762737512589,0.468042135239
2048,-0.441435068846,-0.909598231316,-0.784234523773
1111,0.603327512741,1.23660123348,-0.198605448008
5154,0.600115358829,-0.536099672318,-0.485228776932
2920,-0.136352241039,-0.972970545292,-0.0979350507259
3122,0.000646837055683,-0.0886702388525,-0.333411127329
2769,-0.691330254078,1.89687108994,-0.470133900642
5900,-0.280711054802,-0.109835900366,-0.0515369027853
6304,-0.00505574978888,-0.334941238165,0.720957934856
5211,0.0641302540898,-0.0996086746454,-0.279249846935
2886,-0.524277329445,0.294751822948,1.45761322975
9261,0.518447995186,0.630362153053,-1.0969350338
8569,0.452011376619,0.9506264925,0.504471838474
3303,0.0346826054156,-0.514498889446,-0.334388107061
5331,0.542416810989,-1.07050824165,0.205222457647
5347,-2.38417315483,-0.681437730789,0.459370970726
4638,-0.313326120377,-0.0739897191525,0.965327262878
2264,-0.434653401375,-0.368045032024,-0.34858161211
1029,-0.408867180347,-0.380580842495,-0.0967573150992
1027,0.315179944038,0.184654802084,0.868385374546
2597,-0.000365666172002,5.55240185349e-05,7.49991813791e-05
55847,-0.0346894189715,1.26915895939,0.334924578667
25803,-0.880239486694,-1.4773632288,-0.170708119869
3480,0.219308823347,-0.20649625361,-0.450346171856
2946,-0.0678604692221,1.03288984299,-2.03582692146
9517,0.517972886562,-0.293163478374,0.292991548777
25987,0.882576227188,0.166521370411,0.608793973923
23670,0.449057042599,1.37625789642,-0.316092699766
11182,0.256765246391,0.0115704238415,0.290489941835
2146,0.283826321363,0.372454971075,0.224204197526
3385,0.591459572315,0.314688533545,0.677607119083
5261,0.584557890892,0.394884467125,-0.457999199629
10765,0.610857903957,-0.922853052616,1.09180235863
25839,0.290392160416,-0.215632468462,-0.59189260006
4172,0.0792016014457,0.710638523102,1.25080382824
23161,-0.436143547297,0.597737371922,-0.271134495735
10298,-0.949227392673,0.335773825645,0.157932847738
1802,-0.375901341438,-0.909718096256,0.456643968821
58533,-0.493549615145,-0.341903269291,0.479595601559
147179,-0.107825137675,-0.449798732996,-0.940137147903
29937,-0.867017030716,-0.197495177388,0.745312571526
6184,0.0532241500914,-0.104025177658,-1.06016170979
9854,0.504214763641,-0.325702548027,-0.479250907898
2553,0.725503444672,-0.0814370959997,-0.736595094204
5440,-0.0991284400225,0.260000228882,-0.103694729507
54623,0.0507382676005,0.714497506618,0.417644917965
9533,0.106240421534,-0.266526937485,0.14117513597
8607,-0.0818456858397,-0.487185359001,-0.00635444372892
207,0.519506573677,0.317540496588,-0.405730992556
26054,0.407867848873,-0.0767566785216,0.403503417969
10682,0.185435280204,-0.33902990818,0.611318707466
8573,0.195665851235,-0.576108515263,-0.344588428736
23378,4.99856519699,-4.77497768402,-0.0672292709351
8553,-0.2152813375,-0.129560753703,0.119366019964
622,0.99874573946,-0.311576962471,-0.157159507275
9467,-0.437875300646,-0.206108912826,0.389973044395
5525,0.089893296361,0.241184338927,-0.409724295139
256364,-0.451824873686,-0.0587272047997,0.326109945774
332,0.397704750299,0.656740486622,0.0483316108584
2058,0.121037364006,-0.245205044746,0.0947666168213
7849,-0.219498485327,-0.0324260294437,-0.79106348753
23244,0.604447543621,-0.270938932896,-0.949840664864
7494,0.474974751472,0.1491355896,-0.686653614044
4836,0.198133081198,0.206953167915,0.243259429932
23647,1.00471663475,-0.287279486656,-0.0924679562449
10617,0.615748286247,0.776855349541,2.47364759445
2184,-0.316218793392,0.210419237614,-3.13102412224
5355,-1.1216506958,0.322998672724,-1.55527186394
6659,1.10666799545,-0.555372416973,-0.629775822163
7016,-0.589339971542,-0.896100521088,-0.344467759132
90861,-0.529697954655,-0.441333770752,0.267804890871
10670,0.307354390621,-0.373841434717,0.346125364304
79071,-0.460757941008,-0.786687850952,-1.17574119568
64746,-0.758260309696,0.0840490311384,0.835127711296
5366,-0.291514128447,0.700929403305,0.0334596931934
11344,0.441185206175,0.278109908104,-0.0590211451054
10013,1.17652261257,-0.306677818298,0.370805770159
5829,-0.067363858223,0.115149959922,-0.0101570338011
5257,0.0378417335451,-0.119612753391,0.0542679354548
22794,0.0594523623586,0.180003717542,0.923166573048
9761,0.856552004814,-0.182102173567,0.486188143492
23326,0.227512449026,-0.00437846407294,-0.513971567154
10972,0.622142493725,-0.509304404259,-0.396783351898
10523,-0.4606077075,0.166658699512,-0.366503477097
79090,-0.787805616856,0.784529089928,-0.585131108761
27032,0.387324094772,-0.665337622166,0.225776329637
9097,0.00629787519574,-0.294301509857,0.540817558765
10513,0.624710202217,0.122067734599,0.0454725176096
1891,0.84534984827,-0.536917209625,-0.579244911671
3066,-0.255790948868,0.320013642311,-0.768516778946
9801,0.182211250067,0.331483751535,-0.267769485712
1459,-1.07141363621,0.125295415521,-0.641422510147
9703,0.867137014866,-0.778329432011,0.644168078899
10606,0.75944930315,0.479883313179,0.870719194412
1017,0.357040435076,0.422592222691,-0.861547768116
9813,-0.700277090073,-0.191586732864,0.877648055553
7485,1.38608562946,0.0424761995673,-0.564829230309
2109,0.579578876495,-0.469856262207,0.291078656912
23271,-0.545207619667,0.358367711306,-0.744570374489
9915,-0.0611184872687,0.958808541298,0.0636217594147
9552,-0.418384224176,-0.448819309473,0.205480217934
93487,2.12673664093,0.258925884962,-0.193990752101
2956,0.500587165356,-0.00463082641363,-0.373682200909
11065,-0.326736211777,0.084185436368,0.148644730449
9653,0.782850384712,-0.142406925559,-0.907569408417
200081,-1.90572297573,-0.323741137981,1.03771400452
3337,-0.0609352178872,0.0435767769814,0.27271682024
11073,-0.0630108267069,0.0738390162587,-0.321762025356
23,-1.48101139069,-0.543607711792,0.755393326283
5641,0.518284142017,0.698380351067,1.10374438763
8720,0.149994596839,0.147769123316,0.316082954407
10782,-0.664207935333,0.354781150818,-0.507408618927
25932,1.0605045557,0.242760032415,-0.811255574226
3028,-0.147142291069,-0.43534502387,-1.49837815762
6804,0.965928733349,-0.563248753548,1.57344210148
890,0.0687490180135,0.153348237276,0.444395899773
6390,-0.645952403545,-0.849329650402,-0.898481488228
4303,-0.645736396313,-0.42253229022,0.732733130455
10953,-0.946247458458,-0.0385910645127,0.473653614521
22889,-0.161287367344,-0.0522814393044,-0.425275087357
3098,0.11690787971,-0.72385185957,0.75706744194
11044,-0.59078001976,0.599595189095,-0.332627236843
8985,0.302013218403,0.0219451598823,1.01478338242
66008,0.885014057159,-0.876588106155,0.285375386477
9217,0.683046996593,-0.164004772902,-1.04647648335
701,0.0382649675012,0.622044742107,-0.328068584204
6182,1.41711175442,-0.520268380642,0.600647270679
4860,-0.133651271462,-0.728337526321,0.5266238451
7398,0.121363893151,0.0314584076405,0.032375767827
6117,-0.186384409666,-0.00968112051487,-0.168481573462
23588,0.0651196986437,-0.371524780989,0.477274924517
949,0.182282179594,-0.165870249271,-0.211879089475
7168,-0.969852924347,0.36189866066,0.487544357777
9375,-0.141042619944,0.0764185637236,0.0489421933889
4927,0.157155975699,0.052008241415,0.211816221476
2523,-0.0485419780016,0.952868819237,-0.113437116146
58497,-0.614322245121,-0.709541320801,-0.3934930861
6856,0.104912936687,-0.0575228780508,-0.42651745677
26036,-0.760470569134,-0.0973592922091,-0.866124510765
10206,0.256661057472,0.255982875824,-0.578288435936
25793,0.286402434111,0.0127108767629,1.18537092209
55556,-0.17023716867,0.0498530343175,0.320632755756
3978,0.836437284946,-0.234222769737,0.851662874222
10681,-0.00675082020462,0.298786848783,-0.239654660225
3638,0.010034289211,0.355158925056,-0.721473693848
8349,-1.03446388245,-0.232755854726,0.000885814428329
6275,-1.41293013096,0.217680931091,-1.41302525997
3895,0.0211105570197,0.866170406342,0.594238936901
392,-0.499352425337,-0.719891786575,-0.285940647125
9170,-0.553149223328,-0.604787111282,0.151950165629
80347,-0.660680651665,-0.82330596447,0.440032571554
23300,-0.290721893311,0.167387366295,0.270937979221
836,-0.306661337614,-0.344386875629,-0.279870778322
11188,0.319400936365,-0.829435825348,0.406583935022
10898,-0.866133034229,0.332060158253,0.74788916111
9276,0.714776694775,-0.25830462575,0.345131456852
1647,-1.43663811684,0.202977478504,1.74933874607
10285,-2.88536834717,-0.550272762775,-1.54115688801
23386,0.143974706531,-0.542320787907,0.64353621006
3156,-0.60675150156,0.017589494586,-0.56164932251
10237,0.197897404432,-0.277418255806,-0.330755591393
7077,-0.0212967544794,-0.294451415539,0.738074481487
11157,-0.167451381683,0.878517448902,-0.799954235554
22908,-0.539561450481,0.676297843456,-0.725988149643
10915,0.140818297863,-1.40115308762,-1.19445192814
9897,-0.0401670634747,0.906208515167,0.0713495910168
1759,-0.0610169619322,-1.01276409626,0.00703921169043
54541,0.194283261895,-0.778993964195,-0.0361575558782
211,-0.713539540768,0.438276559114,-0.136713549495
5048,-0.882958710194,0.0120322555304,0.22657340765
84722,-0.629549384117,-0.113641023636,-0.0120565444231
29890,0.440626889467,0.410322487354,-1.36962080002
9868,0.0559072420001,-0.00130484998226,-0.408645510674
873,-0.283235430717,-0.145222514868,0.0571367442608
5580,0.557600080967,-1.33769714832,-0.494715809822
3725,0.274890124798,-0.0916635543108,-0.558589160442
23585,-0.539648413658,-0.602649331093,0.121329247952
51097,-0.0909655094147,0.0888736993074,-0.704086899757
1831,0.54479175806,-0.455150395632,0.845549225807
7020,-0.122998058796,1.01266825199,-0.665024578571
55893,0.643568515778,0.485983133316,0.857351839542
6944,0.0638891756535,0.595154881477,0.35938000679
22883,0.198207139969,-0.0336527079344,0.263197690248
5601,-1.29139208794,-0.215870797634,0.0147770941257
10775,0.0246757622808,0.0530060529709,0.0189827904105
4780,-0.303790152073,-2.81122398376,-2.78355669975
10904,0.278166294098,0.699613332748,0.592853784561
9917,-0.279098778963,-0.049808293581,-0.463610112667
1399,0.0573850944638,0.0263079479337,0.438579380512
24149,0.330561548471,0.938492059708,0.651007056236
2222,-1.29212009907,-0.819151818752,-0.636620521545
10131,0.0113107915968,0.220285058022,0.218249723315
2958,-0.148387774825,0.388883054256,-0.538752257824
9650,-0.49991774559,0.0118758380413,-0.473693788052
7319,-0.569427549839,-0.408815652132,-0.660124659538
4817,0.293256103992,0.841911554337,-0.331819683313
9143,-0.852457880974,-0.766274034977,-0.520434319973
10494,0.32056620717,-1.0362650156,0.423016369343
55324,0.439940989017,0.126309171319,0.274894118309
23149,-0.316866010427,-0.392771452665,0.188597276807
9943,0.546620845795,-0.583331286907,0.946611821651
6599,0.276879012585,-0.755407333374,-0.654066503048
51031,0.453106582165,-0.0961968749762,0.0514242649078
3566,-0.864946007729,-0.0730683654547,0.363934069872
3815,-0.247918233275,0.428396582603,0.879998743534
8624,0.185390561819,0.132128641009,0.0976598337293
27346,-0.651449799538,-2.70082807541,0.528962254524
10489,-0.148355096579,-0.33994486928,-1.22348988056
26128,-0.646635532379,0.538106739521,-0.882274091244
79921,0.615846633911,0.195732653141,0.376002371311
55746,-0.0781958326697,1.14254081249,-0.48546153307
23636,1.00282549858,0.244648486376,0.576346635818
10892,4.26463365555,-0.0521519593894,1.06397521496
10652,0.220899283886,-0.193808585405,0.340493917465
11004,-0.188007265329,0.106544561684,1.32559394836
23530,0.485247910023,0.153199672699,0.798506498337
8826,0.995810627937,0.712350070477,0.392617046833
3308,0.66860473156,0.275495946407,-0.0226169377565
7153,-0.787294566631,0.361988425255,0.177797079086
11041,0.122790403664,-0.784809589386,-0.113997846842
6342,0.504323542118,0.0257472489029,-1.44722962379
5883,-1.91904103756,-0.33633774519,0.101496383548
10589,-0.0718377754092,0.00170358084142,0.614328205585
5110,0.270005226135,0.12542706728,-0.775865316391
4609,0.128416627645,-0.847233653069,1.38680005074
5423,-0.46268633008,0.070910051465,-0.594633579254
1070,0.379742860794,-0.0593811571598,0.571396589279
10051,-0.0770602300763,-0.244635045528,0.0618850439787
6603,-3.96442008018,0.0297316908836,-0.612771630287
9019,0.0289921499789,-0.00419632345438,-0.568204045296
10969,0.322452038527,0.163853019476,-0.0165100544691
9797,0.120586544275,-0.225901693106,0.368603795767
4043,0.168752521276,-0.509477555752,0.596116542816
9519,-0.337296128273,-0.525185108185,-1.71427464485
8480,-0.340343117714,-0.05591365695,-0.581074953079
983,0.177898988128,-0.20411157608,0.382054835558
10559,-0.534191191196,-0.535642325878,-0.225468635559
8508,0.732561707497,-0.425857931376,-0.0233521685004
9275,-0.912890434265,-0.670671641827,0.0963475108147
8914,0.505358994007,-0.0859188139439,-0.87324732542
54505,-1.163236022,0.760677933693,-0.0683759301901
6919,-0.941003620625,-0.203936159611,-0.166074544191
2274,-0.294663369656,-0.438349306583,0.648562431335
2288,0.0509708747268,0.262475669384,-0.137920588255
7994,-0.875458359718,0.111315272748,-0.155768454075
4216,0.24462108314,-0.206397414207,-0.0363374501467
7538,-0.263010978699,-0.536508083344,0.0510126948357
3628,-0.111814297736,-0.0346231944859,-1.25426840782
2037,0.665450632572,0.127313256264,0.648496687412
2771,0.500803053379,-1.31585395336,-0.184469401836
7264,1.09364509583,-0.740386366844,-0.674672722816
1786,-0.284880697727,-0.143916174769,-0.0313710942864
5873,2.32569050789,-0.10966835171,0.809926569462
780,0.175828412175,0.0111967399716,1.23325920105
9926,-0.750131547451,-0.445150047541,-0.119532488286
8446,0.229725807905,0.44215041399,-0.0234922319651
7159,0.516173303127,-0.696957349777,-0.191222220659
1026,0.269156992435,-0.223203867674,-0.714918494225
7082,0.350782096386,0.371274262667,0.682613193989
10058,-1.53110313416,-0.328706592321,-1.24921131134
10797,0.43392175436,0.0343299359083,0.109715282917
11230,-0.160102173686,-0.664442658424,-0.478586554527
30836,-0.954964578152,-0.0774600058794,0.624326050282
27336,-1.07071650028,0.589437246323,-0.023458391428
9918,-0.539825856686,0.34860393405,-0.0171618461609
79073,-0.122553899884,0.000678440323099,-0.0266274362803
9688,0.30428686738,-0.191257849336,-0.25058016181
23659,-0.235979259014,-0.0427619069815,0.814712107182
8396,0.0389566645026,-0.279248088598,0.831708669662
23077,0.27905780077,0.0893581956625,-0.422758162022
10857,-1.57336819172,-0.542901992798,-0.907853901386
16,-0.0302510559559,-0.176246613264,1.15072286129
2817,0.239743441343,-0.150586947799,-0.374537616968
60528,0.0283181965351,-0.428630113602,-0.423252761364
5359,4.13094902039,0.247885406017,-0.796795487404
1514,-0.210210040212,-3.94913911819,-1.87502133846
1509,0.300077587366,-0.275533974171,-0.558256447315
9181,-0.202402025461,-0.85010433197,0.0352146029472
3611,0.341865301132,-0.0388337001204,-3.97745299339
4783,-0.685068786144,0.320530056953,0.663940012455
10123,0.257923066616,0.259912163019,0.756559848785
8895,0.807667434216,0.284739226103,0.119886420667
9805,-0.00704073626548,0.503120481968,0.354365229607
4125,0.797848403454,-0.655386269093,0.13528560102
1635,-0.417309224606,-0.000324431806803,-0.650511622429
4154,0.204697832465,-0.336876690388,0.81992405653
26292,-1.42124605179,0.0459647402167,0.432742118835
5770,0.833111047745,-0.336084485054,-0.479643344879
25874,-0.526918292046,-0.163710787892,-0.0451102815568
11319,0.164825364947,-0.063503973186,-1.80599868298
1153,0.185037299991,-0.28528624773,0.114407137036
11098,-0.177231550217,-0.034687846899,0.366890817881
8974,-0.388795763254,-0.272657036781,-0.0813597142696
533,-1.0793710947,-0.290347784758,0.680347979069
823,-0.100415170193,-0.429847478867,0.363417297602
6812,-0.310171127319,-0.25122910738,-0.0822519958019
3693,0.851852178574,-1.19739365578,0.551589548588
4891,-0.311894059181,-0.363639354706,-0.538862526417
10954,-0.272439062595,-0.896667897701,0.341623663902
5909,-0.136175528169,-0.54733222723,-0.365915983915
9221,1.02661120892,-0.334135115147,-0.472101122141
847,0.0565638467669,0.523691356182,-0.162472128868
11072,-0.315928667784,0.078144967556,0.234928607941
10221,0.244382545352,1.36240828037,-0.963351249695
7158,-0.951196014881,-1.2984764576,-0.810419023037
8678,0.06898252666,-0.136520281434,0.39213296771
11014,-0.118353404105,0.570337235928,1.1831496954
1994,0.501519501209,-0.204154282808,0.816103339195
3482,-0.650944113731,-0.273337453604,0.110050521791
25976,-0.00106237549335,-0.47128251195,-0.833870649338
10491,0.00523274764419,0.19100150466,-0.0482420027256
51053,-0.0798645019531,0.441277682781,-0.117778383195
9267,0.496659129858,0.31953895092,0.806548297405
5547,0.279308766127,0.434386432171,-0.93836826086
6597,-0.0708571448922,-0.139417946339,-0.238534510136
5836,-0.759680628777,-0.796701967716,-0.698606967926
6118,-2.2153544426,-0.277949631214,-0.413025021553
2961,-0.608708798885,0.149592608213,-0.0273557454348
310,0.0144264046103,-0.0360068827868,0.0358174666762
7296,-0.324640721083,0.269170671701,-0.37916430831
1429,-0.0435282588005,0.611903429031,-0.983697772026
2548,0.689034998417,0.101702690125,0.0670591145754
6499,0.326886206865,-1.02999579906,-0.155805647373
642,0.471576601267,-0.173294007778,0.174820959568
23076,0.174285128713,-0.30367988348,-0.335550129414
10099,0.432393908501,-0.52239459753,-0.327760159969
9817,0.556573033333,-0.970543503761,-0.489353120327
9126,-0.226465985179,-4.00696611404,0.152304708958
3930,0.25359454751,0.573780596256,0.341319382191
10450,-1.36437022686,0.0487258732319,1.93136239052
54386,-0.0913778319955,-0.656892895699,1.46310555935
664,-0.229609325528,0.363889366388,-0.504720151424
596,-0.352035135031,0.550582528114,-0.0553089082241
10180,-1.16859781742,-0.033121433109,-0.547818243504
1445,-0.617404103279,0.20432394743,0.0951238423586
230,-0.309444308281,-0.290139645338,-0.9841786623
9246,0.441038459539,-0.119035497308,-0.565832197666
5092,0.495641082525,0.285178244114,-0.00791059434414
23463,0.982746601105,-0.501530706882,1.33176147938
10007,-1.34309983253,-0.587099790573,-1.40695428848
4925,-0.142375409603,-0.670308709145,-0.335794448853
6251,-0.946717619896,-0.383719980717,-0.336194753647
5782,0.840954184532,-0.0283178798854,0.168997615576
5106,-0.535632610321,-0.824141383171,-0.189021587372
2673,-0.295765012503,-0.245338201523,-0.464369773865
644,-0.233935654163,0.154452309012,-1.24374389648
6284,-0.0966926887631,0.617625296116,-0.356041133404
4605,0.177089527249,0.0607390925288,1.34220993519
6810,-0.79951775074,0.0487530902028,0.578862190247
54499,0.353197753429,-0.709884643555,-0.3547706604
11007,-0.359544038773,-6.00131177902,0.933091282845
1643,0.761474430561,-0.393798440695,-0.758549392223
25805,0.343667596579,-0.457045555115,-0.756903767586
3033,0.260388046503,0.341556936502,0.556836605072
2745,-1.10739374161,-0.0251603126526,-1.14904761314
9961,0.179444611073,-0.835383355618,0.115870371461
3925,-0.0410634353757,0.30085465312,0.688185155392
2582,-0.83282905817,-0.247895434499,0.176922664046
5792,-0.47889149189,0.417637109756,0.402878403664
5236,0.755790412426,-0.610887408257,-0.278205066919
4016,4.82184028625,-0.0468860603869,0.629470348358
4651,-1.1345500946,0.12252432853,1.20632243156
3988,0.0681876912713,0.074250087142,0.661946177483
26227,-0.172366783023,-0.123205833137,-0.830350279808
7982,-0.952316939831,-0.282825261354,-0.696875214577
3551,0.560055196285,0.506469786167,-0.594969391823
5108,0.651913940907,-0.188222900033,-0.335711210966
8870,0.379904359579,-0.928927898407,-0.779402494431
2195,-0.224972978234,2.22648763657,-0.941405832767
8731,0.153455510736,-0.471853345633,-0.32302030921
1956,-0.539031624794,0.124876312912,0.153721347451
10276,0.411899954081,0.321430563927,0.510779976845
1666,0.424290448427,0.218814581633,-0.456152617931
4864,0.569544732571,0.244644463062,0.479761481285
4232,-0.139730393887,0.284139990807,-1.62489831448
5050,-0.866448998451,-1.05329215527,-0.242107093334
813,-0.267696201801,0.170666337013,0.289352297783
3964,-0.497207820415,0.516866922379,0.600899040699
26020,0.0383999310434,-0.947193384171,-0.908433675766
481,-0.155885621905,-0.357960015535,0.0638551414013
5019,0.169683009386,0.376471370459,1.63355886936
291,-0.28572255373,0.751759767532,0.350072830915
10973,-2.97923994064,0.774742484093,0.228439629078
9697,0.192761108279,0.938858091831,0.212638005614
5831,-0.401716589928,-0.266499429941,0.0485620871186
8202,0.101089738309,-1.21514225006,-0.303615450859
57804,-0.522409021854,0.428204149008,-1.02679014206
5566,0.209436178207,-0.0318309739232,-0.0966176986694
57149,-0.616409122944,-0.841279983521,0.395203381777
7416,-0.518079102039,-1.71484863758,-0.0444768220186
10174,0.874307572842,-0.309542655945,-0.332589000463
6676,-0.553212404251,-0.531722009182,1.57883608341
8884,0.546850085258,-0.868353247643,0.413985192776
5997,-0.397172987461,0.191934615374,0.00419436395168
57147,0.551118254662,-0.570175647736,1.47503173351
6909,0.262941509485,-0.274669677019,-0.793974816799
9093,-1.45659291744,1.16901445389,0.249829024076
23142,-0.0508143380284,-0.0689931511879,0.406236231327
8444,-0.442270368338,-0.0422586761415,0.0583245009184
11232,0.124437779188,-0.176974654198,-0.502461433411
27095,-0.337096661329,0.193426087499,-0.806608855724
10732,-0.425351440907,0.0948948338628,0.501597225666
23029,1.14418792725,0.119524590671,-1.64672446251
9270,0.285902172327,-1.59424507618,-1.59512662888
47,0.190773546696,-0.809451401234,1.49409294128
5889,-1.86074757576,-0.449250221252,0.0351066887379
8243,0.246081501245,0.3386297822,0.0161569677293
10730,-0.600530564785,0.177016377449,-1.27781486511
30,0.0971068888903,1.5880562067,-0.441048651934
7466,0.21324005723,-0.995675861835,-0.552413225174
89910,-0.477607637644,-0.32532709837,-0.296371102333
56654,0.690381109715,0.286761462688,-0.18603143096
501,-0.468498915434,0.763431847095,-0.0639169812202
5438,0.36166203022,-1.07783579826,0.166756749153
26993,0.0344736613333,0.20036020875,0.607852578163
55111,-0.564711213112,-0.0146271437407,-0.122023366392
8520,-0.166937157512,0.0409612879157,-0.0283870622516
10146,0.230220317841,-0.123968541622,-1.0125323534
7165,-1.01373815536,-0.403658419847,-0.168527379632
55011,0.0531992688775,0.349664837122,-0.25558924675
6461,0.0226710028946,0.373104810715,-0.189316555858
10813,-1.52895379066,-0.817624211311,1.29644846916
80746,0.19843865931,0.156600758433,-0.391585409641
10434,0.350741654634,0.288496881723,0.22497305274
5607,0.21727591753,-0.339291840792,-0.610801458359
22827,-1.06172883511,-0.721465349197,0.874781131744
51635,0.482100367546,0.20631930232,-0.314040988684
84159,0.054729513824,1.87305951118,-0.101103767753
3508,-0.861252427101,-0.698009252548,0.290877759457
84890,-0.326338678598,0.0566932111979,7.71432495117
79600,0.408152997494,-0.111822172999,-0.0873154848814
8574,-0.527653455734,-0.29338568449,0.00109285116196
5529,-5.08476877213,-0.716164052486,0.592558920383
3909,0.87077331543,0.33899641037,-1.09038794041
9637,4.38340806961,-0.732266306877,0.433643817902
8518,1.86489319801,1.45176804066,-0.67643558979
6443,-0.781372368336,0.22908590734,-0.0689145103097
58478,0.0957747846842,-2.26028895378,0.598728835583
4850,-0.70926207304,-0.315493792295,-0.0391924381256
23210,-0.0637138336897,0.473465740681,-2.63176560402
54733,-0.805246472359,-0.201527699828,0.446429938078
55129,0.4081582129,-0.559357702732,1.28238105774
10273,-0.996168851852,5.55240185349e-05,-0.0469066314399
572,0.397808790207,0.348997652531,-0.76488339901
5716,0.151118844748,0.496370285749,0.178957000375
22841,-0.438949972391,0.0458059348166,-1.55660283566
2356,-0.485713064671,-0.809368669987,-2.32132482529
6050,-0.380751252174,0.235963970423,-0.408630043268
64422,-0.632772445679,-0.0378263890743,1.37151026726
8837,0.344049662352,-0.313165128231,0.803140938282
55127,0.910349011421,0.797121584415,0.738464832306
23335,-0.154838547111,0.496898531914,-0.320794820786
10270,-0.488814890385,-1.18215584755,-0.459677755833
6509,0.983347594738,-0.603817045689,1.03303980827
83743,0.438737094402,-0.965330898762,-0.20007802546
6772,0.329380720854,0.513872742653,-0.112085461617
22887,-0.415178894997,-0.372974395752,-0.28982770443
51001,-0.672016143799,0.10917609185,0.506755113602
26511,0.331776559353,-0.843932032585,-0.179520964622
7874,0.363669663668,0.109993889928,0.55510020256
51070,0.645300686359,-0.337034314871,0.28269392252
1738,-1.23436367512,0.583004415035,-0.325675189495
3416,0.369966834784,-0.560644030571,0.903741538525
9128,-2.71815013885,-0.0772263407707,-0.504124999046
9833,-0.283060610294,0.569062829018,-0.822697937489
4088,1.09080779552,0.178550809622,0.925411701202
5018,-1.77359545231,0.136930793524,0.61095058918
51375,-0.336489319801,-0.0934883803129,0.295041620731
55038,0.030218437314,-0.637025594711,-0.243992954493
23061,-0.489537835121,-0.0475373528898,-0.472062647343
64428,0.751153886318,0.194637313485,-0.0534972399473
11325,-0.352101951838,-0.187884658575,0.54471296072
9641,0.730035305023,-0.129069983959,0.13358707726
23038,-0.0250542014837,-0.603817522526,-0.33946377039
57048,-1.32590389252,0.896741628647,-0.216859459877
94239,0.54945731163,-0.219464987516,-0.156123518944
51203,-4.12979030609,0.850352406502,0.163051635027
388650,-0.104602843523,0.648799717426,-0.146458387375
23039,0.112664282322,0.0859224125743,-0.107098422945
55179,0.672728121281,1.21030461788,-0.0270892493427
5827,0.00075033120811,-0.885175347328,0.313595414162
10245,0.293924242258,-0.254918366671,0.126694977283
6813,-1.028881073,-0.912813901901,0.848150253296
3251,-0.283175081015,0.0140312053263,0.188812926412
23212,0.741389632225,0.447313964367,0.574351072311
23536,-0.056327201426,1.01387774944,0.0415242686868
51282,-1.67986953259,-0.796560823917,-0.212585881352
10227,-0.129930987954,-0.185073435307,0.560868263245
50813,-0.378875166178,0.0533043816686,0.204628974199
51024,-1.38168919086,-0.545053780079,-0.106713682413
53343,2.5400686264,-0.704740285873,-1.16272294521
1465,-0.14442063868,0.163448989391,1.14177489281
79006,0.650524556637,-1.24643373489,-0.0566790625453
6988,-0.46524092555,0.46654060483,-0.563103973866
11011,-0.0652305111289,-0.99810218811,-0.759348928928
23325,0.471795201302,-0.251357197762,-0.800190865993
10049,-0.348199278116,-0.676496326923,-2.86152911186
3157,-0.729522883892,0.648831367493,-8.02579689026
200734,0.132057383657,0.749020934105,-0.343791544437
9053,0.490482330322,-1.54727983475,0.160532951355
79094,-0.913645982742,1.98501980305,-0.0135817974806
2778,0.25483122468,-0.223079666495,0.785933852196
54881,-0.897407650948,-0.00260603427887,-0.512243151665
54807,-0.315918803215,-0.275449573994,-0.067422375083
323,-0.0909961313009,-0.540298700333,-0.365635097027
26001,0.530470848083,-0.560611903667,-1.20491015911
10190,-0.563493847847,-4.41040706635,0.708603858948
9686,-0.460955232382,-0.811797380447,-0.640028476715
54915,0.444938480854,-0.411397635937,0.984795928001
23658,0.173107817769,-0.721309483051,-1.69511473179
7750,-1.39486777782,-0.200546935201,-1.77185869217
79643,-0.612423956394,0.146524876356,0.178638368845
9488,-0.647837996483,-0.166520759463,-0.785640239716
11200,0.317063361406,-0.084213860333,-0.463015139103
65057,0.0827936828136,0.353795409203,0.905177056789
6832,-0.4348551929,1.01299905777,-0.110156267881
23131,0.433419257402,-0.525987565517,-0.0988858491182
10776,0.136022284627,0.507581174374,-0.699180364609
6253,0.256055295467,0.156034111977,0.103263050318
79716,0.319543629885,-0.840613424778,-0.566537559032
29978,2.97775149345,0.0114227216691,1.00012719631
9988,-0.499681830406,0.41487762332,-1.18795013428
10845,0.752039194107,0.540869534016,-0.474003136158
54957,0.211485117674,-0.642870306969,-0.357141196728
79170,0.478575199842,0.371400177479,-0.292593836784
10610,-0.212011307478,0.146292105317,0.314685761929
128,-0.198442488909,-0.531303286552,0.27069658041
51026,0.0813469290733,0.410321712494,-0.551104903221
5498,-0.502164840698,0.217412307858,-0.174719914794
124583,-0.110097512603,0.839523434639,0.488022446632
9455,-0.306336432695,-0.386355310678,-0.160215854645
1212,0.446315646172,-0.473720759153,1.22573077679
5255,-0.591092348099,-0.548959374428,-1.22404897213
9448,0.285304635763,-0.406396865845,-0.00401782244444
9924,-3.07453083992,-0.929254174232,0.354898750782
5480,-0.0857954919338,0.304241001606,0.709726512432
1983,0.844848930836,-0.308756440878,0.41088527441
56889,0.0912807509303,-0.0706719756126,-0.415943086147
79080,-0.333246678114,0.665375709534,1.1090221405
9016,0.912131488323,-0.0957868695259,1.09279060364
6915,-0.486721247435,0.238716974854,-0.261197835207
9709,-0.0387781225145,-0.416450858116,-0.492017924786
116832,1.3174110651,-0.273925513029,-0.0242260172963
670,-0.115104824305,0.330268204212,0.602682471275
7867,0.693701803684,-0.543662190437,-0.281683206558
79143,-0.113029591739,0.0233603604138,-0.0688238814473
11284,-0.419050127268,0.121195040643,1.13725376129
23443,-0.36556366086,-0.603528082371,0.234371989965
51599,0.70331710577,-1.20135974884,-0.296013683081
5927,0.184630766511,-1.08511555195,0.137270078063
55793,1.16787290573,-0.310047268867,-0.57545030117
5867,-0.374752312899,0.809541702271,0.274170875549
7866,-2.32825803757,0.0495500415564,0.460716933012
25825,-0.177567198873,0.369005441666,0.987084388733
4067,0.315172731876,-0.396697968245,-0.493677616119
51015,-0.500485062599,0.649411797523,-0.019949182868
5891,-0.113746926188,-0.643623232841,-0.115838244557
3300,0.106071308255,1.21372175217,1.50736653805
64781,-0.425817072392,0.297558367252,0.603253006935
51056,0.328347206116,0.200563266873,-1.02179789543
8550,-0.640033662319,-0.527525484562,-0.319000989199
50810,-0.173664018512,0.412845790386,0.351919770241
23011,-0.532856583595,-0.567744493484,-0.0542395114899
11168,0.935934901237,0.441460609436,-0.329914629459
1385,-0.0730823874474,0.904960989952,0.547733843327
10150,0.624169647694,0.684532999992,2.19324707985
29763,0.282364547253,-0.186008632183,-0.245598524809
9112,-0.374023467302,-0.34478276968,0.650865077972
23499,1.10332119465,1.43835806847,0.419081777334
85236,-0.0545095428824,-0.194643422961,0.40930891037
5096,-0.135093033314,0.186439722776,-0.943178594112
55620,-0.263470590115,1.00151383877,0.604060530663
5373,0.0378787666559,0.776781797409,-0.466646522284
51170,-0.467725932598,-0.884349822998,-0.147791400552
54850,-0.448422044516,0.696290314198,1.00606215
80349,-0.177925646305,-0.00920951366425,4.52509260178
355,0.092424556613,-0.249062821269,0.543767213821
1062,-0.294060558081,0.18767118454,-0.145027816296
8804,0.474336802959,-0.846126675606,-1.04356062412
80758,-2.60350084305,-0.838472127914,0.0418218448758
375346,-0.446616142988,-0.0554663203657,-0.404225230217
51385,-0.769635021687,1.90527451038,2.01913738251
55748,-0.0160656049848,0.0936917960644,1.49012291431
10318,0.129224792123,-0.364416599274,-0.153201177716
54681,-0.504764378071,0.0567469894886,-0.0956021845341
7905,-0.121444314718,0.322055220604,0.561952292919
28969,1.84854853153,-0.396375119686,0.041939638555
10668,0.777140378952,-0.0543422549963,-0.513352692127
51005,0.285631150007,-0.0775213837624,-0.149890914559
8800,-0.245318472385,-0.229906633496,-0.522909879684
54438,0.572302639484,0.464921861887,0.36564669013
55825,-0.0856260955334,-0.748024046421,-0.242674976587
8835,0.037946946919,0.125825747848,0.361747682095
64429,-0.0536786168814,-0.331457555294,-0.437362909317
3682,-0.223000645638,0.58159583807,-0.827949643135
10329,0.0217290222645,-1.00822257996,0.819566428661
27109,0.56128847599,-0.155549302697,0.172149434686
51335,0.785687327385,-0.686908841133,0.267562329769
3202,0.163574263453,2.23625850677,0.968180239201
2896,0.48029473424,-0.504422485828,-0.0725885033607
79902,-3.50151157379,-0.316260874271,-1.38127028942
29083,-1.97496628761,0.400042593479,-0.355117857456
5747,-0.648180544376,-0.592107951641,-1.53394532204
22905,-0.563745260239,-0.113114275038,-0.927766740322
63933,0.282721340656,-0.116312325001,0.0408787354827
9847,-1.01042211056,-0.775694489479,-0.429681748152
51021,0.526437342167,-1.22686600685,-7.79333114624
8996,-0.351592212915,0.325095742941,0.740438222885
7376,0.427905321121,1.36042070389,0.521492421627
5357,-0.349075943232,0.453679591417,0.335505783558
56940,0.18165795505,-1.03610396385,0.490824341774
6195,0.758641421795,-0.159126967192,0.239348381758
1633,0.629559576511,0.549131691456,1.36818194389
23321,-0.739148020744,0.636216402054,-0.0510250329971
51160,-4.73703241348,-0.411035209894,1.7072467804
55604,-0.194672703743,-0.868111670017,0.398236125708
2063,0.560060858727,-0.532329976559,-0.297068446875
54512,0.344003647566,-0.713319301605,-0.195147871971
9124,1.71429133415,0.477244436741,0.252822816372
79174,-0.0929227173328,0.504207372665,0.303103417158
23223,-1.3751591444,-0.981578707695,1.58717024326
39,0.528719902039,0.0745630636811,-0.604267001152
57215,-0.0172684006393,-0.3764526546,-0.554685413837
1052,-0.92157626152,-0.476410835981,-0.0790307223797
23139,-0.0181008763611,1.02081465721,0.036190316081
79947,0.969846069813,-0.022622872144,-0.646834075451
4616,-0.305855691433,-1.3551005125,0.975057482719
9710,0.349478930235,-1.26774418354,-1.03373086452
6990,-0.259390771389,0.225647598505,-0.66612714529
29082,0.0599875040352,-0.0268254391849,0.550921916962
9670,1.45297515392,0.245627135038,0.66469669342
81533,2.75972414017,-0.498541146517,-0.990547537804
10525,-0.0972519516945,0.0662335604429,-0.572635352612
2353,0.578228652477,0.798794090748,-0.48842304945
57192,-0.858703136444,-0.0869793891907,-0.491897374392
3398,0.463854074478,0.596736729145,0.360969781876
3775,0.517303884029,1.48944962025,-0.583351433277
26064,1.88456964493,0.722679615021,0.896000981331
29103,0.705949783325,1.10557448864,-0.186705037951
3206,-0.406518936157,-0.797658205032,-2.03636312485
1500,0.0710923224688,0.701332688332,0.0220659375191
7690,0.470146596432,-0.365892827511,-0.286386281252
29911,0.421654224396,-0.411228597164,0.629148006439
2064,0.704596161842,-0.403014600277,0.295010507107
65123,-0.454998910427,-0.219205319881,0.901581704617
5986,0.00278616324067,1.09618926048,-0.364044636488
85377,-0.168424904346,-1.36103999615,-0.0809130147099
9903,-0.861515522003,-0.347402393818,-0.269118666649
7088,0.417261838913,0.261916846037,1.2798204422
22796,-0.48374709487,-0.21904578805,-0.362019956112
51116,0.807273924351,0.766675233841,-1.36540675163
54442,-0.848179161549,0.0985286384821,-0.0731339901686
10695,-0.320018976927,0.66211616993,0.3265619874
102,0.281492650509,-0.543523907661,0.0945386439562
965,0.501974701881,-0.0185389593244,0.00312016904354
3800,-0.837982594967,-1.41076135635,-1.4566848278
10362,-0.474213927984,0.105544313788,-0.202768430114
5300,-0.0717111825943,0.174489378929,0.475591808558
8270,0.0322485715151,-0.543569743633,1.844596982
27242,-0.574302017689,0.0155517682433,-0.187223225832
9928,-0.645769536495,-0.384183943272,1.02434098721
1534,-0.500451743603,-0.197282120585,-0.219920918345
5654,-0.282855242491,-0.0912670716643,-0.514731764793
10810,-0.158706858754,-0.536630153656,7.77127075195
7105,0.16594491899,0.0989446789026,-0.0493161380291
23014,-2.83081483841,0.316307336092,-0.642735362053
55012,-0.597551107407,-0.127046197653,-1.79610562325
2887,-0.423827707767,0.283247232437,-0.430510282516
9183,-0.404741287231,-0.430358558893,-7.83614492416
11151,-0.478563427925,-0.0614530295134,-0.632719874382
7511,0.248886063695,-0.660978794098,0.90973675251
10046,-0.863437950611,0.68720805645,0.431614935398
1829,0.743210077286,0.291795760393,0.50886964798
11000,1.70569479465,0.332208573818,-0.511130511761
976,-0.226334840059,-0.463558554649,0.0465648174286
3597,-0.0336984395981,0.387033373117,-0.75610512495
178,-0.0277623888105,0.202503070235,-0.0687042623758
2625,0.260210871696,0.337920516729,-0.782305121422
6119,0.474369704723,-1.23537623882,-0.375971496105
26136,-0.233012035489,0.268295049667,0.370922267437
6697,0.316045790911,0.471142113209,0.130469828844
5971,1.02923262119,-0.171313390136,0.0810566544533
22934,0.62330698967,0.852692604065,1.28952109814
9289,-0.273067235947,0.844128251076,-0.377987056971
4931,-4.44192647934,0.679439008236,0.0324213057756
4200,0.142883107066,0.139380097389,-0.67880666256
93594,0.0406058579683,-0.087845787406,1.91770553589
5982,0.0889499858022,0.440676063299,-0.0174961537123
26520,-1.31820714474,0.343601346016,-1.35362505913
4998,0.197891771793,0.89146488905,-0.176314651966
10038,0.415408283472,-0.627814531326,-0.597676038742
60493,0.45834723115,0.2636089921,-0.227641671896
51495,1.53031349182,0.292098045349,0.305884301662
4482,-0.774921119213,0.364159315825,-0.137656867504
23224,0.159477636218,-0.255021572113,-0.445239424706
9690,0.111759871244,0.628315091133,-0.510237455368
80212,-0.782086670399,-0.408545941114,0.406874269247
29928,-0.258830219507,0.213189020753,1.06269145012
22809,-0.696428179741,0.432363331318,1.19866263866
50814,-0.422215998173,-0.719061732292,-0.213875621557
55256,0.768892765045,0.269639641047,-6.58336400986
56997,-1.01971805096,-0.603383600712,-0.0108980163932
81544,-0.00801298394799,0.0445182323456,0.0120528973639
6894,-0.507752537727,-0.213509529829,0.600124537945
64080,0.644048511982,-0.297097057104,0.778685152531
55818,0.554579496384,-0.0319945067167,1.46705245972
637,-0.285296708345,-0.934819638729,-0.608611226082
22823,0.243734508753,1.87160933018,-0.71876847744
5287,0.537745952606,0.532696127892,0.463105022907
91137,0.217828199267,1.29769957066,-0.691813409328
23097,-0.0945440381765,0.355242520571,0.149438232183
9851,0.0874393731356,-0.202970549464,-0.384249269962
23522,1.0109256506,-0.702150225639,0.705289781094
1123,-0.70039743185,0.364740073681,0.915856361389
5603,-0.0594371706247,-3.07253360748,0.331435620785
51569,-0.0223077684641,-0.553097307682,1.14589595795
55699,0.186518371105,-0.347226947546,0.341796785593
2624,-0.674716949463,-0.575063884258,0.419045716524
8204,-0.131702393293,0.499069213867,-0.326754301786
9133,0.536635816097,0.0187182053924,-7.81842374802
10921,0.467186868191,-0.559174597263,1.37696683407
51742,0.462075293064,-0.557054877281,-0.480000078678
2954,-0.203500717878,-0.125252366066,0.696559071541
27244,-0.0358322821558,-0.329464554787,-0.0117495059967
23013,0.00841599702835,-1.41735804081,-0.45951089263
8050,0.3829010427,0.0696137100458,-0.348063349724
79961,-0.0139975845814,-8.2779750824,-0.290978074074
2017,1.36372363567,0.244101151824,0.153644859791
55148,0.453273892403,-0.135050967336,-0.0605123266578
960,0.392610520124,-0.749875426292,-0.149839654565
10451,-0.840371847153,-0.0571286156774,-0.253737181425
57406,-0.134265765548,0.348792225122,0.429588139057
51719,-0.113904319704,-0.298899888992,0.0257521569729
7074,-0.998150289059,-0.405062794685,-0.615536630154
10059,-0.298841148615,0.181360781193,0.0256290845573
51071,-2.95492482185,-0.725977838039,0.549218714237
5796,0.173143744469,0.542465388775,-0.236904859543
55008,0.307324796915,0.14408634603,-0.49853593111
23597,-0.293027758598,0.00849017500877,-0.0187069475651
8869,-0.133875221014,-0.950747430325,7.61280822754
8727,-0.0575804561377,0.117016144097,-0.527926445007
63874,0.304367899895,4.59328174591,-0.624123632908
8821,-0.597291946411,-0.100999347866,0.367682427168
57178,1.35363733768,-0.53397166729,-1.55596375465
5468,-0.62198895216,-0.148126348853,-4.32172727585
10557,0.241668894887,0.0332266278565,0.426424592733
831,-0.13359105587,0.431573808193,0.423743873835
9531,1.14947926998,-0.0134526770562,-0.0573180392385
2767,1.02311480045,0.105441339314,0.604630053043
1861,0.584876835346,-0.203972697258,0.676872432232
10165,0.28488856554,-0.223288446665,-0.441412031651
7106,-0.487537324429,-0.227981209755,0.979638278484
2908,0.482070356607,0.968664228916,7.71264266968
57761,-4.25881433487,0.729448676109,-2.18404102325
23338,0.801170945168,0.22978001833,1.31971466541
7852,0.407739341259,-0.423212498426,-0.207864433527
55033,-1.0225931406,-0.479758739471,4.85426282883
57019,-0.521453559399,-0.543301165104,0.0898456051946
91949,-0.279193848372,-0.198461264372,0.648429214954
84617,0.0874538123608,-0.637631654739,0.188747465611
25,-0.104013204575,-0.0031404721085,0.605190873146
899,0.440847039223,-0.107228040695,0.8444673419
79850,-0.201117575169,1.09047782421,-0.686433911324
51466,0.537895679474,0.178990125656,1.05876874924
2852,-0.120616897941,0.15520645678,0.24226783216
55837,-0.492429107428,-0.258720397949,-1.02643692493
2131,0.0666898265481,-0.20575761795,-5.3494310379
5427,0.1083689183,-0.451956421137,-0.357201069593
25966,-0.55562800169,-0.874318242073,0.0834461152554
55608,-0.31933426857,4.81286811829,-0.272863715887
1662,-0.125353306532,-0.597635567188,-0.207726597786
9702,0.0872863009572,0.34066182375,0.46821051836
11031,-0.69602560997,-0.487645149231,-0.966705799103
10057,0.405876398087,-0.89088767767,-1.28304123878
5985,0.292904764414,-0.471206873655,-0.682876646519
3280,-0.351028084755,-0.863168179989,-0.169263213873
55958,0.533724486828,0.198626816273,-0.908919095993
51465,0.138695642352,0.14553374052,-0.0815831422806
2542,-0.4766715765,-2.39102482796,0.90424156189
10641,0.164839833975,0.60608959198,0.394152969122
11137,-0.234613358974,-0.0552479475737,-3.86444759369
9842,-0.233170077205,0.16520999372,1.20559728146
10493,0.35103353858,-1.4704529047,-0.461855083704
10112,0.0841884464025,0.11313508451,-0.595325171947
1001,-2.72786355019,-0.508944392204,0.0828893184662
23635,-0.806185603142,0.0485477298498,-0.331251829863
29916,0.404407799244,-1.52687513828,2.20778393745
2810,0.272667050362,0.4448351264,0.784641861916
5993,0.343105077744,-0.780530929565,-0.415909051895
11142,-0.885107576847,-1.15892124176,-1.13355541229
79187,-0.0302834939212,0.492327809334,-0.0138054788113
51382,-0.818241178989,0.0823228806257,-0.625364542007
8318,-1.59966886044,0.291946768761,-0.148888632655
9695,-0.917828381062,-0.3437102139,2.94464468956
9712,0.479265838861,0.224609375,-0.599360585213
64943,-0.467156648636,-0.401907533407,-0.402992933989
9738,1.47719526291,-0.123320490122,-0.564771413803
6793,-0.932945668697,0.588210463524,0.485619306564
7358,-0.477316588163,0.247446924448,-2.9684946537
58472,-0.146372810006,-0.664338946342,0.0179325789213
50865,-0.790246248245,1.45132863522,1.4007127285
23200,-0.517917811871,0.318063884974,-0.0962675511837
51293,-0.26955088973,-0.128230035305,0.297491282225
10962,-1.39084279537,-0.404926836491,-0.780298829079
10153,-0.128315120935,-1.57393932343,0.991312026978
874,0.0661331191659,0.669436872005,-0.788357198238
