rid,CPD002_MCF7_24H:BRD-K90630139-003-01-8:10,CPD002_MCF7_6H:BRD-K90630139-003-01-8:10,CPD002_PC3_6H:BRD-K90630139-003-01-8:10,CPD002_PC3_24H:BRD-K90630139-003-01-8:10
5720,0.647211909294,0.975282549858,0.447666883469,-0.941810131073
466,1.049077034,1.32208454609,0.212932258844,-0.770417392254
6009,0.61828738451,0.613972783089,-0.567041456699,0.652394413948
2309,-0.653188288212,-1.10906076431,4.28415107727,-0.452642530203
387,0.298458784819,0.778278470039,-0.449801445007,-1.03226840496
3553,-0.504987180233,-0.770044863224,0.829596400261,0.647146999836
427,-0.444120228291,0.565064907074,-0.479848027229,-0.00405561178923
5898,0.317108273506,0.130617797375,1.24086856842,-0.0320251137018
23365,0.294461339712,-1.22079801559,-0.432055294514,-0.743185639381
6657,-0.142213836312,-1.36790060997,0.717689692974,1.91810846329
5054,0.306318938732,0.467624217272,0.00710105895996,-1.47773647308
3108,0.463958919048,1.20574176311,-0.247871816158,-0.0843147337437
1950,-0.162934571505,0.13427297771,-0.0374686941504,-0.647974252701
351,-0.313556432724,-0.28640460968,-0.715540409088,0.797191739082
4846,-0.104071170092,0.71765089035,-0.283455103636,0.28001973033
1452,0.502031803131,0.724400758743,0.364842712879,-1.50787043571
4776,-0.647811949253,-1.105006814,0.0221325866878,1.25037145615
6908,0.202177405357,0.929029941559,-0.287546813488,-1.74191784859
672,-0.902774453163,0.473206043243,-0.0814490690827,-0.976868033409
5710,0.356641739607,-0.776768803596,-0.166730880737,0.0837995186448
2115,-0.267413556576,-0.562234759331,0.0210351198912,-0.289927631617
7015,-0.553074896336,-0.495076268911,0.662934601307,0.951868593693
8726,0.784675121307,-0.181089490652,0.375121295452,-1.02470731735
2185,-0.28894880414,-1.11064743996,0.462104558945,2.02312326431
3315,-0.127049252391,-0.259258031845,-0.750646710396,0.0680758357048
5289,0.0762287676334,-0.855414688587,0.906585216522,2.4228515625
868,0.319193184376,0.807974159718,-0.316582083702,2.53984618187
1677,0.239355251193,-0.289321154356,0.221942663193,0.283135056496
7043,0.598338186741,-1.85241901875,-0.0235111415386,2.80042266846
5613,-0.794889211655,-1.12651205063,2.11943531036,1.2231323719
595,0.0418259054422,-0.10376663506,0.381616383791,-0.830766797066
4793,-0.425824999809,2.04230570793,3.74493384361,-0.611625134945
2736,0.607299149036,-0.48873052001,-0.0460921376944,2.87420010567
5290,-0.541799068451,-0.67783343792,-0.678577661514,0.887077331543
6194,0.0113117098808,-0.0670877769589,-0.365316987038,1.57095170021
1676,-0.55094575882,-1.07208418846,0.511918008327,1.7746874094
23512,-1.92501676083,-0.975494623184,0.642417907715,-0.856825888157
148022,-0.0416675508022,3.37233304977,0.555386424065,-0.975994825363
1906,-1.37817084789,-1.60882520676,0.794125795364,1.58049452305
8878,-0.247470363975,-0.112339451909,0.320123136044,-0.571275413036
3091,0.264839917421,0.374210476875,-0.274000048637,0.437139391899
5743,0.742907047272,2.2910349369,-0.24344535172,-0.544940769672
5321,-0.889079868793,-1.3206602335,-0.441043287516,0.677657604218
4144,-0.506171107292,-0.931793510914,-0.00172374024987,0.735140740871
1981,-0.645789325237,-0.226168334484,0.528169214725,-1.42486476898
695,0.92596322298,-0.0684070289135,0.0561313927174,2.18667650223
10398,0.880666077137,-0.381551504135,0.436001241207,1.31972074509
5708,-0.879235208035,-0.314669847488,0.918823778629,-0.00957114994526
1213,-0.331563293934,0.53898358345,0.329668909311,-1.29751515388
226,-0.0523936338723,-0.55950564146,0.0725189000368,-0.278966188431
6777,-0.466164529324,0.141820535064,-0.0968355759978,0.358897119761
2113,-0.695258259773,-0.826545894146,0.490866094828,-0.000112354755402
3329,0.0241453275084,1.00288939476,-1.02276420593,-0.310872197151
1050,-0.0697099044919,-0.591830134392,-0.219937384129,-1.0502884388
9491,-0.463099598885,-0.982618272305,-0.519206881523,1.19715547562
22926,-0.145997688174,0.659809947014,-0.48032951355,-1.14939928055
5899,0.433001339436,0.464983046055,-0.792890429497,-1.15392780304
5467,0.3314037323,-1.54784476757,0.000618241727352,0.435712754726
6774,0.893900990486,-0.271165132523,0.623114585876,1.58346652985
1788,-0.535075426102,-1.74439477921,-0.582566618919,1.86430549622
5921,0.110688939691,-0.199961543083,-0.859308123589,-0.861544847488
5721,0.50342041254,0.912702858448,-0.399932146072,-1.31823658943
2263,-0.206277042627,1.04833614826,-0.336031645536,0.832218170166
808,-0.496226817369,-0.0873144567013,-0.726157546043,0.666352987289
30001,0.149383336306,0.276667803526,-0.189954698086,-0.989602804184
348,0.0985472649336,-1.11318469048,0.118829742074,1.60366797447
30849,-0.238133519888,0.453548043966,2.83887863159,-1.13579535484
1454,-0.41008207202,-1.37763762474,0.751542329788,0.526089549065
6500,1.25784373283,4.52869176865,1.4739228487,-0.960919678211
5627,1.05337619781,3.28495931625,5.57187128067,-0.619220852852
5715,0.638144671917,-0.188573807478,-0.18532127142,-2.20251846313
4791,-0.045088738203,7.82284402847,1.90863907337,0.723962843418
56924,-0.000801563262939,-0.160169869661,0.52114790678,-1.4172604084
2690,0.722305893898,1.99857103825,1.82354879379,-0.714304924011
1019,0.844063043594,0.173449218273,-0.624024629593,-0.133368909359
51422,0.885346651077,0.547588765621,5.8556432724,-1.15958464146
5788,3.65420603752,-0.369523972273,0.482982695103,2.21552157402
6709,-1.87740850449,0.0769038647413,0.212070852518,-1.97462630272
1277,-0.680041909218,-0.250180780888,-1.01512730122,-1.96973228455
993,-0.304477661848,0.745173633099,-0.112509667873,-0.863466143608
7157,-1.09405040741,-1.56039953232,-1.08823776245,-0.968921124935
1958,0.701237559319,4.36740779877,5.19473648071,-0.506636202335
4582,-1.14035439491,-0.0285104364157,-0.104327812791,-1.58490753174
9212,-0.454393595457,-0.751103878021,1.0770586729,1.46975398064
8440,0.770836174488,0.490273594856,0.388987541199,-1.60108661652
6790,0.0428732931614,-0.150260001421,-0.0570273846388,-0.363349020481
8851,-0.463669508696,-0.55288952589,0.030164398253,-1.21845376492
2534,-1.52223205566,-0.770209848881,0.652938008308,-0.397540330887
4893,0.152221739292,1.65777754784,0.616016805172,1.17975580692
665,1.70874166489,-0.549085378647,-1.41000890732,-0.798798978329
4313,-0.499329179525,-0.715049445629,-0.530743718147,2.00787067413
1022,1.35249245167,1.71023643017,-0.536260426044,-0.173979192972
5880,2.14326405525,0.769384145737,0.548165082932,-1.59287381172
3162,0.312454134226,0.569208145142,0.0792103931308,-1.07665944099
1282,-0.0765238851309,-0.738241314888,0.682314276695,1.7197766304
3383,0.208938270807,-0.598974108696,1.80786895752,-1.87893867493
727,-0.640595912933,-0.794163942337,4.51135063171,0.264551103115
4792,-0.496970236301,-0.233894318342,0.546389341354,-1.1473839283
4794,-0.966912925243,-0.713890016079,-0.398424953222,1.86135458946
902,0.402527481318,0.34995791316,-0.488720327616,0.0870035886765
8091,0.895684838295,-1.61039948463,-0.372772336006,-1.08570599556
3486,-0.41535332799,-0.785201191902,-0.192656710744,0.329251229763
10818,0.335527598858,0.875839650631,-0.386940389872,2.45697593689
3454,-0.281402111053,-1.44601452351,0.88066649437,1.33949613571
4282,0.240229949355,0.429113328457,0.00922507047653,-0.469440490007
1605,0.263048142195,0.379418045282,-0.332477033138,-0.872167944908
10644,0.981667995453,0.0811352729797,0.0102567672729,-1.6278783083
2065,0.463364958763,0.318295329809,0.634981572628,-1.06932425499
8321,-0.806836843491,-1.0673058033,0.170727670193,1.22654557228
8503,0.388863295317,-0.70473498106,0.198909938335,-1.42848849297
7027,-0.119461297989,0.665968418121,0.873030662537,-0.211500048637
6850,-0.0990240722895,-0.71320939064,-0.114203393459,0.688504934311
1978,0.205803528428,-0.644228577614,0.17839333415,0.199369043112
896,-0.40414005518,0.414486795664,0.24165481329,-0.237448096275
5777,0.472611784935,-0.525547206402,0.0490981787443,-0.993782758713
1846,1.23369431496,0.505467057228,0.721093297005,-0.48207333684
5925,-0.666857242584,-0.18454810977,0.155619710684,2.74106955528
142,-0.591703772545,0.0568155348301,-0.124306231737,-0.792430579662
1021,0.126885771751,0.254594534636,1.57858014107,-1.0825535059
5699,0.462118238211,-0.455672502518,-0.128328457475,-1.69748592377
8061,-1.30298626423,-0.205161258578,0.632949352264,0.279656648636
1870,-0.650350928307,-0.115409307182,0.775565564632,4.62605428696
1398,0.715132236481,-0.266033470631,0.146903082728,-0.0471088215709
3312,0.754690766335,0.101769380271,-0.0343686714768,-0.0268447697163
891,0.0696788877249,-1.0869679451,-0.433557629585,0.668770730495
4775,-0.655751347542,-1.6172311306,0.668688178062,0.525425255299
5111,0.193825930357,1.28153634071,-1.78811943531,-0.482620894909
5696,4.13698959351,-0.303887635469,0.47741368413,-1.13194227219
5588,-0.25414070487,-0.638252139091,0.0745670199394,2.20628404617
6839,-0.109455831349,0.956667661667,-0.298569172621,-1.29128217697
329,1.13101291656,1.15993690491,1.13565301895,-1.07427632809
5058,0.764660954475,-0.0512924343348,-0.602555513382,0.202290266752
998,1.25120425224,0.173522010446,2.45911645889,-0.985476791859
9134,0.293463945389,0.0356156975031,-0.928275465965,-0.690275847912
6616,1.3078469038,-0.397711127996,0.382892280817,-0.423488736153
5223,0.272635519505,-0.185985788703,-0.347569644451,0.313367694616
4690,0.236321508884,-2.96287941933,0.167843684554,0.274644970894
958,-0.639462471008,-0.323726654053,-0.011687040329,0.794795155525
1616,0.0955707281828,0.997921705246,5.19078540802,0.199971079826
991,-0.63139373064,0.301883459091,-5.66462373734,1.49415624142
6347,-0.242043837905,-0.674901306629,-0.381223142147,0.151045054197
6714,0.0154534578323,0.408019840717,-0.14882516861,-0.382860690355
652,-0.271886974573,0.328491687775,-0.660147249699,1.13200998306
4331,1.05675876141,1.01854348183,2.72617268562,-0.384702146053
7099,-0.364728033543,-0.28572383523,-0.633181273937,9.70184326172
10320,0.336956739426,-0.124623000622,0.485646784306,0.0609817951918
2042,0.663425028324,-0.242182970047,0.565481722355,0.972243070602
843,-0.576860308647,-1.19099497795,-0.00756666064262,0.733225107193
840,1.36482155323,0.415653705597,-0.588174521923,-0.807835876942
7048,0.632241129875,-0.393928289413,1.15158343315,-0.927553057671
4851,-0.996316254139,-1.08207190037,1.08758270741,1.52402377129
6464,-0.530352950096,0.0536159276962,-0.245867297053,0.0377466827631
23410,0.889098286629,-1.24628722668,0.157949745655,1.1943359375
54205,-0.227889925241,0.674365758896,0.114217586815,-0.0728702992201
2770,0.690808415413,-0.773790478706,-0.233581632376,0.693188548088
80204,0.252463847399,-0.0727236717939,-0.134817957878,1.67503011227
4208,0.00306180119514,-1.26761841774,0.173509791493,0.964840948582
1845,-0.749138772488,-1.09767794609,0.110272496939,-0.439949333668
23368,1.08532500267,-1.84680712223,-0.030974060297,2.18389558792
5583,-0.180644959211,0.23470403254,-0.193217769265,-0.544317662716
8900,-0.559402167797,-0.361810594797,-1.75318622589,0.706775546074
581,0.447008043528,-1.26414132118,0.194470211864,2.88170146942
6193,-3.06838202477,-0.188297837973,-0.523330152035,-4.38705682755
6622,0.368711382151,-0.346370488405,-0.219523325562,1.82680344582
11261,-0.282630562782,-1.66199886799,0.0756071805954,-1.01646387577
6696,-0.842139065266,0.0185648500919,0.0199732780457,0.838343501091
8312,0.410256803036,1.32507634163,0.54367172718,0.161400079727
835,-0.769320905209,-0.647375881672,0.563415169716,-0.661188721657
8324,0.29951107502,0.749363183975,-0.302679777145,-1.15232181549
1848,-0.798815250397,-0.154079586267,-0.382351070642,-1.33508133888
154,-0.125322699547,-0.0123565793037,-0.0026987195015,-1.08233690262
4312,0.15577685833,-0.230713143945,-1.05021429062,-0.135294228792
994,-0.0667618215084,-0.00854766741395,-2.01949524879,-1.20445823669
2048,-0.656856536865,-0.348753780127,0.313841193914,0.287451446056
1111,-0.459117352962,-0.865797281265,0.780809342861,0.225160807371
5154,-1.58085167408,-1.0142993927,0.406768232584,0.279543817043
2920,1.17330551147,-0.367866486311,0.391332447529,-0.10134999454
3122,-0.201397895813,0.317071974277,0.145805060863,2.08419299126
2769,-0.948688864708,-0.0456630587578,0.305083990097,1.28147637844
5900,0.353213191032,0.167811617255,-0.180594950914,0.222173333168
6304,-0.269055604935,0.156331330538,0.413418263197,0.0382787957788
5211,-0.26913022995,0.0869227275252,-0.386812001467,-0.402345538139
2886,-0.683630526066,-0.581441581249,-0.636291742325,0.82842874527
9261,-0.507710039616,-0.256484866142,-0.0750820934772,-0.57238805294
8569,-0.609467864037,-0.868786036968,-0.640715420246,0.954807877541
3303,-0.385355591774,-0.317135930061,-1.56552100182,0.00212157145143
5331,-0.382076829672,-0.00926724076271,0.211261749268,-0.328163206577
5347,-0.0815399438143,0.570600628853,-0.208589956164,2.43631649017
4638,-0.0632158219814,-0.123830765486,2.00998020172,1.10544645786
2264,-0.344582736492,1.37499141693,-0.086561948061,-0.555434346199
1029,1.05292975903,-0.242044627666,0.0463147312403,-0.567177474499
1027,0.43479436636,1.02781403065,-0.644520819187,-1.11565589905
2597,0.386135071516,-0.000346561690094,-0.000147326471051,-0.0216307155788
55847,-0.463026821613,-1.53052341938,0.0379859879613,-0.876561641693
25803,-0.475801080465,-0.453908979893,-2.00364422798,0.00860232114792
3480,-0.512991786003,0.322476327419,1.37829577923,-0.65818887949
2946,-0.568255662918,-0.798496603966,0.597179889679,-0.827719211578
9517,-1.10230779648,0.209518924356,-0.850244700909,-1.73887169361
25987,-0.0587408319116,-0.792936682701,-0.172979623079,0.273491919041
23670,-0.340086817741,0.0639753341675,-0.939338326454,0.0513981431723
11182,-2.84100461006,-1.42650508881,-0.48282957077,-0.196589410305
2146,0.355181217194,0.614147722721,-0.392598986626,-0.269968688488
3385,0.36493101716,-0.64410161972,-0.596942186356,-1.0768904686
5261,0.41847807169,0.752357602119,-0.149855971336,2.11680555344
10765,0.309958398342,-0.602032423019,-0.258964121342,0.351371347904
25839,-1.0258589983,0.540879845619,-0.237682819366,-0.375778079033
4172,-0.761723816395,-0.932260215282,-0.422008872032,-0.486343234777
23161,-0.662295639515,0.251006096601,-0.685030996799,0.303707122803
10298,0.110770992935,0.509057104588,0.171379894018,-0.779714465141
1802,0.188165679574,-0.133154556155,0.854830384254,-0.707685828209
58533,0.244324505329,0.311942249537,0.800894916058,-0.491897284985
147179,-1.97347915173,1.01537835598,-0.901448309422,-0.913125991821
29937,-0.444990485907,0.392642557621,-0.965981006622,0.0824145972729
6184,-0.8260602355,0.21080134809,0.286577939987,0.33703315258
9854,0.164232224226,0.308183193207,0.221368566155,0.171712696552
2553,0.14108504355,1.69316720963,-0.270749658346,-0.512669801712
5440,-0.251430690289,1.25300860405,0.110707208514,-0.519584357738
54623,-1.88238024712,0.350000888109,0.191046848893,1.55503726006
9533,-0.685593485832,-0.945461153984,0.29857391119,0.152776524425
8607,0.89783012867,1.62720000744,0.234742283821,-0.912140011787
207,-1.85959410667,0.932553887367,-0.904608488083,0.459086924791
26054,-0.366242110729,0.630260109901,0.415435731411,0.103585593402
10682,-0.400752037764,0.499070048332,0.499410390854,-0.673507511616
8573,0.24087920785,0.957180857658,1.46006596088,-1.57175707817
23378,0.411587834358,-0.139784932137,0.158553063869,-0.0275625810027
8553,0.132400453091,-1.11643743515,1.03369545937,0.0465017557144
622,0.973572671413,0.197528004646,0.307977050543,0.004265204072
9467,-1.55275261402,-0.529433369637,-0.0821125358343,-0.292834877968
5525,-0.169660061598,0.347227662802,-0.175264552236,-1.13123762608
256364,-0.629669308662,0.989188849926,0.0547385215759,0.172054558992
332,0.475037515163,0.780097782612,0.250205129385,-1.1119581461
2058,-0.382691293955,2.36934328079,-0.338102281094,-1.2403870821
7849,0.473071455956,-0.802862405777,1.24330842495,-0.840594410896
23244,-1.06625187397,1.21521925926,0.247950464487,-0.318965166807
7494,-0.818659722805,-0.447878956795,7.99530553818,-0.713022589684
4836,-0.497588813305,-1.06767416,-0.51042675972,0.973627090454
23647,-0.073744751513,0.594201147556,0.548809170723,-1.25096058846
10617,-0.449170470238,-0.261699289083,-0.102939583361,-0.542215645313
2184,0.0984574109316,0.844999492168,-0.639392256737,0.35207259655
5355,1.54496002197,3.2847006321,-0.520448982716,-0.275218188763
6659,-0.284298717976,0.346531838179,-0.361674547195,-1.83265185356
7016,-0.722784936428,0.0336939245462,0.97501283884,0.619705557823
90861,-0.438631176949,0.402753680944,-0.30876404047,-1.21690642834
10670,-0.67636525631,-0.188167542219,4.02870559692,-0.488097935915
79071,-0.121322214603,0.392789840698,0.81379544735,1.37752473354
64746,0.466871500015,-0.297809839249,-0.512095689774,-2.36202287674
5366,-0.368750751019,-1.94631898403,0.672263622284,0.126086056232
11344,0.515474140644,-0.845926046371,-0.171600401402,-1.09131717682
10013,0.285965800285,-0.276639223099,-0.690264642239,-1.07404565811
5829,-0.76668292284,1.56688964367,-0.271504968405,-0.947742938995
5257,0.529623627663,0.0647329539061,-0.531845211983,-1.20472347736
22794,0.109215468168,0.745839059353,-0.743284344673,-1.254368186
9761,-1.12344908714,0.160246729851,-0.128777489066,-1.03491187096
23326,-0.212526232004,1.42930722237,0.367076635361,0.206490620971
10972,0.919773876667,1.4890755415,-5.096139431,-1.50863218307
10523,-0.652159035206,-0.0568652972579,-0.0774484500289,-0.395404309034
79090,-0.0960509181023,-0.905712068081,4.05913448334,-0.0529778599739
27032,0.28406727314,0.922188639641,-0.0616808533669,0.126821488142
9097,1.71451163292,-0.642831981182,0.540348052979,0.125080853701
10513,-0.04062320292,-0.280928254128,5.72807979584,-0.644963026047
1891,-0.343356847763,-0.0132535248995,0.162564262748,0.592352151871
3066,0.729609310627,1.7320098877,0.340752899647,-0.535810112953
9801,1.01615715027,-0.235619843006,0.307535201311,-0.400861501694
1459,-0.588849663734,0.725794792175,-0.827883005142,1.09484255314
9703,-0.776516318321,0.381088495255,-0.158748880029,-0.948104858398
10606,-0.27782663703,0.636093318462,-0.759933829308,-0.341443121433
1017,-0.727115988731,-1.26275455952,-0.360898196697,-0.416857719421
9813,-1.88509130478,-0.259850919247,0.107669979334,0.601558685303
7485,0.820627212524,2.2128534317,1.93212163448,-1.3049955368
2109,-0.378335058689,0.714718937874,-1.8727812767,-1.22819590569
23271,-0.870767951012,-0.474760621786,0.840643763542,0.126747310162
9915,-0.771693587303,0.72759604454,-0.0988515764475,0.748107135296
9552,1.0432240963,0.150430291891,-0.477504551411,0.290992319584
93487,4.14273643494,2.23228406906,0.646641552448,0.445447742939
2956,0.195151269436,-0.116741985083,-0.172857344151,0.131452456117
11065,-1.38547182083,1.38751375675,-0.830842494965,-1.4165276289
9653,-0.46514710784,0.48475843668,1.10068416595,0.486325263977
200081,-0.317006915808,-1.61447191238,0.729569494724,-0.5908203125
3337,-0.201514810324,0.309333026409,-0.0848221629858,0.0305985063314
11073,-1.05435705185,2.82930397987,0.658206641674,1.8706510067
23,-0.366796851158,-0.344109684229,-0.145919248462,-0.299020141363
5641,-0.0133029818535,3.94023656845,2.57872128487,-1.38458871841
8720,-0.0171340703964,0.41476559639,0.0508760660887,0.966410756111
10782,-0.229934096336,0.657687067986,4.60497188568,-0.659170091152
25932,0.247408807278,0.964982151985,-0.250022172928,-0.352404505014
3028,-0.486975282431,0.663243591785,0.988947808743,-1.29889070988
6804,-0.154769539833,0.780580699444,-0.18124049902,-0.845665276051
890,0.83943271637,0.656614124775,0.274820953608,-1.15043020248
6390,0.0984551534057,1.67780375481,0.365675806999,-0.768092989922
4303,-0.359545230865,0.169497936964,-1.12782692909,-1.56196165085
10953,-0.0142124444246,1.02841925621,0.289243400097,-0.338797092438
22889,-1.01922416687,1.50277769566,0.170518755913,-0.518855929375
3098,-0.270693421364,0.663077950478,-0.579308629036,-0.723776817322
11044,-0.594861388206,-1.06003761292,-0.286593019962,1.527333498
8985,-0.939426004887,-5.00041294098,0.271393746138,-0.630438327789
66008,-0.152160346508,0.698633551598,-0.355475246906,-0.176793813705
9217,0.638883829117,1.07765710354,0.417625784874,-1.9582811594
701,-0.696527659893,-0.345938384533,0.0273160636425,0.958990395069
6182,-0.353053152561,1.10653138161,0.894498944283,-0.158315092325
4860,0.315820276737,0.315602332354,0.282007813454,-0.559960246086
7398,0.469662606716,1.0864636898,-0.0427416563034,0.303286671638
6117,-0.127484023571,1.04335284233,-0.202754437923,-0.68793040514
23588,1.28197848797,-0.833825230598,-1.14966130257,-0.415672659874
949,-0.551241219044,-0.601380884647,-0.403300225735,-1.02002358437
7168,-0.60224968195,1.93492078781,0.293305784464,-0.938841819763
9375,-0.187180131674,0.973114013672,0.537677943707,-0.704984664917
4927,0.983447194099,0.451249361038,-0.201839536428,-0.85604429245
2523,-0.78037250042,-0.909679412842,-0.770596921444,1.17794859409
58497,0.463655889034,0.539595603943,-0.270229578018,-0.568109512329
6856,0.240168124437,1.52215123177,-0.398354589939,-1.18744325638
26036,1.26999735832,1.77802455425,-0.571801066399,-1.38380157948
10206,-0.10010355711,0.53228443861,-0.0164411887527,1.03766131401
25793,-0.631808280945,-2.07117581367,1.98649859428,-1.19025921822
55556,0.412747919559,-0.408051937819,0.189898088574,-1.14467132092
3978,-0.0973028093576,0.488248467445,-0.0604993253946,-1.1164586544
10681,0.194644749165,0.872328042984,0.127070099115,-0.336697638035
3638,-0.111849337816,-1.2984213829,0.505685806274,0.310199737549
8349,-0.80140709877,-0.680146872997,0.28720921278,1.15182471275
6275,1.3211299181,-0.0833423733711,-0.70018362999,-2.26572942734
3895,-0.739184141159,0.843923807144,-0.483474373817,-2.06209754944
392,-1.9992762804,-0.84593629837,0.874434351921,1.71527481079
9170,-2.22980451584,-0.342911064625,0.551878988743,0.885255813599
80347,-0.498528808355,-1.63429927826,0.266805380583,-0.725973129272
23300,0.130800902843,-0.467909812927,-0.208801567554,-1.05327880383
836,-0.0360357649624,-0.405853331089,0.02647164464,0.731635928154
11188,-1.04534161091,0.283165037632,0.411100804806,-0.604198515415
10898,-0.4890640378,-0.72251868248,-0.0575878471136,0.0460790097713
9276,-0.543414831161,1.0406908989,-0.65892124176,-1.28105926514
1647,-0.106232024729,-1.90046870708,-0.611745774746,0.539025485516
10285,0.257268965244,-3.41439294815,0.735850989819,-0.444627910852
23386,0.141284584999,-1.22224509716,-0.111365482211,0.589088916779
3156,-0.661540985107,-0.0102297514677,-0.53152513504,1.21236491203
10237,0.217140883207,0.926630079746,-0.199153393507,-1.26812803745
7077,-1.13643610477,3.83049702644,0.858324110508,0.154593601823
11157,0.832242488861,0.626465976238,0.470816552639,-0.601597249508
22908,0.177257418633,1.86833810806,-0.760859549046,-1.27048408985
10915,-0.429295808077,1.33300340176,-0.0698675215244,-1.34533452988
9897,-0.488325357437,-1.02320587635,-0.126273021102,1.77499198914
1759,-0.496577441692,-0.479476571083,0.321390390396,-1.32991600037
54541,0.215584516525,0.550671577454,-1.1128013134,-0.372457176447
211,-0.109730869532,-1.9188785553,0.252224475145,1.16118252277
5048,-0.542412877083,-0.918125510216,0.19999986887,1.15702176094
84722,-0.186285957694,-0.201101079583,0.426973938942,1.64527690411
29890,-1.54910480976,0.224877551198,0.245310083032,0.0470689572394
9868,-0.240015238523,0.586849808693,-2.82719278336,0.571363151073
873,-0.00661201775074,-0.176480188966,0.401197254658,0.106870867312
5580,0.463152289391,0.0922996401787,-0.216039255261,-1.13059711456
3725,-0.930612444878,-0.512523055077,0.168464809656,2.46224331856
23585,0.0886145532131,0.300068974495,-1.44011616707,-0.82648986578
51097,-0.00767675042152,1.88052296638,0.804411888123,-1.20387506485
1831,0.485072851181,-0.708533644676,0.746865332127,-0.745009481907
7020,-1.21223795414,-1.18378770351,-0.063048645854,1.22631072998
55893,-0.691045701504,-0.745079994202,-0.213629677892,1.31428802013
6944,0.550055444241,-1.45081281662,-0.64444309473,0.0483320951462
22883,-0.898705303669,0.65750515461,0.0803202688694,-1.27162623405
5601,0.0932959765196,1.07682907581,0.650527596474,-0.184841781855
10775,1.21722817421,0.368241965771,-0.378665357828,-1.70781779289
4780,0.166651636362,-2.42785549164,0.151468202472,-0.183724313974
10904,0.174370735884,0.0639650523663,-0.423705011606,-2.25562739372
9917,-0.21199272573,1.44414448738,0.0547423735261,1.06932854652
1399,-0.212644219398,-0.896631240845,0.0982346683741,0.224846571684
24149,0.673157632351,-0.26927921176,-0.269014239311,-0.54092413187
2222,0.527029395103,-1.0576813221,-1.10552632809,-0.578024446964
10131,0.469220727682,0.00194882880896,0.767260193825,-0.725859642029
2958,1.46619451046,1.0085350275,-0.353931725025,0.42334651947
9650,0.335624814034,0.441438794136,-0.112291559577,-0.0724689364433
7319,-0.295200407505,1.52114534378,-0.619405448437,-4.02512311935
4817,-0.38460367918,-1.22438287735,-0.0481584370136,1.10784888268
9143,1.15550899506,4.95343112946,1.78673624992,-1.0957171917
10494,-0.731593132019,0.878975093365,0.486710399389,-1.6001765728
55324,-0.937546133995,0.300172746181,0.517950534821,-0.627852141857
23149,-0.24293410778,-0.429184943438,-1.40002727509,-0.240352317691
9943,-0.18238684535,0.279755324125,-0.00131633877754,-2.10652971268
6599,-0.730971217155,0.076290294528,0.254023224115,0.202706038952
51031,0.0290671288967,1.16819691658,-0.269055783749,-0.755597114563
3566,-0.0837848931551,-0.812763094902,0.406273245811,1.70591533184
3815,-0.457188546658,-0.510645985603,0.395202517509,2.36839103699
8624,-0.36187928915,0.431083410978,-0.665845394135,-0.481542110443
27346,-1.02093994617,-0.558516323566,-0.32642313838,-1.53979671001
10489,-0.590461909771,-0.533540189266,-0.313679277897,0.171646237373
26128,-0.526281833649,-0.323283284903,0.157000169158,0.135972678661
79921,0.163260221481,0.395076185465,1.27034342289,-1.09541666508
55746,-0.960805952549,0.195125162601,-0.641483902931,-0.117236025631
23636,0.242332533002,-0.026161108166,-0.144392848015,-0.734173119068
10892,-0.271523237228,0.735134065151,6.17081642151,-0.908953309059
10652,-0.0764142274857,-0.0615146830678,0.29700088501,0.00643777102232
11004,-0.182739898562,0.144724324346,-0.129268407822,-0.153372436762
23530,0.137958884239,3.5672917366,3.18061351776,-1.47704577446
8826,-0.670996189117,-0.263718962669,-1.15860128403,2.50603103638
3308,-0.940658867359,-0.119096264243,-0.308289110661,0.341952681541
7153,0.516179859638,0.889565050602,-0.213155761361,-0.766437590122
11041,0.0624094456434,0.813341617584,0.205833658576,-0.533603310585
6342,1.28857719898,0.804822325706,5.04421901703,-0.694576025009
5883,-0.435813128948,0.282370954752,0.464257329702,-1.99379706383
10589,0.050470456481,-0.0105378031731,0.171377852559,-0.425945460796
5110,0.905979752541,0.312596291304,-0.570974826813,-0.758699178696
4609,-0.111229740083,0.223447725177,-0.182766854763,-1.44774544239
5423,1.16361069679,1.27848601341,0.0529316961765,0.186980247498
1070,0.682359457016,0.715478777885,-0.193591088057,0.0651485472918
10051,-0.128536105156,0.174576878548,-0.1867800951,-0.424556195736
6603,0.00341239571571,0.845850586891,0.291283369064,-0.628756284714
9019,1.00919878483,0.313060522079,0.473096132278,-0.686655521393
10969,-0.0278180241585,0.0808304548264,0.740667462349,0.106737099588
9797,0.641456723213,-0.276140451431,-0.276829510927,-0.651125729084
4043,-0.277097433805,0.066020488739,0.67993158102,-0.246375024319
9519,-0.120611265302,0.256447285414,1.15882158279,-1.64704120159
8480,1.19035565853,1.33997821808,0.0101222842932,-1.13946127892
983,1.17049527168,3.35325193405,0.189608559012,0.615186274052
10559,0.307875543833,1.20856463909,-0.168100133538,-0.215275898576
8508,1.39990520477,0.385255753994,-0.0505011975765,-1.67866718769
9275,1.26973354816,0.836063981056,-0.317469060421,-1.10010552406
8914,-0.9818983078,0.79844725132,-0.258100092411,-1.17733454704
54505,-0.197365030646,-1.02510368824,0.460276991129,0.724316239357
6919,-0.255507588387,-1.49785494804,-0.102697074413,1.45226252079
2274,-4.02916383743,0.659792125225,0.362266182899,-0.776525735855
2288,-0.240593492985,0.000675047049299,-0.0957988426089,0.184617266059
7994,0.0654693841934,0.130304649472,0.273609340191,-1.44327294827
4216,0.35572513938,1.06881129742,-0.589160501957,-2.37900185585
7538,-1.14695048332,-0.118028372526,0.162767037749,1.31457734108
3628,3.54538249969,-0.0903523266315,0.164923489094,-0.929177582264
2037,0.230270877481,3.71134138107,0.248307347298,-0.750818014145
2771,-0.688420891762,0.415099143982,0.14107978344,-0.195669978857
7264,0.0428859442472,-0.724212825298,0.671243429184,-1.03279423714
1786,-0.899237275124,0.348522931337,-0.284759968519,0.764528274536
5873,0.000775944441557,-0.0608709976077,-0.52608782053,1.57546377182
780,0.846372008324,-0.628060996532,0.52159422636,1.60033178329
9926,-0.242266774178,0.630171895027,-0.0399997979403,-0.828884422779
8446,-0.527789950371,-0.871824026108,-0.434051513672,1.08172917366
7159,-1.17591154575,0.70345056057,0.0116970688105,-0.481602072716
1026,-0.560636043549,0.404958337545,-0.271353691816,-0.010012820363
7082,0.527694225311,-0.638041377068,-0.115418031812,-0.54217684269
10058,-3.88202381134,0.545714020729,0.115214347839,-0.581625580788
10797,0.996258854866,1.0168555975,0.565007328987,-0.0176332108676
11230,0.155525565147,-0.722372531891,-0.583288192749,1.81278204918
30836,0.425261348486,0.384977698326,-0.848696470261,-0.540068268776
27336,-0.949215173721,-0.0202196836472,-0.402635723352,1.34622216225
9918,-0.735268235207,-0.300982892513,-2.08816337585,0.403889805079
79073,-0.267722994089,-0.402421951294,-0.391225188971,-1.21107590199
9688,-0.41005808115,-0.137772902846,0.0845483094454,-0.0620140731335
23659,0.28087157011,-0.95225918293,-0.650817036629,-0.747940897942
8396,0.169649362564,9.63606071472,-0.25672018528,-1.93829977512
23077,0.245007589459,-0.293543279171,0.157639324665,-0.39712280035
10857,0.378305077553,2.6124830246,-0.491669118404,-1.59766054153
16,-0.831679344177,0.180369719863,-0.10865829885,-0.622090399265
2817,-1.49467468262,-0.285929679871,0.608518838882,0.174278080463
60528,-0.781253457069,0.958380877972,0.637017905712,0.0498897135258
5359,0.547204375267,0.123729556799,1.88783788681,-0.00855773687363
1514,-0.262828469276,1.19643783569,-0.970899820328,-0.622102558613
1509,0.548914134502,0.0030572861433,0.402305364609,-0.565015435219
9181,0.359272778034,1.5786138773,-0.433975338936,-0.786328136921
3611,0.921575903893,-0.0609452351928,0.893487989902,-0.0839565992355
4783,0.085669413209,0.195369005203,-0.280179142952,-1.11813342571
10123,-0.835136592388,-1.57447361946,-0.211171075702,1.48809242249
8895,0.512859046459,0.682341516018,0.587875247002,-0.337332159281
9805,-1.90909910202,-0.122394189239,-0.387251377106,0.559904932976
4125,0.0283780544996,0.210346743464,1.60148751736,-0.222291737795
1635,-0.101451873779,-1.62992203236,-0.138970255852,-1.33100068569
4154,-0.631974101067,1.01737940311,0.229061827064,-0.183850854635
26292,0.813683390617,0.714317142963,0.211250856519,-0.213138416409
5770,-1.35907030106,-1.4207713604,0.17813000083,1.4897749424
25874,0.657747268677,0.0352685824037,0.10020288825,-0.586368441582
11319,1.09927356243,2.32742023468,0.689612746239,-1.0302079916
1153,0.163803011179,0.0200142860413,-0.136719152331,-0.168674528599
11098,0.151946514845,1.03796827793,-1.08507871628,-1.3775151968
8974,0.456060141325,0.993404626846,0.293442755938,-0.505953848362
533,0.648744046688,0.750097453594,-0.00823256373405,-0.408599674702
823,0.374284148216,0.0175703652203,-0.293563902378,-1.11274135113
6812,0.123774304986,0.744021654129,-0.369750440121,-1.39414286613
3693,-0.240552216768,0.947966694832,-0.928712546825,-0.680466175079
4891,-0.127946183085,-0.869821131229,-0.0558894127607,-0.674866676331
10954,0.0737874805927,-0.00700852274895,0.806354641914,-1.76748657227
5909,-0.133868992329,-0.131111353636,0.72179210186,-0.699919462204
9221,0.0717837437987,0.379929125309,0.803646147251,-1.1628702879
847,0.122457623482,-1.1319103241,-0.247687771916,-1.36519885063
11072,1.04885137081,0.493524312973,0.753383815289,-1.14062297344
10221,-0.497971713543,-1.75903654099,-0.226874619722,0.308336347342
7158,-0.727581262589,-0.536789357662,0.301258265972,0.304731935263
8678,0.721188604832,0.833165466785,-0.47894179821,0.0293473303318
11014,1.1487569809,0.79571723938,-0.46127268672,-0.992653250694
1994,0.0318565294147,-0.132996737957,1.40405750275,-0.53794914484
3482,-0.956912279129,-1.59751856327,-1.51593875885,0.542007625103
25976,0.313686013222,-0.137754708529,-0.420367568731,-0.829822123051
10491,0.131515413523,0.191901981831,-0.638740003109,-0.712237238884
51053,0.232276722789,0.514163970947,0.6813839674,-0.0655876398087
9267,0.0709814205766,-0.143521055579,-0.790774703026,-1.31105113029
5547,0.520790815353,-0.0454494766891,-4.02556753159,0.159883290529
6597,-1.01948189735,0.223760083318,0.205139741302,-1.38347876072
5836,0.183004960418,-0.029595091939,-0.89703553915,-1.77451038361
6118,0.967159211636,0.0917392969131,-0.476852446795,-0.449268847704
2961,-0.620295882225,0.0915434658527,-0.862258851528,-0.308977663517
310,0.947010397911,1.09900832176,-0.258858919144,-0.13017000258
7296,0.346218258142,1.29251134396,-0.881306231022,0.126289710402
1429,0.831369161606,0.929202497005,-0.300464659929,-0.491325974464
2548,0.0652969330549,-0.144166737795,0.086001008749,-0.839729130268
6499,0.55250954628,-0.310581535101,-0.108334869146,0.112968608737
642,0.38528996706,1.48060667515,0.929678738117,-0.651198387146
23076,0.346184194088,1.09273266792,0.22317583859,-0.620856583118
10099,0.587656259537,0.806952238083,0.0293756723404,-0.699856162071
9817,-0.505950033665,-0.896058738232,0.104742109776,-0.370450168848
9126,-0.835391163826,-0.170119404793,0.261128246784,1.43493664265
3930,-2.07204389572,0.653768777847,0.0209251046181,-0.139167174697
10450,-0.222366303205,0.301611274481,0.370376944542,-2.04482102394
54386,0.399516612291,0.472318947315,-1.11551475525,-0.308112174273
664,0.772656917572,0.956279218197,-2.77655005455,-0.617817640305
596,1.59957909584,-0.335483819246,0.71275049448,2.19468331337
10180,-0.982607007027,-0.31735265255,-0.437402248383,-1.2100174427
1445,-0.099347025156,0.369110375643,0.00347773358226,0.582136869431
230,0.236908346415,0.0759298950434,-0.462088346481,-1.27611339092
9246,0.270635068417,-1.11250185966,-0.357399642467,-0.654473423958
5092,0.45044413209,-0.347797781229,-0.254019677639,0.0978910326958
23463,-0.938527941704,0.935849666595,-0.370746076107,-1.32212841511
10007,1.17250275612,0.0924161151052,-0.308332443237,0.0764249265194
4925,-0.313730359077,0.327743113041,-0.0254140645266,0.187823265791
6251,0.332500308752,-0.325272381306,0.0147393345833,1.21515583992
5782,0.081223398447,-0.12430369854,-0.404591202736,-1.17707777023
5106,0.087665900588,-0.096115604043,2.07419037819,0.936950206757
2673,-0.0965762138367,0.8040817976,0.19617202878,-1.7964630127
644,0.241501182318,0.831177771091,0.539977967739,-0.489434361458
6284,1.66291165352,0.563731849194,0.967021107674,0.11995407939
4605,-0.693158566952,-0.208672747016,0.0757658779621,-0.104030236602
6810,-0.506972908974,-0.16590783,-0.466990321875,-0.177644148469
54499,0.379158556461,1.12824714184,-0.261198818684,-1.60206508636
11007,0.235232248902,-1.06883561611,0.0387639030814,-1.2610527277
1643,0.295552611351,1.08594369888,-0.196365147829,-0.141583263874
25805,0.400189012289,1.18739116192,-0.0859745144844,2.57631635666
3033,0.888388037682,-0.7348331213,0.544148445129,1.07971596718
2745,0.358512759209,0.983533620834,-0.798805832863,-0.955158650875
9961,-0.700594484806,-0.789597988129,-0.345705091953,-0.023912191391
3925,0.679209113121,1.81582808495,0.482542276382,-0.307334214449
2582,0.576918184757,-1.11467528343,-0.16134673357,-0.636314868927
5792,-0.670591950417,-0.207554832101,0.827290654182,0.212865054607
5236,0.367465376854,0.178689882159,-0.307437181473,-1.14886045456
4016,0.727577269077,0.00176230072975,0.681939303875,-2.76981878281
4651,-0.589839100838,-1.4209073782,-0.702528238297,-1.38578021526
3988,0.844216644764,-0.746942102909,-0.358661949635,0.115385368466
26227,0.0609765052795,0.609145641327,-0.302434384823,-0.0734614729881
7982,-0.18812802434,1.4110314846,-0.671906769276,0.0334834754467
3551,-0.319987744093,-0.165081143379,-0.504409790039,0.0833130925894
5108,0.604111194611,1.26754939556,0.108764275908,-0.454491347075
8870,0.422229588032,-0.0935741215944,0.0330476127565,0.712997794151
2195,-0.0751070827246,-0.501383304596,0.0586075410247,-0.894548296928
8731,0.091060012579,0.246934130788,-0.621144294739,-0.960891067982
1956,0.832705378532,0.36801803112,-0.275830388069,-1.2545081377
10276,0.204773619771,1.58890843391,0.0677134469151,-1.57949650288
1666,0.505053877831,0.0197482556105,0.513464272022,-0.677660644054
4864,-0.483399927616,-0.725567519665,-0.0472055897117,0.117103651166
4232,-0.339090466499,-0.346078425646,-0.128051489592,0.778172135353
5050,0.959898948669,0.104886189103,-0.644355654716,-0.774640083313
813,0.404793024063,0.0361504368484,-0.134836658835,-0.446941226721
3964,-0.288888067007,-0.437181442976,0.274353921413,0.97753059864
26020,-0.0444680452347,0.0259771570563,-0.146996498108,-1.93702816963
481,0.378240764141,0.567788243294,-0.125393167138,-0.607778668404
5019,1.34445691109,-1.17552828789,-0.3261962533,0.0937532186508
291,1.07637608051,0.302596896887,-0.253199875355,-0.977899909019
10973,0.769281625748,-0.64280128479,0.282161206007,0.00959278643131
9697,-0.993691384792,0.398798793554,-0.33430814743,-0.0550731122494
5831,-0.550279140472,-2.69479036331,1.01520586014,-0.791288495064
8202,-0.402871251106,0.456563383341,0.648702979088,-0.0875400602818
57804,0.428467988968,-1.08200919628,0.118061631918,-0.0822516307235
5566,-0.73383808136,-0.673767089844,0.752733707428,1.40363264084
57149,0.784980177879,-0.0346049182117,-0.156486988068,-1.32434403896
7416,0.104932695627,-0.0822778344154,-0.929117619991,3.24470663071
10174,-0.392008662224,-0.0330548584461,2.18532299995,1.92527747154
6676,0.76166331768,-0.13609457016,0.258594959974,0.795769035816
8884,-0.5631980896,-0.45868563652,0.414333820343,-6.05782175064
5997,-0.295015215874,-0.622283399105,-2.20026636124,-0.0535329729319
57147,0.815561652184,0.01243019104,0.260502874851,-0.225102096796
6909,-0.876954257488,-1.08887052536,0.319393515587,0.489262133837
9093,-0.731956064701,-5.01455402374,-0.165084958076,-2.12789154053
23142,0.174742564559,-1.5769995451,0.263254821301,0.467504262924
8444,-0.613883018494,-0.952281951904,0.368891835213,1.07317900658
11232,0.622838795185,1.31263685226,0.199891656637,-0.289926826954
27095,0.797012269497,0.926212310791,-0.570601820946,-0.593972146511
10732,0.427163958549,-1.28596830368,-0.240214258432,0.782622933388
23029,0.345240235329,-0.592578709126,0.0208079367876,-0.194581180811
9270,-3.79088187218,0.702689886093,0.0801389440894,-0.522998690605
47,0.471403211355,-0.606728315353,0.0456786155701,-1.17984867096
5889,0.229747906327,0.987138390541,-0.335330724716,-0.770327687263
8243,-0.460404008627,0.638743877411,0.053986042738,0.149813860655
10730,4.10836982727,3.7889213562,-0.57464247942,0.510755717754
30,-0.483660906553,-0.175403863192,-0.0066944360733,-1.50509285927
7466,1.4532020092,-0.591921806335,0.735206007957,-0.104439221323
89910,-0.618017613888,-0.199597552419,0.832816004753,-0.885899364948
56654,-0.0175305977464,0.487887978554,0.639343798161,-0.474635004997
501,0.909903287888,-4.34171009064,0.593045532703,1.15477621555
5438,-0.435896396637,0.0834422782063,-0.0150881037116,-0.631274938583
26993,2.42040133476,0.204203799367,-0.242805704474,-0.83456158638
55111,1.15039741993,-1.12371277809,1.62176609039,1.16918587685
8520,0.493714272976,-0.029338747263,0.0568297356367,-0.00642350316048
10146,0.255245923996,-0.376029729843,-0.14905923605,-0.98135894537
7165,-0.24613019824,-0.209872916341,-0.399966657162,-0.630139946938
55011,-0.334732502699,-0.385796129704,0.131517529488,0.336055189371
6461,-0.446298092604,-1.02915215492,0.220586001873,1.401720047
10813,1.79677557945,-1.73767733574,0.835549354553,1.0368090868
80746,1.61591887474,-0.235736817122,-0.512151002884,-0.585521936417
10434,0.807740569115,0.488871484995,-0.166918173432,-1.91100621223
5607,-0.360695004463,0.066784106195,-0.932960093021,-0.373145699501
22827,0.275778234005,0.170509457588,-0.0357679352164,0.917556762695
51635,2.02476239204,-0.46236884594,-0.205625668168,-1.1472234726
84159,0.246857196093,0.850309073925,-0.419621437788,-0.721582353115
3508,-0.86277782917,-0.700842380524,0.0591410622001,0.863841056824
84890,0.338537931442,1.14082121849,0.851423382759,-1.15721690655
79600,2.54257822037,-0.503047883511,-0.169509321451,-0.194329723716
8574,0.558855414391,-0.186024695635,-2.06081485748,-1.32943713665
5529,-1.17727530003,-0.700235486031,0.58588039875,-0.558448135853
3909,-0.0337046831846,-0.450768232346,0.130644589663,-3.05058908463
9637,-0.389453113079,-0.119894996285,-0.649116694927,-0.429932206869
8518,1.00836634636,1.40619564056,0.375252008438,-0.706971406937
6443,1.18810558319,4.23711061478,4.80109071732,-0.914269268513
58478,0.631462216377,-0.116979062557,0.437504649162,0.124216914177
4850,0.307149469852,-0.977632164955,-0.640075862408,0.265559285879
23210,0.135485440493,1.12948513031,-1.88973331451,-0.453326761723
54733,-0.704912126064,-1.9213783741,0.393619686365,-4.98784780502
55129,1.12330877781,-0.698677420616,-0.225556194782,-0.904417276382
10273,-1.04069519043,-0.356471091509,0.390728145838,0.261017203331
572,1.90622937679,1.05401825905,-7.82301998138,-1.00169563293
5716,0.0985222235322,0.435615360737,-0.57025796175,-0.496570587158
22841,0.25465720892,0.777133405209,0.357957601547,-0.189026027918
2356,1.01594901085,0.140270382166,0.69768756628,-1.06926119328
6050,-0.290474623442,0.54559391737,-3.72314023972,-0.54414921999
64422,1.03330612183,-1.05702793598,0.31887075305,-0.503243088722
8837,0.974818527699,-1.26045167446,0.857653856277,-0.049060344696
55127,-0.456104189157,-0.293582767248,0.500315606594,-0.761017799377
23335,-0.446630716324,-1.29818034172,0.462000727654,1.21862256527
10270,1.17431485653,0.791032552719,-4.08130168915,-0.0394945293665
6509,-1.02354359627,-0.0144515633583,0.195997074246,0.204611808062
83743,-0.288912475109,0.507519006729,0.770000815392,1.51117491722
6772,0.0455652177334,2.51216268539,-0.49591255188,-0.10581792891
22887,0.681524157524,1.78410995007,0.568038225174,-0.680670976639
51001,1.3473572731,-0.562141656876,0.0167769528925,-0.275264054537
26511,0.509661376476,-0.794106245041,-1.15540981293,0.520527899265
7874,-0.380399525166,0.489534109831,-0.0910331308842,-1.66752409935
51070,0.0288074016571,-0.12845993042,0.367630779743,-0.520143389702
1738,0.802662551403,-3.80510425568,-7.41290521622,-1.11895704269
3416,-0.210669085383,0.734276592731,-0.140734612942,-0.410626292229
9128,0.910291910172,0.869522452354,1.07145833969,0.283915221691
9833,-0.0869935974479,1.02455449104,-0.307306945324,0.27188539505
4088,-0.204920172691,0.0998157560825,-0.890348374844,-0.897367715836
5018,-0.237047076225,-4.95981454849,0.513384580612,-0.635277748108
51375,0.15639102459,-0.196110785007,-3.01082372665,1.69569790363
55038,0.303886950016,0.635586738586,-0.136296033859,-0.684107244015
23061,-1.82137870789,-0.130063652992,-0.00763193517923,0.0486765801907
64428,-0.0673571676016,0.116394169629,0.376707434654,0.595480084419
11325,-0.80294084549,0.0238476395607,0.0852689668536,-0.773784935474
9641,-0.293320983648,-0.257840275764,-0.689728736877,-1.08220601082
23038,-0.170768678188,1.2575211525,-0.212383598089,-0.21739576757
57048,2.00941109657,-0.790067076683,-0.72951155901,0.534994184971
94239,-0.734816014767,-0.17568820715,-0.255911380053,1.36797297001
51203,0.196586251259,-2.00118255615,-0.218581050634,-0.710826992989
388650,-0.635156154633,-1.25825810432,0.147337779403,1.39412021637
23039,1.34510612488,0.627244472504,0.168959021568,-0.0209103859961
55179,0.750142931938,-0.115464478731,0.613253235817,0.648178100586
5827,0.327418357134,-0.436436146498,0.53169721365,-1.08108949661
10245,-0.90860491991,-0.332471430302,1.03184711933,1.17660498619
6813,-0.266292840242,-1.37550711632,-1.32896983624,-0.81562179327
3251,1.24204361439,0.554601192474,-0.451793015003,-0.752869844437
23212,-0.374957919121,1.43984246254,0.133234634995,-0.450514525175
23536,-0.401561737061,-1.08126854897,0.477422326803,0.742469966412
51282,-1.92786586285,-1.35531449318,-0.286788403988,-0.403553009033
10227,-1.42728495598,0.240610584617,1.18183934689,-0.464775681496
50813,1.55553972721,-0.141085475683,1.75289738178,1.27795016766
51024,1.1347669363,0.563061833382,-1.04498887062,-0.357687443495
53343,0.855455696583,2.06468439102,-0.871284902096,0.187432929873
1465,1.70187330246,0.0354832410812,-0.311789155006,0.294873416424
79006,-0.00844180583954,-1.76717102528,0.0189952403307,0.24579320848
6988,0.367519438267,-0.12826128304,-0.24691838026,-0.776557683945
11011,-0.60165977478,-2.82031750679,-2.25656890869,0.78036826849
23325,0.59988284111,-2.70064711571,0.839126586914,-1.00339305401
10049,-0.3203971982,0.753736495972,1.26142942905,1.86570334435
3157,-0.0751359686255,-0.740049362183,-0.407230198383,-0.740646004677
200734,-0.755020737648,-0.0574993789196,-4.45890951157,0.286179900169
9053,2.4638106823,-0.517655670643,0.975516140461,-2.99678134918
79094,-1.04878735542,-0.750960052013,-0.284128546715,1.19407248497
2778,-0.389405876398,-0.564333677292,0.606461644173,-4.3265247345
54881,-8.05942153931,0.227841734886,-0.756235837936,-0.11565220356
54807,-0.327098101377,-1.47428941727,0.105628609657,0.402595281601
323,-0.619088172913,-0.47165864706,0.148962467909,0.841163337231
26001,-3.4845225811,0.356905639172,0.368272185326,-0.827266871929
10190,0.522405385971,-0.266391932964,-0.208291754127,0.171714648604
9686,-0.231796845794,0.489394724369,-0.714665293694,-0.21619977057
54915,-0.222430557013,-0.596569299698,-0.40656042099,4.29056596756
23658,-0.714928507805,0.076628357172,0.344151496887,0.463290274143
7750,0.363245904446,-0.320649027824,0.955739736557,-0.598538935184
79643,-0.567119657993,-0.827991902828,0.0232421010733,-0.126837432384
9488,-0.645063400269,0.958516478539,1.50384128094,4.79224348068
11200,1.19395315647,5.32807683945,-0.748283922672,-0.39948874712
65057,0.0585654973984,-1.5089662075,0.511331677437,1.53474891186
6832,-0.396840035915,-1.36188411713,0.172576099634,1.05835330486
23131,0.160041332245,0.274879217148,1.38006091118,-1.400826931
10776,0.858568310738,2.00279045105,0.497004449368,-1.00573480129
6253,-0.261862307787,-1.88063657284,-0.00645887851715,0.377461910248
79716,-0.337374866009,-0.00631572306156,0.443707823753,0.860038936138
29978,-0.0162092000246,0.701196074486,-1.84526515007,0.168122559786
9988,-0.0521941371262,-0.763070046902,0.438511788845,0.495246887207
10845,0.67574429512,0.777665138245,-0.0546842478216,-0.664802134037
54957,-0.518960237503,-4.38639783859,-0.393820792437,-0.963876068592
79170,0.5232899189,-0.263520985842,-0.0752580612898,0.249592602253
10610,2.52393555641,-1.9812066555,0.469516038895,1.38110113144
128,0.704870700836,0.113630145788,2.12913417816,-0.229936778545
51026,0.717396140099,0.190372362733,0.0522685796022,-0.494512379169
5498,-0.322836369276,-0.901019871235,0.0394519269466,1.37235736847
124583,0.405089646578,0.111351333559,0.061520434916,-0.206109106541
9455,0.289785683155,1.38799667358,-0.314480721951,0.326074421406
1212,-0.253681123257,-3.82140183449,-0.255440294743,-0.288368403912
5255,1.0477231741,0.734267354012,-2.59020924568,-0.417698800564
9448,-0.325461894274,0.355515003204,0.175973176956,-0.475581914186
9924,-1.92506551743,0.351232111454,-0.147242292762,-1.612449646
5480,0.699884057045,0.251022517681,0.961672544479,-1.2515488863
1983,0.605546712875,-4.76423025131,-2.23111987114,-0.320055007935
56889,-0.0405458807945,1.5236645937,0.543801486492,-1.20700597763
79080,-0.16764959693,-1.33101975918,-0.402962446213,-5.39636039734
9016,-0.799098134041,0.431420683861,0.61833947897,1.42653369904
6915,-0.405852407217,-1.00512826443,-0.150375500321,4.88299131393
9709,1.35754644871,0.113591328263,-0.200020551682,-0.444080501795
116832,0.702612519264,1.09975445271,0.136708334088,-0.957399010658
670,0.0767233073711,-1.13125431538,1.34238958359,1.70370173454
7867,-0.616762518883,1.92202615738,-0.189803525805,-0.620306372643
79143,-1.02189993858,-0.497719705105,0.13255019486,-0.877575099468
11284,0.435463368893,0.2941416502,0.268895238638,0.694308996201
23443,1.7827860117,0.609670042992,-0.57763594389,-0.372298568487
51599,0.150732204318,0.31092196703,-0.657202243805,-0.255399703979
5927,-1.11071038246,2.58394646645,0.0558349043131,-0.395334005356
55793,0.177489668131,3.15334749222,-0.172010958195,-0.233976513147
5867,0.898548305035,1.35969352722,-0.375920414925,-0.976579427719
7866,0.0256095677614,-0.814165115356,0.622478306293,-4.71669435501
25825,0.00617686659098,-0.348868221045,0.0317167490721,-0.253054529428
4067,0.409242302179,0.701265335083,0.71502840519,0.409425288439
51015,0.544506013393,-5.10485029221,-0.0602475702763,1.65529537201
5891,-2.08177542686,-0.431324660778,0.810161471367,-0.142483025789
3300,0.927267313004,-1.05084598064,0.368646591902,-0.0932142734528
64781,0.720209956169,-0.930205881596,0.791128754616,0.831784427166
51056,-0.0556209087372,-1.65827798843,-0.041345410049,0.256837934256
8550,0.490313649178,0.403075307608,0.0177484303713,0.0257983803749
50810,0.674057245255,0.422862291336,0.192551165819,-0.789049267769
23011,-0.958788394928,-0.687790215015,-0.0677416920662,1.35248506069
11168,-0.0124091506004,1.22344565392,0.0475015155971,0.277527242899
1385,0.235591828823,-0.767794430256,0.455919384956,-2.09301638603
10150,1.5315849781,0.399358808994,0.881410956383,-1.3331733942
29763,0.751839518547,-1.34404921532,2.54055643082,-0.649135649204
9112,-0.296080172062,0.810977697372,-0.487510472536,-1.43054735661
23499,-0.804557740688,1.25258159637,0.581136405468,-0.359247088432
85236,0.707280814648,1.02965497971,-0.815280973911,-0.0244811177254
5096,0.528937101364,0.757288753986,-0.512721300125,-3.77092027664
55620,0.895530879498,-0.562235176563,3.84316778183,-0.440779089928
5373,-0.289141148329,-0.29252743721,-0.573338747025,1.49116551876
51170,1.19020545483,0.446578651667,0.744780480862,0.321566104889
54850,1.13908469677,-0.74996650219,0.866900622845,0.263668715954
80349,0.665964126587,0.583755373955,0.257626235485,-0.384406030178
355,-0.164936095476,1.10064518452,0.167839944363,3.85102939606
1062,0.929053843021,-0.265897840261,0.312607944012,0.848090529442
8804,0.504620015621,1.51606726646,-0.318308949471,-0.512073874474
80758,0.0992510393262,-6.27278518677,-1.8909676075,-0.533824920654
375346,0.423189431429,0.288338840008,-0.0554482191801,0.507359445095
51385,-1.08001732826,1.71388792992,-0.335143238306,1.24029505253
55748,-0.272520154715,0.748268783092,0.207214772701,-0.0517295822501
10318,0.248733669519,-2.16135549545,-5.4341211319,0.136972039938
54681,0.203740388155,1.1109675169,-0.0607432425022,-0.00252175331116
7905,0.688727378845,-0.0169021487236,0.449046164751,0.457180321217
28969,0.429336488247,1.26157724857,-0.446127563715,0.246008485556
10668,1.1972130537,1.23510360718,-0.627693653107,-0.578492999077
51005,-2.28821229935,-0.47939017415,0.583489000797,-1.93648397923
8800,0.652084410191,1.45148897171,-0.267338514328,-0.269106030464
54438,-0.00819492340088,-0.8759547472,-0.282993495464,0.863644361496
55825,1.39204108715,-0.879661798477,1.39966225624,1.07224047184
8835,-0.788985788822,-1.69533479214,-0.880841135979,0.687583744526
64429,-0.637914657593,-5.1963891983,-2.02190136909,1.05445122719
3682,1.15175175667,-8.45633983612,-2.06148648262,0.772828102112
10329,0.323809802532,1.49361860752,0.269924640656,-1.42408514023
27109,0.766084313393,0.387900173664,0.278611123562,-0.790042638779
51335,0.00332723557949,-0.436773478985,1.09858131409,-0.52756690979
3202,-0.296115159988,-0.000833615660667,0.54153329134,1.79922306538
2896,-0.181602448225,0.0642911493778,-0.204414218664,-1.13149237633
79902,0.18162754178,1.73870420456,1.1038608551,-0.773722290993
29083,1.1859998703,-0.764471113682,-1.47856688499,-0.761564671993
5747,0.53199005127,0.551685035229,0.326252996922,-0.603445589542
22905,0.0279871746898,-0.960935592651,1.29017579556,0.866668701172
63933,0.616534590721,-0.445971876383,0.216748431325,-0.629660129547
9847,0.101792991161,1.38302230835,-4.10706663132,-1.20665943623
51021,-0.0428300946951,0.39058470726,1.02446174622,-0.281810820103
8996,0.792598664761,-0.524264276028,1.03101372719,0.285924434662
7376,0.394753426313,-0.799331009388,-0.155265629292,1.77679264545
5357,0.542848289013,1.31671047211,-0.793548822403,-0.346405982971
56940,0.220668435097,0.22014439106,-0.0804831087589,-0.46435213089
6195,0.873375177383,0.259375452995,-0.530922353268,-1.53962862492
1633,1.73735451698,0.176093786955,-0.0424159578979,0.851738095284
23321,0.0669949054718,-0.253412485123,0.136245384812,0.151105880737
51160,0.88052380085,-0.216734111309,-6.05798578262,-0.377836883068
55604,-0.737669229507,-0.140481904149,0.471216768026,-0.265344113111
2063,-0.144288644195,-5.06679487228,-5.70010852814,0.861839830875
54512,-0.160034924746,0.413472563028,0.843775331974,-0.550995588303
9124,0.213362962008,0.0233458168805,-0.446140110493,-0.930614948273
79174,-0.927802324295,0.33466181159,0.202867135406,1.58885359764
23223,-0.42295524478,-1.04627728462,1.07049357891,-1.63581299782
39,-0.00376465916634,-4.91068792343,-3.37210655212,1.52150917053
57215,3.36471748352,0.956130027771,0.462338387966,0.811044931412
1052,-0.690634787083,-0.690731167793,0.563909173012,1.13300538063
23139,0.741874039173,-0.48076236248,0.302431941032,0.490853101015
79947,-0.768718600273,-0.717673003674,0.255617886782,0.104914695024
4616,-1.84617602825,0.501429378986,-0.128037035465,0.457508653402
9710,-1.49622368813,-0.988412499428,-0.0298016369343,-0.179170191288
6990,1.38112330437,0.614594817162,-0.664061665535,-0.309575647116
29082,0.404517233372,0.778475165367,-0.285956203938,-0.559000492096
9670,-0.413427054882,0.786132276058,-2.55504202843,0.773324847221
81533,0.413712471724,-0.622208058834,0.0580705106258,1.85608065128
10525,-0.487047344446,-0.437350958586,0.578757882118,0.868670344353
2353,1.43581438065,-0.0365375727415,-0.103760153055,-0.544200778008
57192,-0.504479706287,-0.557853519917,0.0127418339252,-0.806612849236
3398,1.04747235775,-0.571527063847,-0.516592144966,-0.816741943359
3775,-0.231645077467,-0.292630434036,0.0403851531446,0.0724898278713
26064,-0.265937685966,-0.396200209856,-0.190171420574,-0.096582710743
29103,0.412871420383,0.371070891619,-0.451179862022,1.03246092796
3206,0.948519825935,-0.068710938096,-2.07187318802,-0.0319576561451
1500,-1.56406521797,-0.24312582612,0.462480127811,1.43569207191
7690,0.154553472996,0.977708280087,-0.077472679317,-0.436993479729
29911,-2.24013996124,0.490073144436,0.348539143801,-0.170700788498
2064,-0.0397920310497,0.293229073286,-1.46318805218,-1.16401267052
65123,-0.0147256534547,-0.81963300705,-0.0508517324924,-0.355554401875
5986,0.0400079786777,-2.87355875969,0.440340310335,0.335238993168
85377,-0.080136179924,0.418041497469,0.369139939547,-1.24523687363
9903,0.114722751081,0.557382524014,-0.706238210201,-1.02547955513
7088,0.395088583231,0.112703062594,0.0198162347078,-0.208860218525
22796,1.01993393898,-2.03802967072,0.209001913667,0.270110309124
51116,0.832170605659,0.294144958258,0.898957669735,-2.3201520443
54442,-0.77038693428,0.155566334724,-0.265358239412,-0.800095140934
10695,2.49168968201,-0.133988365531,-0.44315251708,1.25678133965
102,5.10063934326,0.328708171844,0.592770338058,-1.30032277107
965,0.526178658009,0.088219165802,-0.623740375042,0.0783400535583
3800,-0.0565243959427,0.5360070467,-0.423936218023,0.659766018391
10362,0.375101417303,0.452660262585,-0.677747130394,0.0230847001076
5300,1.23104560375,0.441095858812,0.533818721771,0.285852521658
8270,-2.24125432968,-0.759300768375,0.463554441929,-0.860659122467
27242,-0.644629895687,-1.15432465076,-0.42536431551,0.436441451311
9928,-0.920117139816,0.264241188765,-0.432024568319,0.166666522622
1534,-0.131595611572,-2.57589817047,-0.0891416072845,1.22229886055
5654,-0.449569731951,-0.606492400169,0.146081015468,1.71532464027
10810,0.035802513361,2.43709278107,6.04123258591,-0.950664043427
7105,1.34591603279,0.910597205162,-0.501407265663,-0.764259636402
23014,-0.00654815882444,-0.646117031574,0.211377680302,0.541160821915
55012,-0.0345063507557,0.646886467934,-0.178159922361,-2.57005286217
2887,2.18133044243,-0.629309475422,0.261787116528,0.524143218994
9183,1.19251799583,0.0525269508362,-0.791235029697,-0.881425201893
11151,-1.57404327393,-1.35675168037,0.0899248868227,2.20487213135
7511,3.0347533226,-0.237018242478,-0.542386710644,0.110532850027
10046,0.663966715336,-0.652131915092,0.906068086624,-0.589761316776
1829,-0.794535636902,0.139769762754,0.960252165794,-1.24301528931
11000,0.095309831202,-0.0672570765018,1.38573527336,0.518276751041
976,-0.246916279197,0.984757840633,0.182889387012,-0.538189888
3597,-0.414532840252,-0.577711760998,1.40620112419,0.170459985733
178,0.473864674568,4.47814369202,-0.377765595913,0.599326431751
2625,-0.603751897812,0.437207370996,-0.0744787752628,-0.769819796085
6119,0.860191762447,0.133464634418,0.0413946211338,-1.04882287979
26136,-0.509997367859,-7.97565984726,0.0159533526748,1.47958338261
6697,0.510328471661,0.202083617449,-0.0574784502387,-0.286304354668
5971,-0.747702479362,-0.792324602604,0.744453072548,-0.0381509065628
22934,1.23561584949,1.38218319416,-0.494933247566,-0.238446116447
9289,-0.846181869507,0.223257407546,-0.229631304741,0.815357506275
4931,-0.714964151382,-0.0926235020161,-1.31516623497,0.904698014259
4200,1.19743514061,-0.0436092466116,0.546599149704,-1.03492605686
93594,0.0494428724051,1.12842452526,-1.30964279175,-0.124078601599
5982,0.0432000160217,-0.541653215885,0.0119262635708,-0.965863287449
26520,0.388272196054,0.983075618744,0.000147326471051,-0.625688135624
4998,-0.801964819431,-0.643441319466,0.0131983906031,0.653363347054
10038,-0.352169036865,0.776876807213,-4.783639431,-1.49714028835
60493,1.80895376205,0.11635234952,0.215963602066,0.0815788805485
51495,0.381325155497,-0.420973718166,-1.82297730446,0.797101557255
4482,0.773844063282,-0.183635979891,-0.203571632504,-1.15734708309
23224,-0.0822074115276,3.35078883171,-0.348113030195,-0.50810956955
9690,0.291561633348,0.587549984455,-0.660858750343,-0.570513010025
80212,-0.68694216013,0.548883140087,-0.146573662758,-1.30206465721
29928,-0.525191307068,-0.440463423729,-0.641277968884,-0.332276642323
22809,-1.93539571762,1.06745517254,-1.60706341267,-0.614340484142
50814,-0.872986674309,0.893890976906,0.253267735243,-0.827097415924
55256,0.853360295296,0.154389232397,-0.287051081657,-0.700795769691
56997,-0.023001357913,0.0492267906666,0.252582490444,-0.265972495079
81544,-0.68636906147,-0.88919955492,0.422537773848,0.0504312850535
6894,0.528151571751,-0.162813663483,-0.511730611324,-0.461653351784
64080,0.322299897671,0.967916250229,-1.45685577393,-0.227109208703
55818,-0.521471738815,-0.344513356686,-0.366004377604,0.0799956694245
637,-0.519383788109,0.223815768957,0.654904842377,1.28559684753
22823,-0.42653259635,0.197586208582,0.716471850872,-0.117521122098
5287,-0.254840791225,0.778533756733,0.229960203171,-0.663241386414
91137,0.128059148788,0.725832641125,-0.166623681784,-0.558939158916
23097,-0.138692051172,0.145755052567,-0.859283745289,-0.0270010828972
9851,-0.642254829407,-0.996984243393,-0.691638827324,3.29918909073
23522,-0.398045361042,0.0137221813202,-1.19023525715,-5.22597980499
1123,0.550431966782,-0.304664134979,-0.603141546249,0.264047622681
5603,0.124991625547,0.475344419479,-0.602434635162,-0.262761473656
51569,0.339358896017,0.821470558643,-0.380161315203,-0.100902318954
55699,-0.285556286573,-1.61664998531,0.337339907885,-0.137662738562
2624,0.161322876811,0.193123593926,-0.225725725293,-0.422217667103
8204,0.282426714897,0.986950933933,-1.5626667738,-0.764734625816
9133,0.875620722771,1.4118335247,-2.03332328796,-0.659361243248
10921,0.150987818837,-0.285122543573,-0.409224450588,0.859899938107
51742,-4.35013341904,-0.320190310478,-0.472894102335,0.548672795296
2954,0.209747076035,-0.0117204338312,1.6300740242,0.409582436085
27244,-0.0389583408833,1.14257502556,0.0513801202178,0.696364700794
23013,0.136784076691,-0.437089443207,0.44401204586,1.14242982864
8050,0.238342821598,0.335135221481,-0.191142290831,0.12790761888
79961,0.624133825302,0.532101988792,3.95247411728,0.461279690266
2017,1.42007815838,-0.0602197349072,0.534397542477,-1.00771832466
55148,0.0260818302631,1.70224678516,-0.248526737094,-0.659974634647
960,-0.319762915373,0.150242984295,-0.111164167523,0.20301926136
10451,-0.0552701354027,0.590928673744,-0.27897849679,1.31129086018
57406,0.081271648407,-0.180125236511,-0.0122894216329,1.05027210712
51719,-0.47437903285,1.3006759882,-0.329903662205,-0.41291052103
7074,-0.260843008757,-0.226391658187,0.545072853565,-1.36742079258
10059,0.716898918152,0.514496445656,-0.567221581936,-0.0984483957291
51071,-0.592604875565,-0.249937489629,-2.01971149445,-0.797560870647
5796,-2.38063812256,-0.152974367142,-0.140227049589,1.01902103424
55008,-0.0656437277794,0.529576480389,-0.478779017925,-0.55711299181
23597,1.30287313461,0.0924768075347,0.373413860798,-0.727183222771
8869,0.139007419348,0.140192627907,0.0500565618277,0.68152987957
8727,0.335107088089,1.1569070816,-0.344530791044,-0.749092936516
63874,-0.367687165737,0.157271713018,-0.249619334936,-0.574225664139
8821,2.79525899887,0.145440250635,-0.152888357639,-0.895741224289
57178,0.985882222652,-0.351008981466,-0.210922807455,2.87775850296
5468,4.15306758881,0.209517031908,1.11701703072,-0.391650289297
10557,0.45493799448,0.15366896987,-0.0212432444096,-0.179059714079
831,-2.52084922791,-0.248309388757,-0.165702387691,0.00952212512493
9531,-0.721301674843,0.526323080063,-0.0462815649807,-0.392449975014
2767,0.659600257874,-0.143073156476,0.14368031919,-2.80250191689
1861,0.0215483605862,0.468068480492,0.599387943745,0.439251482487
10165,-0.643672347069,1.15075004101,-0.172535702586,1.60348296165
7106,-0.029389500618,-0.522685170174,0.559672057629,-0.515145599842
2908,-0.162079632282,-1.44281518459,-0.618107795715,-0.200368061662
57761,-0.70321148634,-0.542488992214,-0.645055770874,0.276533454657
23338,-0.67279791832,-0.51803278923,0.00762993842363,-0.332780480385
7852,0.0669128522277,-0.583479821682,-0.363429069519,1.5001783371
55033,1.00626420975,-0.684882998466,0.678152918816,-1.11959481239
57019,1.1398806572,1.26287126541,0.460912168026,0.111153125763
91949,-0.330629736185,-0.631372213364,0.160521134734,2.32012534142
84617,-0.463891148567,1.38691079617,0.0588705688715,-1.62349772453
25,-1.61667478085,-0.54302752018,0.0955119729042,-0.184431523085
899,-0.33242058754,0.453466236591,0.427473962307,-0.758786320686
79850,0.150505930185,0.0802044272423,-0.109776139259,-3.23429012299
51466,-0.294528543949,-2.0425992012,-0.146797776222,0.678660571575
2852,-0.420701265335,-0.884611904621,0.583744585514,1.60647916794
55837,0.723838686943,2.55050086975,-0.0337696969509,-1.46256661415
2131,-0.818870723248,-0.780150711536,0.102106511593,0.856103718281
5427,0.425287783146,1.815751791,-0.0398576259613,-1.19724965096
25966,0.507482290268,-0.053205743432,-0.564576566219,-0.435317695141
55608,0.122955746949,0.896844387054,0.138503402472,-0.7618227005
1662,0.555229723454,1.23832535744,0.560284554958,-0.19234700501
9702,0.200001075864,-0.309853136539,-0.377187311649,0.947321176529
11031,-1.99110126495,1.25498437881,0.287741780281,0.304051935673
10057,-0.565818965435,0.118831418455,0.898777127266,-1.35986042023
5985,-0.395520985126,0.471740305424,0.4353094697,-0.160215228796
3280,1.09685218334,0.680829763412,0.128637298942,-0.33963561058
55958,-0.932170927525,-0.462609469891,0.241846337914,0.28043499589
51465,0.39625275135,-0.562966167927,0.0430734157562,1.7904343605
2542,-3.81239128113,0.0437131524086,0.383537054062,-0.756119847298
10641,0.435025244951,-0.0747871994972,-0.301956117153,1.23440432549
11137,0.900658607483,-1.20386695862,0.05015411973,-0.056245803833
9842,-0.455442726612,-2.53462147713,0.935687065125,1.2552883625
10493,-0.758120775223,0.568801164627,0.549273312092,-5.13432836533
10112,0.639625310898,1.24364876747,-0.454015016556,-1.35305833817
1001,0.781319499016,-0.243236362934,0.270147234201,-0.699651360512
23635,0.513293802738,-0.781354784966,-0.563689112663,0.389789223671
29916,-1.29793941975,0.948182344437,-0.980110049248,-1.13401913643
2810,0.950101852417,-0.377613067627,-0.264367669821,-0.140795722604
5993,-0.0812394022942,0.558483064175,0.0512684583664,0.303671777248
11142,0.627240240574,-2.57916283607,0.463375806808,-1.6439602375
79187,-0.815676987171,-0.100650414824,-0.325696736574,-0.0862969011068
51382,0.218598306179,1.51645195484,-2.4063000679,-1.07918608189
8318,-0.37422400713,0.60488986969,-0.173866286874,1.65605545044
9695,-1.01042675972,0.302428543568,-0.165615260601,-0.576292693615
9712,-0.135282620788,-0.0674159675837,-0.271148085594,-0.153999209404
64943,0.580808699131,-1.12326109409,0.100816175342,-0.174040928483
9738,0.215634539723,2.53542709351,0.317572653294,-1.0458407402
6793,-0.049934387207,-0.818772554398,0.223676264286,2.48907661438
7358,0.13409486413,0.454706460238,-0.156287014484,-3.69341921806
58472,0.732412815094,0.479897379875,0.406789839268,-0.68036210537
50865,0.465856939554,1.36527192593,-0.960638999939,0.961199164391
23200,-0.685744702816,1.14737582207,-0.259420007467,0.728477597237
51293,-0.240855544806,-0.838135242462,-0.0903045535088,-0.175278261304
10962,1.57452082634,-0.110169410706,0.0926722586155,-0.659718155861
10153,0.263682067394,2.0347867012,0.301598340273,-0.58193731308
874,0.0596409142017,-0.404479205608,-0.92494058609,-0.234398931265
