rid,NMH002_FIBRNPC_24H:BRD-K62910157-001-03-5:10,NMH002_FIBRNPC_6H:BRD-K62910157-001-03-5:10,NMH002_NEU_6H:BRD-K62910157-001-03-5:10,NMH002_NEU_24H:BRD-K62910157-001-03-5:10,NMH002_NPC_6H:BRD-K62910157-001-03-5:10,NMH002_NPC_24H:BRD-K62910157-001-03-5:10
5720,-2.90187215805,-2.17098379135,-0.545599997044,-0.147849977016,-0.894509375095,-0.869443178177
466,-2.07937240601,0.450111746788,0.249550014734,-1.86290001869,-1.38846492767,0.11573883146
6009,2.38129520416,1.17220163345,1.18529999256,0.931900024414,-0.17907756567,-0.525660157204
2309,1.65114545822,-1.04781579971,-0.213349997997,2.54495000839,0.0705019831657,0.406882703304
387,4.98276376724,2.32417416573,-0.981800019741,3.16984987259,0.830153405666,0.0831717997789
3553,-1.1151778698,-1.46625304222,0.985300004482,-0.528800010681,0.0540604293346,-0.251257061958
427,0.0748203545809,0.442077517509,-0.891200006008,-1.03795003891,0.385724008083,-0.925102710724
5898,-1.58466625214,-2.4755692482,0.123949989676,-1.96794998646,-0.456705510616,-0.458216577768
23365,1.18279886246,-0.577829778194,0.164700001478,0.243450015783,-0.71622467041,0.751451909542
6657,0.492141127586,0.207237422466,-0.136999994516,-0.294900000095,-1.8684220314,-0.739335119724
5054,-0.946148395538,0.348734855652,-0.758399963379,-0.776399970055,1.12130367756,-0.530222475529
3108,2.02642440796,3.01936197281,2.38390016556,4.47395038605,5.66090393066,3.11819171906
1950,-1.41563022137,0.568012714386,1.16100001335,-1.058349967,0.200769662857,-0.783363521099
351,0.059966057539,0.920424103737,-2.33844995499,0.9958999753,1.11143946648,1.02580714226
4846,7.24689054489,4.71808719635,-0.801300048828,2.50219988823,0.720510542393,-0.037098377943
1452,0.562212705612,-0.627341270447,0.137050002813,0.126399993896,-0.945305466652,-0.254119336605
4776,-1.4755423069,-1.8250234127,1.15289998055,-0.378849983215,0.976779937744,0.102453067899
6908,-2.52051329613,-0.794697225094,-0.289449989796,-0.984750032425,-0.564875721931,-0.571872591972
672,0.350026428699,1.6030933857,-0.784750044346,-2.09899997711,-0.926654934883,-0.310188561678
5710,-2.69192552567,-2.38657140732,-0.493600010872,-2.10010004044,-1.97117066383,-0.246724843979
2115,1.68230223656,3.95305347443,1.11829996109,3.20420002937,0.642690718174,-0.25919008255
7015,2.25122308731,-0.73138320446,0.887549996376,-1.26364994049,0.900198936462,0.182866096497
8726,-0.165723204613,1.91459476948,-0.0991999953985,0.628300011158,-0.400271683931,0.210072353482
2185,0.981353700161,-0.505230903625,1.02810001373,-0.282099992037,0.858176529408,-0.174607098103
3315,0.683031260967,0.193689063191,0.164099991322,-0.549700021744,-0.304406642914,0.0763647854328
5289,0.0859366953373,-2.70569014549,1.46219992638,-1.27154994011,-1.31194281578,0.199603021145
868,-0.399598002434,0.512611567974,-0.655499994755,0.54825001955,-0.019492149353,-0.343190550804
1677,4.91017436981,2.44681406021,-0.0124999880791,1.89075005054,0.938310682774,0.687977433205
7043,0.90208542347,-0.144557058811,-0.592149972916,-0.0875499844551,0.63419765234,0.803951501846
5613,-0.500011026859,-0.79486489296,-0.0792499780655,4.32105016708,0.400342226028,0.39909517765
595,0.335089296103,0.576025605202,0.0,1.13985002041,1.10474348068,-0.454208076
4793,3.15796422958,5.38625001907,1.02355003357,5.47319984436,0.426431536674,0.432960629463
2736,7.04542636871,0.63586550951,0.451050013304,1.4401999712,0.832604885101,0.312065184116
5290,0.0876312106848,0.119167968631,0.776849985123,-0.286199986935,1.74199104309,-0.525259912014
6194,1.65506529808,0.883403420448,-0.264399975538,0.340849995613,-0.728397548199,0.13149523735
1676,-0.973186969757,-1.571413517,0.530200004578,-0.327799975872,0.326071172953,0.107781454921
23512,-2.91466474533,-2.15149068832,-1.19904994965,-1.46440005302,-1.20392632484,-0.16178946197
148022,-1.08293271065,-1.56954133511,0.0989999994636,-1.93624997139,-0.0902423411608,0.0960288718343
1906,1.57625412941,-0.184937506914,0.398199975491,-0.296149969101,-1.14736163616,0.240381300449
8878,-1.94159841537,-0.246954858303,-0.0328999981284,-1.20560002327,-1.34121584892,-1.46687531471
3091,-4.89434528351,-1.27570807934,-3.43214988708,-1.54839992523,0.0317378342152,0.615453660488
5743,2.97318458557,1.02812325954,0.97595000267,-0.627250015736,3.87046313286,-0.0179293006659
5321,0.0307739675045,-1.32762563229,0.199349999428,0.227300003171,0.989153683186,0.220140069723
4144,0.907862782478,-2.10968136787,-1.84134995937,-0.665050029755,-0.167471110821,0.667292118073
1981,1.22789633274,-0.141179308295,0.132949993014,1.25979995728,-0.282942712307,-0.330826997757
695,6.60021686554,1.89958918095,0.662349998951,-0.189199998975,-0.668905138969,-0.0730939358473
10398,0.042370736599,-0.53864723444,0.183600008488,-1.58369994164,-1.28079462051,-0.724448740482
5708,-0.663528442383,-0.487129598856,-2.8452000618,-1.61605000496,0.31884470582,0.342281192541
1213,-0.557518362999,0.97306406498,-0.829750001431,0.0488499999046,-1.24958229065,-0.220235645771
226,-0.676165401936,-0.348269045353,-0.851300001144,0.0774499997497,-1.13731729984,-0.394443958998
6777,0.600717663765,1.04153430462,1.52590000629,-0.266200006008,-0.0305453538895,0.0698880851269
2113,-0.186829000711,-1.18142557144,0.113550007343,-1.45875000954,-0.168995261192,-0.0835632160306
3329,-1.58677315712,-0.668494284153,-0.21914999187,-0.647849977016,-1.45241439342,-0.719897329807
1050,8.63846969604,-1.15850830078,0.406399995089,0.54615008831,0.118490457535,0.0646960139275
9491,-0.0863883346319,-0.916389346123,1.8111000061,-0.790950000286,0.557493388653,-0.153404116631
22926,0.192313820124,-0.325340807438,0.379699975252,-2.20440006256,-0.34448325634,0.373049914837
5899,-1.73544716835,2.15353822708,1.652099967,-0.757300019264,0.92615878582,-0.102936670184
5467,2.9620847702,1.52506375313,3.26914978027,1.59109997749,1.0941927433,1.18490839005
6774,-2.28045845032,1.54433703423,-0.982100009918,0.151750028133,-0.844697952271,-0.135669991374
1788,0.0744697749615,-1.43629992008,-0.836199998856,-1.06040000916,1.06448984146,0.0669623240829
5921,0.905340492725,0.619444847107,0.185699999332,1.18409991264,-0.212680160999,0.286138981581
5721,0.652532935143,1.24675738811,0.328199982643,0.37729999423,0.0513855516911,-0.126223683357
2263,-0.577670812607,-1.59081542492,-0.12650001049,0.865499973297,1.1326469183,-0.35732960701
808,0.994812428951,-1.16263318062,1.27454996109,0.60490000248,1.46238613129,0.209784522653
30001,3.36962366104,-0.176925852895,2.40919995308,-0.648150026798,0.0814876109362,-0.120975539088
348,6.13009977341,0.468055725098,0.317250013351,-0.295399993658,3.6383035183,-0.777876973152
30849,-1.57639694214,-1.10824465752,0.688000023365,0.427150011063,0.729117691517,-0.286823421717
1454,0.488744139671,-1.10498440266,-0.579349994659,-0.989499986172,-1.11489975452,-0.776310920715
6500,0.943989872932,-0.295020967722,0.237550020218,-0.239349991083,-1.66437256336,-0.338084161282
5627,-0.414337843657,0.118325829506,0.841449975967,-0.859400033951,-1.2543964386,-0.689770460129
5715,0.807712376118,-1.16725122929,0.572849988937,3.15855002403,-1.0273026228,-0.470069527626
4791,2.02588677406,-0.701348543167,-0.132100015879,-0.691950023174,-0.226736724377,-0.39500695467
56924,0.749013245106,0.895377159119,-0.261700004339,-0.216350004077,0.960462272167,-0.835139751434
2690,2.92963790894,1.93403851986,0.554850041866,-0.489250004292,-0.413172543049,-0.0965223014355
1019,-3.00713777542,0.0524438917637,-0.458899974823,-0.310250014067,-0.585443437099,0.405957937241
51422,6.75405502319,-1.10512125492,0.687849998474,1.25664997101,0.121695578098,-1.71983289719
5788,2.52857971191,-0.303202539682,0.0986999869347,0.0540999770164,0.302520096302,1.00953900814
6709,-0.63076376915,0.483396410942,-0.890849947929,-0.532100021839,-1.31087911129,-0.277476340532
1277,4.10393810272,1.84741413593,5.99644994736,2.45670008659,1.13884210587,4.16623735428
993,0.109992325306,1.34368944168,-0.701550006866,-0.537050008774,-0.647915005684,0.0400477051735
7157,0.164764031768,-0.112562611699,-0.570200026035,-0.587899982929,-0.99163877964,0.245659023523
1958,7.46579313278,1.17650747299,0.403800010681,-0.887549996376,0.0965742468834,-0.176683649421
4582,-0.256425380707,3.49864578247,0.0151000022888,0.460250020027,2.80585956573,0.328022867441
9212,0.446304440498,0.456320822239,-1.2105499506,-0.995100021362,-0.311405599117,0.427987664938
8440,-3.54549360275,0.0169699788094,-0.820800065994,-0.381449997425,-0.201450809836,-0.0232957266271
6790,3.08051776886,-0.345126867294,0.0550000071526,1.03645002842,0.432501554489,0.648561954498
8851,7.82886648178,1.16036605835,-0.301249980927,-0.0653500035405,-0.703449964523,-0.559716582298
2534,-2.901699543,0.7912504673,-0.92634999752,-1.3913500309,-1.66827464104,0.090485714376
4893,-1.24905514717,0.227595031261,1.21340000629,-1.81804990768,-0.424359321594,-0.290683507919
665,-1.14628982544,-0.854060769081,-0.170000001788,-0.371899992228,-1.86475944519,-0.579917132854
4313,-0.0303357094526,0.481416374445,0.200149998069,0.71715003252,-0.576877892017,-0.0881980955601
1022,1.23928153515,1.27096259594,0.265249997377,0.680000007153,0.205341607332,-0.51020181179
5880,1.76093947887,2.84570288658,1.03154993057,-0.406399995089,0.625021338463,-0.644722104073
3162,-1.03875350952,-2.35080099106,1.28024995327,0.158800005913,-0.0317260622978,0.548231363297
1282,0.089721545577,-0.296098023653,0.000849962234497,1.00810003281,-0.690295338631,0.0655778646469
3383,0.577118694782,4.31078004837,0.745249986649,0.333100020885,2.3945069313,-0.48212698102
727,3.92302441597,-1.01911699772,2.56454992294,-0.428350001574,-0.236441731453,0.102556779981
4792,1.32788264751,0.804867386818,0.316700011492,-0.692649960518,0.136761218309,-0.104133725166
4794,1.19316399097,1.50183165073,0.265299975872,-0.688050031662,0.723596274853,0.474683761597
902,-3.45516610146,-2.22578334808,1.18264997005,0.160050004721,1.10391736031,-0.624634027481
8091,3.84845209122,-0.978477537632,-0.0887500047684,-1.75519990921,-0.942646205425,-0.16388502717
3486,0.971321582794,2.10114812851,2.11354994774,-0.342449992895,-0.805437982082,0.265234231949
10818,1.13343465328,2.2948577404,0.185000002384,0.436500012875,1.09666764736,1.15226781368
3454,1.24989449978,-0.130219995975,0.16210000217,-0.338599979877,1.24712371826,0.00699533522129
4282,-1.39066028595,-0.349505066872,-0.222649931908,0.1134499982,-0.0649075508118,0.0952268391848
1605,-0.145194724202,-0.074314057827,-1.62310004234,0.0960499942303,0.200223833323,-0.2634306252
10644,3.53043651581,0.103544026613,-0.70735001564,-0.446950018406,-0.627831399441,-0.474763125181
2065,2.74797677994,0.962232291698,0.663349986076,-0.962350010872,1.02625274658,1.0770996809
8321,-1.41673457623,-0.650919497013,-0.524800002575,-1.80040001869,-0.0777851343155,0.424497127533
8503,6.84787273407,2.3124961853,0.0769000053406,0.273899972439,-0.0153847187757,0.0676853358746
7027,-0.0389757752419,-2.07981610298,0.616649985313,-2.00795006752,-0.551908433437,-0.230763480067
6850,-0.250207781792,-1.03916859627,2.31699991226,-0.673550009727,0.576284706593,-0.288608133793
1978,-0.575454831123,0.461461246014,-1.06844997406,-1.17024993896,-1.30778884888,-0.807958006859
896,-1.36444437504,-0.599692583084,-0.460850000381,-1.13300001621,-1.51700639725,0.0848993435502
5777,4.47310829163,5.53404760361,0.068549990654,1.82385003567,2.45851993561,0.605244755745
1846,-0.241940528154,-0.449627190828,-0.809849977493,-1.21305000782,-1.31197500229,-1.40293896198
5925,-0.772674918175,0.0625501275063,-0.531049966812,0.665399968624,-0.442776173353,0.594472825527
142,2.11799716949,1.17109692097,-1.44479990005,0.139599978924,-0.104327112436,-0.209038212895
1021,-0.687395632267,0.937918007374,0.455399990082,2.50519990921,0.151802808046,0.686900496483
5699,-2.66586565971,-0.614128291607,0.448350012302,-0.0602499991655,-1.11128139496,-1.24464356899
8061,1.17012453079,1.25289583206,1.58509993553,-0.766000032425,-0.0729376226664,-0.417951703072
1870,3.45690751076,0.780294299126,-0.766200006008,3.38534998894,0.515612542629,0.51840788126
1398,-0.782533526421,0.884775161743,-0.270699977875,-0.22499999404,-1.6330062151,-0.752241611481
3312,0.551967859268,1.59847331047,-0.0341999977827,0.598999977112,-0.859743952751,-0.159331992269
891,1.19990515709,-2.40667438507,-0.297649979591,1.36919999123,0.550287306309,0.412931680679
4775,3.3867225647,2.08206987381,-0.679600000381,7.18335008621,0.916848242283,0.555792093277
5111,-0.192092955112,-1.34231281281,-0.264800012112,0.43465000391,-0.884693264961,0.655593216419
5696,0.660931944847,-0.284265458584,1.1154500246,-1.48635005951,4.8126578331,-0.47346970439
5588,3.1354470253,0.625263214111,0.561800003052,-0.938250005245,1.3257600069,0.0312204957008
6839,-0.767655551434,0.963754713535,-1.11884999275,0.556649982929,-0.278260707855,-0.542445898056
329,-2.91908526421,-0.0192898511887,-0.895049989223,3.84450006485,-0.735724210739,-1.25071597099
5058,7.23925065994,5.04631710052,1.32959997654,1.33085000515,1.97405004501,-0.4217441082
998,0.467281639576,0.140511646867,-1.25499999523,0.643800020218,0.587769985199,0.532310009003
9134,-0.284447789192,0.261607468128,0.351249992847,-0.348749995232,-0.294330894947,0.0240812003613
6616,2.64070034027,0.980123817921,-0.522850036621,-0.34090000391,1.82461547852,-0.82564496994
5223,2.1708779335,1.52983593941,0.0188000053167,1.40595006943,-0.145081818104,0.306231349707
4690,0.886641323566,1.70385634899,-0.0884500145912,-0.606350004673,4.06789636612,-0.699062883854
958,0.170127272606,-0.864849686623,-1.66190004349,0.285850018263,0.380681097507,-0.0714496672153
1616,-1.03603303432,0.0363212004304,1.26464998722,0.828299999237,-0.0539302378893,-8.60393047333e-05
991,0.846839606762,-2.04802060127,0.305900007486,0.448350012302,-0.917015135288,0.185964271426
6347,1.27937865257,1.14449167252,0.956900000572,1.03584992886,3.43243002892,0.130006328225
6714,2.36079597473,2.30499005318,0.510500013828,0.691150009632,0.385040163994,1.23865699768
652,1.24390614033,0.203014284372,0.350050002337,0.408550024033,0.692732453346,-0.0502402111888
4331,-1.64847350121,1.4027056694,0.232749998569,-1.37074995041,-0.229198172688,-0.529928922653
7099,-1.124979496,0.0712324529886,0.675150036812,-1.10689997673,-0.442109018564,-0.215210810304
10320,7.30806112289,2.0171380043,-0.945499956608,-0.284799993038,2.20226049423,0.543772816658
2042,5.64445400238,-0.956113278866,-1.47165000439,-0.559949994087,-0.843778550625,0.314445257187
843,0.740614175797,1.69216835499,-4.90605020523,0.0191000029445,0.525774180889,0.276286959648
840,2.15528130531,2.04561281204,3.48600006104,0.146899998188,-0.828937888145,0.0156013220549
7048,-0.897029817104,1.73120963573,1.19634997845,-0.924749970436,0.572136461735,0.445688247681
4851,1.02715837955,-0.126985371113,-0.563199996948,0.928250014782,-0.455929160118,0.5485907197
6464,-1.01173651218,-1.68625032902,-0.134699970484,0.498100012541,0.302981495857,-0.142198219895
23410,3.21285462379,1.84173905849,-0.526100039482,1.33644998074,0.291119992733,1.02339279652
54205,-5.98154354095,-0.430027931929,-2.23199987411,-3.01974987984,-0.0475110113621,-0.747088491917
2770,1.83528637886,5.49317741394,0.405950009823,-0.637300014496,0.263576894999,-0.113644808531
80204,2.35186004639,4.33748817444,-0.426299989223,-1.27880001068,-0.818224668503,-0.207480207086
4208,3.09670877457,2.3297996521,1.32680010796,-0.415449976921,0.704488098621,0.609299123287
1845,-7.88392925262,-1.46042740345,0.857400000095,-2.1685500145,-0.544671297073,-1.01292824745
23368,0.270446628332,-0.650296926498,-0.909900009632,-0.64209997654,0.194642856717,0.112993761897
5583,5.04571485519,5.22503566742,1.81185007095,-0.837700009346,2.02685403824,0.271916866302
8900,3.46953630447,0.867627501488,0.0647500157356,-0.962849974632,-0.823509097099,-0.26332873106
581,1.32528746128,-1.11685287952,-0.184699997306,0.163800001144,-0.758145689964,-0.304825663567
6193,-1.09401655197,0.749418914318,0.092150002718,-0.164300009608,-0.0242196619511,-0.870311021805
6622,-1.09601736069,-1.67834639549,0.565999984741,0.720849990845,0.431654393673,-0.0663758963346
11261,1.08393931389,2.60224366188,-0.118400007486,2.94934988022,1.73348522186,1.43334066868
6696,6.19163322449,2.06931304932,0.235050022602,1.43285000324,0.435477614403,-0.607222914696
8312,0.627277612686,1.18662178516,-0.976949989796,-0.168150007725,-0.705291211605,-0.0583928488195
835,0.264036208391,-0.629123032093,0.038149997592,0.887449979782,-0.318594098091,1.84811544418
8324,-0.73027586937,2.53823757172,-0.679899990559,0.439400017262,-0.930016636848,-0.0447388738394
1848,-2.22463488579,-1.23329985142,-0.139050006866,0.0243000090122,0.290574789047,0.604391336441
154,4.54301166534,4.9245762825,1.72195005417,0.549500048161,2.60961675644,0.859951853752
4312,-5.66767501831,0.635711550713,1.97250008583,3.16684985161,1.6180614233,-0.375841975212
994,0.590940117836,-3.28151249886,-0.402350008488,1.59325003624,-2.61773753166,0.0943437069654
2048,6.66371250153,5.35885810852,-0.168549984694,1.40665006638,0.71626329422,0.577688157558
1111,1.01167035103,3.90028786659,1.172549963,2.56365013123,-0.0971218943596,0.196208506823
5154,-1.03297805786,-0.643265366554,0.270349979401,-1.61915004253,-1.99890851974,-0.0742410719395
2920,3.05675506592,1.58308124542,-0.116999998689,-0.162200003862,0.0666766613722,0.421836256981
3122,0.776530265808,-0.846107602119,1.10494995117,2.28269982338,1.16335761547,-0.205575317144
2769,0.854308605194,-0.0106356143951,1.22554993629,0.692449986935,0.697420239449,0.459688663483
5900,0.922553896904,0.810951530933,-0.306199997663,1.07085001469,0.0939370021224,0.33277618885
6304,4.17151927948,2.83140039444,0.447499990463,1.11765003204,0.0303382873535,0.0166716277599
5211,4.07416582108,1.10378587246,-0.283500015736,0.689249992371,0.155815452337,0.368619978428
2886,0.589630782604,-0.76668792963,0.696150004864,0.794749975204,0.760825872421,-0.380240559578
9261,0.207747459412,0.335016936064,-2.51259994507,1.38914990425,0.307605624199,0.369335263968
8569,1.59814834595,2.52398681641,3.13680005074,2.73454999924,2.68103337288,0.594864249229
3303,-2.63385820389,-0.801675677299,1.0584499836,0.78955000639,-0.208116203547,0.571882903576
5331,1.41485881805,1.4956407547,-0.318199962378,0.987949967384,0.245142772794,0.031856149435
5347,0.273853480816,2.19381380081,0.688700079918,2.42194986343,-0.952643752098,-0.336039960384
4638,-0.691927433014,0.0233935713768,-0.890650033951,-1.23465001583,-0.23786559701,-0.309941023588
2264,0.595901429653,1.24132227898,-1.21445000172,-0.996449947357,0.182081177831,0.00614556670189
1029,2.3888437748,1.41266798973,2.38364982605,3.61650013924,1.32890367508,1.65262115002
1027,1.08441209793,1.18286907673,-0.586699962616,-1.50900006294,-1.51115679741,-0.526239991188
2597,0.000177382287802,0.00167328980751,0.00034999998752,0.00065000000177,0.000157860922627,0.0
55847,-0.485147148371,-0.960794866085,-0.615850031376,-2.13059997559,0.450729191303,0.0901858732104
25803,1.130012393,1.31017756462,1.71549987793,-0.425550013781,0.642696499825,0.166767030954
3480,-0.6876552701,-2.3075261116,0.701950013638,-1.18795001507,-2.1331179142,-0.319649457932
2946,-2.57138109207,-1.75490546227,-0.176800012589,-1.1017999649,1.0411837101,-0.564509868622
9517,-0.543081343174,1.49989295006,0.30015000701,-1.08605003357,-1.11130011082,-1.39697146416
25987,-0.693962693214,0.405207812786,-0.124099992216,2.05929994583,0.185469985008,-0.158495247364
23670,0.860429227352,0.906398594379,0.377350002527,0.381900012493,-0.445403248072,0.53585767746
11182,1.15181565285,0.0292471423745,1.15620005131,0.157799988985,0.161761254072,0.105688080192
2146,2.52503252029,2.40655684471,-0.00399999879301,0.629649996758,0.662796378136,-0.11516328156
3385,-1.52065122128,0.633075475693,0.0476500019431,-0.640299975872,-2.44588446617,-0.461945414543
5261,-1.16065907478,-1.6444041729,1.13355004787,-1.10839998722,0.759845793247,-0.0938577502966
10765,-1.61546087265,-1.74100732803,-0.31274998188,-0.446299999952,-1.17801642418,-0.21168808639
25839,-1.78265500069,0.617296099663,0.82539999485,0.520150005817,-0.662874817848,-0.387283980846
4172,0.177156418562,-0.348472744226,0.134700000286,0.307199954987,-0.0998874902725,0.800768315792
23161,-1.07635259628,-0.218198090792,0.353150010109,-0.0844999998808,1.02268397808,-0.000883483793586
10298,0.688658237457,1.4750893116,-1.28065013885,1.76690006256,-0.197927087545,-0.0325996801257
1802,3.13678598404,1.31060576439,0.154349982738,-0.283199995756,0.224724948406,-1.02336716652
58533,-1.11220884323,-1.29995346069,0.0790000036359,-0.878300011158,-1.69133663177,-0.667756795883
147179,-3.21675014496,0.784134805202,-0.619149982929,-0.854099988937,0.479675680399,0.878838539124
29937,-0.262474060059,-0.991409897804,0.419450044632,-0.721000015736,-0.701398611069,-0.598458766937
6184,-2.19653129578,-1.12029647827,-0.440699994564,0.0234499871731,-1.36476993561,-0.260014951229
9854,-1.70896470547,1.05265498161,0.305099993944,0.518049955368,0.612708389759,0.570554256439
2553,2.6860408783,-0.0133880376816,1.37695002556,-2.37660002708,-0.19975283742,-0.251250624657
5440,-4.94362878799,-1.05376625061,0.74329996109,0.0726000070572,1.15119576454,-0.216583192348
54623,-0.0856375992298,-1.81118786335,0.459749996662,-1.04425001144,-0.780925214291,0.855939209461
9533,-0.857112884521,-1.0163269043,0.007199998945,-0.248699992895,1.07869684696,-0.770941734314
8607,-2.46486520767,0.551545262337,0.0868999958038,0.707349956036,-1.705067873,-0.461011350155
207,-0.00491755083203,0.854860186577,-0.578450024128,0.28955000639,-0.529305398464,-1.09521603584
26054,1.04594397545,-3.19770860672,0.30395001173,-1.15915000439,-1.38382995129,0.268568396568
10682,-4.22951936722,-0.989371836185,-0.555400013924,-1.0163500309,-1.21028351784,0.0709645748138
8573,1.66501808167,0.858601093292,-0.32365000248,0.192100003362,0.031216904521,-1.07550644875
23378,2.21622514725,0.992359161377,0.607749998569,-1.10520005226,-0.915237367153,-0.108939126134
8553,3.61558175087,0.304234713316,0.0397000014782,0.740999996662,2.18538355827,0.810137629509
622,1.85177612305,2.82051563263,0.651700019836,-0.0862500071526,0.0953069627285,0.0126539617777
9467,-5.46096515656,-0.900176167488,0.701150000095,-2.54834985733,0.842841029167,-0.460187256336
5525,0.606765270233,-0.144146218896,0.788850009441,-0.0356499999762,0.621426403522,0.135571494699
256364,1.36755132675,2.13064718246,1.21949994564,5.37424993515,4.3684129715,2.40722250938
332,0.0185581445694,1.40816521645,0.10474999994,0.399599999189,-1.05070221424,-0.168832540512
2058,-1.31669259071,0.243141666055,0.15395000577,0.543099999428,-0.353022694588,-1.38289737701
7849,2.41535687447,1.92942094803,1.09375,1.75989997387,3.85319042206,1.67718160152
23244,0.263919711113,-0.191275447607,-0.446900010109,-0.358649969101,-0.734173953533,-0.355086177588
7494,-0.775055646896,0.203140631318,-0.794650018215,-0.285349994898,-1.71223032475,-0.105736747384
4836,-0.158324211836,-0.879927992821,0.798650026321,-1.20634996891,0.130504012108,-0.803372740746
23647,-0.278371393681,-2.66934013367,0.439500004053,-0.13085000217,-0.654228568077,-0.256154835224
10617,-1.12172698975,-1.23252773285,0.0637500062585,-0.718350052834,-1.3437128067,-0.457810610533
2184,-7.50279808044,3.84989619255,-0.627200007439,6.76144981384,1.67649388313,0.053995937109
5355,-1.27857625484,0.527195453644,1.12214994431,0.235850006342,-0.8213737607,0.263890981674
6659,1.11389231682,0.674953639507,-0.00270000007004,0.00300000002608,-0.682771623135,0.194936782122
7016,0.362516731024,-0.359144806862,-0.865200042725,-0.284550011158,0.884328365326,-0.651374042034
90861,0.986668586731,-0.0290383398533,-0.8450999856,0.0684499964118,-1.98433351517,-0.403731256723
10670,-0.139042794704,-1.46535754204,0.431999981403,-1.11940002441,0.389354288578,-0.663296222687
79071,-1.23211205006,-1.07503080368,-0.675450026989,-1.10070002079,-1.27322220802,-0.372134357691
64746,0.0251043438911,1.28348147869,-0.407050013542,-0.0816999971867,1.48647665977,-0.229307234287
5366,4.49679708481,0.0593582093716,-0.10244999826,-0.257849991322,-0.195333480835,-0.19678029418
11344,0.267569720745,0.398127913475,-0.773249983788,-1.78974997997,-0.202927231789,-1.37783563137
10013,0.0873692631721,1.4456653595,-0.276250004768,0.043050006032,-1.47310757637,0.296423524618
5829,-0.377275317907,0.525412201881,-0.0010000000475,-1.4592499733,1.09906625748,-0.709380507469
5257,1.84070932865,2.75372958183,0.611799955368,0.567849993706,0.225061774254,0.0119840502739
22794,2.91545176506,2.80516862869,0.267650008202,1.09965002537,1.06449079514,0.511835098267
9761,-1.31053495407,0.763703107834,0.366349995136,-0.90625,-0.940471410751,0.151306763291
23326,-6.67283725739,-1.8040112257,-4.99529981613,-0.00334999989718,-0.135264694691,0.237890541553
10972,-0.497244566679,0.123292557895,-0.198249995708,-1.43270003796,-0.663068532944,-0.843106508255
10523,1.25473618507,-1.63920199871,-0.753399968147,0.0989499986172,-0.580944657326,-0.459119826555
79090,3.61469984055,-0.334808111191,-0.364600002766,1.808349967,1.032730937,-0.859972655773
27032,0.637590587139,-0.34872046113,0.446200072765,-0.580350041389,0.253028392792,-0.218430608511
9097,6.08182048798,0.592786848545,1.44475007057,-1.10280001163,-0.792260527611,0.091306000948
10513,-6.65657234192,1.54615318775,-1.21269989014,-1.37984991074,0.107472553849,-0.179997801781
1891,0.312866151333,-4.13050937653,0.37579998374,0.347799986601,0.667157292366,-0.213749915361
3066,-1.11433267593,0.199555277824,0.344349980354,-0.911599993706,-0.871631145477,0.0199574828148
9801,-1.78126299381,-1.21982300282,-1.50594997406,-0.833199977875,-1.39985239506,0.438402205706
1459,1.33037638664,-0.452796787024,0.671499967575,0.00500000268221,0.526083946228,-0.253712743521
9703,-1.13577008247,0.233715087175,-0.0652500018477,-1.19484996796,-0.802681684494,-0.196191728115
10606,-1.43733215332,-0.3451846838,-0.262549996376,0.0737000107765,-0.0525942742825,0.404000610113
1017,-1.42026293278,-0.98281532526,0.42634999752,-0.229550004005,1.64971935749,-0.331955850124
9813,-1.18189191818,-0.478637456894,0.833299994469,-1.52125000954,0.777558088303,-1.15579211712
7485,-1.37058973312,-1.90546047688,0.234350025654,-0.717599987984,-0.0575239360332,-0.187908113003
2109,-2.41418433189,-5.00473833084,-0.156149983406,-3.57165002823,-0.466380089521,0.105717130005
23271,-1.13697957993,-0.17914712429,-1.30010008812,-1.71015000343,0.361409127712,0.0594394207001
9915,-0.699303150177,-2.60486030579,-0.000700000033248,0.00170000002254,0.189243108034,-0.279648005962
9552,1.84838700294,1.93269503117,-0.780099987984,0.497900009155,0.141049057245,0.132391139865
93487,-3.52373719215,-1.01894879341,-0.669550001621,-1.10144996643,-0.570874094963,-0.124863579869
2956,-1.08211731911,-2.21108198166,-1.41945004463,-0.170699998736,-1.83594918251,0.527417600155
11065,-0.231775596738,0.534617066383,-0.968050003052,-0.860700011253,-1.85798585415,-0.217666834593
9653,6.96630907059,-1.83681416512,0.406800031662,4.86024999619,0.351790249348,-0.310331434011
200081,-2.89568400383,-2.12689995766,-0.821500003338,-1.6072499752,-2.237180233,0.0341210365295
3337,-4.81614017487,-0.0134010016918,-0.338700056076,-1.26364994049,-0.54524320364,2.35146355629
11073,0.787940144539,-0.875608563423,0.0299500226974,-1.66304993629,-1.00734734535,0.0487480983138
23,1.71401453018,0.449947535992,0.432900011539,0.375900000334,0.77943778038,-0.160642772913
5641,0.138227880001,-0.744208812714,1.22984993458,-0.866249978542,-0.937258243561,-0.332920253277
8720,0.208803340793,0.420203834772,0.719199955463,0.284000009298,1.13429558277,-0.0313622057438
10782,5.76834392548,-0.114994749427,-0.827100038528,-1.20819997787,-0.977889597416,-0.592388153076
25932,-1.78846693039,-0.873559653759,-0.308550000191,-0.228199988604,-1.2222070694,0.0925768315792
3028,0.190929383039,1.09485065937,-0.313000023365,-0.790950000286,-0.977895140648,-0.51925265789
6804,2.51568555832,4.74490690231,-0.473850011826,0.391049981117,0.455849319696,-0.23565903306
890,-0.0944341570139,0.205737829208,0.526049971581,0.429149985313,-0.0288127269596,-0.0838511437178
6390,-2.37336850166,-2.32909631729,0.140149995685,-1.39240002632,-1.21322309971,-0.797326564789
4303,-1.24086153507,1.53357577324,-1.12574994564,0.0169999990612,0.00888288021088,0.327970027924
10953,-1.14600670338,0.270466327667,-1.43560004234,-1.2473000288,-1.28593921661,-0.767982006073
22889,-1.24354159832,-2.32304644585,0.286049991846,-1.09354996681,-0.87582808733,0.245371371508
3098,0.184780701995,-0.397225677967,-1.62735009193,0.572800040245,-0.425374090672,-0.767751097679
11044,0.875093102455,-0.746531009674,-0.202900007367,-9.99569892883e-05,0.990974366665,0.880417704582
8985,-1.9197460413,-0.653550028801,0.143999993801,0.639250040054,0.449782013893,1.62730240822
66008,-1.00155103207,-2.3826212883,-0.231599986553,-0.477750003338,-0.770365774632,-0.623830258846
9217,5.63836622238,2.9208419323,0.50260001421,1.31850004196,-0.0591387450695,-0.459453046322
701,0.174003168941,-0.812106251717,0.154499992728,-1.31014990807,0.5956787467,-0.245967566967
6182,-1.49610686302,0.108204051852,0.0562999993563,0.294200003147,-0.974764585495,-0.261155754328
4860,-0.679117202759,0.0772568136454,-0.281949996948,-0.836599946022,-0.323667645454,-0.724826455116
7398,-3.07127380371,1.04026544094,-1.04419994354,0.131599992514,-0.881669223309,0.192735567689
6117,-0.720865488052,0.159359306097,-1.34580004215,0.187299996614,-0.986205935478,0.0883211866021
23588,0.675246179104,-0.141509950161,0.00524999201298,-1.9727499485,1.80546998978,-0.0336770750582
949,0.0108950138092,1.21776068211,0.844299912453,-0.443349957466,1.407984972,-0.713775634766
7168,-4.41148853302,-4.4924993515,-0.116400003433,-0.388650000095,-0.550135016441,0.310306698084
9375,-5.51588773727,-1.25916910172,-0.81225001812,-1.46949994564,-0.303645640612,-0.937285721302
4927,1.06933069229,0.954867899418,1.00714993477,0.711700022221,-0.499535739422,0.159535348415
2523,0.397440969944,-0.352028608322,0.110750004649,-0.684350013733,0.657589197159,0.362684309483
58497,3.63886499405,5.80302000046,1.12664997578,5.22440004349,4.94133138657,3.04052567482
6856,-0.49769333005,-0.0734259486198,0.766149997711,-0.831050038338,-0.289297759533,0.0672075971961
26036,-0.597486257553,-0.281279861927,-0.376599997282,0.663650035858,0.248697713017,-0.34558647871
10206,0.205782070756,-0.694363117218,0.718450009823,0.109299987555,1.21373128891,-0.156665191054
25793,-0.260640799999,-1.35019302368,-0.376650005579,-0.28354999423,-0.318070113659,0.071610443294
55556,-0.606341302395,1.63978719711,1.33309996128,-1.2444999218,-1.82212412357,0.285894811153
3978,0.0302943214774,-0.513546824455,-0.956200003624,-0.422150015831,-0.781502008438,0.407891601324
10681,-0.0721206814051,0.743852376938,-0.310750007629,0.368550002575,0.276247382164,-0.422773033381
3638,-2.815325737,-0.384235829115,0.608200013638,-1.41124999523,0.0653437674046,-0.304177880287
8349,0.40132266283,0.842490613461,-0.459950000048,0.0498499982059,0.662585794926,-0.374227702618
6275,-1.81640386581,-0.0284234583378,0.545899987221,1.45660007,0.559738397598,-0.118313670158
3895,0.0233565568924,-0.857385635376,0.735599994659,1.00964999199,1.40065968037,0.0939300656319
392,-1.11035895348,-0.489362448454,-0.262499988079,-1.62284994125,0.835463047028,0.268697082996
9170,1.32348656654,-0.44402962923,-1.63514995575,0.155900001526,-0.281514793634,0.259539425373
80347,2.05943965912,-0.0191081166267,-2.24219989777,-0.693849980831,-0.516730010509,-0.552460551262
23300,-1.02427411079,0.415500760078,-0.895099937916,-1.35369992256,-0.485428422689,-0.0103316754103
836,-0.815409898758,1.37415146828,-0.148000001907,-0.336449980736,-0.138491973281,0.306621581316
11188,-1.70391571522,1.29078423977,-0.36779999733,0.134200006723,-0.759023487568,-0.108433321118
10898,3.04510831833,1.24183130264,-0.0317999720573,0.235750004649,1.2825524807,0.782925963402
9276,0.932666301727,1.36218369007,0.570549964905,-0.262699991465,-0.618788480759,-0.664407372475
1647,0.133976310492,-0.465254098177,0.0923999845982,-0.452950000763,0.935751259327,-0.403472036123
10285,2.14701271057,-1.87401366234,-0.43694999814,-1.07015001774,-0.435110807419,-0.737793445587
23386,0.104818016291,0.303677171469,-1.09619998932,0.807500004768,0.00746010988951,-0.539177775383
3156,-1.47892034054,-0.789663732052,0.570399999619,-0.0263500008732,-0.685333371162,-0.125353842974
10237,1.58495378494,-0.486426770687,0.0454999953508,0.0944000035524,-0.389487653971,-0.27362588048
7077,0.385176062584,-0.1968575418,1.0882999897,0.43235000968,1.40502667427,0.187815055251
11157,0.575756728649,-1.7146333456,-1.18585002422,-0.492449969053,-1.10554039478,0.315887928009
22908,0.0124702006578,0.953058004379,0.397899985313,0.161500006914,-0.0995325297117,-0.154214501381
10915,-0.741084456444,-0.88875412941,0.269749999046,-0.731299996376,-1.10560035706,0.0406425446272
9897,0.274978160858,-1.27600097656,0.48995000124,-0.897000014782,0.4859187603,0.283862709999
1759,2.29770207405,1.47326850891,-0.36234998703,-0.369799971581,0.604144990444,1.30481982231
54541,-1.42738258839,-1.37738835812,-0.474950015545,-1.40635001659,2.20138764381,-0.245910525322
211,0.42591381073,-0.210003435612,-1.29330003262,-1.7689999342,-0.106571704149,0.837502539158
5048,1.01861691475,0.493504047394,-0.614250004292,-0.293799996376,0.760124921799,0.486287206411
84722,-0.471917390823,-0.370523571968,0.0256000012159,-0.669350028038,-0.255001783371,0.266745567322
29890,-0.463666677475,0.951429724693,0.0546499937773,0.857150018215,0.499512344599,0.0507652312517
9868,-0.640945315361,0.673377156258,-0.0981499999762,-0.134399995208,-1.20423007011,-0.472377210855
873,1.50992929935,-0.544960558414,1.93840003014,-0.0222000181675,2.57897686958,-0.258678048849
5580,1.12248110771,2.90101599693,0.87399995327,-0.71899998188,1.08184087276,0.32374343276
3725,-0.244483441114,-0.0513082146645,-0.676699995995,-0.847900032997,0.754527568817,-0.240121930838
23585,-1.7843221426,-1.07942724228,-0.923150062561,-0.817999958992,-1.1669075489,-0.222314357758
51097,-0.817124962807,1.25745213032,-0.288549989462,0.85949999094,-0.306393295527,-0.172490060329
1831,-1.26090633869,-0.544571876526,-0.824299991131,-0.524649977684,-0.460649847984,0.429056286812
7020,0.961641669273,-0.44641828537,-0.688549995422,-0.419649988413,0.470733135939,-0.219943508506
55893,0.287615150213,-0.498560369015,0.338450014591,-3.46635007858,0.954843223095,-0.303777575493
6944,1.97812056541,0.391330987215,1.61564993858,2.49819993973,1.20856308937,0.963952898979
22883,1.17787837982,0.280243635178,-1.03869998455,0.919049978256,-0.573091566563,0.168322846293
5601,0.739027619362,0.188901439309,0.487500011921,-0.389399975538,0.574533700943,-0.378132611513
10775,0.482952475548,0.500537872314,-0.579549968243,0.606100022793,1.31358242035,-0.893243908882
4780,0.992549359798,-2.29274821281,0.13689994812,0.730650007725,0.696541428566,0.098304271698
10904,-1.15771317482,0.787092149258,-0.000500001013279,1.16939997673,-0.107449352741,-0.337522387505
9917,2.5404984951,0.449068725109,0.195500016212,-0.439150005579,1.25216388702,-0.128369092941
1399,-0.201646253467,-0.0331159196794,1.26275002956,1.98800003529,1.2668530941,-0.588283598423
24149,-2.54801821709,0.354891836643,0.170450001955,0.959550023079,1.00789356232,0.343401014805
2222,-0.985488593578,-1.66740632057,-0.620299994946,-0.208999991417,-1.38914966583,-0.241386711597
10131,1.35244262218,0.682902693748,-0.172899991274,-0.791700005531,-0.465425908566,-0.41837978363
2958,1.11481308937,0.0149353146553,-0.119800001383,-0.0249999985099,0.713802218437,-1.01054048538
9650,-2.12098264694,-0.883183896542,0.149100005627,0.130950003862,0.682475447655,-0.418660491705
7319,-4.49434185028,-0.759044289589,0.517500042915,-0.782549977303,-0.700829327106,-1.30462312698
4817,0.717889487743,-0.432183116674,0.668649971485,1.13895010948,1.34405839443,0.576177895069
9143,-0.785304069519,4.42554473877,-0.362049996853,0.840399980545,3.70430231094,0.661300957203
10494,0.418516933918,-0.888413667679,-0.467799991369,0.525499999523,-0.42524394393,-0.222353875637
55324,-1.80522489548,0.335207909346,-0.748399972916,-0.441100001335,-0.683971583843,-0.0452393367887
23149,1.5911886692,-0.201511859894,0.345300018787,0.540199995041,0.773338854313,-0.0743819326162
9943,0.905566513538,2.25790834427,-1.0381500721,-0.332800000906,0.490351051092,0.66828918457
6599,0.629992902279,1.3510594368,-0.701200008392,-0.693250000477,-1.94751369953,-0.108705982566
51031,-0.017248660326,0.417446434498,-0.221950024366,0.842900037766,0.0582495927811,0.527586579323
3566,1.13860356808,-1.16969501972,0.821550011635,-0.362200021744,0.559011101723,0.441361099482
3815,0.779777646065,0.815547823906,3.18645000458,0.0115000009537,1.48039340973,2.52174806595
8624,-0.390493422747,-1.74203848839,-0.75879997015,-1.18904995918,-0.73443710804,0.00908134877682
27346,-0.0674237310886,-1.28849959373,-0.20830000937,0.350349992514,-0.5797316432,-0.0691696107388
10489,0.176537245512,-0.763262867928,-0.522499978542,0.747249960899,-0.154643461108,-0.0730593949556
26128,1.07490777969,-2.61068964005,0.0648500025272,-1.70849990845,-2.1420006752,-0.432010650635
79921,-3.17972302437,-1.80881857872,-0.843550026417,-2.27090001106,-0.263793826103,0.567894458771
55746,-0.149077445269,-0.599462985992,-0.310499995947,0.496550023556,0.160476118326,-0.638972520828
23636,0.650170683861,0.340667396784,-0.0116500258446,0.0645499974489,-1.04471385479,0.384017914534
10892,-2.53696012497,0.615176081657,0.0897499918938,-0.180649995804,-0.269553095102,-0.0544432997704
10652,-0.622428894043,-0.560891568661,-0.722799956799,-0.483299970627,-0.417039722204,-0.304955601692
11004,-0.393288373947,0.951894640923,-1.76530003548,1.01269996166,-1.48227715492,-0.0349475741386
23530,1.41536045074,2.77296900749,2.88425016403,5.29794979095,1.99923992157,1.29810643196
8826,0.863676548004,0.704767048359,0.527000010014,-0.538850009441,0.633585989475,-0.341817498207
3308,-0.971324324608,-1.28493094444,0.0538999997079,0.312949985266,0.548508882523,-0.346765100956
7153,-2.14809846878,0.869365394115,-1.58309996128,-0.000450015068054,-0.596993625164,0.353922992945
11041,0.605299651623,-0.070396989584,-0.281199991703,0.467750012875,-0.560450315475,-0.300667881966
6342,1.05313920975,0.318368911743,-0.0782999992371,0.586899995804,0.662150204182,-0.701425254345
5883,-1.04223656654,-0.846745729446,-0.876699984074,-1.38894999027,0.456380307674,-0.372106641531
10589,-0.832593262196,0.372728526592,-0.664600014687,0.0188999772072,-1.01330673695,-0.69621026516
5110,-1.52443265915,-2.22559046745,-0.850199997425,-0.585349977016,-1.74229347706,-0.43374311924
4609,0.0763673186302,-0.113645195961,0.173350006342,0.72570002079,0.551685273647,0.730376183987
5423,4.36246013641,-0.816893577576,0.723050057888,-1.82375001907,-0.206935226917,-0.324237108231
1070,0.0762755423784,-0.67115020752,-0.475250005722,-0.915549993515,-0.506298601627,-0.203226059675
10051,0.205749198794,0.148708298802,-0.142849996686,0.794600009918,-1.35944366455,0.545787513256
6603,1.27170348167,0.41123342514,1.55694997311,1.41605007648,1.03972601891,-0.870318353176
9019,-6.70169305801,-3.52839589119,-1.24674999714,-2.04279994965,-0.685971140862,-0.151370704174
10969,-3.30576372147,-1.9543325901,-1.38615012169,-1.27369999886,-1.01281094551,-1.49507033825
9797,-2.66822934151,-0.399033367634,-0.560249984264,-1.66005003452,-0.990335822105,-0.257785975933
4043,0.409944325686,-0.593649983406,-0.725799977779,-0.138150036335,-0.658461868763,-1.20684242249
9519,-3.21900868416,-0.846790671349,-0.624700009823,-1.45344996452,-1.41747903824,-1.13639008999
8480,-1.38591432571,0.185646757483,-1.06360006332,-0.0661500096321,-0.472464025021,-1.21914553642
983,0.382849127054,1.26030290127,-0.344449996948,0.0168000012636,-1.40454900265,0.58567482233
10559,1.63744139671,-0.387071669102,1.17104995251,-0.573500037193,0.583240747452,-0.559923529625
8508,0.54973077774,-0.687777221203,-0.11384999752,0.751200020313,-0.621550321579,0.391910880804
9275,-1.31083154678,2.12562131882,-0.317749977112,-0.133599996567,-0.355129510164,-0.57268923521
8914,0.410661965609,-0.910716116428,0.743000030518,0.314249992371,0.303299933672,0.16677749157
54505,0.850540757179,0.175659567118,-1.18264997005,-0.817000031471,0.0321535021067,-1.23381280899
6919,1.52565574646,0.263743460178,0.121649980545,-0.183349996805,-0.156815543771,-0.270244657993
2274,-2.07076072693,-0.472075343132,1.37374997139,-0.66939997673,-0.861349344254,-0.00628303736448
2288,-3.2832505703,-1.52360403538,-0.00170000002254,-0.00034999998752,-1.51530575752,-0.754498720169
7994,-1.04084312916,-1.72160089016,-0.883399963379,0.183250010014,-0.432613015175,-0.32417756319
4216,0.645074307919,0.670786619186,-0.27270001173,0.123400002718,-0.16402477026,-0.0805185884237
7538,-0.734672486782,-0.751021027565,-0.791850030422,-1.00154995918,0.222274288535,-0.455182611942
3628,-3.15321516991,-0.974282741547,0.0342000126839,0.479550004005,-0.5411413908,-1.0528280735
2037,-3.18647241592,-2.58556103706,-0.0946500301361,-0.60505002737,-0.372013002634,-1.41253197193
2771,0.719005644321,-0.543274760246,-0.913249969482,0.818850040436,-1.16815567017,-0.484343469143
7264,-0.106849730015,-0.318913161755,-0.388399988413,-1.65595006943,-0.745413541794,0.0641229897738
1786,-0.375030398369,-0.345260024071,-0.000650000059977,-0.00135000003502,-0.38741093874,-0.266279041767
5873,0.441947460175,1.62098145485,1.32809996605,-0.322700023651,1.40971505642,0.0935053825378
780,4.15729236603,1.87497758865,0.647300004959,1.69895005226,0.218538463116,0.785776853561
9926,-1.40593075752,-0.747400760651,-0.409999996424,-1.37580001354,-0.458058744669,-0.0664115250111
8446,1.15983855724,0.23660966754,0.996399998665,0.366549968719,0.0721035599709,-0.337125748396
7159,1.10321462154,-0.533305108547,0.568400025368,0.0254000127316,0.138878881931,0.491944134235
1026,-3.10190534592,-1.45216548443,0.465250015259,-1.09039998055,-0.976575374603,-0.189351841807
7082,0.140631973743,1.96862995625,0.46124997735,0.420450001955,2.27413439751,0.0748733282089
10058,-0.0219998061657,-0.461178839207,-2.32455015182,0.195950001478,-0.117393933237,-0.344711750746
10797,-1.46900177002,-0.765313267708,-0.628199994564,-1.00889992714,-1.82471811771,-0.40901607275
11230,-1.05008876324,-0.329494297504,-0.586399972439,0.107900001109,-1.45162415504,-0.0867638885975
30836,-1.70389008522,0.963345468044,-0.333400011063,-0.846499979496,-1.6556353569,0.349865198135
27336,0.316010177135,-1.61190116405,-0.00135000003502,-0.411300003529,-0.0963432341814,0.731955289841
9918,1.0223402977,-0.293661594391,0.350199997425,2.30919981003,1.14084124565,-0.335651129484
79073,0.0401028692722,0.42917829752,0.906199991703,-0.323500007391,-0.0786912590265,-0.456118166447
9688,-7.90220880508,-3.4001250267,-0.840700030327,-3.80509996414,-2.63063287735,-0.748081088066
23659,0.645978271961,1.01437306404,-0.0835500359535,-0.320699989796,0.85981041193,-0.396399617195
8396,0.0523789823055,4.82344436646,-0.563250005245,-0.101599991322,-0.805063664913,0.249062538147
23077,1.1030459404,-0.269531875849,0.178099989891,-0.338349997997,-0.0834466814995,-0.617193877697
10857,-1.51117098331,-1.051679492,-0.0010000000475,-0.00164999999106,-1.65097308159,-0.734080970287
16,-0.643841087818,1.5537238121,-0.343099981546,0.503949999809,1.70435738564,1.18608951569
2817,-0.289041489363,-0.354884088039,-0.171099960804,0.00819998979568,-0.0596873611212,0.264055222273
60528,-1.22191977501,-1.8239865303,0.150549992919,-1.09424996376,-0.972306489944,-0.922899067402
5359,-2.95819568634,-0.708495974541,1.38890004158,-0.895750045776,-0.952103614807,-1.2279613018
1514,-3.7425327301,-0.482566326857,-0.379149973392,-0.711199998856,-0.348109066486,-0.458923876286
1509,0.54248714447,-0.926450669765,-0.782099962234,0.5325999856,-0.547614097595,-0.0218022465706
9181,-1.0065267086,-0.162109047174,-0.585399985313,-0.472549974918,-0.789006590843,-0.905257046223
3611,-0.87643879652,0.445349127054,-0.496250003576,-0.822099983692,-0.551325201988,0.459597975016
4783,-0.372256278992,0.110388502479,0.331900000572,-0.301649987698,-0.434129059315,-0.775142550468
10123,-0.24467331171,-0.617092132568,2.61655020714,-0.94580000639,0.611574172974,0.0632158890367
8895,-3.11324000359,-1.81828534603,-0.811500012875,-1.92330002785,-0.927602410316,-0.136108636856
9805,-0.308223724365,1.37921118736,-0.523199975491,-0.662299990654,-0.713316202164,0.578957736492
4125,-2.22254061699,-0.214241892099,-0.290950000286,0.583549976349,-1.00263381004,-0.207372635603
1635,0.0296600759029,0.550353825092,-0.162399992347,-0.0611999630928,-0.104025833309,-0.143326297402
4154,-2.04796552658,-1.3106969595,1.52820003033,-0.550500035286,0.823742508888,1.29269993305
26292,1.35348153114,-0.481589943171,2.11240005493,3.75504994392,-0.466707527637,-0.260963082314
5770,0.66137778759,-1.1111497879,-0.655550003052,-1.38125002384,-0.856117069721,-0.155767709017
25874,2.08976125717,1.29931557178,-0.684499979019,1.09195005894,0.865728855133,-0.0789457261562
11319,0.860017895699,1.79249405861,1.20179998875,-1.16914999485,-0.389996945858,-0.105195358396
1153,-2.524746418,-1.66757202148,-10.0,-0.585200071335,-2.25158262253,0.0661105662584
11098,-0.947623610497,-0.0451076552272,0.219250023365,-0.218050003052,-0.70165348053,-0.0674346089363
8974,-0.798031806946,-0.314076781273,1.74255001545,-1.44630002975,-0.040423206985,-0.565752267838
533,-2.08357977867,-2.05342316628,-1.75204992294,-1.83209991455,-2.02870130539,-0.435687571764
823,-1.65137207508,-0.212957069278,0.202100008726,0.506449997425,1.87025153637,-0.343183428049
6812,2.66933488846,0.752798676491,-0.906700015068,-0.027999997139,0.244141027331,-0.159460425377
3693,-2.42913031578,0.167452305555,1.4498500824,0.684949994087,-0.412312269211,0.0616524517536
4891,2.60316133499,6.53688526154,1.16124999523,1.56685006618,5.14840698242,1.60071635246
10954,0.0120043158531,0.112098842859,0.339599996805,0.0411999821663,-1.18382740021,-0.338987290859
5909,4.4469370842,3.51436591148,-1.10695004463,-0.347350001335,0.179236188531,-0.287710636854
9221,-1.9353017807,-0.711429595947,0.054699998349,-1.20875000954,-0.8739554286,-1.5214189291
847,0.790251195431,-0.729889988899,1.46990001202,0.400200009346,0.0747663080692,-1.07670092583
11072,2.13250851631,2.2440674305,-0.651250004768,2.08190011978,0.0211191475391,-0.390489757061
10221,0.663785934448,-0.389060735703,0.915449976921,0.474749982357,0.869749188423,0.686215639114
7158,-1.93539762497,-4.17753219604,-0.614300012589,-1.27974998951,-2.66898012161,-0.239498496056
8678,1.48435127735,2.13073468208,1.00240004063,3.52499985695,4.50066423416,2.5524764061
11014,-0.26447725296,0.622257173061,-0.42845004797,-0.0548500046134,-1.3609316349,-0.182843625546
1994,3.95035123825,1.94783306122,-0.641600012779,1.75924992561,-0.0886262357235,-0.287356197834
3482,2.04091310501,0.794784069061,0.449299991131,0.417850017548,0.417506635189,-0.213074043393
25976,-1.03656125069,-0.437205195427,0.0968000292778,-1.1806499958,0.0423086881638,-0.876312017441
10491,-0.34529069066,0.252783238888,1.39450001717,-0.286950021982,-0.0362565517426,-0.450948625803
51053,-3.70158100128,-0.235352784395,0.33575001359,-4.19194984436,0.399698674679,-0.688536167145
9267,-2.89209508896,1.77830982208,-1.24035000801,-0.340950012207,-0.585019350052,0.146211177111
5547,-2.0772356987,-0.201558053493,0.424150019884,-0.390799999237,0.618805289268,-0.442987084389
6597,0.646582484245,0.0663730502129,-1.39030003548,0.257600009441,-0.325375467539,0.191344976425
5836,-2.53909468651,0.337186425924,2.24870014191,0.233999997377,0.518234789371,-0.919948875904
6118,0.208787918091,4.07565450668,1.22149991989,-0.0626500025392,0.757595062256,-0.802636265755
2961,1.53103518486,1.29774713516,0.602999985218,-0.423799991608,0.251610070467,-0.246683210135
310,-2.28698325157,-0.806236147881,-0.787299990654,-1.61504995823,-0.401923328638,-0.782585322857
7296,-0.0268434733152,-0.138480603695,1.17410004139,0.014699999243,-1.02474713326,-0.560509324074
1429,-3.34787726402,0.469937562943,1.35559999943,-1.0868499279,0.511203765869,-0.608250021935
2548,3.36652302742,0.362829655409,-0.587399959564,-0.564300000668,-1.21414637566,-0.151289746165
6499,-0.978876888752,1.07342791557,-0.930500030518,0.604150056839,-0.628907799721,-0.141061738133
642,-0.856430828571,1.86531507969,-0.817449986935,-0.552549958229,-0.989448428154,0.982942938805
23076,-3.19647860527,1.1533446312,-0.717299997807,-1.26164996624,-1.6106044054,-0.00334849208593
10099,-0.53818488121,-0.314149320126,-0.0952500104904,-0.250200033188,-1.11784791946,-0.222315788269
9817,-0.616394639015,0.329968720675,-0.387950003147,0.605899989605,-0.466300100088,-0.271319925785
9126,1.24477553368,1.04934513569,-1.05044996738,-0.67895001173,0.0838172063231,-0.545651912689
3930,-1.52479469776,-0.0774443373084,-0.708299994469,0.296700000763,-0.109128691256,-0.309101313353
10450,-0.81156027317,-0.591979444027,-0.1712000072,0.974350035191,-0.841869115829,-1.14859104156
54386,0.728488028049,-0.610023617744,-0.58360004425,1.17859995365,-0.886741518974,-1.32123434544
664,0.434080600739,1.23712348938,-1.50259995461,2.37949991226,-0.945207476616,0.147571250796
596,-1.11820459366,3.089148283,0.539600014687,-0.344099998474,-0.924097597599,0.574632704258
10180,0.344055891037,0.580608010292,-0.636349976063,0.574699997902,0.716397941113,-0.490872859955
1445,-0.254688113928,0.4017829597,-0.971750020981,0.800449967384,-0.977658510208,0.213167265058
230,-1.54928779602,-0.11538490653,0.463250011206,-0.691100001335,-0.569923222065,0.0934413671494
9246,0.887958884239,-0.482463926077,0.297749996185,1.53570008278,1.10453259945,-0.597507059574
5092,2.17934155464,2.16035079956,0.403250008821,0.253999978304,0.905186712742,0.638940572739
23463,0.294145166874,-0.461742132902,-0.108099997044,-0.602349996567,-0.550917267799,-0.394385397434
10007,-1.53054428101,-1.9185038805,-0.506999969482,-1.71109986305,-0.405232906342,-0.351176261902
4925,0.27638655901,0.178488999605,-0.55085003376,-1.4306499958,0.180427849293,-0.746878087521
6251,0.498341858387,0.635353207588,0.239349991083,-0.103699997067,0.0925571322441,-0.292256236076
5782,0.131293445826,-0.2284707129,-0.185650005937,-0.548849999905,-1.82728004456,0.347369045019
5106,-1.36769247055,-0.252841204405,0.373050004244,-1.18475008011,0.0616565719247,-0.70839703083
2673,-0.228427141905,1.22079789639,-0.533050000668,-1.35264992714,-0.82298374176,-1.2165825367
644,-0.627595543861,0.987275242805,-0.34739997983,0.274949997663,-0.0444294810295,-0.641858041286
6284,-4.83423089981,1.31989479065,-0.856749892235,-1.15974998474,0.0730886757374,-0.446880817413
4605,0.375945448875,0.181932702661,-0.255199998617,0.270100057125,0.211428686976,0.363826721907
6810,1.25661849976,0.471589267254,0.880599975586,1.84469997883,0.929824948311,-0.537604808807
54499,-2.2170855999,-1.68247628212,-0.0756499990821,-0.650600016117,-1.03316998482,-0.993495464325
11007,0.279272019863,-0.594951748848,0.0704999566078,-0.0871500074863,-1.04957962036,-0.634660303593
1643,-0.620694279671,-0.448798269033,-0.80989998579,-0.989350020885,1.47374618053,-0.556570768356
25805,-1.28797519207,-0.278083384037,-0.121550001204,0.0162999927998,0.0869427323341,-0.345218032598
3033,-2.71040487289,-2.29251194,-0.699249982834,-0.743849992752,-1.13285982609,-0.498974621296
2745,-1.02696657181,-0.0517096705735,0.415749996901,-0.300050020218,-1.90832662582,-0.524477362633
9961,-1.6291012764,0.340375363827,0.942449986935,-0.669950008392,0.204467684031,-0.411472141743
3925,1.21949505806,0.809513747692,-0.252550005913,1.52935004234,0.147347912192,-0.0897666960955
2582,-0.429865717888,3.18562507629,-1.12995004654,0.438500016928,-0.354582726955,-0.21329768002
5792,-0.0592825859785,-0.707662522793,-0.28069999814,0.627799987793,1.09993183613,-0.739375174046
5236,0.831845581532,1.18562054634,0.0615500211716,-1.36044991016,-0.1356100142,-1.03124964237
4016,0.529110729694,1.96199035645,-0.0350499749184,-0.334799975157,0.776831388474,-0.443491846323
4651,3.72857952118,2.059486866,-0.439999997616,3.95394992828,0.842105209827,1.11790847778
3988,-0.786014795303,0.814755678177,0.0205499827862,0.339100003242,-0.353362262249,-0.465301543474
26227,-0.779231548309,-0.753976285458,-0.401650011539,-0.236400008202,-1.62765598297,-0.192116469145
7982,-0.587052822113,0.198457092047,-0.519349992275,0.0386999845505,-0.561931192875,-0.505921661854
3551,-0.523936152458,2.08234405518,0.819749951363,0.922850012779,2.34459114075,-0.670108616352
5108,-4.04499101639,-0.987442791462,-0.726300001144,-0.503450036049,-1.65108978748,0.000284207984805
8870,0.43930965662,0.301601588726,0.991599977016,-1.47119998932,0.39329212904,-0.542990148067
2195,-0.261197865009,1.11166381836,-0.770850002766,-1.35409998894,0.196866303682,-0.0870696008205
8731,-0.627092480659,0.371658980846,-0.673200011253,-0.151450008154,-1.46115779877,-0.174505025148
1956,-0.599600255489,0.66579580307,-0.805350005627,1.20614993572,1.1847846508,0.072396017611
10276,-0.770259797573,0.427883565426,-1.17630004883,4.08764982224,-0.984501719475,-0.686010360718
1666,-6.33474063873,-1.56232237816,-0.603199958801,-1.37300002575,-0.342029958963,-0.00171500444412
4864,-2.31714320183,0.811623811722,-1.01335000992,-0.0351500511169,-0.330596089363,0.769473493099
4232,0.794725179672,-0.582657814026,-0.00135000003502,0.335900008678,0.468101888895,1.11454725266
5050,0.428800046444,-0.00712937116623,-0.00165000010747,-0.00235000019893,-0.891271233559,-0.425288647413
813,1.95597934723,0.274742394686,-0.216250002384,0.135299995542,-0.568327963352,-0.665886819363
3964,4.05397319794,7.35743808746,0.339549988508,2.915599823,3.46961641312,2.42763161659
26020,0.270714342594,0.707257449627,-0.41139999032,0.332399994135,-0.265793532133,-0.957383871078
481,0.510952591896,0.0975715517998,-0.416450023651,-0.256350010633,-0.960222005844,-0.240665182471
5019,-1.87156355381,-1.24343311787,-0.415050029755,0.273850023746,0.0177767649293,0.203569769859
291,0.264284223318,0.840126037598,-0.85389995575,-0.142399996519,0.235012054443,-0.264087945223
10973,-1.83426702023,0.411574333906,0.131049990654,0.28275001049,-1.16821539402,-0.502768397331
9697,-1.55382609367,-1.62186861038,0.859849989414,-0.910099983215,1.16074776649,-1.27958750725
5831,-0.428305476904,0.502198219299,-0.682900011539,1.93464994431,0.573036968708,0.0653017163277
8202,-0.586133420467,0.23590940237,0.33394998312,-2.92420005798,-0.69018471241,-0.145913869143
57804,-4.33032560349,-0.869950592518,-0.938049972057,-0.441500008106,0.235656887293,-0.710467219353
5566,1.26400697231,0.0656740665436,0.623250007629,-0.00239998102188,0.777791023254,0.208676815033
57149,-3.25224900246,-1.36740779877,0.748100042343,-1.58955001831,-2.90010738373,-0.193224415183
7416,0.934943497181,1.35876655579,0.519650042057,1.55034995079,-0.824098825455,-0.152703434229
10174,-1.60591387749,-2.45859837532,-0.927150070667,-0.613550007343,-0.775814771652,0.0859640538692
6676,6.79148578644,0.660409748554,-0.724849998951,3.72650003433,3.92186689377,-0.239536613226
8884,-0.350666195154,-1.8474354744,-0.757899999619,-1.23670005798,-1.23846721649,-0.909139752388
5997,3.78866863251,1.11196887493,8.23349952698,5.10034990311,3.07801413536,0.104036659002
57147,-1.94589090347,-0.00583380460739,0.899250030518,-0.476450026035,-1.15106499195,0.860310912132
6909,2.26896691322,1.30866527557,3.24629998207,0.0758499801159,-1.01225912571,0.19589844346
9093,0.684863328934,-3.40297555923,0.00135000003502,0.000999999931082,0.0035687610507,0.307490080595
23142,-0.457875132561,1.41547679901,1.10940003395,1.38505005836,0.610843062401,-0.225609898567
8444,-1.83653664589,0.375054955482,-0.659500002861,0.438549995422,-1.04948890209,-0.125290110707
11232,-1.35732424259,1.32573139668,-0.344949990511,-0.501049995422,-0.61150598526,-0.423550307751
27095,1.38369631767,1.03412890434,-0.0531999990344,0.805750012398,0.694779515266,-0.64690810442
10732,-1.14239943027,-0.373477935791,2.70755004883,0.0241500139236,-0.383428573608,-0.122403040528
23029,-0.690492868423,-2.60900592804,0.0487000346184,-1.01779997349,-0.872542142868,-0.0444303900003
9270,-1.43228590488,-6.72892141342,-0.368249982595,-0.617499947548,0.174153953791,-0.702702999115
47,0.269077956676,4.16633749008,-0.456450015306,5.80135011673,-1.0347584486,0.434297770262
5889,4.04204893112,2.95745015144,-0.842999994755,-1.75395011902,-0.214177489281,0.73877632618
8243,2.94680190086,0.723579764366,-0.627950012684,3.82765007019,3.66684293747,0.657535076141
10730,5.43225049973,1.19788551331,-0.351050019264,-0.891349971294,-0.374230027199,-0.581596970558
30,-0.641022086143,0.0766517817974,-0.641550004482,-0.342350006104,-0.0105601549149,-0.89177185297
7466,-0.942697703838,-1.23548388481,-0.973999977112,-0.817149996758,-0.713219106197,0.667098939419
89910,-6.05731248856,-0.798458814621,-1.01695001125,2.92635011673,1.21828901768,-0.0800209641457
56654,-2.23429679871,-0.881954193115,-0.254999995232,-0.802649974823,-5.15967941284,0.414625793695
501,-6.44759559631,-2.42964553833,-1.30515003204,-0.544499993324,0.182807803154,0.448539495468
5438,-1.39128160477,-2.83078098297,-0.63504999876,-3.25235009193,-1.87240970135,0.562107920647
26993,2.16088175774,-1.10103392601,-0.883800029755,-0.0680999979377,-0.115169510245,-0.745664417744
55111,1.44193649292,0.870742559433,1.11245000362,0.379000008106,-0.445085406303,0.277765780687
8520,-6.62670564651,-0.865426778793,0.131899997592,-0.491649985313,-1.77384281158,0.0383603796363
10146,-3.78848004341,-0.388985782862,-0.117149829865,-1.39824998379,-0.861031413078,-0.183688655496
7165,-0.754462242126,-1.29028689861,0.379850029945,-0.191550016403,-0.956380724907,-0.781730294228
55011,-1.67405128479,1.17245984077,-0.323149979115,-0.490549981594,-0.820852696896,0.118386127055
6461,0.568204343319,-0.958610653877,0.00339999981225,-4.40225028992,0.585274577141,0.158821552992
10813,1.38998246193,-0.777809202671,0.211149990559,-0.50150001049,-1.03646600246,-1.01288986206
80746,-3.49433135986,2.41268849373,-0.673900008202,0.409449994564,1.30597352982,0.365887224674
10434,1.09724473953,-0.937260687351,-0.159900009632,-0.525699973106,-0.897499024868,-0.351714909077
5607,1.00121450424,2.04841947556,0.0830500125885,-0.535650014877,0.537778019905,-0.444865912199
22827,3.09772896767,0.717395782471,0.00170000002254,0.339450001717,-1.9697329998,0.246091514826
51635,-0.12624360621,0.65098887682,-0.33370000124,0.304450035095,0.0624396502972,-0.18362736702
84159,0.36143887043,-0.661031484604,1.0271999836,1.02479994297,1.0799767971,0.570103108883
3508,3.19869637489,3.94571328163,0.351150006056,1.76990008354,2.9760427475,1.52563381195
84890,-2.08572459221,0.436842620373,-1.67999994755,0.842800021172,-0.78862118721,0.0413151159883
79600,-0.214641302824,-2.7501270771,0.278650015593,-0.383750021458,-0.842345476151,-0.848204731941
8574,0.622120141983,-0.889513790607,-0.349500000477,1.03055000305,-0.801633656025,-0.503656923771
5529,1.99647688866,-1.13362979889,0.987200021744,-0.420050024986,-0.485362619162,0.112720280886
3909,3.46999430656,5.94718456268,-0.415050029755,0.546350002289,0.860120296478,-0.101025000215
9637,-0.49368929863,-2.53059005737,-0.719749987125,-0.0315999984741,-0.665040493011,-0.26485773921
8518,1.38145828247,2.1582403183,-0.068200007081,2.88969993591,0.362845182419,0.242252290249
6443,0.219313800335,0.129465609789,0.535650014877,1.97335004807,-0.67231553793,-0.261274695396
58478,-0.53708422184,-0.724724888802,-0.535850048065,-0.383049994707,-0.748395264149,0.450026988983
4850,1.94499087334,0.175153449178,-0.0242499709129,0.95275002718,0.906533300877,-0.865882396698
23210,-2.13059735298,0.255400151014,0.00659996271133,-1.05529999733,-1.83832240105,-0.0685869157314
54733,1.38126718998,0.172322809696,1.46875,-0.599300026894,-0.113419860601,-0.143310144544
55129,-0.448669612408,0.404295146465,-0.269849985838,-0.78694999218,-0.56108468771,-0.41406661272
10273,-6.72210407257,-3.45418596268,0.00135000003502,-4.99965000153,-1.99988543987,-0.149616211653
572,-0.194217681885,0.41961696744,0.54289996624,-0.146950006485,-0.160914629698,-0.0620219931006
5716,1.16719484329,-0.250928997993,0.209250003099,1.14254999161,-0.7184664011,0.680539608002
22841,-0.62266933918,2.15495872498,0.533650040627,-0.787349998951,0.834728062153,-0.493316113949
2356,-0.146371632814,1.24019217491,-1.27395009995,1.2173999548,0.319807708263,0.96612238884
6050,4.00758361816,2.0383541584,-2.86785006523,-0.915549993515,1.129165411,-0.219841480255
64422,8.07732009888,1.74542474747,0.81945002079,2.73639988899,5.36147451401,0.0458229184151
8837,3.28568887711,0.953726172447,1.06394994259,-0.301799982786,0.285240739584,0.235096901655
55127,-0.241059139371,0.348544925451,0.224750012159,0.422000020742,0.0352574586868,0.752606034279
23335,0.358980506659,0.275540947914,0.379050016403,1.36064994335,2.25090169907,0.737575352192
10270,1.03484654427,1.7610231638,-0.181050002575,1.19900000095,0.373045295477,0.545132637024
6509,-1.45520460606,-0.440580368042,-0.341350018978,-0.258249998093,-0.498282313347,-0.964184820652
83743,-1.83591985703,-0.187622129917,-0.54154998064,-0.0550999939442,-1.82175302505,-0.083856664598
6772,-7.02806711197,-2.43287658691,0.777949988842,-0.509500026703,-0.878932356834,-0.537199556828
22887,-1.15089464188,0.844090044498,-0.0709499716759,2.71924996376,-1.38875198364,0.391739308834
51001,-0.576435446739,-1.18987286091,-0.320349991322,-0.856849968433,1.0131046772,-0.477301508188
26511,0.288635879755,-1.75724959373,-0.344350010157,-1.27084994316,-2.20957732201,-0.745354413986
7874,-2.69053173065,-0.125195741653,-0.93020004034,-0.501749992371,-0.972710967064,0.450289577246
51070,0.0995179414749,-1.07611250877,-1.05134999752,0.78569996357,-0.921057701111,-0.986646592617
1738,0.538890480995,-7.86388301849,1.16179990768,-4.46589994431,0.456378787756,-0.358573675156
3416,1.43869316578,-0.160094201565,-0.10015001893,6.76415014267,-1.23095989227,-0.624882519245
9128,-6.82845783234,0.0478957295418,-0.997049987316,-1.23519992828,-0.260281592607,-0.229195058346
9833,-0.616353929043,-1.39342617989,0.295049965382,-0.561649978161,2.92822480202,-0.0517394840717
4088,-0.830098867416,1.46921741962,-0.664950013161,0.102200001478,-0.302890092134,-0.230116978288
5018,0.188987135887,0.418683469296,-0.378249973059,-0.0354499965906,-1.45020222664,-0.348746806383
51375,-0.411859542131,-0.182550191879,-0.00115000002552,-5.05980014801,0.460312664509,1.08466434479
55038,-2.2438595295,0.751710772514,-0.863150000572,-1.18414998055,-1.62862753868,-0.921010494232
23061,-4.87569189072,-0.0170159935951,-1.27195000648,2.42974996567,1.08042764664,0.291743785143
64428,0.172144889832,0.516721189022,0.979200005531,0.326600015163,1.69021940231,-0.395827621222
11325,-0.927468657494,3.57538986206,-0.991649985313,-0.973250031471,-1.33122861385,0.0699896961451
9641,2.22224664688,2.44138026237,0.761449992657,0.3478500247,3.41893339157,0.461116373539
23038,0.402886152267,-0.967689812183,0.29365003109,-0.524399995804,-0.362977921963,0.217155009508
57048,3.26343750954,-0.48407793045,-0.147450000048,1.01040005684,0.0274875164032,-0.444240272045
94239,-0.398909926414,-0.0191533565521,0.0337500013411,-0.307150006294,0.952702581882,-0.367033183575
51203,0.803201436996,-0.104924410582,0.171949982643,1.3980499506,1.70965707302,-3.39145040512
388650,0.210515886545,-1.3120354414,0.00165000010747,-0.681899964809,0.711462676525,0.0249957628548
23039,-2.86999511719,0.388165950775,-0.827999949455,-1.13150000572,1.27372717857,-0.194163709879
55179,-1.28998577595,-1.81876134872,1.09905004501,-0.45324999094,0.0250619649887,0.639397978783
5827,-1.98772406578,-3.98621821404,-0.401950001717,-0.0632500052452,0.088292106986,1.2308177948
10245,-0.637916624546,-0.905610024929,-2.08524990082,-0.279049992561,-0.495739042759,-0.0668770000339
6813,-1.45603227615,-0.45782366395,-0.460149973631,-1.43470001221,-0.972701430321,0.289295434952
3251,-2.4085483551,-3.54843258858,-0.61075001955,-1.61594998837,3.64429306984,-0.144555792212
23212,-3.13323879242,-1.68524241447,-0.563150048256,-1.5095499754,0.515142440796,0.292721301317
23536,-1.13931083679,-0.809029102325,0.0424500033259,-0.631749987602,2.8030154705,-0.45024317503
51282,-0.269198060036,-3.195333004,-0.414600014687,0.291400015354,-0.719815015793,0.0866966843605
10227,1.20175719261,2.84463739395,0.187349975109,-1.5095499754,-0.824197113514,-0.194837197661
50813,2.33662867546,1.81265211105,1.06139993668,1.23454999924,2.26215362549,-0.225575238466
51024,-6.74508810043,-0.00282379239798,-0.594400048256,-3.06225013733,0.173577070236,0.0584483295679
53343,-1.81057822704,1.96113169193,0.915849983692,-0.719749987125,-0.415631651878,-1.31563127041
1465,-1.23281443119,1.20865142345,-0.803650021553,-0.754949986935,-1.5560541153,-2.63016057014
79006,-1.94472074509,-0.62935769558,-0.620249986649,-0.0425500050187,-0.768009364605,-0.590647757053
6988,0.538316130638,0.807969033718,-0.477899998426,0.373649984598,-0.34087780118,0.105144932866
11011,-0.069636464119,0.233073040843,0.334450006485,0.282050013542,1.07822704315,0.506032347679
23325,-0.900556981564,-7.07518768311,0.802300035954,-1.10989999771,-4.74726247787,-0.229354456067
10049,0.534422576427,-0.8551222682,-3.73694992065,-1.21350002289,-0.193022578955,0.0317668691278
3157,0.689020931721,-2.59758734703,0.000300000014249,0.0,-0.000699999975041,0.0
200734,-4.71681499481,-1.27339792252,0.278749972582,0.175949990749,1.30379700661,-0.120673403144
9053,0.650237977505,0.441905975342,0.575349986553,0.0435000024736,0.581817626953,-0.70911937952
79094,-1.12045705318,-1.32677555084,-0.221450001001,-0.630849957466,0.0875173807144,0.14130923152
2778,-7.12380456924,-2.18520116806,0.00130000000354,0.00135000003502,-1.1050798893,0.0501171648502
54881,3.46455764771,-0.397744417191,-1.07550001144,0.593800008297,0.90097284317,1.14847290516
54807,3.16023159027,0.649063110352,0.166749998927,-0.010949999094,-0.514842748642,-0.56937110424
323,1.27364706993,0.309448510408,-0.429800003767,-0.0537500008941,1.2277469635,-0.358367204666
26001,-2.3702454567,0.0821601673961,-0.253949999809,0.403100013733,-0.434379398823,0.350528657436
10190,-2.27167797089,-1.19504892826,0.760850012302,-0.1875,0.0256658196449,-0.0907832980156
9686,-0.528057992458,1.1313034296,-0.633900046349,-0.0858999937773,-0.251080870628,0.367460548878
54915,-0.0842897519469,-1.14646577835,-0.0855000019073,0.112000018358,-0.709671974182,-0.256697237492
23658,-4.55278635025,-5.07293176651,-1.00755000114,-1.79404997826,-2.78779745102,-0.768256306648
7750,-1.24872601032,-0.0480188131332,-0.456800013781,-0.557000041008,-0.978478491306,0.0660092830658
79643,-0.023589015007,-0.959953963757,-1.22510004044,-0.945050001144,-1.36550235748,-0.79655200243
9488,0.89866733551,-1.13836860657,0.923049986362,-0.92435002327,0.397084474564,-0.178065404296
11200,-0.964974105358,4.20887565613,1.15515005589,-0.607599973679,-1.70299506187,-0.127911403775
65057,-1.49253726006,0.271540403366,0.145199999213,-0.599950015545,-0.0897897183895,0.505277812481
6832,-2.19057273865,-1.62727952003,0.206349998713,-0.74739998579,0.472471237183,0.609605193138
23131,-3.51450681686,0.0262179970741,0.446999996901,0.871749997139,-0.355020225048,-0.0257627852261
10776,-7.13389968872,-1.78877353668,-0.317299962044,0.301649987698,-0.966657221317,0.452246457338
6253,1.3371193409,0.143200308084,0.00205000001006,0.694299995899,0.873026967049,0.420189917088
79716,1.05724561214,-2.2192261219,0.526149988174,-0.851849973202,0.703528642654,0.436040461063
29978,2.78037858009,3.7860686779,0.159500002861,10.0,-1.76041889191,0.223731711507
9988,1.03200829029,-1.44481635094,-1.3654999733,-1.5408000946,-1.3091583252,0.626475632191
10845,0.0571261569858,0.49985897541,1.79404997826,0.279850006104,0.0589880347252,0.0365124642849
54957,-1.0634458065,-0.0168937891722,0.0935499966145,-0.17634999752,0.364720344543,-0.0329733937979
79170,0.533328652382,-0.347054094076,-0.284549981356,0.755550026894,0.774775564671,-0.196250885725
10610,1.78065443039,-0.523626089096,5.26030015945,-0.377499997616,0.885289549828,3.05201530457
128,-0.32124760747,0.173619806767,0.219949990511,0.259950011969,-0.987061262131,-0.231505811214
51026,-4.50970220566,-2.71606349945,0.685000002384,-7.00920009613,0.434891104698,-0.515441834927
5498,-0.295773476362,-1.10571169853,0.291599988937,-0.837450027466,0.427875459194,0.764945745468
124583,-1.93165123463,-3.42443466187,-0.594850003719,-0.541049957275,-0.0247922688723,0.430295050144
9455,2.4655725956,-0.136760562658,0.906649947166,-0.369849979877,-0.293240070343,-0.288966834545
1212,1.17833793163,0.736923098564,0.603699982166,0.562200009823,-0.485293060541,-0.222511649132
5255,0.784142434597,1.4173989296,0.134950011969,0.374999940395,0.290654867887,-0.315477609634
9448,-0.921939373016,-2.18564748764,-0.366700023413,-0.456250011921,-1.25591087341,-0.578920304775
9924,3.84992170334,-1.00151634216,-0.804700016975,-0.605849981308,-1.55594587326,-1.08034777641
5480,1.54396414757,-0.888399839401,1.71924996376,0.329800009727,-1.35568797588,-0.28806579113
1983,-0.0654996559024,-0.55367398262,-0.333900034428,-0.441349983215,-3.9680211544,0.246063947678
56889,-0.558855414391,0.425840467215,0.391749978065,0.527000010014,-1.8819539547,-0.650950610638
79080,2.39731884003,0.379241228104,1.22350001335,0.279700011015,1.34118080139,0.320996403694
9016,3.29265666008,-0.452445656061,0.485100030899,-1.89754998684,0.00587326288223,-0.880688786507
6915,1.29588294029,1.29239356518,0.661100029945,-0.414499998093,0.870658755302,-0.25114274025
9709,-0.543170750141,0.0217889361084,-0.160899966955,-0.158100008965,0.136985465884,-0.696258306503
116832,-0.609214663506,1.67683899403,-0.888650000095,1.00870001316,-0.0835553258657,-0.165053129196
670,0.940582156181,-0.44729155302,0.523599982262,-1.03489995003,1.52330493927,-0.208464115858
7867,-6.04089164734,0.462326049805,0.299550026655,1.49004995823,-0.111863166094,-0.510221600533
79143,4.13453865051,-1.74308693409,-0.747350037098,0.586250066757,0.161932244897,-0.657557487488
11284,0.0407023578882,1.36712121964,-0.788150012493,-0.0636000037193,-0.584882080555,0.242328360677
23443,6.8663225174,-0.49441498518,-0.0731000006199,-0.631749987602,0.474653422832,-0.0988413840532
51599,2.68114686012,0.56688952446,1.06639993191,-0.0917499661446,1.70498108864,0.581401884556
5927,0.816275954247,0.7464209795,-0.078499995172,-0.372799992561,-1.29583334923,-0.463740289211
55793,-1.11523330212,2.83232975006,0.00180000066757,0.762549996376,1.98614633083,2.44041323662
5867,-0.696959733963,-0.309170842171,1.06490004063,-0.19770000875,-1.06464242935,-0.113751329482
7866,-2.14018726349,-0.597513318062,0.10095000267,-1.95945000648,-1.52795279026,0.609135866165
25825,-0.565722107887,-0.583718955517,0.313650012016,1.77900004387,1.21070671082,-0.515137851238
4067,2.14485359192,0.975486576557,0.58495002985,-0.506550014019,0.744119644165,0.0540612787008
51015,0.0495838150382,1.14674782753,-0.312849998474,-0.351249992847,-0.0341247320175,0.0618785023689
5891,-0.977698087692,0.963771998882,0.271800011396,0.337350010872,0.514670789242,-1.06367564201
3300,-0.839253604412,0.396755099297,-0.533399999142,0.652949988842,0.995693445206,0.987826883793
64781,-0.963184595108,-0.377474784851,0.341749995947,-0.206949979067,-0.709370493889,0.67855900526
51056,-3.77683568001,0.204686284065,0.202250003815,1.41795003414,0.0768799483776,0.368337988853
8550,0.167004793882,-0.140759348869,-0.952950000763,0.419600009918,-3.33317518234,-0.578604102135
50810,1.26535093784,1.63153088093,2.1904001236,-0.669299960136,0.770495951176,0.0789960846305
23011,0.556426346302,-1.19060075283,0.33005002141,-1.91665005684,-0.569906592369,-0.255897760391
11168,-4.90341663361,1.32227146626,0.742650032043,-0.708299994469,-0.431174278259,0.256315976381
1385,-4.05375385284,0.23097923398,-3.91405010223,-0.572850048542,-2.15630102158,0.446147054434
10150,-0.710569262505,-1.1430413723,0.526700019836,0.153750002384,-0.66060847044,-0.302435159683
29763,2.46319460869,-0.292118430138,0.457150012255,-0.681299984455,2.57469964027,-0.0770509690046
9112,0.727497816086,2.60593438148,-0.312350004911,0.908450007439,0.202948495746,0.567233920097
23499,-0.0937713384628,0.11596056819,0.779600024223,0.0993999987841,-0.3206628263,0.483546733856
85236,0.146664783359,-0.336095154285,-0.61075001955,1.42355000973,0.219190865755,-0.303459525108
5096,0.550402224064,0.752762794495,0.293449997902,-0.574499964714,-1.98133015633,-0.277878493071
55620,-0.682617127895,-0.655701160431,0.167800009251,-0.217449992895,0.141785815358,-0.333257973194
5373,0.589067339897,-0.919548034668,0.339199990034,-0.494449973106,0.719377040863,0.305299937725
51170,-0.683893561363,1.07568454742,0.18694999814,-0.102500021458,-0.0251766741276,-1.4047781229
54850,-1.07330465317,-1.4402217865,0.773000061512,-0.0722500085831,-0.638194024563,-0.067040681839
80349,-0.448666185141,0.791075587273,-0.205699980259,0.615400016308,-0.595167338848,0.633057653904
355,-0.0731730163097,-0.125345259905,-0.179399996996,0.550400018692,3.06796836853,-0.351110696793
1062,1.95027816296,0.381847649813,0.850549995899,0.612850010395,-0.170491605997,-0.445754349232
8804,0.127660706639,0.849567353725,0.990450024605,0.651749968529,-0.358553260565,-0.0522527620196
80758,-4.82171726227,0.0534119606018,-0.660449981689,-0.636500000954,-0.919229567051,0.0256659165025
375346,0.457988411188,3.00309062004,-0.394749999046,2.00514984131,0.865062296391,-0.145073860884
51385,0.13379496336,2.68238687515,0.407299995422,-0.615899980068,1.25351834297,-0.886609733105
55748,-1.18547236919,0.0177656412125,-0.362900018692,-0.36669999361,-0.991474747658,0.235994368792
10318,-1.55460464954,0.825239419937,-0.345150023699,-0.500450015068,0.312340050936,-0.645482182503
54681,-0.976107478142,-0.779955863953,-0.847499966621,1.36760008335,1.45615911484,0.782442867756
7905,-0.061428271234,0.783938169479,0.29180008173,0.512349963188,0.915046095848,-0.338462650776
28969,-0.505262851715,-0.228229641914,-0.193200051785,1.36640000343,-0.529076457024,0.436072170734
10668,6.63374996185,-1.68807172775,0.485949993134,-0.618849992752,-0.718274891376,0.128760039806
51005,0.0240305066109,1.20026147366,-0.239649996161,1.58389997482,0.387150347233,-0.316059827805
8800,-0.215180546045,3.07794284821,0.258249998093,1.8111000061,3.23135852814,-0.201307356358
54438,6.30220079422,0.239256292582,0.912400007248,-0.797649979591,0.45939385891,-0.199619412422
55825,4.64145088196,2.39319562912,-0.202500000596,-1.26390004158,1.28336644173,0.795323371887
8835,-0.2039283216,1.01269817352,-1.08880007267,0.269599974155,0.630445659161,0.131840020418
64429,1.39180660248,-1.49653863907,1.13750004768,-0.582499980927,-1.71120226383,0.673059344292
3682,1.98303472996,-4.86398029327,0.430250018835,-0.924149990082,0.215852618217,-0.256140857935
10329,-0.841248989105,-0.897681355476,0.418099999428,-1.99279999733,-0.93509888649,-0.490545272827
27109,0.342182308435,-0.606101512909,-0.547250032425,-0.815649986267,-0.381252884865,-0.00634256005287
51335,-6.69696617126,-2.81350135803,-1.4865000248,-1.85009992123,-0.312037318945,-0.510804653168
3202,-0.451309233904,0.362038165331,1.82829999924,-0.517350018024,-0.0241593718529,0.983951568604
2896,1.52241706848,0.0350731611252,-0.0522499978542,0.331000000238,0.299354761839,-0.330525934696
79902,-0.456966340542,-0.325691998005,-0.652999997139,0.878149986267,0.0480459332466,-0.492368727922
29083,-0.63145172596,-1.32361543179,-0.359200000763,-0.688799977303,-0.627210557461,-0.0569139719009
5747,0.381078392267,0.30251032114,0.47025001049,0.82959997654,0.388084977865,-0.65709155798
22905,1.71413993835,1.35265946388,-0.500199973583,0.600199997425,0.440271914005,-0.305925965309
63933,-1.02485311031,1.88236868382,-0.680349946022,-0.75049996376,-0.0493778735399,-0.263216078281
9847,-6.92771339417,0.827832221985,-0.0381000004709,0.314700007439,-0.788706719875,0.127235040069
51021,-1.0266597271,-4.32827615738,-1.13105010986,-0.576300024986,-1.41724789143,-0.774416089058
8996,-0.487978368998,1.52439320087,-0.272300004959,-0.287099987268,0.219026952982,0.0681541711092
7376,-0.894034743309,1.28385305405,0.25435000658,0.117350004613,1.31058514118,0.592466831207
5357,1.44136071205,1.27015912533,0.81434994936,0.247749999166,0.603841841221,-0.262251198292
56940,-1.76156938076,-0.154539331794,-0.698600053787,1.25475001335,-0.208864212036,-0.146367013454
6195,0.348782777786,0.0794555619359,-0.132699996233,-0.339050024748,-0.923917651176,-1.03454303741
1633,-1.71527516842,0.419600427151,-0.407000005245,0.47310000658,-0.556584239006,0.426644861698
23321,-4.1950097084,0.100313693285,-4.99595022202,0.846400022507,0.800008535385,-1.38832271099
51160,0.190419256687,0.304117619991,0.517300009727,1.02104997635,0.230858013034,-0.542776346207
55604,1.30110144615,3.30651783943,-1.24790000916,-0.388550013304,-1.72860693932,-0.666278123856
2063,0.864224612713,-1.67845416069,-1.87124991417,-0.345349997282,-0.19764059782,0.270432651043
54512,-1.62713241577,4.52398681641,-1.1398999691,2.84770011902,-0.557937264442,-1.79651463032
9124,1.57930016518,0.096995703876,0.763249993324,1.09310007095,-0.286080777645,-0.179042726755
79174,-0.241731092334,-1.91367697716,0.467999994755,-1.13699996471,1.25680828094,0.238334745169
23223,-0.884028732777,-1.2230066061,-0.14280000329,-0.37420001626,-0.332022547722,-0.213623613119
39,-6.13255548477,-2.83652710915,-0.371550023556,-1.79920005798,-0.433669269085,0.021576365456
57215,3.1209499836,-5.49536848068,-0.452749967575,-0.584949970245,-1.71128857136,0.0949281156063
1052,-1.4458283186,-1.83671545982,-0.201050013304,-0.954699993134,0.274251163006,-0.139300048351
23139,-0.461193561554,3.46024084091,-0.381399989128,1.39105010033,0.94627392292,0.413879752159
79947,0.0391475260258,0.426934152842,0.0174499899149,-0.395399987698,0.393728584051,-0.064368635416
4616,-0.0349590182304,-0.67540127039,0.826499998569,-0.203299999237,1.59693515301,-0.361003339291
9710,-0.955761671066,2.57523870468,-0.462200015783,0.233749985695,0.392535954714,-0.578775405884
6990,-1.21256959438,0.417771935463,0.0637999773026,-0.154249995947,-0.703077077866,-0.569652736187
29082,-6.71894168854,-3.00519490242,-0.675150036812,0.0832999944687,0.624801158905,0.365493893623
9670,0.0436039976776,0.298769444227,1.22635006905,1.33064997196,1.10954213142,0.0868134573102
81533,1.26581645012,-0.394857615232,-0.142199993134,1.20659995079,-0.864503622055,-0.774991631508
10525,0.633664190769,1.42881906033,1.06690001488,0.316199988127,1.0901311636,-0.129393979907
2353,-1.03757739067,-1.71115815639,1.35269999504,-0.602800011635,-0.00135231018066,-0.880242168903
57192,0.627684295177,0.273508727551,-0.162249982357,1.69764995575,1.12915098667,0.0022396594286
3398,-4.24941778183,-1.90346622467,-0.87625002861,1.91725003719,1.92761266232,0.835132002831
3775,-2.42889547348,-0.884601593018,0.313349962234,-1.24164998531,-0.278813421726,0.257522583008
26064,1.53103733063,0.968755364418,0.803250014782,1.03525006771,1.80133247375,0.281063467264
29103,2.84763765335,2.89598703384,-0.457949995995,-0.0758499950171,0.325595170259,0.209308385849
3206,-1.55299437046,0.165104493499,0.337249994278,-0.0500999689102,2.12104439735,-0.50976473093
1500,0.843781411648,-1.23754405975,0.719500005245,-0.498149991035,0.571706950665,0.367597401142
7690,-2.44949913025,-1.41345012188,-0.0459000021219,0.871299982071,-1.29575026035,1.14489686489
29911,1.17948651314,1.50073122978,-0.965699970722,0.647599995136,0.661461293697,0.610502898693
2064,-0.444402039051,-0.183035045862,-0.124400004745,0.801599979401,-0.715463161469,0.309617877007
65123,0.864938676357,0.16085126996,-0.2200999856,-0.010399999097,-0.434420466423,0.42626708746
5986,0.281720846891,-0.979897975922,0.646899998188,-0.601099967957,1.22529625893,-0.469317287207
85377,2.38137459755,3.07427024841,-0.936649978161,1.46125006676,0.627517521381,-0.0897225290537
9903,-1.30348658562,2.45332121849,-1.68490004539,0.790700018406,-0.711505532265,2.59892749786
7088,0.373346805573,-1.23094701767,-0.816200017929,1.53384995461,-0.023858807981,0.196572035551
22796,0.291889131069,0.637007057667,0.614399969578,0.494249999523,0.655772924423,-0.00504997372627
51116,0.898350119591,1.73949599266,-0.195500016212,0.229049995542,1.84138691425,0.527300000191
54442,1.77469134331,0.284237384796,-0.604250013828,1.91229999065,0.355449140072,0.748176336288
10695,0.170334458351,4.82943534851,0.516900062561,1.35689997673,1.64690732956,1.15429782867
102,0.314496338367,0.24052259326,0.622799992561,0.0063000023365,-0.363247394562,-0.285749614239
965,-0.149465024471,1.64481520653,0.666150033474,0.0790999978781,2.76557207108,-0.37346303463
3800,7.09374380112,-0.0216847658157,-0.441749989986,-0.0882499963045,-1.37757825851,-0.00298246741295
10362,2.84403371811,2.42633104324,-3.06105017662,2.00995016098,-0.0339244231582,0.413071930408
5300,0.618100643158,1.28315901756,0.278699994087,0.773000001907,-0.0186092555523,-0.104513645172
8270,5.92412614822,3.58862900734,-1.07605004311,-0.709550023079,-0.6171413064,-0.749415516853
27242,0.52247262001,-0.502403020859,0.453100025654,0.451649993658,1.10706627369,-0.0756442546844
9928,-0.46126639843,6.1119799614,-1.12055003643,-0.561250030994,-0.461254328489,-0.0408543050289
1534,-1.85355317593,3.58267879486,-0.671200037003,-0.661399960518,0.345363676548,4.10297870636
5654,-1.16405963898,-0.937370955944,1.29594993591,-0.230599999428,-0.337739318609,0.133147194982
10810,-1.2277777195,-0.406493633986,-0.422150015831,0.439399987459,-0.219607293606,-0.0858704149723
7105,0.535091340542,1.47897863388,0.148949980736,1.20729994774,0.77974575758,0.166363567114
23014,-0.223303675652,-0.734637975693,-2.34549999237,0.538950026035,0.503835856915,0.763642132282
55012,-7.30431747437,-3.28582787514,-0.258750021458,-0.422899961472,-0.330860227346,-0.443845391273
2887,1.55125594139,-0.217821240425,1.27014994621,2.16195011139,0.651015400887,0.740464091301
9183,1.03166115284,-0.987321078777,0.117600001395,0.142349988222,-0.320108622313,-0.606064975262
11151,1.32895445824,0.211732715368,0.149599999189,-0.813650012016,-0.651202976704,0.323823392391
7511,-1.84566926956,0.353348314762,0.308250010014,-1.59220004082,-1.37776494026,-0.961640834808
10046,2.11081266403,4.62683582306,-0.20569999516,0.0383500158787,-0.295683562756,-0.237068414688
1829,-0.543327987194,-0.710020184517,0.0501500070095,0.0747499912977,0.66557431221,2.52322053909
11000,2.01959180832,-0.111734718084,-0.637900054455,1.40590000153,1.74303627014,-0.24069263041
976,-0.494723945856,2.74551296234,-0.00100000202656,1.32369995117,0.774229764938,-0.790790379047
3597,0.879408478737,0.913808226585,0.629400014877,1.60920000076,1.44094276428,-0.620289325714
178,-0.30891597271,3.60733127594,0.586650013924,-0.846899986267,1.83494949341,-0.920347869396
2625,7.3406829834,0.31890925765,2.36230015755,-0.772349953651,0.44839605689,0.401635468006
6119,0.294621169567,-2.20208644867,-0.547250032425,-0.38014999032,-2.19867086411,-0.386343508959
26136,-0.798353672028,-3.3885717392,-0.269400000572,-0.257100015879,0.619859814644,0.0128514319658
6697,0.211041480303,1.53221452236,-0.341899991035,0.753949999809,2.35696935654,0.471058428288
5971,3.65887570381,1.99901819229,0.248599991202,4.86199998856,2.77438950539,2.86527562141
22934,-0.186727955937,-0.544196128845,0.0935499966145,0.233649998903,-0.884844899178,-0.567568898201
9289,0.609687268734,-0.0492818206549,0.359449982643,0.276099979877,1.00645589828,-0.552019774914
4931,0.515597581863,-0.731641709805,0.00165000010747,-0.988799989223,0.940203785896,0.0050659943372
4200,2.1925599575,0.101285457611,1.7430999279,0.70450001955,-0.987457990646,-0.406365305185
93594,1.20425033569,0.97612798214,0.895500004292,1.50390005112,0.456869482994,-0.668631911278
5982,2.10234737396,1.06071937084,-0.583099961281,0.500800013542,0.155903741717,0.0804707705975
26520,-1.25946724415,-4.10211086273,-1.7621999979,-0.926550030708,-0.473338961601,-0.573670148849
4998,0.0101989358664,-0.615907728672,0.644800007343,1.02744996548,0.927353739738,-0.21754860878
10038,-7.38510847092,0.324842631817,-1.78250002861,-1.06470000744,-4.59131526947,-0.139519155025
60493,-1.12470316887,-0.197306483984,0.038899987936,0.489349991083,-0.308589458466,0.0615281239152
51495,1.14918625355,-0.763105511665,-0.375200003386,-1.48119997978,-0.580388784409,-0.223534911871
4482,0.479242384434,0.587353765965,-0.0916500091553,2.46195006371,-0.512430787086,0.552458703518
23224,0.537019133568,0.917854368687,0.00164999812841,0.444649994373,0.561196923256,-0.606814622879
9690,-1.91089975834,0.973468780518,-1.23670005798,-0.0189999938011,-0.220822200179,-0.0886381417513
80212,-2.91135811806,-0.665071725845,-2.50044989586,-3.58084988594,-0.514637708664,0.036700412631
29928,1.74807882309,0.240682736039,3.25640010834,2.66954994202,1.52786099911,0.270985066891
22809,-0.490750849247,-6.65209960938,0.0300999879837,1.77195000648,0.257597208023,-0.650644421577
50814,-1.82650649548,-1.24488770962,1.18900001049,-1.23350000381,-0.855437278748,0.173954442143
55256,-6.52613592148,-2.75437498093,-0.758049964905,-1.51310002804,-0.215928718448,-1.10832977295
56997,-0.136374115944,-1.59478402138,-0.349299967289,-2.36645007133,-1.47238016129,-0.468688935041
81544,-0.021131940186,-2.86870241165,0.617449998856,-1.01725006104,-0.311760395765,-0.0586101561785
6894,1.73808479309,0.755231440067,-0.36155000329,-0.791949987411,-0.241137415171,-0.0106503814459
64080,-0.498696684837,-0.352266967297,4.07975006104,-0.35490000248,0.461304545403,2.51463294029
55818,1.57786560059,-0.167011484504,-0.687150001526,-1.18700003624,-2.11943650246,-2.87536287308
637,-2.95332765579,-0.306116253138,0.858250021935,-0.415000021458,-0.686349213123,0.156590253115
22823,-0.800410747528,-0.589366674423,-0.560500025749,-1.04704999924,-1.32746481895,0.333311915398
5287,-0.739562571049,0.694649577141,-0.602900028229,0.611500024796,-0.670212566853,0.348837792873
91137,-5.80806303024,-0.170866906643,-0.578750014305,-0.318350017071,0.160999134183,-0.131895184517
23097,1.07652747631,0.62293368578,-0.0221000015736,1.03629994392,0.361858665943,1.15293765068
9851,0.329855680466,0.233851462603,0.462050020695,1.75839996338,1.45804297924,1.04201996326
23522,-1.0729585886,-0.912707746029,-0.289999991655,-0.974300026894,-0.658315300941,-0.0420132279396
1123,-1.71508586407,-1.06707406044,0.765399992466,0.519150018692,0.406538575888,-0.581135690212
5603,2.19993829727,0.215199261904,0.587249994278,0.73374992609,-0.601333737373,0.403188943863
51569,-6.8932723999,-0.5277967453,-0.129999995232,-0.700500011444,-0.763723373413,-0.366721242666
55699,-2.05563497543,-2.83763217926,-0.411249995232,-0.475400030613,0.36227875948,-0.763519763947
2624,1.97059643269,-0.41660836339,-1.34929990768,0.347649991512,1.35190522671,-0.230224221945
8204,-3.25442099571,0.376627326012,0.283399939537,-1.20805001259,0.589047312737,0.305357843637
9133,-0.432622015476,-1.33741438389,1.10909998417,0.317199975252,-0.693284988403,0.285896509886
10921,1.16059756279,0.907517075539,-2.32394981384,0.0010000000475,-0.76372051239,0.213045299053
51742,-3.96432185173,0.067396491766,-1.28830003738,1.47905004025,-0.553230285645,-0.121099069715
2954,1.37136900425,-1.71263861656,0.195700019598,0.632699966431,0.2383428514,-0.51194190979
27244,-1.72615695,3.92287659645,0.442299991846,0.873350024223,-0.752248108387,0.0628904551268
23013,-1.27206015587,1.50329613686,-0.787649989128,1.51994991302,0.495039820671,0.623399615288
8050,2.87759828568,-0.28379714489,0.774550020695,1.2881000042,-0.0878747105598,0.23568405211
79961,3.04948186874,0.550265967846,3.26830005646,0.694849967957,-0.0286708474159,0.295152395964
2017,-2.08335614204,1.58465981483,-0.08394998312,0.564899921417,0.165298223495,0.231704205275
55148,0.860701441765,-0.376917630434,-2.52260017395,-1.05589997768,-1.58054661751,0.0868232473731
960,1.31288659573,0.410862267017,-0.229200005531,-0.0201999992132,0.683151483536,-0.473888754845
10451,6.00110197067,7.74018335342,0.520449995995,1.43459999561,1.94612634182,0.987486362457
57406,2.17609548569,0.281373441219,1.6656999588,0.231399998069,0.286862879992,0.465406775475
51719,-2.5803437233,-1.30062234402,-0.950200021267,-1.47704994678,-2.01029634476,-0.357983529568
7074,6.8905081749,0.353875696659,-0.800350010395,0.0803999900818,-1.5467492342,-1.25923347473
10059,-6.56648588181,-1.95143640041,0.23884999752,0.26240003109,-0.249502956867,0.0557961463928
51071,0.941865205765,-1.59478473663,0.439549982548,-0.642350018024,0.919658958912,-0.687274873257
5796,-0.517688393593,-2.08678650856,0.714900016785,-0.86779999733,0.629924416542,-1.26938033104
55008,7.5710682869,1.65294206142,1.04135000706,4.94864988327,-0.908572554588,0.0224432945251
23597,-6.27839422226,-1.85333442688,4.4404001236,-0.32310000062,-0.727216720581,0.520125031471
8869,3.30437707901,0.931536734104,0.0843000113964,0.250849992037,-0.564449250698,0.215193778276
8727,0.71591758728,-0.817262768745,-1.42065000534,0.0280000120401,-0.963500261307,-0.0289926752448
63874,-0.487150996923,0.526686191559,0.775099992752,1.49565005302,0.408222556114,-0.53545165062
8821,1.35227310658,-0.00707912445068,2.43359994888,-0.739849984646,0.985666513443,-0.158554792404
57178,-0.211466759443,-0.685873091221,0.00135000003502,-1.34940004349,-0.647455334663,0.299041628838
5468,5.14402008057,1.72767865658,0.050699993968,0.536800026894,1.35083472729,0.167967572808
10557,3.35425329208,2.79171943665,1.82655000687,0.0229499936104,-1.38144302368,-0.0609030723572
831,-0.884209156036,-2.4024617672,0.342949986458,-1.08735001087,0.676281452179,-0.434793382883
9531,0.666087627411,-0.179062590003,0.657050013542,2.07800006866,-0.30543166399,0.378036469221
2767,-0.141986787319,-0.23735357821,-1.67980003357,0.124849997461,0.706505835056,-0.2421028018
1861,1.65337991714,-2.44559383392,1.17604994774,-1.64180004597,-0.174190580845,-0.228671640158
10165,1.22357869148,0.91686886549,-0.0768499970436,-0.412900000811,-0.205642879009,-0.0927318185568
7106,0.326874494553,-1.33506643772,-1.81149995327,-0.422349989414,-1.01200830936,-0.232191860676
2908,-0.807824075222,-0.0899842083454,1.19860005379,3.20045018196,2.62407779694,1.32482492924
57761,0.182360827923,-0.244063556194,0.0023499999661,0.167549997568,1.134090662,0.298783361912
23338,-0.370044976473,0.263421475887,0.0647499859333,-0.230999991298,1.11353576183,0.12166365236
7852,0.542258143425,-0.0564723610878,0.549850046635,0.546400010586,-0.705429077148,-0.337786257267
55033,1.88133907318,-1.2003467083,-1.57225000858,1.03409993649,-0.619859218597,-0.425050467253
57019,-1.31131315231,0.0378719270229,-0.312299996614,-0.650749981403,-3.50957345963,0.0430624037981
91949,1.5854588747,-0.147112160921,0.685549974442,-0.274850010872,0.302164107561,0.0356741324067
84617,1.18071365356,-7.78758811951,0.58544999361,-0.258350014687,-0.36223590374,-0.643432855606
25,-0.286868274212,0.763538002968,-0.371049970388,2.04314994812,0.151310324669,1.27167272568
899,1.0305724144,1.48381173611,-0.912649989128,0.190049991012,-0.388903796673,-0.119622632861
79850,0.858454585075,-0.993197858334,3.11500000954,0.0196499824524,1.54330897331,0.511925876141
51466,-0.0836458802223,0.00437393039465,-0.483650028706,1.24764990807,-0.135760888457,0.231891334057
2852,3.77022171021,4.66598701477,-0.10419999063,0.656099975109,2.14267063141,1.96894907951
55837,-1.10210824013,-1.92072224617,-0.395749986172,2.0680000782,-2.11986660957,-0.62249994278
2131,1.20941770077,-4.23085975647,0.337899982929,0.835100054741,0.850160419941,-0.999062418938
5427,6.7791352272,0.0683884322643,0.987050056458,0.224899977446,-0.0463564991951,1.36252844334
25966,-0.472883880138,-0.570952355862,-1.36094999313,0.187149971724,0.313437521458,0.0241411104798
55608,-0.322642743587,0.342896848917,-0.448249995708,-0.0457499921322,0.30934497714,0.0679885670543
1662,-0.50559926033,-0.584340214729,0.0215499997139,0.825850009918,-2.53764772415,-0.505577921867
9702,-0.0814723223448,-1.16873252392,0.951250016689,-0.365949988365,-1.57425928116,0.553103208542
11031,-0.117939069867,0.0428373217583,0.144500002265,0.0891499966383,-0.118345946074,-0.281590551138
10057,0.689277887344,-0.230247139931,-1.31309998035,-0.571550011635,2.42441320419,-0.427957475185
5985,0.610547661781,-1.26524353027,0.227849990129,0.228699997067,-0.458665251732,-0.112254418433
3280,1.68610966206,-0.182027772069,-0.512849986553,-0.224500030279,-0.615464627743,-0.475190520287
55958,-0.537930369377,-1.71502590179,0.254099994898,0.41249999404,1.16229403019,-0.0133862197399
51465,1.28030109406,0.936195015907,1.31119990349,0.0270499996841,0.530476510525,0.401126563549
2542,-0.000607848167419,1.28708326817,-1.11400008202,1.13569998741,-0.407969415188,0.551000237465
10641,1.16610074043,0.82711315155,0.870700001717,-0.0724499970675,2.14557695389,-0.290559589863
11137,1.34281134605,-1.43113589287,0.311399996281,0.772000014782,0.0571952536702,-1.43771803379
9842,0.445964604616,-0.740406632423,0.0339500010014,0.435599982738,0.901307940483,0.277640223503
10493,-2.24083662033,-1.64428174496,-2.07294988632,-1.07025003433,-1.24299573898,-0.470366150141
10112,2.14275097847,0.504733860493,-0.134799987078,0.702549993992,-1.01931405067,0.212537705898
1001,6.51605653763,3.85510826111,0.576050043106,-0.684000015259,0.231176316738,0.0108602177352
23635,-0.557973027229,2.97951841354,0.537200033665,0.933699965477,-1.29962182045,-0.480371206999
29916,0.61009311676,3.47653341293,-0.862800002098,3.36595010757,-0.179730325937,0.0108192991465
2810,2.84479117393,3.25099277496,-1.29974997044,2.45749998093,0.450849920511,0.47879242897
5993,1.31926143169,3.99476099014,-0.92634999752,0.735400021076,1.04090833664,0.129384696484
11142,0.164630442858,-4.60324668884,0.808349967003,-5.33645009995,0.230464696884,-1.03137636185
79187,0.217315524817,-0.554139614105,0.141550004482,0.778550028801,-0.0798178315163,-1.12254536152
51382,1.38002097607,2.00597500801,0.479149997234,1.8368499279,-0.060541793704,-0.668407380581
8318,0.354300141335,0.0388693958521,0.335850000381,0.0297000110149,0.810119986534,-0.166697368026
9695,0.358102053404,1.13791406155,-0.499099999666,-0.450950026512,0.336625993252,-0.625101983547
9712,-0.835704386234,-0.800971210003,-0.730849981308,0.6195499897,-0.164557933807,-0.20244191587
64943,1.53380250931,1.15833258629,0.196650013328,1.76815009117,0.656382620335,0.207022681832
9738,-1.11363983154,2.69012594223,0.135350003839,-0.989250004292,-1.13702762127,0.303010463715
6793,0.388490080833,-0.415891677141,-0.583649992943,-0.971050024033,-0.412892729044,0.45893189311
7358,-5.72707223892,-0.39245557785,-0.101000003517,-2.39345002174,-0.260135293007,0.51898676157
58472,-0.254090577364,0.123807385564,0.620599985123,-0.345400005579,2.00783157349,0.0296596363187
50865,-1.64424347878,-2.22973442078,-0.75444996357,-0.26755002141,0.214463695884,0.913371801376
23200,2.54986429214,1.28530573845,0.434449970722,0.700250029564,0.786356568336,0.840014398098
51293,-1.44533872604,-0.012760579586,-0.932850003242,1.76329994202,0.529561519623,0.220077231526
10962,2.04672288895,1.91273546219,-0.173800006509,1.22460007668,-0.224232286215,0.366407990456
10153,0.217327475548,0.411707192659,-1.29834997654,-1.10045003891,0.537136435509,-0.482495516539
874,-0.19563357532,-0.17487950623,0.504899978638,-1.56010007858,3.22823619843,-0.150706902146
