rid,CPD003_MCF7_6H:BRD-K81001086-236-01-2:10,CPD003_MCF7_24H:BRD-K81001086-236-01-2:10,CPD003_PC3_6H:BRD-K81001086-236-01-2:10,CPD003_PC3_24H:BRD-K81001086-236-01-2:10
5720,-0.0384500026703,-0.0129167763516,0.130718395114,-0.0659500062466
466,0.426750034094,-1.40071082115,0.0797224938869,1.44920003414
6009,-1.61014997959,0.00361044704914,0.538126587868,1.57550001144
2309,-0.513650000095,-0.20565675199,0.144634217024,-0.294449985027
387,-0.604449987411,0.214084655046,0.14384996891,-0.983799993992
3553,0.797350049019,0.384279608727,-0.0985419526696,0.544600009918
427,-0.251850008965,-0.555309355259,-1.06683766842,-0.444999992847
5898,1.26979994774,-1.27971088886,0.903087735176,0.244550004601
23365,0.203199997544,0.409765928984,0.0290162563324,0.0289999991655
6657,-0.402400016785,-0.180692896247,-0.161830559373,-0.160199999809
5054,-0.973299980164,-0.232146829367,0.737428188324,0.24920001626
3108,0.368400007486,-0.219605267048,0.398396134377,-0.249650016427
1950,-0.553600013256,-0.0480390712619,-0.785331130028,-0.574699997902
351,0.38244998455,-0.579380214214,0.65948933363,-0.395000010729
4846,0.462900012732,-0.808347761631,1.94450080395,0.297049999237
1452,-0.858600020409,0.226115584373,-0.372586607933,0.604050040245
4776,-0.145249992609,-0.120144888759,-1.01751089096,-0.143050000072
6908,-0.504549980164,0.594713807106,-0.302102655172,-0.11470001936
672,0.405149996281,-0.0103876516223,0.0196168124676,0.238950014114
5710,-0.392749994993,0.650644183159,0.870548009872,0.65340000391
2115,-0.715799987316,-0.147674024105,-0.319291591644,-0.309150010347
7015,-0.510699987411,-0.308690756559,-0.990873277187,-0.32175001502
8726,0.738749980927,-0.467115551233,-0.278732150793,-0.659150004387
2185,0.468150019646,-0.0008734613657,-0.684569835663,-0.287800014019
3315,-0.0010000000475,0.183942750096,0.540612459183,-0.0879999995232
5289,-0.00444999989122,0.168798238039,-0.49100959301,-0.0534499883652
868,0.0319000184536,-0.179368793964,-0.0613513663411,-0.247250005603
1677,-0.260150015354,0.665793418884,-0.252525120974,0.211849987507
7043,1.07500004768,0.685126781464,-0.157642960548,-0.0283500105143
5613,0.395600020885,-0.483577251434,0.639487862587,-0.271250009537
595,-0.585550010204,0.545283675194,0.886306226254,0.546599984169
4793,-0.353950023651,1.46469402313,0.441296428442,-0.0197000056505
2736,0.656649947166,1.09730029106,-0.279372960329,0.0637499690056
5290,-0.63514995575,-0.272425115108,-1.30444014072,-0.935450017452
6194,-5.0,0.188678145409,0.832913398743,0.0
1676,-0.267749994993,0.161745220423,-0.462273716927,-0.434099972248
23512,0.268700003624,-0.604917705059,-0.204922378063,-2.37190008163
148022,0.56299996376,0.494559377432,1.64966964722,0.11985000968
1906,0.943799972534,0.517254173756,-0.0192436873913,-0.0196000039577
8878,-0.286650002003,0.323110878468,0.478153824806,0.700200021267
3091,0.218849986792,-2.2921769619,-0.823284626007,-0.14435005188
5743,-0.69344997406,0.624227285385,2.5162460804,-0.445100009441
5321,0.0591999962926,-0.599589467049,-1.07202458382,-0.614749968052
4144,-0.739099979401,0.336491048336,0.303109526634,0.138450026512
1981,0.28069999814,0.558474838734,0.708747982979,-0.722299993038
695,-0.557900011539,-0.00568953529,0.835638105869,0.0930999964476
10398,0.576099991798,-0.0663803964853,0.277764707804,0.478300005198
5708,-0.0010000000475,0.0751762241125,0.0626017302275,-0.0920500010252
1213,-0.254449993372,-0.290714800358,0.515394330025,0.269900023937
226,-0.212899982929,0.929759144783,0.939951062202,0.676999986172
6777,-1.32389998436,-0.492624282837,-0.391689658165,1.4117000103
2113,0.625550031662,-0.348273485899,0.249620422721,0.260850012302
3329,0.535750031471,0.477801650763,0.409066855907,1.00304996967
1050,-0.629299998283,0.131266385317,-0.334012150764,-0.127900004387
9491,-0.465399980545,0.153788626194,-0.885467886925,-0.0750000029802
22926,0.75235003233,0.291633635759,0.276315271854,0.400499999523
5899,0.151450008154,0.432787805796,1.01146602631,-0.390299975872
5467,0.160549998283,1.41670668125,-0.0163868963718,1.54670000076
6774,0.126699998975,-0.59533983469,-0.745569169521,-0.42515000701
1788,-0.215549975634,-0.0473231747746,-0.587201714516,-0.175249993801
5921,4.8109998703,0.673794567585,0.228217020631,0.12309999764
5721,-0.0313499867916,0.863357365131,1.01531004906,0.348949998617
2263,2.56060004234,-0.60810226202,-0.965702474117,-0.428200006485
808,-0.883050024509,-0.499762564898,-1.19117426872,-0.306450009346
30001,-0.627550005913,-1.00755763054,0.582407593727,0.960250020027
348,-0.133050009608,2.09828972816,0.260426968336,-0.0179499983788
30849,-0.167049989104,0.442877262831,0.122889399529,0.120999999344
1454,-0.094600006938,-0.0857580155134,0.142675206065,-0.0354499816895
6500,-0.0528500042856,0.527776122093,0.289034277201,0.619100034237
5627,5.0,-0.175606563687,0.226806342602,0.482499986887
5715,-0.675499975681,0.969803154469,1.3732419014,0.724649965763
4791,4.66275024414,0.296057313681,5.14883041382,0.123200006783
56924,-0.738250017166,-0.344428122044,0.411053657532,0.407900005579
2690,3.21795010567,-0.637857556343,4.03451395035,0.822549939156
1019,0.60664999485,-0.908903419971,-0.619989275932,0.160499989986
51422,0.432399988174,0.0325116105378,-0.1853992939,-0.251899987459
5788,1.22625005245,-0.282623648643,-0.420926123857,0.287450015545
6709,-0.534449994564,0.146840080619,1.40573227406,0.501549959183
1277,3.73659992218,-0.952081978321,-0.020645532757,0.160299986601
993,-0.875200033188,0.0915585458279,0.203002810478,0.541850030422
7157,-0.159500002861,0.588431835175,0.285207659006,0.535049974918
1958,-1.7093000412,-1.1787147522,0.314934670925,-0.0835500061512
4582,0.133550003171,0.198876947165,-0.137623220682,0.120849967003
9212,-0.115949995816,0.779442489147,-0.511637628078,-0.517500042915
8440,-0.533250033855,-0.115930229425,0.0518709234893,0.197849988937
6790,0.014599993825,1.02566194534,0.132670253515,0.475400030613
8851,-0.621450006962,-0.662676930428,2.77243947983,-0.150250002742
2534,0.314199984074,-0.432111352682,-0.0718374550343,0.755150020123
4893,0.620900034904,0.237917423248,-0.637125432491,-0.220999985933
665,-1.1237000227,-0.0497983321548,0.571072220802,0.656399965286
4313,-0.338549971581,0.0146849453449,-1.30480754375,-0.812449991703
1022,-0.0348500050604,-0.105979785323,0.709103405476,-0.840700030327
5880,-1.76114988327,1.23549258709,1.80039012432,0.101350001991
3162,0.159399986267,0.563517987728,0.31029984355,0.939350008965
1282,0.125100001693,-0.19427742064,0.0602819621563,0.0656999945641
3383,0.130500003695,0.505247712135,-0.290473818779,-1.16050004959
727,-0.540499985218,0.538076519966,-0.0273108184338,0.210150003433
4792,-0.819900035858,0.5496057868,0.549759149551,0.37935000658
4794,0.0748499929905,1.32031190395,0.0553741231561,0.545650005341
902,-1.38370001316,0.800148844719,0.231835484505,-0.715149998665
8091,-0.16249999404,-0.672878563404,0.675373375416,0.0382000058889
3486,0.005900003016,-0.482674121857,0.500898838043,0.822350025177
10818,0.819350004196,0.94856017828,0.750537157059,-0.0663499832153
3454,-0.260500013828,0.212933793664,-0.0887389853597,-0.309349983931
4282,-0.0205000042915,0.198700100183,-0.195709422231,0.569900035858
1605,-0.477600008249,0.535672783852,0.837076306343,-0.430800020695
10644,-0.95064997673,0.448587924242,-0.98324406147,0.697000026703
2065,-0.119499996305,-1.40853273869,0.498982995749,0.463900029659
8321,0.0428000018001,0.0172816328704,-0.5980656147,0.0848000049591
8503,-0.569249987602,0.165345281363,-0.454292595387,-0.0789999961853
7027,-0.40134999156,-0.06105177477,0.595541238785,0.819800019264
6850,-0.227749988437,-0.295183300972,-0.588922202587,0.0644500032067
1978,-0.465400010347,0.00489424169064,1.14745283127,-0.0454000011086
896,0.876300036907,0.666560590267,-0.207674771547,0.085250005126
5777,-0.819999992847,0.436024367809,-0.690888106823,0.227750003338
1846,-1.06159996986,0.959122121334,0.687882781029,0.857649981976
5925,0.793699979782,-0.0481181330979,-0.352264195681,0.961599946022
142,0.444550007582,0.951959013939,-0.647575855255,0.517849981785
1021,5.24174976349,0.456554293633,0.122166633606,0.0324000120163
5699,0.339550018311,-0.142492517829,-0.241236716509,1.09545004368
8061,-0.0748500078917,-0.67178350687,0.556243479252,-0.0988000035286
1870,-0.332749992609,0.893084287643,-0.70013064146,-0.766049981117
1398,0.719749987125,0.78144723177,1.4849486351,0.227800011635
3312,-0.410649955273,-0.717839598656,0.195933863521,0.397650003433
891,0.655699968338,0.199394404888,0.78604054451,-5.49219989777
4775,1.09350001812,2.90687203407,0.00616854429245,-0.518450021744
5111,0.751600027084,-1.4784976244,1.07328653336,-0.337599992752
5696,0.152199983597,-0.0896578133106,1.01059126854,-0.195849984884
5588,0.543449997902,1.26424980164,-0.225336581469,-0.620199978352
6839,-0.0925499945879,0.682421147823,0.261408418417,-0.868349969387
329,0.244499981403,0.325504004955,1.52663421631,-0.541499972343
5058,0.117550000548,-0.436513900757,5.87699127197,-1.26510000229
998,-0.742650032043,-0.209697380662,-0.276951640844,0.400600016117
9134,-0.0133500099182,-0.995140731335,-1.11625981331,-0.751249969006
6616,-0.369349986315,1.06499934196,-0.772426128387,-0.928749978542
5223,0.130649998784,-1.05386221409,1.13292360306,0.331950008869
4690,-0.0117500126362,-0.180173203349,-3.10179424286,0.715550005436
958,-0.21439999342,-0.632652640343,-0.441399544477,-0.702849984169
1616,-1.0,-0.594204366207,0.665461063385,1.06554996967
991,-10.0,-0.272486060858,0.00258625345305,-0.00065000000177
6347,-0.729400038719,0.200035274029,-0.885975420475,-0.697899997234
6714,0.702250003815,0.576911330223,-0.0635131150484,-0.515200018883
652,1.11379992962,-0.43878147006,-0.163597345352,0.0540499687195
4331,0.0799999982119,-0.190394192934,0.291197746992,0.762700021267
7099,-0.646299958229,0.0733584314585,-0.94132912159,-0.911199986935
10320,0.967550039291,-0.502059578896,-0.730693697929,0.0864000022411
2042,0.851649999619,-0.272872388363,0.203323721886,-0.606999993324
843,-0.182799994946,-0.152829140425,-0.718098223209,-0.592199981213
840,1.17409992218,-0.545593798161,1.60847258568,0.138400003314
7048,1.42250001431,-0.175191760063,1.56183886528,-0.0629000067711
4851,1.03869998455,0.821822822094,0.208152264357,0.114349991083
6464,0.44580000639,-0.353205323219,-1.08113026619,-0.220599994063
23410,0.380150020123,0.463348418474,0.0152592658997,-0.664299964905
54205,0.492349982262,-1.54605841637,0.412256896496,0.157700002193
2770,0.643999993801,-0.338314324617,-0.330230534077,-0.916750013828
80204,-0.303750008345,-0.0779744163156,-0.392560690641,0.325149983168
4208,-0.0370999872684,0.741412639618,0.241188824177,0.415100008249
1845,-0.832499980927,0.365529477596,-0.210526838899,0.468450009823
23368,0.969550013542,-0.196531221271,0.254872173071,-0.201950013638
5583,0.892250061035,-1.13679659367,-0.748134493828,-1.40520000458
8900,0.352500021458,0.196925878525,0.182449042797,-0.430150002241
581,0.419499993324,0.938915848732,1.89866447449,1.52340006828
6193,-0.546450018883,-0.23826700449,0.36655151844,-0.114549994469
6622,0.389599978924,-0.221062242985,-0.665284216404,0.00279999990016
11261,0.444150030613,0.144011005759,0.221769928932,0.797649979591
6696,-0.238799989223,-0.0105860885233,-0.68746972084,-1.52629995346
8312,0.831050038338,0.0423819944263,0.291313320398,0.205749988556
835,-0.0209500007331,0.709872841835,1.01482796669,0.318049997091
8324,0.044799990952,-0.128135591745,-1.74506592751,-0.932700037956
1848,-0.264699995518,-0.306711524725,-0.113041996956,-0.252149999142
154,-0.737900018692,-0.269386470318,0.035470623523,-0.687350034714
4312,0.0732499957085,-0.0579116567969,-0.543350934982,-0.517650008202
994,-0.550800025463,-0.84187567234,0.783642053604,-0.133749991655
2048,0.382550001144,4.66451120377,0.147742956877,-1.1018999815
1111,0.455799996853,-0.423277199268,0.135489761829,0.164450004697
5154,-0.99304997921,0.508534550667,0.668761253357,1.07309997082
2920,0.830799996853,0.293433666229,-0.0143292397261,-0.00400000810623
3122,-0.413050025702,-0.36663120985,-0.849529981613,0.795399963856
2769,-0.0447999835014,0.0534819625318,-0.8034029603,-0.368699997663
5900,-0.44010001421,-0.502594828606,0.390707701445,-0.541649997234
6304,0.0517999976873,-0.619729101658,-0.661303520203,1.54954993725
5211,-0.0275500044227,0.70806658268,0.0221534371376,-0.132499992847
2886,-0.817250013351,-0.663412153721,-0.373044490814,-0.664449989796
9261,-0.779949963093,1.14153075218,-0.104021213949,0.812550008297
8569,-1.12514996529,-0.0699770897627,-0.549098789692,-0.913749992847
3303,-0.271549999714,-0.293613880873,0.296675145626,-0.185550004244
5331,-0.891299962997,-0.022608358413,-0.125694289804,0.0240499973297
5347,0.312900006771,0.504503011703,0.28678047657,0.539600014687
4638,-0.0223499909043,1.1750150919,-0.0413602627814,2.25164985657
2264,-1.23410010338,1.31849062443,0.0864348262548,0.452050000429
1029,-2.28649997711,-0.0904442667961,-0.439448207617,-0.0253000259399
1027,0.31510001421,0.0107331974432,0.832703232765,1.70640003681
2597,0.0,-4.84278898512e-05,-0.0559718050063,-0.00065000000177
55847,0.420049995184,0.483467906713,1.22318947315,-1.6194999218
25803,-0.275050014257,0.560909092426,-1.01029706001,-0.0829000025988
3480,0.0432499945164,0.697516441345,-0.00768023729324,0.144550025463
2946,0.153149992228,-0.180506616831,-0.496737778187,-1.02025008202
9517,-0.325500011444,1.35000658035,0.215676248074,0.784850001335
25987,-0.612749993801,0.97304058075,-0.215231508017,-0.0908500030637
23670,-0.0411999821663,0.0779160037637,-0.425075829029,0.0396999977529
11182,-0.0234500020742,0.652649223804,-0.347214996815,0.36384999752
2146,0.0647999644279,-1.09489476681,0.220832109451,-0.322649985552
3385,0.967300057411,0.560440421104,0.864979624748,1.04935002327
5261,0.271400004625,-1.18689441681,-1.30576729774,-0.876999974251
10765,0.202149987221,-0.000564686954021,-0.905216217041,0.344449996948
25839,-0.877050042152,1.99137187004,0.247969508171,0.932449936867
4172,-0.320999979973,-0.896926820278,-1.58277928829,-0.179649993777
23161,-0.326150000095,-0.599351406097,0.0248451828957,-0.299499988556
10298,-0.242150008678,0.225260525942,0.865105330944,-0.0944999977946
1802,-0.683600008488,0.337948083878,-0.355580300093,1.05145001411
58533,-0.54154998064,0.564465045929,0.850875496864,0.431349992752
147179,-1.23399996758,-0.472384959459,-0.679670095444,0.097050011158
29937,-1.14569997787,-2.39285135269,0.605367958546,0.952350020409
6184,-0.595400035381,0.033871665597,0.761692345142,0.264250010252
9854,-1.05715000629,-0.0696970298886,-0.736006259918,0.324549973011
2553,-0.255650013685,-0.353374958038,-0.83609187603,0.543550014496
5440,0.850349962711,-1.29611599445,0.199711918831,-0.220750004053
54623,0.593949973583,0.471295833588,0.384407222271,0.88539993763
9533,-0.52974998951,-0.0440572947264,-0.927592873573,-0.888000011444
8607,-0.545700013638,0.332117795944,-5.39145088196,-0.718599975109
207,-0.00105001032352,-0.343086749315,0.671650469303,-0.146849989891
26054,0.635800004005,0.0263746827841,0.36163008213,0.327849984169
10682,-0.132950007915,0.524489939213,1.18398094177,0.854400038719
8573,-0.600199997425,-0.307721734047,-0.0800790116191,0.404449999332
23378,0.0366499945521,0.277655571699,1.08858108521,0.429100006819
8553,0.759450018406,0.344518721104,-0.0123189389706,0.438399970531
622,-0.628949999809,0.839863657951,0.269786804914,-0.106150016189
9467,-1.3015999794,-0.939732670784,0.117536939681,-0.57564997673
5525,0.388999998569,0.25940617919,0.0521681159735,1.01324999332
256364,-1.17215001583,-0.188833236694,-1.31697058678,0.108400002122
332,0.102949999273,0.356923282146,-0.362385362387,-0.301599979401
2058,-0.0458000004292,-0.149641960859,-0.599487602711,0.365499973297
7849,-0.419900000095,-1.13886666298,0.0621542781591,-0.257100015879
23244,-0.166400000453,0.152227640152,-0.0451169013977,-1.42820000648
7494,0.392799973488,0.381818801165,0.648116886616,0.129949986935
4836,-0.314599990845,-0.143637850881,-0.838610887527,-0.89234995842
23647,-0.384249985218,-0.395101010799,0.297826170921,0.5299000144
10617,-0.188899993896,-0.18225684762,0.0809809416533,-0.909550011158
2184,0.444649994373,0.628210067749,0.991845846176,-1.26964998245
5355,0.222099989653,-0.378615379333,1.90369129181,0.170399993658
6659,0.222600013018,-0.122096739709,0.385916769505,2.06965017319
7016,0.688749969006,-0.247365087271,-0.340809375048,0.14374999702
90861,-0.724799990654,0.508480846882,0.220100164413,0.474849969149
10670,-1.06980001926,-0.485575973988,-1.30151605606,-3.11744999886
79071,0.993900001049,-0.372505843639,0.0842585414648,0.0642499998212
64746,1.23195004463,-1.22206819057,-0.239744901657,-0.131199985743
5366,0.955950021744,0.194665431976,-0.466599076986,-1.21214997768
11344,-1.73860001564,0.17955262959,-0.891674935818,0.1100499928
10013,-0.201299995184,0.267912089825,-0.0623830482364,0.17769998312
5829,-0.472350001335,-0.32359701395,0.280075490475,-0.269349992275
5257,-0.57674998045,1.05659389496,-0.729072272778,-0.328049987555
22794,-0.829349994659,-0.56158798933,-0.791643023491,-0.169849991798
9761,-0.384949982166,0.872924625874,-0.251154214144,-0.310800015926
23326,0.392949998379,-2.74718141556,-0.476876854897,-0.0600000023842
10972,0.897599995136,0.0555777773261,1.22963380814,0.708299994469
10523,-1.02099990845,-0.583441972733,0.604700684547,-1.11345005035
79090,4.77589988708,-0.283569961786,4.96893024445,-0.971349954605
27032,0.334900021553,-1.26149833202,-0.65971583128,-1.06424999237
9097,0.0211500003934,-0.216032028198,0.55092728138,-0.385449975729
10513,3.67724990845,-2.50177288055,-0.35056784749,-0.15959995985
1891,-0.178799986839,-0.240411803126,-0.17342838645,0.175000011921
3066,0.0219000056386,0.944205760956,0.626819729805,0.0329500027001
9801,-0.231550037861,0.041124381125,0.0476663857698,-0.82959997654
1459,-0.320450007915,-0.949585199356,-1.22879230976,-0.713349997997
9703,-0.600899994373,0.215804725885,0.197837099433,0.692250013351
10606,-0.139649987221,0.396174699068,0.628309130669,0.289999991655
1017,-1.0352499485,-0.00522863958031,-0.73366945982,-0.882300019264
9813,-0.584900021553,-0.0591810122132,-0.352095484734,0.923049986362
7485,0.515399992466,-1.08929955959,-0.430512517691,-0.787299990654
2109,0.0793500095606,0.263179063797,0.748135328293,-0.517650008202
23271,0.428900003433,-0.629922747612,-1.4110789299,-0.469250023365
9915,-0.590550005436,-0.639705061913,-0.686410009861,-0.0811999961734
9552,0.477300018072,-0.560270547867,-0.195392727852,-0.203599989414
93487,-0.0867999941111,-0.705794095993,0.0527061223984,-0.282449990511
2956,0.346750020981,-0.536957621574,-0.0110966060311,-0.154050007463
11065,-1.35914993286,-0.0540258139372,-0.584390997887,0.29724997282
9653,-0.753699958324,-1.17102980614,-0.97347342968,-0.636849999428
200081,0.328700006008,0.390084505081,0.42041221261,0.0365999937057
3337,0.728250026703,-1.67436313629,-0.0282102078199,-0.318850010633
11073,0.94010001421,-0.188242644072,0.746325314045,-0.382249981165
23,0.13369999826,0.178326159716,-0.828778505325,-0.740499973297
5641,-0.705749988556,0.168154150248,0.284854829311,0.36669999361
8720,0.0176000017673,-1.71610403061,-1.18896496296,-0.490000009537
10782,-0.914100050926,-0.364858150482,-0.101425163448,-0.332750022411
25932,0.618749976158,0.48623585701,0.886517882347,-0.114149995148
3028,-0.54264998436,0.301820576191,-0.234902709723,-0.0164500176907
6804,-0.496599972248,0.022454706952,0.104215666652,-0.170300006866
890,0.850350022316,0.0783476084471,0.033072501421,-0.283399969339
6390,0.550149977207,-0.858645677567,-0.34579077363,0.383149981499
4303,-0.157949998975,-0.497286707163,-1.06000566483,-0.909350037575
10953,0.226949989796,0.371888458729,0.929515659809,-0.548649966717
22889,0.384199976921,-0.605438411236,-0.596039056778,-0.0249000042677
3098,-0.662750005722,0.699192583561,-0.10053037107,0.48964998126
11044,-0.158899992704,0.169972553849,-0.0689371079206,-0.910300016403
8985,0.723799943924,0.271798610687,0.837852597237,0.511849999428
66008,-0.010949999094,0.596703410149,-0.248345956206,0.938799977303
9217,-0.00490000098944,-0.367227911949,1.11015748978,0.620400011539
701,-0.660799980164,-0.381901502609,-1.02183234692,-0.634000003338
6182,-0.0023499999661,0.123613521457,-0.431275010109,0.174000009894
4860,-0.146250009537,0.337341964245,0.460868299007,1.07454991341
7398,0.644649982452,-1.23801076412,0.439339011908,-0.605500042439
6117,0.221000000834,-0.480887144804,0.519870877266,-0.767750024796
23588,2.46840000153,0.53911703825,0.19802775979,-0.411749988794
949,-0.319750010967,0.635422468185,0.946056485176,0.38789999485
7168,0.0395000055432,-0.42955583334,0.161617279053,-0.863200008869
9375,0.552399992943,-0.966646492481,0.141638368368,0.38244998455
4927,-0.357800006866,0.319858193398,0.532801389694,-0.260450005531
2523,0.844449996948,-0.18279287219,-0.908342123032,-1.01485002041
58497,-0.701249957085,-0.617168784142,-1.15241611004,-0.711250007153
6856,0.293300002813,-0.324391275644,-0.917602956295,-0.962650001049
26036,-1.51789999008,-0.578544020653,-0.994846582413,0.155500024557
10206,-0.234049990773,0.136530041695,-0.800352334976,-0.489349991083
25793,0.224950000644,0.604538619518,0.741006970406,0.380300015211
55556,-0.320200026035,-0.0765101835132,-0.46906259656,-0.634350001812
3978,-0.305649995804,0.529734611511,1.17025828362,0.53795003891
10681,-0.840350031853,0.273006349802,-0.590022206306,0.194649994373
3638,0.261950016022,-1.94893097878,-0.787791609764,-0.497300028801
8349,-0.0209000110626,-0.57027810812,-0.555407166481,-0.776100039482
6275,-0.322400003672,0.323967397213,0.4968495965,-0.50150001049
3895,-0.932000041008,-0.873364567757,-0.0975001305342,0.452149987221
392,-0.130750000477,0.805931091309,-0.42209392786,0.454749971628
9170,-0.443300008774,1.19894695282,-0.906417250633,-0.913149952888
80347,-0.617500007153,-0.286925524473,0.205468446016,0.0732499957085
23300,-0.177499979734,-0.701330184937,1.1240837574,-0.12475001812
836,-0.577450037003,-0.368733257055,0.680390298367,-0.564300000668
11188,-1.17970001698,0.245197445154,-0.64791983366,-0.423599988222
10898,-0.804450035095,0.80634111166,-0.843176960945,0.0641499981284
9276,-0.123450011015,-0.54418361187,-0.108721256256,-0.308800011873
1647,-2.81894993782,-0.692948997021,-0.367919385433,-0.666350007057
10285,0.601249992847,-0.133984595537,-0.117748737335,-0.224549978971
23386,-0.456450015306,0.883759021759,0.861865878105,0.532050013542
3156,0.468100011349,0.0758464857936,-1.43920230865,-0.601899981499
10237,-0.678749978542,0.595881819725,-0.154682606459,0.345050007105
7077,2.90604996681,0.0565375238657,1.07045507431,-0.693300008774
11157,0.608200013638,-0.170324519277,0.463037192822,-0.820799946785
22908,-0.262549996376,-0.221923917532,0.0579883307219,-1.04789996147
10915,-1.00119996071,0.607034564018,0.631913840771,0.835749983788
9897,0.628050029278,0.236380934715,-0.437481939793,-0.144199997187
1759,-1.36710000038,-0.0131016485393,0.158978924155,-0.0841000080109
54541,-0.586650013924,-0.209516718984,-0.946735143661,-1.43845009804
211,0.152000010014,0.782465934753,0.270360678434,-0.250099986792
5048,-0.0238499995321,-0.496990054846,-0.538892269135,-0.719599962234
84722,0.433400005102,0.120088040829,-0.266593068838,-0.19770000875
29890,-0.749949991703,-0.795797765255,-1.04998505116,-0.521899998188
9868,-0.101049989462,0.769299030304,-0.0340985059738,-0.251699984074
873,-1.00639998913,0.908212184906,0.578639864922,-0.0878999829292
5580,0.0870999991894,-0.554642319679,0.302166819572,0.578600049019
3725,1.04145002365,-0.476176738739,-1.59718763828,-0.860499978065
23585,0.991949975491,-0.193399503827,0.322643637657,0.0622499883175
51097,1.1345000267,0.0340308398008,0.927452504635,-0.48005002737
1831,1.20070004463,0.410402446985,-1.46104168892,-0.695899963379
7020,-2.08520007133,-0.304492980242,-0.418347209692,-0.566249966621
55893,-0.00034999998752,-0.291488856077,-0.362303972244,-0.691900014877
6944,-0.160599976778,0.430763840675,-0.133451893926,-0.682550013065
22883,-1.3314499855,-0.465367943048,-0.802314221859,0.418150007725
5601,-1.17869997025,0.298948168755,-0.416685461998,-0.337249994278
10775,-0.737900018692,-0.773863792419,0.0752380639315,-0.575450003147
4780,0.588899970055,-0.0380981229246,0.0420733839273,0.198899999261
10904,0.00025001168251,0.342802971601,-0.947163105011,-0.142049998045
9917,-0.102700009942,-0.239128708839,-0.804959952831,-0.267850011587
1399,-1.64285004139,-0.12917521596,-0.823690533638,-0.341699957848
24149,-1.46220004559,-0.897197961807,-0.112289071083,-0.244799986482
2222,-0.545949995518,0.816727817059,0.279966920614,0.981450021267
10131,-0.283100008965,0.245286658406,0.509728312492,-0.436749994755
2958,-0.507149994373,0.263176113367,-1.06059908867,-0.88715004921
9650,-0.376549988985,-0.0629949122667,-0.617001414299,-1.1794500351
7319,0.398599982262,-0.525261819363,-0.82385635376,0.669499993324
4817,-0.886000037193,-0.106728382409,-1.06482613087,-0.853699982166
9143,3.8383500576,0.0480500943959,-0.705366015434,-1.78115010262
10494,-0.556450009346,-0.720927417278,-0.871141314507,0.0550499968231
55324,0.117800012231,-0.116467371583,0.454151362181,-0.664900004864
23149,0.253650009632,-0.440901070833,-0.718173623085,0.913949966431
9943,-0.236800000072,-1.67604827881,-0.406001627445,-0.715299963951
6599,0.47779995203,-0.0541240461171,-0.175018444657,0.806650042534
51031,-1.09864997864,-0.0683009251952,0.0883950144053,0.304299980402
3566,0.3600499928,-0.19073356688,-0.307550549507,0.109300002456
3815,-0.104650005698,-0.45449885726,-1.52369844913,-0.708599984646
8624,0.444899976254,-1.14359068871,0.125504657626,-0.0436999797821
27346,-0.106199979782,0.204876169562,-0.223692923784,0.243499994278
10489,0.154849991202,-3.37215161324,-0.188238143921,-0.0973999947309
26128,-0.19984999299,-0.577964603901,0.255189627409,0.362749993801
79921,0.989499986172,-1.19962406158,0.515410244465,-0.349550008774
55746,0.910899996758,-0.0632420778275,-0.981140971184,-0.192200019956
23636,0.578050017357,0.132649183273,0.778501749039,-0.061700001359
10892,0.385199993849,0.0319759212434,0.0917117893696,0.153299987316
10652,0.79029995203,0.375389307737,0.731385707855,0.334399998188
11004,0.26859998703,-0.960415422916,0.214734554291,-0.471700012684
23530,4.8829498291,-1.00477659702,-0.603720009327,0.0383499860764
8826,0.88119995594,-0.120784007013,-0.257001519203,-0.495700001717
3308,-0.0250499993563,-1.4741191864,-0.853035748005,-0.498699992895
7153,0.596450030804,-1.81196022034,0.108036741614,0.0192500054836
11041,-0.0681499987841,0.300872325897,1.277972579,0.369100004435
6342,-0.27484998107,0.0561883077025,0.157654121518,-0.0632999837399
5883,-0.664650022984,0.808009386063,0.285262644291,0.444150000811
10589,-1.42844998837,0.0759263187647,0.148725762963,-0.138650000095
5110,0.881649971008,-0.0239511560649,0.492913782597,0.455099999905
4609,-0.0819000005722,0.51830470562,0.772413492203,0.0932999998331
5423,-0.315200001001,0.590096354485,-0.275678962469,-0.416199982166
1070,0.665099978447,-0.543806254864,0.441713154316,-0.125299990177
10051,-0.0536499917507,0.329396009445,0.6894069314,0.259199976921
6603,-1.63899993896,0.589470565319,0.526412785053,0.116950005293
9019,0.36875000596,-1.49061763287,-0.417296379805,0.223600000143
10969,0.642599999905,-0.256749808788,0.730491876602,0.0851500034332
9797,-0.245200008154,2.31405067444,1.74494147301,-0.0804499983788
4043,0.421800017357,0.744727551937,0.330179691315,1.14750003815
9519,2.00909996033,-0.162611961365,-0.343884587288,-0.525449991226
8480,-0.0451999902725,-0.406868338585,0.561099886894,-0.426050007343
983,0.280600011349,0.509693562984,0.349909186363,-0.854899942875
10559,-1.16919994354,0.16323132813,-0.865508317947,-0.907299995422
8508,0.645550012589,0.903539657593,0.785257339478,-0.309549987316
9275,-0.964600026608,0.639598429203,0.347744703293,0.0727500021458
8914,-0.450249999762,0.0157066565007,-0.754249215126,-0.535749971867
54505,0.0518999993801,0.570642113686,1.02956104279,0.610949993134
6919,0.0922000035644,0.0940918326378,-0.55326038599,0.641399979591
2274,-1.93819999695,-0.249955773354,1.09229207039,0.528750002384
2288,0.0,-0.697347283363,-0.00154847477097,-0.0915500000119
7994,-0.92919999361,0.0785610228777,-0.0651899725199,0.0508500039577
4216,-0.35585001111,-0.452849149704,-0.169992178679,0.191050007939
7538,-0.314750015736,0.321279674768,-0.962812721729,-0.0938999950886
3628,-0.574999988079,-0.111251235008,0.600087285042,0.852450013161
2037,-0.238899990916,-1.17421853542,0.512278437614,0.126699998975
2771,-0.764299988747,-0.139968320727,0.633778452873,0.00109999999404
7264,-0.0476499982178,0.962036728859,1.35253930092,0.801550030708
1786,-0.00270000007004,-0.313320457935,-0.506102204323,-0.928000032902
5873,-0.483799993992,-0.0473378747702,-0.227933645248,-0.646699965
780,-0.00974997878075,-0.108157269657,-1.08902442455,-0.44754999876
9926,-1.12405002117,-0.641590714455,0.533819913864,-0.174750000238
8446,0.0197999998927,0.303237855434,-0.469040334225,0.127100005746
7159,-0.320299983025,-0.2293651402,-0.60068154335,0.553449988365
1026,0.337550014257,-0.561715066433,0.582573354244,-0.411350011826
7082,-0.00655001401901,-0.406680107117,0.147809714079,-0.276549994946
10058,-0.981549978256,1.3536053896,-0.499502062798,-0.934000015259
10797,0.211250007153,0.209190368652,0.381552457809,0.488049983978
11230,-0.198449999094,0.868766367435,0.744641542435,-0.357250005007
30836,0.308650016785,-0.85071927309,-1.37203907967,0.253600001335
27336,-0.445900022984,-0.520995438099,0.303860396147,-0.106100007892
9918,-0.0461999922991,-0.230733007193,-0.793559908867,-0.597800016403
79073,-0.796599984169,0.0185112543404,0.273731797934,0.702299952507
9688,1.46020007133,0.828970611095,0.338296920061,0.414749979973
23659,-1.02349996567,-0.714933633804,-0.973086237907,0.406500011683
8396,-0.190499991179,0.461733877659,3.79041600227,0.274550020695
23077,-0.674000024796,-0.336716085672,-1.26082324982,-0.541999995708
10857,-2.88724994659,0.0159600786865,-0.39783808589,0.744750022888
16,0.814750015736,-0.464589715004,-0.829111158848,-1.62929999828
2817,1.14065003395,1.06011378765,-0.0825131088495,-0.745049953461
60528,0.387849986553,0.032608602196,-0.286624342203,0.337249994278
5359,-0.880349993706,-0.399824053049,-0.256523102522,-0.57824999094
1514,-0.548050045967,-0.236448526382,0.306771993637,0.850499987602
1509,-1.15185010433,1.20159840584,1.09978210926,0.548200011253
9181,2.25069999695,0.0674634054303,0.332456558943,0.850499987602
3611,-0.833550035954,0.16305655241,0.888148128986,-0.447900027037
4783,3.70765018463,-0.491100400686,-0.918297946453,-0.225150004029
10123,-0.107549995184,0.156300976872,1.0056861639,-0.703899979591
8895,-1.30384993553,-0.476078480482,0.93970900774,0.285850018263
9805,0.764449954033,-0.944756507874,-0.343304991722,-0.372300028801
4125,-0.311250030994,0.0448167175055,0.89316213131,0.559599995613
1635,-0.351949989796,-0.507717311382,-0.187321841717,-0.477149993181
4154,0.590499997139,1.2978310585,-0.308418214321,-0.826900005341
26292,0.3382999897,0.841032266617,0.291247427464,-0.176799997687
5770,1.12934994698,-0.226289793849,0.44572532177,0.321950018406
25874,-0.0934000089765,0.292470127344,0.922612190247,-1.10369992256
11319,-0.037299990654,0.30014321208,1.06592547894,0.246899992228
1153,-0.272900015116,0.890906214714,-0.431104272604,-0.233349993825
11098,-0.15110000968,0.440237343311,0.643400251865,0.611900031567
8974,-0.325599998236,-0.579105615616,0.670228719711,0.425599992275
533,0.607499957085,-0.636042416096,0.701530337334,-0.388799995184
823,-1.55895006657,-0.304428935051,-0.757059931755,-0.046649992466
6812,-0.0570000112057,-0.408760249615,0.66511785984,0.664600014687
3693,-0.294849991798,0.0681757330894,0.782532215118,0.428200006485
4891,-0.433999985456,-0.547143399715,-0.0021411255002,-2.69484996796
10954,-0.337249994278,0.488040924072,0.866843283176,0.41139999032
5909,-1.23355007172,0.033410795033,0.66528660059,0.79264998436
9221,0.613800048828,0.552112400532,0.601716279984,0.901049971581
847,-0.0479999929667,0.678942739964,-0.247695803642,-0.153849989176
11072,-0.17215000093,0.645804643631,1.66173946857,0.124400004745
10221,0.165999993682,-1.69774341583,0.0471467003226,-0.481050014496
7158,0.217050015926,0.491428643465,-0.12665002048,0.339900016785
8678,-0.275599986315,-1.27273952961,-0.0654953420162,-1.00874996185
11014,0.620800018311,-0.465070515871,-0.180656641722,-0.506850004196
1994,0.0813499838114,0.86856096983,-0.107040867209,-0.33394998312
3482,-0.105750024319,-0.1853479743,-0.271389484406,0.23125000298
25976,-0.739149987698,-0.093898743391,-0.809187531471,-0.157200008631
10491,0.601400017738,0.671582520008,0.897844433784,-1.10555005074
51053,-0.0445499867201,-0.55038112402,-0.511615276337,-1.06279993057
9267,0.225800007582,-0.168924123049,-0.655202329159,-0.0780999958515
5547,-0.39770001173,0.39972871542,0.803649783134,0.33054998517
6597,-0.313799977303,-0.264726668596,0.666116833687,0.459150016308
5836,-0.971700012684,-0.214220434427,0.246746405959,-0.253450006247
6118,-0.832249999046,0.56930565834,-0.335306972265,0.420049965382
2961,0.249200001359,-0.0396936945617,-0.596072435379,-0.176700025797
310,-0.458849966526,0.0539805069566,0.580725908279,1.18254995346
7296,0.587949991226,-0.753716289997,0.267156779766,-0.342899978161
1429,0.0922999978065,-0.584160685539,1.1436290741,0.375149995089
2548,0.543399989605,0.149890467525,1.0504784584,0.574200034142
6499,-0.344099998474,0.503267645836,-0.204793557525,0.472900003195
642,1.41230010986,-0.0262058079243,0.643877863884,-0.161300033331
23076,0.518149971962,0.0381474792957,0.61978083849,1.52135002613
10099,0.309049993753,-0.0223007574677,0.131557196379,0.615550041199
9817,-1.87144994736,0.936468720436,-0.0976743996143,0.710399985313
9126,-0.130999997258,-1.13510429859,-0.042782574892,0.0638499855995
3930,-0.530849993229,0.906966745853,-0.310170710087,-0.637149989605
10450,-0.720749974251,0.159011036158,0.973539233208,-0.164199978113
54386,0.344250023365,0.0908879637718,-0.373644173145,-0.46384999156
664,0.0526999980211,-0.979622125626,-0.394870817661,-0.359950006008
596,0.596899986267,-0.297390460968,-0.814047217369,0.44580000639
10180,-2.40634989738,0.551669716835,0.884873986244,0.010499984026
1445,1.7907500267,-0.0814950838685,1.15079963207,-0.0270500034094
230,-0.838649988174,0.857075750828,-0.481773078442,0.445249974728
9246,-1.63674998283,-0.360042214394,-1.06933903694,-0.663949966431
5092,0.597450017929,-0.267090499401,0.583180427551,-0.59375
23463,-1.22429990768,0.10826870054,-0.111629858613,0.297200024128
10007,-4.73934984207,0.442161411047,0.159866437316,-1.06014990807
4925,0.151299983263,0.603105962276,-0.271711170673,0.592999994755
6251,0.157949998975,-0.725425422192,-0.735242545605,0.0916000083089
5782,0.0934000015259,-0.612282156944,0.303356766701,0.7513499856
5106,0.167449980974,0.15558975935,0.611093401909,-0.409049987793
2673,0.45505002141,0.696013569832,-1.6561820507,-0.398750007153
644,-0.820649981499,-0.707987368107,0.361694216728,-0.0866999998689
6284,0.326000005007,-1.47120690346,0.210068315268,-0.275700002909
4605,0.326049983501,-0.481785207987,-0.879884064198,0.139100000262
6810,-0.126449987292,0.0166149623692,0.350661933422,0.265300005674
54499,-0.462749987841,0.748510479927,0.826335787773,1.0543500185
11007,-0.421149998903,1.1647567749,-0.329283475876,-4.66480016708
1643,0.482849985361,0.797848045826,0.640846014023,-0.341899991035
25805,1.05990004539,0.0404596328735,0.682086348534,0.172199994326
3033,0.268650025129,1.02200055122,0.532623767853,0.242450028658
2745,-1.01649999619,-0.74453407526,0.0685784369707,-0.186599984765
9961,-0.215250000358,0.322917789221,0.211880654097,0.398549973965
3925,-0.554700016975,0.137386798859,0.445671200752,0.240400001407
2582,-1.19484996796,0.112693794072,0.264617085457,0.290199995041
5792,0.0989000052214,-0.459153681993,-0.662483394146,-1.82169997692
5236,-0.820200026035,-0.46754103899,0.0876410901546,0.0938500016928
4016,-0.465600013733,-0.376340121031,0.838679373264,0.837100028992
4651,0.754500031471,-1.1065967083,2.14473581314,-0.208499997854
3988,0.674000024796,0.0312210172415,-0.0844315439463,0.0111000090837
26227,0.360249996185,0.391864836216,0.0645812302828,-0.240350008011
7982,-1.12619996071,0.646689534187,-0.783004760742,0.514799952507
3551,-0.913349986076,-0.162946492434,-0.772717952728,-0.0276999995112
5108,0.275150001049,-0.132508814335,0.496057718992,0.565250039101
8870,-0.704200029373,0.461898326874,0.235370337963,1.03855001926
2195,-0.444549977779,-0.851492881775,-0.497832834721,0.0567999966443
8731,-0.650749981403,-0.250648260117,0.218300014734,-0.2554500103
1956,-0.0443499982357,0.22245413065,0.453667342663,-0.337650001049
10276,1.27889990807,-1.067735672,0.577158510685,2.30100011826
1666,0.799549996853,-0.23000523448,0.329944640398,0.312700003386
4864,1.12444996834,-1.5606315136,-0.348340958357,0.931150019169
4232,-0.480250000954,-0.427253782749,-0.512175679207,-0.490150034428
5050,-1.14359998703,0.466119378805,0.22036665678,-0.126549959183
813,0.188149988651,0.252347141504,0.995210766792,0.243500009179
3964,0.0691500008106,0.0856102481484,-0.338490277529,-0.270199984312
26020,-0.450199991465,-0.485119760036,0.190035477281,-0.0385000109673
481,-0.347350001335,0.761028110981,0.597955167294,-0.0836500227451
5019,0.377049982548,-0.573928833008,-0.155182033777,0.0243500005454
291,0.173849999905,-1.83228421211,0.389980614185,-1.80515003204
10973,0.456600010395,-0.422805190086,0.486011177301,-0.384199976921
9697,3.96155023575,0.485520839691,-0.364980995655,0.186299979687
5831,0.415900021791,0.37244951725,-0.246685743332,-0.593400001526
8202,-0.55965000391,-0.38712027669,0.314602851868,0.251150012016
57804,0.0411500036716,0.501532912254,-0.306257724762,-1.01265001297
5566,-0.0286000072956,-0.587533414364,-0.199752479792,-0.390399992466
57149,-0.0618000030518,1.19998371601,3.62303686142,0.73970001936
7416,-0.0535500012338,-1.12799167633,0.503537893295,2.35259985924
10174,0.562849998474,0.286251276731,1.02997398376,0.775449991226
6676,-0.598599970341,-0.577145755291,0.907431423664,-1.53460001945
8884,-0.681200027466,0.298302173615,0.42159318924,0.551400005817
5997,-0.557199954987,-0.560158550739,-0.0807805880904,0.150349989533
57147,0.172950014472,0.28035825491,0.629053771496,0.443499982357
6909,0.0358999967575,0.822132229805,-0.407827466726,0.937700033188
9093,0.00034999998752,-0.891904175282,0.000666815205477,-3.66495013237
23142,0.518050014973,0.499386489391,0.496778964996,-0.791350007057
8444,0.0426999926567,4.01623249054,-0.182247161865,0.192699983716
11232,0.105499997735,0.464860677719,0.46638661623,0.823349952698
27095,-1.15954995155,1.01809096336,0.838025331497,0.247899994254
10732,-0.320349991322,0.60366666317,-0.597122430801,0.0542999953032
23029,1.20350003242,0.471089988947,1.36257839203,0.180500030518
9270,-0.376900017262,-3.04796481133,-0.251883804798,0.455099999905
47,0.195100009441,0.474686950445,0.515621900558,1.12969994545
5889,0.0506500005722,-0.543821632862,-0.808659672737,0.174500003457
8243,-0.550899982452,-1.70070970058,-0.529861688614,-0.328700006008
10730,-0.595950007439,2.91904807091,7.24250078201,-1.10455000401
30,0.14019998908,0.127888515592,0.53994333744,0.117150008678
7466,-0.0626000165939,0.477355659008,0.117841467261,1.0380500555
89910,0.36804997921,0.785211622715,0.400274038315,0.171600013971
56654,0.130150005221,0.869344353676,0.805352270603,0.779649972916
501,0.754000008106,-0.271249860525,-1.1059640646,-0.779500007629
5438,-0.789499998093,0.619225740433,0.646445155144,0.466150015593
26993,0.503750026226,1.95475018024,-0.193867117167,-0.0636499896646
55111,1.29794991016,1.66834402084,-0.0240394473076,0.39620000124
8520,0.822950005531,0.394555181265,0.0402952581644,0.225800007582
10146,0.484100013971,-0.423131883144,-0.553867042065,-0.280299991369
7165,-0.651300013065,0.218017995358,0.232102960348,-0.328649997711
55011,-0.342500001192,0.484453201294,0.872018516064,-1.31804990768
6461,0.251650005579,0.0592584311962,-0.347347706556,-0.742649972439
10813,-0.891700029373,0.573815941811,0.288113415241,1.24625003338
80746,0.575100004673,0.953274488449,-0.487720549107,-0.132499992847
10434,1.34710001945,-0.435560613871,0.835476875305,0.23995000124
5607,0.144899994135,-0.245351716876,-0.566715359688,0.0169499963522
22827,-1.33044993877,0.979940950871,0.00125699967612,-4.71369981766
51635,-0.326399981976,0.980315923691,0.0440574511886,0.370249986649
84159,-0.414849996567,0.0305186584592,-0.627571225166,-0.695150017738
3508,0.391650021076,1.00632429123,0.349283546209,0.865800023079
84890,-0.218899995089,0.269224286079,-0.00125083327293,0.025150001049
79600,0.110699996352,-0.839621126652,-0.888953328133,0.150900006294
8574,-0.755050003529,0.453431963921,0.184673264623,0.230849996209
5529,0.950099945068,0.785154283047,0.280833214521,0.445099979639
3909,0.493399977684,-0.99905860424,0.373208940029,0.718199968338
9637,-0.234700009227,0.494001507759,-0.649283885956,0.163350015879
8518,1.36249995232,-0.327705979347,-0.207318246365,-1.02974998951
6443,0.276950001717,0.678901791573,0.478112280369,0.360399991274
58478,0.311049997807,0.315578907728,-0.0019329637289,-0.286499977112
4850,-0.892050027847,0.119600653648,-0.997293293476,0.409000009298
23210,-0.452600002289,0.671496152878,0.630516350269,0.57800000906
54733,1.35299992561,0.269553393126,0.0973296761513,-0.0762500166893
55129,0.128899991512,1.09608817101,0.462328225374,1.63150000572
10273,0.00034999998752,0.0,-0.166243746877,-0.534500002861
572,0.44525000453,0.376538723707,1.02339816093,0.142800033092
5716,0.916450023651,0.325555384159,0.770705342293,-0.340999990702
22841,-0.559399962425,-0.773953199387,-0.371528446674,0.0439999699593
2356,-0.680100023746,0.880302548409,0.156823307276,-0.203699991107
6050,-0.0594999939203,0.0892714262009,-0.818239510059,-0.364049971104
64422,0.821349978447,0.807976186275,0.23187084496,2.047549963
8837,-0.575100004673,0.145497694612,0.256179511547,1.2364000082
55127,0.0577500015497,0.104352355003,0.366894185543,0.22990000248
23335,0.0171999931335,-0.193843632936,-0.374906897545,-0.190600007772
10270,0.151800006628,0.977224349976,-0.0154067464173,0.853150010109
6509,-0.326499998569,0.351078778505,-0.272779732943,-1.14489996433
83743,-2.88085007668,0.36090528965,0.358027309179,1.01429998875
6772,-0.165500000119,-2.51104426384,0.632639527321,2.15229988098
22887,0.78744995594,-0.158897966146,0.0778112709522,0.116950005293
51001,0.718150019646,0.0667360275984,0.990741491318,0.923200011253
26511,0.676400005817,0.499193072319,0.805980443954,0.272450000048
7874,0.523150026798,-0.144072964787,0.86471426487,0.815649986267
51070,-0.305000007153,1.00317728519,0.991017282009,0.490299999714
1738,1.02634990215,-3.36498832703,-0.0714753046632,0.173449993134
3416,-0.134950011969,0.429883778095,-0.941619455814,0.34090000391
9128,1.03995001316,-1.81066966057,0.710177063942,-0.526149988174
9833,-0.195149987936,0.484755247831,2.52667474747,0.00810000300407
4088,0.072650000453,-0.020673904568,0.959408342838,0.538149952888
5018,0.569999992847,0.91774648428,0.993053436279,1.09450006485
51375,-4.71269989014,-0.0881090462208,-4.73731803894,-0.102549999952
55038,-0.453200012445,2.55293273926,0.162374317646,1.75740003586
23061,-0.251200020313,-0.461597472429,-0.425436377525,0.459049999714
64428,0.542500019073,0.0703790038824,-1.11564862728,-0.794099986553
11325,0.185150012374,-0.536423504353,0.212549731135,-0.66914999485
9641,-0.721799969673,0.048451077193,-0.646194696426,-0.0349500179291
23038,-0.214200004935,-0.014969789423,1.12412261963,0.790650010109
57048,-1.86719989777,-0.177844017744,0.227115169168,3.56064987183
94239,-0.703549981117,0.315215736628,0.0326492786407,-0.455399990082
51203,-0.165199995041,-0.402548998594,-0.491946488619,-0.855800032616
388650,0.460649996996,0.224449336529,-0.218674585223,-0.174349993467
23039,0.505050003529,-0.963657975197,1.44136106968,-0.0468500033021
55179,0.505349993706,-0.631422638893,-0.49901637435,-0.138300001621
5827,0.00334998965263,-0.285391330719,0.426747173071,-0.311350017786
10245,-0.874000012875,1.39601457119,-0.0460101664066,0.510100007057
6813,-0.534350037575,0.527585506439,0.743427395821,0.480150014162
3251,0.264750003815,-0.23712810874,3.05715346336,0.47800001502
23212,-0.126300007105,-0.742014765739,0.648614645004,0.510550022125
23536,1.21670007706,-0.956090152264,0.0288508981466,-0.459799975157
51282,0.361349999905,0.612101197243,0.610397517681,0.253949999809
10227,-0.107449993491,1.05817103386,-0.160556614399,-0.1670999825
50813,0.616700053215,-0.280184388161,1.23727285862,-0.564300000668
51024,-0.36384999752,-0.35892906785,-0.19011849165,-0.82104998827
53343,-0.076700001955,0.867287695408,-1.74568688869,0.387600004673
1465,-0.0365500003099,0.617852807045,0.62810254097,0.023550003767
79006,-0.0665999948978,0.830501019955,-0.104165971279,0.59325003624
6988,-0.108600005507,-0.0376131311059,0.0950892716646,1.24424993992
11011,0.105599999428,0.543799757957,-1.81078028679,0.348999977112
23325,0.645550012589,-0.665800571442,-3.19839882851,-0.548699975014
10049,0.204449996352,0.21228723228,-0.362668633461,-0.214650005102
3157,-0.34999999404,0.251455456018,0.305518507957,0.235599994659
200734,-0.325199991465,0.422454684973,-0.352060228586,-0.371650010347
9053,1.57239997387,3.82447624207,-0.214273348451,-0.479849994183
79094,0.26004999876,0.26137176156,-0.213597849011,0.873800039291
2778,-0.178599998355,-0.0345648676157,0.932000875473,1.12689995766
54881,-0.170450001955,0.179790988564,-0.0383059233427,-0.545149981976
54807,0.332149982452,0.298612356186,-0.443601429462,1.88954997063
323,-0.222200006247,0.842292547226,0.0251130312681,-0.588100016117
26001,0.666100025177,-0.136882990599,0.162445545197,0.457999974489
10190,0.952899932861,-0.28903439641,-2.79351425171,-0.483550012112
9686,0.254400014877,-1.20083725452,0.114246994257,0.207700014114
54915,-0.710100054741,-0.849357187748,0.670896649361,0.447099983692
23658,0.00775000452995,1.12278461456,0.443552792072,0.589150011539
7750,-1.12864995003,-0.524961829185,0.760435581207,0.423449993134
79643,-0.99849998951,1.12462174892,0.398867219687,-0.202499985695
9488,-0.557099997997,-0.611624956131,-0.517664313316,-1.66149997711
11200,0.430349975824,0.140602767467,0.699085354805,0.540650010109
65057,0.906200051308,-0.509449362755,-0.449015051126,-0.178399994969
6832,0.130050003529,-0.274714827538,-0.0329237878323,-0.284749984741
23131,0.267399996519,0.44354596734,0.00118233263493,0.604650020599
10776,0.622099995613,-1.78099727631,0.840178251266,-1.74294996262
6253,-0.000550001859665,-0.606619715691,-0.278505921364,-0.454199999571
79716,-0.550499975681,-0.320484519005,0.264262497425,0.00919999182224
29978,0.591300010681,-0.664528846741,2.78167533875,-0.145349994302
9988,-0.569149971008,-1.32549953461,-0.456286877394,-1.35780000687
10845,0.185050010681,-0.4530377388,-0.811697363853,2.54704999924
54957,-1.1113499403,-0.0197706222534,-0.431928694248,-0.532700002193
79170,-0.573700010777,0.377493292093,-0.833311021328,-0.404799997807
10610,-0.104949980974,-0.628327429295,-0.0428602695465,-0.588450014591
128,0.465600013733,0.0897172540426,0.980703115463,0.30009996891
51026,0.307700008154,-2.23185920715,0.0500289797783,-0.436349987984
5498,0.0807499960065,0.000106748193502,0.0845911502838,-0.525449991226
124583,0.710850000381,-1.00354301929,0.420702934265,-0.444549977779
9455,-0.927850008011,-1.17970538139,-2.12953853607,0.121450036764
1212,-0.022800013423,0.705805122852,0.970670104027,0.152799993753
5255,-0.201900005341,-0.00923103839159,-2.0522210598,-0.286199986935
9448,0.623049974442,0.434690922499,0.898489952087,0.852649927139
9924,-0.623800039291,0.0598337240517,0.308104246855,0.320399999619
5480,-0.189300000668,0.728753089905,0.681115865707,0.150350004435
1983,1.82404994965,-4.85568332672,0.424269765615,0.129199996591
56889,0.586650013924,-0.344193100929,-0.510348916054,-0.549749970436
79080,-0.253699988127,0.657949388027,0.914115667343,0.915850043297
9016,-0.296099960804,-0.628808736801,-0.88292580843,-0.142949998379
6915,-0.709949970245,-1.00664198399,-0.549686789513,0.303900003433
9709,-0.305600017309,-0.348985224962,-0.0276967287064,2.02259993553
116832,-0.0925000011921,1.5883821249,0.962797403336,0.658450007439
670,-2.66820001602,0.0820432528853,0.127584666014,-0.249300003052
7867,-2.06780004501,-0.22739572823,0.410497784615,0.247999995947
79143,-0.901849985123,-0.11865965277,-1.37898492813,-0.815850019455
11284,-1.17479991913,1.53866684437,0.683180868626,-0.132449999452
23443,0.115700006485,0.0631924644113,0.0735439062119,0.0210500061512
51599,-0.0627500116825,0.0467754304409,0.254863917828,-0.926099956036
5927,3.57135009766,-0.0103441551328,0.302543818951,0.814700007439
55793,-0.47365000844,-0.496747910976,-0.105351939797,-0.299250006676
5867,0.13599999249,0.177650228143,-0.283891052008,0.198600009084
7866,-0.596800029278,-0.900703310966,0.763642251492,0.258700013161
25825,0.480549991131,-0.383981049061,1.16967368126,0.255799978971
4067,0.174649983644,0.937439978123,-1.08273148537,0.733349978924
51015,-4.32569980621,0.16328369081,-1.04179894924,0.59610003233
5891,-0.463149994612,-0.115025416017,0.790235459805,-0.917099952698
3300,1.09430003166,0.503185033798,0.0667110309005,-0.0853500068188
64781,0.0518500059843,-0.869180560112,-0.654220581055,-0.294750005007
51056,0.59224998951,-0.0511543527246,0.299024641514,-0.359600007534
8550,-1.12454998493,-0.26012006402,0.470732629299,0.081650018692
50810,0.811850011349,-1.09532248974,0.435564935207,-0.441150009632
23011,0.462700009346,1.02108561993,0.0862029641867,0.0239000320435
11168,-0.163599997759,-0.876745820045,-1.27941548824,-0.220649987459
1385,1.11275005341,-1.1347463131,0.42608577013,0.276299983263
10150,0.355300009251,-0.876726090908,-0.0781187266111,-0.445549994707
29763,-2.69140005112,-0.00171753112227,-0.481968969107,-1.30830001831
9112,-0.858150005341,0.093464165926,-0.647593617439,0.134800001979
23499,-0.219249993563,0.922545552254,-0.00664559006691,0.13244998455
85236,-0.0991500020027,0.469823360443,-0.613041698933,1.13970005512
5096,-2.70759987831,0.146875366569,1.41467690468,-0.341100007296
55620,0.3274500072,1.44549918175,0.388170957565,0.397399991751
5373,-0.348850011826,0.138997763395,-1.9487388134,-0.491599977016
51170,-0.210649996996,0.721412241459,1.15630996227,-0.216049998999
54850,3.18285012245,-0.277570486069,-0.0123680830002,0.32254999876
80349,4.85585021973,0.149329051375,0.673383891582,-0.610050022602
355,0.507849991322,0.231128036976,1.09135770798,-0.279300004244
1062,-0.576250016689,0.732995271683,0.694392263889,0.141250014305
8804,-0.375450015068,-0.458140403032,0.463517010212,0.0488999933004
80758,0.304800003767,0.840838253498,0.107593633235,0.339799970388
375346,-0.588150024414,-0.939312279224,0.927070558071,1.40505003929
51385,-0.572749972343,-0.126348748803,-0.320212870836,-0.374749988317
55748,0.468000024557,-0.691928863525,0.299061954021,-0.799349963665
10318,-3.38065004349,-0.242168426514,0.473855733871,0.387499988079
54681,0.724500000477,0.443303138018,0.750304639339,-0.21930000186
7905,1.47669994831,-1.65785074234,-0.62345379591,-0.17745000124
28969,0.735650002956,0.125792831182,0.310873836279,-0.318849980831
10668,1.21210002899,-0.021420288831,-0.225856631994,0.572249948978
51005,-0.388749986887,0.310154676437,0.245861947536,0.318799972534
8800,-0.974799990654,-0.235667616129,-0.948336780071,-0.912099957466
54438,0.0131500065327,0.560495018959,-0.159506931901,2.09724998474
55825,0.268999993801,1.64458858967,0.453781604767,0.0108000040054
8835,0.0539000034332,-0.370927214622,-0.466247111559,-0.291249990463
64429,-2.45905017853,-0.548359274864,-0.581083476543,0.485599994659
3682,-2.75505018234,0.000588946044445,-5.98580312729,0.356950044632
10329,-0.395750015974,-0.879577279091,-0.353649497032,3.43719983101
27109,0.954999983311,-0.0828299894929,1.11040091515,0.0626500025392
51335,0.903349995613,1.22417724133,-1.09923458099,-0.480500012636
3202,0.679800033569,0.944796085358,1.36926674843,1.7623500824
2896,-1.48159992695,0.458496361971,0.455041587353,0.0323999971151
79902,-0.52530002594,0.639601647854,-0.355894565582,0.614400029182
29083,-0.473700016737,-1.15329408646,-2.36864995956,-0.322650015354
5747,-0.263850003481,0.426931113005,-1.06315743923,-0.679850041866
22905,-0.979099988937,0.00199101259932,1.47162818909,0.993199944496
63933,0.268999993801,0.83867508173,0.658513188362,-0.000550001859665
9847,-0.055999994278,0.402416288853,-1.50342226028,0.196850001812
51021,-0.0247999951243,0.5288823843,0.681578338146,0.723749995232
8996,0.626399993896,0.84198898077,-0.205405771732,0.608650028706
7376,0.47159999609,-0.0013754684478,-0.20127235353,-0.0758500024676
5357,1.29610002041,2.25791335106,0.613625526428,-1.02820003033
56940,0.142700001597,1.15033233166,-0.742841184139,0.445450007915
6195,-0.279399991035,-0.469546437263,0.651563405991,-0.276849985123
1633,0.452499985695,-0.279328942299,0.63133752346,-0.490500003099
23321,-1.00220000744,-0.857521295547,-0.458506762981,-1.19500005245
51160,-0.0831000059843,1.15030884743,-1.11635029316,-1.2188000679
55604,0.0584999918938,-0.215146243572,0.139085769653,0.447000026703
2063,-3.2811498642,0.749508738518,0.405436992645,0.210949987173
54512,-2.50964999199,-0.19232518971,0.240798741579,0.334100008011
9124,0.382749974728,0.939220368862,0.736414551735,0.204049989581
79174,0.556900024414,0.242162898183,-0.779697775841,0.139849990606
23223,-0.327950000763,0.731813907623,-0.394925534725,0.0453999936581
39,0.362549990416,-0.366235733032,-0.553449690342,-0.483200013638
57215,0.634849965572,0.733590960503,-0.0317189693451,0.600250005722
1052,0.106800019741,-0.543178021908,-0.631506323814,-0.00705000013113
23139,-1.5,1.0008494854,-1.14013004303,-0.0554000139236
79947,-0.109899997711,-0.340123772621,-1.3301551342,-1.04425001144
4616,-0.669950008392,0.306613564491,0.282490283251,-0.130199968815
9710,-0.619949996471,5.31931877136,-0.42705860734,0.380550026894
6990,0.360100001097,-1.34112989902,-0.222016483545,-0.785950005054
29082,0.489899992943,-1.48018527031,-0.510175228119,-1.10629999638
9670,-1.11950004101,-0.669458210468,-0.901678442955,-0.915950000286
81533,0.137299999595,0.0173929743469,0.00623349845409,-0.374899983406
10525,-0.268999993801,-0.309392124414,-1.36848151684,-0.0318999998271
2353,-0.990849971771,0.253125965595,-0.358779549599,0.708599984646
57192,-0.443149983883,-0.300263226032,-1.00055170059,0.0441999956965
3398,0.991900026798,0.179501309991,0.442124515772,-0.945649981499
3775,0.264550000429,0.609823584557,0.0581153929234,0.432850003242
26064,0.522899985313,-0.35259270668,-0.135180070996,-0.00310000777245
29103,-0.146650001407,-0.658069193363,-0.110865190625,0.0157999992371
3206,0.576099991798,0.702768146992,0.0449030436575,-0.623049974442
1500,0.457400023937,-1.21391510963,-1.12556970119,-0.587000012398
7690,0.576399981976,-0.463893175125,-0.0639017447829,-0.00145000219345
29911,0.549250006676,0.437912046909,0.626547396183,0.166800007224
2064,-1.12204992771,0.603882133961,0.824760198593,-0.734650015831
65123,0.590749979019,0.231873244047,0.229397803545,-0.483600020409
5986,-0.48679998517,-0.0856920927763,-0.872122764587,0.115999996662
85377,-0.089300006628,0.255095928907,0.564759135246,-0.201250001788
9903,0.141649991274,0.00229947268963,0.881460547447,0.708649992943
7088,-0.339249968529,0.883072078228,0.701726853848,-0.134299993515
22796,-0.109350003302,0.794967889786,-1.29104101658,0.48060002923
51116,0.129349991679,0.817740142345,1.94068300724,-0.528750002384
54442,-0.874199986458,-0.0161316543818,-0.375096321106,-0.394649982452
10695,1.68799996376,0.143000230193,-0.446715295315,-0.643550038338
102,0.0284000039101,0.12754496932,0.160524025559,1.09854996204
965,0.314549982548,0.0705896914005,0.437479734421,0.272150039673
3800,-0.4891500175,-0.325952470303,-0.614632129669,0.0971500054002
10362,-0.706849992275,0.670034468174,-0.206054106355,-0.172049999237
5300,2.34474992752,-0.320653736591,0.499766170979,-1.77699995041
8270,-0.305599987507,0.887800574303,0.533160686493,0.518800020218
27242,-0.121050000191,-3.64326429367,-0.0444467067719,-0.76314997673
9928,0.156599998474,0.191582173109,-0.216873034835,0.010649997741
1534,0.571850001812,0.096363298595,0.547501325607,-0.256000012159
5654,0.285899996758,0.782480597496,0.154608771205,-0.133749991655
10810,-0.437099993229,0.635012626648,-0.395231842995,0.0473999977112
7105,0.0267499983311,-0.242304354906,0.897732138634,-0.81409996748
23014,0.398600012064,-1.23592221737,-1.89587593079,-0.490549981594
55012,0.853850007057,0.10060736537,0.314538657665,-0.289299994707
2887,-0.775600016117,0.200091153383,-0.52155739069,0.324649989605
9183,0.509250044823,0.355909258127,0.479473114014,1.78729999065
11151,0.746899962425,-0.186552777886,-0.275245398283,-0.215999990702
7511,0.816950082779,0.424185931683,0.947652816772,1.52275002003
10046,0.678050041199,-0.127174735069,-0.48656180501,4.93380022049
1829,-0.669550001621,0.143174424767,-0.305956721306,0.253700017929
11000,0.100600004196,1.8798429966,0.767090559006,-0.600549995899
976,-0.459300011396,0.399142235518,0.396480172873,0.694199979305
3597,-1.04244995117,-0.204347297549,-1.11679315567,-0.799700021744
178,-0.597599983215,-0.67872595787,-0.190535262227,-0.876649975777
2625,-2.12995004654,0.402766168118,-0.752111911774,0.905650019646
6119,0.170800000429,0.964130222797,0.764006853104,0.336650013924
26136,0.355199992657,-0.125585243106,-3.81865644455,-0.887050032616
6697,0.444550007582,-0.803406238556,-0.395613402128,0.646250009537
5971,0.429049998522,-0.547363758087,0.823557019234,0.51550000906
22934,-1.45570003986,-0.635204076767,0.541395187378,0.443400025368
9289,-0.129150003195,0.489625632763,0.10743714869,-0.0400999933481
4931,0.303300023079,0.066268235445,-0.171256780624,-0.320050001144
4200,0.157150000334,0.0179397854954,0.584549665451,-0.0847500115633
93594,0.850250005722,-0.0472653247416,-1.18566823006,1.47360002995
5982,-3.61925005913,0.884192049503,1.03065669537,-0.432699978352
26520,0.485400021076,-0.720917522907,-3.14201903343,0.287400007248
4998,2.45980000496,-0.545612633228,-0.833575665951,-0.620700001717
10038,-0.380850017071,0.0432275831699,-0.176267743111,0.422800004482
60493,0.44034999609,1.32685744762,1.25390720367,0.284850001335
51495,-0.00419999659061,-0.646264374256,0.211355954409,-0.639450013638
4482,-0.815450012684,0.140001997352,-0.00329864025116,-0.811199963093
23224,-0.350349992514,0.0275122411549,0.0412918925285,-0.930800020695
9690,-0.187299996614,-4.12067174911,1.22732901573,0.579850018024
80212,-0.908699989319,1.92837226391,-0.287152975798,-0.357850015163
29928,-0.486099988222,0.14677542448,-0.842475235462,1.52294993401
22809,-0.129100009799,-0.69224691391,-1.54188740253,0.463149994612
50814,0.44185000658,-0.312018036842,1.03458797932,-0.000649996101856
55256,1.91645002365,-1.57523012161,-0.915032744408,-3.47634983063
56997,0.103099994361,-0.651713132858,0.311312973499,0.458900004625
81544,1.34759998322,-0.0635260939598,-0.46756824851,0.571250021458
6894,0.178200006485,0.386171132326,-0.152797803283,-0.415199995041
64080,0.520399987698,0.301445126534,1.03521406651,-0.969350039959
55818,0.277899980545,0.915782570839,-0.80290132761,-0.0335000157356
637,-0.177049994469,0.29042160511,-0.857665538788,-0.269749999046
22823,-0.0555000081658,-0.53456145525,-0.834188580513,0.0164500027895
5287,0.368399977684,-0.0704998448491,0.544873118401,-0.0179499983788
91137,0.539349973202,-0.358425498009,0.808735072613,-0.191050007939
23097,-0.342049986124,-0.00650024414062,-0.10500356555,-1.12874996662
9851,1.60839998722,-0.118252523243,-0.707473039627,-0.718249976635
23522,0.789649963379,-0.640905737877,-1.87892603874,0.517449975014
1123,-0.222100019455,-0.0788313299417,-0.583564400673,-0.714949965477
5603,-0.619849979877,0.721283912659,-0.483522385359,-0.892949998379
51569,0.183750003576,-1.11513590813,0.830382347107,0.00779999792576
55699,-0.0393999963999,-1.51336228848,-0.16203981638,-0.374749988317
2624,0.064449980855,0.321564942598,0.0127828717232,0.0653499960899
8204,-0.0328000187874,-1.79236960411,-2.72829079628,0.602650046349
9133,0.233999997377,-0.595747590065,0.20652282238,-0.4416000247
10921,-0.292849987745,-0.66113191843,-0.149697095156,0.455799996853
51742,-0.42095002532,-0.363148093224,2.36950397491,-0.332849979401
2954,-0.215099990368,0.836266160011,0.480523645878,-0.462199985981
27244,0.847449958324,0.280595391989,-0.720524430275,-0.212350010872
23013,0.888849973679,-0.958431899548,0.0791714414954,1.35155010223
8050,0.292899996042,0.644757926464,-0.344555705786,1.24164998531
79961,-0.308800011873,0.679644107819,-0.955098748207,0.266849994659
2017,0.534250020981,-0.786429286003,1.95633101463,-0.938000023365
55148,0.784749984741,0.175591543317,0.775475740433,0.461299985647
960,-0.751949965954,-0.293623358011,-0.413556426764,-0.768649995327
10451,-0.434499979019,0.797078251839,-0.712815821171,-0.491299986839
57406,1.04859995842,-0.871026039124,-0.811986684799,0.494400024414
51719,-0.319650024176,0.593149662018,0.00244735181332,0.575049996376
7074,-0.308450013399,-0.806425273418,-0.163209468126,0.277199983597
10059,-0.093400016427,-1.56897699833,-1.0043027401,-0.693599998951
51071,-0.587599992752,1.24016773701,0.251574009657,-0.467750012875
5796,0.250999987125,-0.266087114811,-1.22519016266,-0.0611500032246
55008,0.362199991941,-0.776730835438,-0.755322039127,4.89015007019
23597,1.30910003185,0.502950787544,1.22642540932,0.409599989653
8869,0.623099982738,-0.11460698396,-0.838196158409,-0.272900015116
8727,0.0947499871254,-0.37690860033,0.991052627563,-0.436850011349
63874,-0.410049974918,0.633495330811,-0.346465408802,-0.0879499986768
8821,-1.08469998837,0.674365758896,0.195619493723,1.34215009212
57178,0.414349973202,-0.00222285836935,-0.93764603138,0.756399989128
5468,0.435900002718,0.774755358696,0.388844430447,0.771600008011
10557,0.0199499987066,0.982858121395,1.55454611778,-0.500450015068
831,0.0366500020027,0.0218537934124,-0.422274291515,0.313800007105
9531,0.206450015306,0.814878106117,0.325108498335,0.71280002594
2767,-2.89720010757,0.567567825317,-1.37439990044,-5.36569976807
1861,0.862550020218,0.422817409039,-1.04264497757,-0.931100010872
10165,0.677299976349,0.251325041056,-0.448555737734,-0.47025001049
7106,-0.486549973488,0.0720506310463,0.469035804272,-0.59944999218
2908,-0.221199989319,-0.965112328529,-0.661907076836,-0.503499984741
57761,-0.199499994516,-0.271280199289,-0.35649740696,-0.585950016975
23338,1.18280005455,0.206679448485,0.998816907406,0.039400011301
7852,2.01959991455,-0.116385407746,-0.871067106724,4.69659996033
55033,0.935750007629,0.852958738804,0.799730300903,0.129200011492
57019,-0.35925000906,0.53717726469,0.118319660425,-0.643549978733
91949,1.12444996834,0.244225651026,0.193455934525,-0.140550002456
84617,-0.678000032902,-0.153153792024,0.366502761841,0.0517999976873
25,-0.92720001936,-2.33096385002,-0.900163412094,-0.645349979401
899,-0.617900013924,2.44837212563,1.57570052147,0.929799973965
79850,-0.049550011754,0.514495193958,0.393805503845,-1.38489997387
51466,-0.212449997663,-2.8978497982,1.71283268929,0.393200010061
2852,2.02349996567,0.597029447556,-0.287569969893,-1.55414998531
55837,0.905999958515,-0.137778446078,-0.292346119881,-0.138149991632
2131,-0.75720000267,-0.0182205364108,-0.320582062006,-0.567099988461
5427,1.71389997005,1.22000575066,-0.590579628944,-0.31099998951
25966,-0.956750035286,0.314040005207,0.3661454916,0.154550001025
55608,-0.880999982357,-0.376203745604,0.687274038792,3.50889992714
1662,-0.6929500103,2.70086026192,0.816218972206,0.0737000107765
9702,0.0136500000954,-0.317173421383,-1.89360678196,-0.564899981022
11031,1.20860004425,-0.413072407246,-0.493297189474,-0.731249988079
10057,-1.1140999794,2.19774532318,-0.960643053055,-0.486999988556
5985,-0.595449984074,0.649623036385,-1.26836204529,0.000100016593933
3280,0.355399996042,-0.21627175808,0.0767113268375,0.314450025558
55958,-0.0396000146866,0.268979370594,-1.43978738785,-0.390349984169
51465,-0.104050002992,-0.174510404468,-1.05382585526,0.868250012398
2542,-0.315750002861,0.942897379398,0.627070486546,-0.449850022793
10641,-0.419849991798,-0.597053349018,-3.34811735153,0.0022499859333
11137,0.247199982405,0.993619322777,1.05703377724,1.22179996967
9842,0.177949994802,0.208858564496,-0.526968896389,-0.108799993992
10493,-0.486900001764,0.248974904418,0.660486459732,0.567800045013
10112,-1.27130007744,0.141848057508,-0.0221871435642,0.0269500017166
1001,-0.46540004015,-0.196850270033,0.00871242582798,1.23395001888
23635,-0.361449986696,-0.210941776633,-0.508788943291,-0.901099979877
29916,-0.614449977875,0.842903196812,0.397549837828,0.187700003386
2810,0.313199996948,0.621494591236,0.649834871292,-0.0338000059128
5993,-0.594500005245,-0.425434798002,-1.00030827522,0.981050133705
11142,-2.94574999809,1.82758712769,-0.569627523422,-5.89194965363
79187,1.02874994278,-0.126493632793,0.982737958431,-0.204499989748
51382,-4.12085008621,-0.01295183599,0.293167680502,0.831350028515
8318,-0.700800001621,-0.387126326561,-1.30307412148,-0.518249988556
9695,-0.702499985695,0.0890145972371,-0.42378693819,0.500599980354
9712,-0.193599998951,0.710533738136,-1.44194972515,-1.13139998913
64943,0.31534999609,0.306115567684,0.386592566967,-4.87305021286
9738,-0.874449968338,-0.394464462996,-0.74133503437,-0.687350034714
6793,0.940999984741,0.585123121738,0.172802373767,0.450699985027
7358,0.40545001626,1.48924028873,0.899889707565,-0.070199996233
58472,-0.704150021076,0.0192282348871,1.15884673595,0.140450000763
50865,-0.464199990034,0.0758929699659,0.335841298103,0.593550026417
23200,-1.34829998016,-0.094505853951,-0.624754190445,0.445100039244
51293,-1.30369997025,-0.0171514730901,0.70786267519,-0.132699966431
10962,1.16929996014,0.354328840971,1.04474806786,-0.463200002909
10153,-0.391399979591,-0.146968603134,0.443936407566,-0.0704500004649
874,0.14509999752,0.484580367804,-1.8663572073,0.791900038719
