rid,CPD003_MCF7_6H:BRD-K48617017-003-09-8:10,CPD003_MCF7_24H:BRD-K48617017-003-09-8:10,CPD003_PC3_6H:BRD-K48617017-003-09-8:10,CPD003_PC3_24H:BRD-K48617017-003-09-8:10
5720,0.900150001049,-0.247906565666,0.428067833185,-1.90555000305
466,0.107149988413,-0.0785560160875,-0.481908619404,-0.920249998569
6009,0.834249973297,0.408189445734,-0.498689711094,-1.04774999619
2309,0.682550013065,0.403974711895,-0.090679384768,-1.52884995937
387,1.16544997692,0.791024684906,0.644481778145,0.547299981117
3553,-0.59040004015,-0.146978214383,-0.0641904175282,0.396149992943
427,-0.897350072861,0.187351077795,-0.398639261723,-0.591449975967
5898,-0.633599996567,-0.68540418148,0.801413655281,1.07749998569
23365,0.564200043678,0.768322408199,1.86530184746,2.11164999008
6657,0.217650026083,-0.801596164703,-0.146997094154,1.90195012093
5054,2.59964990616,-0.742142498493,0.583702027798,-2.15265011787
3108,-0.846199989319,-0.942944705486,-0.818253159523,0.641449987888
1950,0.621450006962,-1.1808719635,-1.55378735065,0.865500032902
351,-1.63794994354,0.427744090557,-0.60836237669,0.0177499949932
4846,-0.984650015831,0.81168192625,0.999932587147,0.150749981403
1452,2.21035003662,0.00533977150917,1.0194709301,-0.894849956036
4776,0.213899970055,0.998552680016,1.13730716705,3.24985003471
6908,0.738649964333,0.291039556265,0.597638726234,-1.62835001945
672,-1.07714998722,0.0400600135326,-0.135824248195,0.239149987698
5710,-0.478049993515,0.710955679417,0.930109143257,-0.642199993134
2115,5.94099998474,-0.871809184551,0.0347288548946,0.0627999976277
7015,1.33805000782,-0.241851195693,-0.8903195858,0.973149955273
8726,-1.09924995899,-0.163774415851,0.087376318872,0.700350046158
2185,-0.144500017166,0.257569015026,-0.244484052062,2.06879997253
3315,-1.16515004635,-0.0243745017797,0.386530995369,0.407699942589
5289,0.903199970722,0.0538779944181,0.0484389029443,-2.4279499054
868,-1.00259995461,-0.528617084026,0.458496659994,-0.270600020885
1677,0.310199975967,-0.152989402413,-0.538271844387,0.160599991679
7043,-1.04919993877,0.335946917534,1.02759301662,0.921299993992
5613,-1.54364991188,0.620285391808,1.10537600517,1.0176500082
595,0.390799999237,0.692154586315,2.01649212837,-0.926249980927
4793,-0.526499986649,1.05595624447,0.112911820412,0.373550027609
2736,-1.01110005379,-0.318507134914,0.247707277536,1.42869997025
5290,0.691399931908,-0.0979833006859,-0.121560961008,3.13625001907
6194,-0.557700037956,-0.494018435478,-0.63348865509,-0.192050039768
1676,0.853749990463,1.37878918648,-2.22692346573,1.82760000229
23512,-0.120849996805,0.508381426334,0.735462665558,-0.827749967575
148022,-0.055449962616,-0.248657718301,2.27461957932,0.0951499938965
1906,-1.16769993305,-0.337984412909,-0.630619525909,0.879850029945
8878,1.21700000763,0.794723153114,0.655836522579,-1.12320005894
3091,-0.170249998569,0.408768564463,-0.89774030447,-0.573949992657
5743,0.252700030804,-0.311652302742,0.330682337284,1.75530004501
5321,-0.346100002527,0.341113269329,-0.280917555094,1.51384997368
4144,0.142699986696,0.202994465828,-0.139491125941,-0.631749987602
1981,1.10415005684,0.29321667552,-0.0260664969683,0.355599999428
695,-0.858999967575,0.468786180019,0.0180658735335,0.74840003252
10398,-0.465050011873,-0.45691204071,0.0773834884167,-0.282649993896
5708,0.0010000000475,-0.927325189114,0.643559098244,-0.485599994659
1213,-0.342900007963,0.748382270336,1.37109208107,0.0136999487877
226,0.264199972153,1.49260950089,1.90589594841,-0.311149984598
6777,2.35949993134,-0.826732635498,0.379915654659,1.55935001373
2113,-0.548650026321,-0.301565349102,1.55039429665,-0.460700005293
3329,1.2202000618,0.00124527513981,0.200779527426,-1.21154999733
1050,0.647549986839,-0.581934571266,0.315600812435,0.341949999332
9491,0.683550000191,-0.243938714266,-0.159426957369,3.31354999542
22926,0.0320999994874,0.0987151041627,1.2925567627,0.298599988222
5899,1.64300000668,-0.536068797112,2.10625314713,0.249650001526
5467,-0.230500012636,-0.476048022509,1.29480934143,0.150249987841
6774,-0.902150034904,-0.0541803389788,-0.765304923058,-0.020249992609
1788,-0.00844997167587,0.245692402124,-0.183697745204,1.4117000103
5921,4.48979997635,-0.459183573723,0.923960566521,0.676049947739
5721,-0.0890499949455,-0.194649964571,-2.68587803841,-2.18845009804
2263,0.776049971581,0.579977035522,-1.01149582863,1.47615003586
808,2.19129991531,0.866098403931,-0.218872994184,2.22159981728
30001,2.5326499939,-0.531606674194,1.21108794212,-0.295500010252
348,1.19914996624,-0.705767691135,-0.7806391716,0.943350017071
30849,1.0992000103,-0.290149092674,0.494659602642,1.05955004692
1454,1.39705002308,-0.452182680368,0.665414512157,0.138749986887
6500,4.80994987488,-0.396249771118,1.28187167645,-0.970749974251
5627,-0.337249994278,-0.670623481274,0.682691693306,-3.23900008202
5715,-2.02830004692,0.382961779833,1.38644242287,-0.638300001621
4791,-0.189249992371,-0.103224001825,4.40023374557,0.303149998188
56924,10.0,0.119671314955,0.831849455833,-1.93685007095
2690,3.82605004311,-0.0209501832724,-0.103058151901,-0.0196999981999
1019,-0.963349997997,-0.402356624603,-2.05143237114,-2.21829986572
51422,0.0895500034094,-1.29723203182,-0.294831871986,-0.385399997234
5788,0.179149985313,-0.178609937429,0.439882814884,1.07375001907
6709,0.519699990749,0.346145153046,2.1839222908,-0.954249978065
1277,4.43015003204,-0.439449220896,2.29507374763,-1.53384995461
993,1.00495004654,-0.0968403965235,-0.820511817932,-1.59680008888
7157,0.875199973583,0.690249025822,0.104057729244,-0.435849994421
1958,-0.435599982738,1.22202289104,-1.10317385197,-0.0561999976635
4582,0.156549990177,0.853140711784,0.09009334445,0.239849999547
9212,-1.9334499836,1.08017766476,1.3343526125,0.992249965668
8440,2.32159996033,0.339278906584,-1.60698151588,-0.876699984074
6790,0.479499995708,0.612427592278,1.59757637978,-0.674000024796
8851,-0.490050017834,-1.29328608513,-0.465477436781,0.832000017166
2534,1.24580001831,-1.01247143745,0.191644623876,-0.431499958038
4893,1.30105006695,0.353046357632,-0.496444523335,1.12195003033
665,5.27094984055,0.040760576725,1.07788324356,0.0382999777794
4313,0.410349994898,0.574237823486,-0.849475383759,0.94034999609
1022,-1.06535005569,-1.1445813179,-0.728498339653,0.118100017309
5880,0.81970000267,-0.404946327209,0.623779296875,-0.428449988365
3162,-1.05680000782,0.606370091438,-0.640348315239,-0.369350016117
1282,-0.197550013661,-0.262754172087,0.171923071146,0.555199980736
3383,0.531399965286,-0.649973750114,-0.850344479084,1.81330001354
727,0.325899988413,0.0291226506233,-1.0700199604,1.34825003147
4792,0.685799956322,0.540538311005,0.948110878468,-0.673799991608
4794,-0.308449983597,0.320308715105,0.742045283318,0.971000015736
902,1.70054996014,-0.571917355061,0.0232135355473,0.615749955177
8091,-0.735150039196,-1.14951205254,1.40268409252,-1.30774998665
3486,0.453600049019,-0.840812683105,1.08594965935,-0.522799968719
10818,-0.787899971008,0.201742500067,0.922056078911,1.05225002766
3454,-2.23495006561,0.420681774616,-0.0988896936178,3.53964996338
4282,-1.65785002708,-0.912922799587,-0.258302360773,-5.06025028229
1605,0.0915999412537,-0.329527378082,1.64597129822,-1.39094996452
10644,0.832749962807,0.376984149218,-0.495465219021,-0.788399994373
2065,-0.951049983501,0.192791074514,1.42314958572,1.38024997711
8321,-0.539099991322,-0.386445850134,-0.795608460903,0.0441000163555
8503,0.211449995637,-0.43006876111,1.10242843628,0.768549978733
7027,1.41079998016,-0.40052562952,0.281101822853,-0.699050009251
6850,0.489450037479,-0.0255092829466,-1.11224222183,1.90260004997
1978,-0.75150001049,0.645850837231,0.83772289753,-0.934700012207
896,-2.49615001678,-0.0783723890781,0.512124478817,-0.691100001335
5777,0.811699986458,0.0670254230499,-1.52339780331,-0.0176000017673
1846,2.17494988441,-0.872300028801,0.458434462547,-1.66904997826
5925,-0.403050005436,0.000331163406372,0.154447942972,1.51244997978
142,-0.322250008583,1.21232175827,0.0195884853601,-0.455250024796
1021,-0.738649964333,0.15144944191,4.77521276474,-1.33574998379
5699,-0.902000069618,-1.59731113911,-0.125558227301,-0.9742000103
8061,1.09555006027,-0.0600884109735,1.48538637161,-0.107150018215
1870,0.338699996471,1.11997270584,-1.27249026299,-0.41345000267
1398,-2.10109996796,0.410381495953,0.375840008259,-1.0611000061
3312,-0.298350006342,0.899382591248,-0.123656719923,-0.70609998703
891,-1.02814996243,-0.0953567028046,-0.423394888639,1.43365001678
4775,0.641449987888,-0.277040243149,0.0442249141634,0.67460000515
5111,-1.48819994926,-0.457906782627,0.0860393792391,-0.259849995375
5696,0.973749995232,-0.699882388115,-0.292465507984,-0.198899999261
5588,-0.0830999985337,0.167832612991,-2.49067521095,1.90855002403
6839,-0.86804997921,0.0722159147263,-0.43578851223,-2.05780005455
329,-0.924300014973,-0.434722065926,-0.315070360899,-0.185350000858
5058,0.118050009012,0.882735610008,4.14567899704,0.262099981308
998,-0.207400009036,-0.472684144974,-0.542046904564,-1.69875001907
9134,0.156199991703,0.0429372265935,-0.175900638103,1.75849986076
6616,0.996199965477,0.534703075886,-0.878750681877,1.8478499651
5223,1.05885004997,-0.330056130886,1.3487098217,0.0979500412941
4690,0.592750012875,0.320334404707,0.452680885792,-4.80329990387
958,-4.84450006485,0.0392595902085,-0.547840476036,1.37269997597
1616,0.353749990463,-0.0624234825373,1.24614071846,-0.597900032997
991,-4.99865007401,0.601750850677,-0.266551226377,0.337599992752
6347,1.10205006599,0.109750777483,1.98646402359,0.57515001297
6714,0.477800011635,0.734982252121,1.76595044136,1.13695001602
652,-0.112049996853,0.392215281725,-1.05183064938,0.358099997044
4331,-0.393700003624,-0.0395563319325,2.39802455902,-0.871999979019
7099,0.700999975204,-0.188340634108,-1.52427864075,-0.121450006962
10320,0.433250010014,1.45386910439,-1.11334192753,-0.665799975395
2042,-0.0661500096321,-0.853791952133,-0.115836337209,1.54824995995
843,0.101900011301,-0.412454128265,-1.07517588139,0.83805000782
840,-0.194849997759,-0.341343134642,-0.0958307906985,0.0305000022054
7048,-0.97705000639,0.790551304817,0.0350854247808,-0.868950009346
4851,-0.876550018787,0.665549397469,0.817388534546,0.682349979877
6464,0.784299969673,-0.037691667676,-1.07924163342,1.08524990082
23410,-0.772149980068,0.829452991486,1.45259559155,0.551949977875
54205,-0.370849996805,-0.653331041336,-0.975453972816,-0.972350001335
2770,2.47309994698,-0.405771076679,0.676487028599,0.825199961662
80204,-0.318049997091,-0.251056581736,-0.028541021049,-0.00344999879599
4208,-0.342699974775,-0.548203527927,-0.969855666161,0.421050012112
1845,1.54379999638,-0.0646343827248,0.619691133499,-0.834349989891
23368,-0.778149962425,1.82815170288,-0.203390389681,0.781150043011
5583,0.946999967098,-0.12388253212,-0.0543986707926,0.536249995232
8900,-0.232750028372,-0.169477760792,-1.35886001587,-0.715449988842
581,-0.870100021362,0.695147871971,-1.00827968121,1.61275005341
6193,0.361400008202,-0.0436029285192,0.808170497417,-1.32660007477
6622,-0.136599987745,0.0860104709864,-1.78451681137,0.876649975777
11261,-0.174699991941,0.300810575485,-0.503689408302,-2.09835004807
6696,1.01289999485,0.457758098841,-1.18623018265,-0.337249994278
8312,0.80235004425,-0.264232695103,-0.849718689919,-0.610800027847
835,2.88519978523,-0.369560778141,0.89223587513,-1.98280000687
8324,0.802550017834,-0.962910056114,-1.56646609306,0.916450023651
1848,0.00345000624657,-0.548605501652,-0.530002713203,-0.278599977493
154,1.17604994774,-0.36246457696,-1.08227109909,0.0329999923706
4312,1.42094993591,-0.526585221291,-0.949438691139,1.89814996719
994,1.10264992714,-0.0179294645786,-0.131778597832,-1.68770003319
2048,-0.242750003934,0.545034050941,-0.496189594269,-0.270150005817
1111,-0.558950006962,0.458264112473,0.0508824586868,1.34344995022
5154,-0.16060000658,1.1021156311,0.519345641136,-0.857100009918
2920,0.000949993729591,0.779350459576,-0.3073772192,-1.28009998798
3122,0.0299499928951,0.30039575696,0.746231913567,1.60969996452
2769,-0.887800037861,0.0739840865135,-0.820913374424,1.03474998474
5900,0.563549995422,0.147431224585,0.219581723213,-1.08060002327
6304,2.81599998474,1.13327300549,1.37815070152,2.43860006332
5211,1.48830008507,0.751643896103,2.25318980217,-0.112699985504
2886,-0.0167499780655,0.492693811655,0.160419672728,1.15725004673
9261,-0.215149998665,-0.664130091667,0.343187093735,1.13765001297
8569,1.35885000229,0.624554872513,0.166148066521,2.27924990654
3303,-2.20429992676,-0.679400742054,-0.560411632061,-3.65259981155
5331,1.43959999084,1.31222510338,1.32977509499,0.192299962044
5347,-1.63429999352,0.168135136366,0.522340297699,-0.857100009918
4638,-0.714499950409,0.156503558159,0.0230848044157,1.62690007687
2264,0.233199998736,-0.12015363574,0.353865861893,-0.537050008774
1029,0.108949959278,0.494480192661,0.521326363087,-0.916100025177
1027,0.221049964428,0.577653348446,0.184375345707,0.321799993515
2597,0.0,-0.00049209035933,-0.000107136394945,0.00034999998752
55847,-0.894599974155,-0.622576236725,-0.109440475702,-0.98474997282
25803,0.377900004387,1.14648962021,-0.399408936501,0.410750001669
3480,-1.30585002899,-0.167186826468,4.23591279984,0.209600031376
2946,0.479099959135,0.312819033861,0.729559779167,1.31134998798
9517,0.497099995613,0.329717606306,1.47676301003,-0.101000003517
25987,1.34169995785,1.07656121254,0.983264923096,1.42385005951
23670,-1.18649995327,2.81161665916,-0.534868359566,-0.092099994421
11182,0.105500012636,-1.12686085701,0.409767925739,1.67285013199
2146,-0.171950012445,-1.09183144569,0.512221574783,0.547749996185
3385,-0.785849988461,0.517854094505,3.1669549942,-0.223249986768
5261,-0.677000045776,0.45199328661,-0.650617241859,1.65289998055
10765,1.32665002346,0.0410944372416,0.830322623253,1.5109500885
25839,0.712350010872,-0.708561718464,-0.280600726604,-0.0267000049353
4172,0.390949994326,-1.72152984142,0.692506551743,0.336099982262
23161,0.950349986553,-0.591139733791,0.244173467159,1.01180005074
10298,-0.423699975014,0.384927362204,-0.338522940874,0.118349969387
1802,1.74975001812,-0.841791033745,-0.621763825417,-0.636049985886
58533,0.164649993181,-0.336825549603,0.729782700539,-1.36170005798
147179,0.760800004005,0.254824817181,0.333207398653,-1.53065001965
29937,0.746649980545,-0.0566493459046,-0.524112343788,-1.61315000057
6184,0.0703999996185,-0.129995420575,-0.424822449684,-3.47749996185
9854,0.824050068855,0.228971064091,-0.0896143168211,-1.70440006256
2553,1.14099991322,0.295058906078,-0.449753433466,-1.78589999676
5440,0.669499993324,0.150587499142,-0.39917448163,-0.232699990273
54623,-0.277400016785,-0.716829776764,0.987672507763,1.24184989929
9533,1.75089991093,0.10093870759,-1.25414538383,-0.110299944878
8607,0.0413500070572,-0.983936965466,-3.43769216537,0.562600016594
207,0.584450006485,0.14958781004,0.775437116623,-1.32190001011
26054,-0.882350027561,0.555459916592,0.517967283726,1.07564997673
10682,0.0987499952316,-0.229731157422,0.870319068432,-1.56365001202
8573,0.656800031662,-1.04559314251,-0.104490861297,-1.03454995155
23378,0.745000004768,-0.631471395493,0.729556441307,0.405750006437
8553,-0.86360001564,-0.391201615334,1.77926230431,-0.500949978828
622,-0.0243999958038,0.49355328083,-0.187839865685,-0.41219997406
9467,-0.596249997616,-0.50308316946,-0.390355110168,0.77815002203
5525,1.13800001144,0.666632890701,1.43625342846,-0.538249969482
256364,0.165549993515,-0.943912625313,-0.0144385397434,-0.367349982262
332,-1.016299963,0.155932471156,-0.000144634133903,1.32690000534
2058,0.056500017643,-0.178823202848,-0.173684716225,-1.03659999371
7849,-0.0736499875784,-0.620411813259,-1.08843374252,0.230600014329
23244,1.0802500248,-0.292227178812,1.52780508995,-2.55005002022
7494,-0.137700006366,0.46004229784,4.41736412048,-0.819399952888
4836,1.11059999466,-0.212095603347,1.55666708946,0.861599981785
23647,0.999400019646,0.0343032851815,0.825874149799,-0.116899996996
10617,-0.208950042725,-0.682640254498,3.45535039902,-2.01039981842
2184,-1.58064997196,0.0936799198389,0.696961164474,0.277350008488
5355,0.432850003242,0.281787991524,-0.51297724247,3.54325008392
6659,0.07025000453,-0.134411096573,0.996850073338,0.325800001621
7016,-2.91475009918,-0.732754349709,-0.597266972065,0.985249996185
90861,0.909899950027,1.22740745544,0.794131278992,-0.94730001688
10670,1.60080003738,0.338387966156,0.356938958168,1.72219991684
79071,-1.3492000103,-0.836644053459,-0.56467372179,-2.19105005264
64746,-0.861699998379,0.713079333305,1.09104728699,-0.0985000059009
5366,0.268449991941,-0.536368906498,0.389312744141,0.50619995594
11344,0.404449999332,0.0548630431294,0.188369512558,-0.803549945354
10013,0.753299951553,0.611177623272,1.2376730442,0.0749999880791
5829,1.19920003414,0.320472806692,-1.29768204689,-0.784449994564
5257,2.91324996948,-0.272029340267,0.00660998560488,1.38765001297
22794,2.17934989929,-0.403979122639,0.892179191113,0.605250060558
9761,1.82010006905,0.247375562787,-0.16775983572,-0.143800020218
23326,0.243749976158,-0.421029061079,0.319894969463,-2.5461499691
10972,-0.365099996328,0.0425272583961,-4.39084005356,-0.265450000763
10523,1.45445001125,0.656655013561,0.714996278286,-0.801499962807
79090,7.38039970398,0.69867515564,-0.891361355782,-0.169349998236
27032,1.31815004349,-0.558077335358,0.185405001044,-0.705199956894
9097,0.517549991608,-0.375105768442,-1.00125098228,0.409999996424
10513,0.273449987173,0.310788452625,0.846307456493,1.29500007629
1891,-1.24009990692,-0.567386984825,-0.443767368793,1.31064999104
3066,0.199900001287,0.180397719145,1.6462726593,0.490200012922
9801,-0.967899978161,-0.248191341758,-0.652856707573,-1.25504994392
1459,1.17444992065,0.0982612669468,-1.2246376276,1.3452000618
9703,6.17040014267,-0.240532010794,0.802953243256,-1.17210006714
10606,-1.64544987679,-0.428594768047,1.7444627285,-0.141499996185
1017,0.436850011349,-0.796761274338,-1.13845789433,1.20585000515
9813,0.337799996138,-1.51371157169,0.224660009146,1.8478000164
7485,-0.856099963188,0.780631840229,-0.995523095131,-0.548950016499
2109,-1.17404997349,0.706480145454,-1.11251676083,-1.66489994526
23271,-0.628250002861,-0.23448844254,-1.2459911108,0.024749994278
9915,1.12239992619,0.469406455755,-1.10429048538,0.240649998188
9552,0.57699996233,0.41420841217,0.0467646867037,0.816650032997
93487,-0.701049983501,-0.505545318127,0.281897008419,-0.780300021172
2956,-0.627950012684,0.719529390335,-1.41318523884,-1.21955001354
11065,-0.221949994564,0.823821425438,-0.086598098278,-0.42974999547
9653,5.02099990845,-0.285009503365,-1.61553263664,-2.97475004196
200081,0.17435002327,0.763630986214,0.822820186615,-2.8953499794
3337,-1.51854991913,0.663900673389,0.373390555382,-1.02289998531
11073,0.0301000028849,0.166761890054,-0.699387490749,0.08884999156
23,-0.31764999032,-0.922799348831,-1.8945595026,0.481299996376
5641,1.48199999332,-0.109891057014,-0.0728281959891,0.277900010347
8720,0.0974499955773,-0.711213886738,4.46180009842,2.7947499752
10782,5.4672999382,-0.478350818157,-1.05337703228,-1.00800001621
25932,-1.13724994659,-0.861109375954,-0.382054030895,-0.465950012207
3028,1.1834000349,0.0366332083941,1.60120403767,-0.207349985838
6804,1.31850004196,0.36529648304,0.0520301312208,-0.243599995971
890,0.0520000457764,0.368545770645,0.624719083309,0.127550005913
6390,-0.238649994135,0.00882892310619,-0.530528604984,-1.84275007248
4303,-0.822849988937,0.389730930328,0.587934672832,-0.732550024986
10953,-0.980549991131,1.15132713318,1.71369969845,-0.899399995804
22889,0.747549951077,-0.973911643028,0.683481395245,0.231000065804
3098,1.41529989243,0.874147295952,1.67884778976,0.0414999723434
11044,-0.0366999804974,1.02404546738,0.487540841103,1.34095001221
8985,-0.528199970722,0.54193675518,1.70842170715,0.272450000048
66008,0.284150004387,-0.296814799309,0.940341830254,-0.323399990797
9217,0.736199975014,-0.253379464149,-0.247437909245,-1.73720002174
701,0.975099980831,-0.325012028217,-0.430666267872,1.48790001869
6182,-1.007999897,0.22487834096,-0.000107136394945,0.459000021219
4860,0.119249984622,-0.25706961751,-0.832650303841,-2.05320000648
7398,-1.44690001011,-0.375229179859,1.25906074047,-0.768000006676
6117,-0.934100031853,0.160733684897,-0.898597717285,-0.348450005054
23588,0.844550013542,0.515564918518,-1.21430373192,1.33224999905
949,-0.781799972057,0.0921659469604,0.347326159477,-1.08759999275
7168,0.254199981689,1.2498973608,1.02391541004,-1.47125005722
9375,0.480899959803,1.56967902184,0.226256638765,-2.0680000782
4927,0.727200031281,0.0253896266222,-0.0811881572008,-0.0409500002861
2523,-1.64224994183,0.0897681117058,0.0232027024031,0.993250012398
58497,-0.162949994206,0.0952580869198,1.06186532974,0.343650013208
6856,-0.165899991989,0.468537420034,0.0705638825893,0.655300021172
26036,-0.387749999762,0.967824578285,-0.93308532238,1.13870000839
10206,2.10474991798,-0.433877944946,-0.657638311386,1.54044997692
25793,1.56045007706,0.578986942768,0.381266862154,-0.213650017977
55556,0.199100017548,-0.300567507744,0.273988068104,0.978549957275
3978,0.548749983311,0.365548551083,1.57630097866,-0.718050003052
10681,0.559849977493,-0.679038703442,0.370054543018,0.291350007057
3638,-3.38774991035,0.80596613884,-1.26002824306,1.02880001068
8349,-0.0929500162601,0.1957385391,-0.709039926529,0.868649959564
6275,-1.17170000076,-0.954845547676,-1.39234733582,-0.688149988651
3895,0.553599953651,-0.466030538082,1.12209057808,0.736050009727
392,0.889750003815,0.696688234806,1.38245260715,1.59755003452
9170,0.136099994183,-0.214503422379,-1.47681450844,-2.15925002098
80347,0.765599966049,0.278000861406,0.0233385562897,-1.18274998665
23300,-0.601350009441,-0.902668297291,-0.320867061615,-1.36000001431
836,-0.212099969387,-0.275085091591,0.144313231111,1.65575003624
11188,-0.0407000035048,-0.590993106365,-0.503608882427,-0.0419000089169
10898,0.491350024939,-0.0712515711784,-0.693679332733,0.314300000668
9276,1.09529995918,-0.478568613529,0.331593245268,0.407350003719
1647,0.723749995232,0.4964453578,-0.725649833679,1.1589499712
10285,-0.942849993706,-0.235364899039,-2.81263542175,-0.536500036716
23386,0.0627000331879,0.175083398819,-0.681321263313,0.357899963856
3156,0.763800024986,-0.526694536209,-1.47547030449,2.05815005302
10237,0.891550004482,0.607318460941,1.56988477707,-1.05080008507
7077,1.64599990845,0.487824857235,0.0757555067539,2.19470000267
11157,-2.15114998817,-0.421698778868,-0.757859528065,-1.43729996681
22908,-0.749850034714,-2.31419658661,-0.252500623465,-1.67580008507
10915,-2.73810005188,-0.646061599255,1.28045153618,-1.23434996605
9897,-0.957049965858,-0.0810066983104,0.974708020687,1.20405006409
1759,1.07389998436,0.0135399885476,-0.783367931843,-0.288950026035
54541,-0.51985001564,-0.63746124506,-1.22181463242,-2.6357998848
211,-0.0202500000596,-0.107319824398,0.21266053617,0.770200014114
5048,-0.150499969721,0.161339193583,0.190033912659,1.16174995899
84722,-0.575600028038,0.598807573318,-0.439986646175,0.29135003686
29890,0.616549968719,-0.446616530418,-1.08660507202,1.03649997711
9868,0.204299986362,-0.287118673325,0.211041748524,1.7554500103
873,0.95015001297,0.154881626368,0.962130427361,-0.438449978828
5580,0.578149974346,0.155912637711,-0.0400199443102,-0.751549959183
3725,0.0234000049531,-0.203198865056,-2.0528242588,1.31770002842
23585,-0.997400045395,0.53147393465,-0.694237232208,-0.802249968052
51097,-1.47344994545,0.697432279587,0.0654384195805,-0.90674996376
1831,-0.75125002861,0.372847914696,0.417002111673,2.21695017815
7020,-0.492350012064,-0.338820904493,-0.583489060402,1.07544994354
55893,1.19634997845,1.15524744987,1.09417104721,1.70319998264
6944,0.140150010586,0.641035079956,0.435225665569,2.8670501709
22883,0.949999988079,-0.883111655712,-0.990207314491,-0.519950032234
5601,-0.265299975872,-1.10255718231,-1.76348614693,0.347199976444
10775,-0.285049974918,-0.16352263093,-0.155939564109,0.631200015545
4780,-1.86335003376,-0.67187166214,-0.682582974434,1.03905010223
10904,0.429300010204,-0.912310361862,-0.345200479031,-0.933750033379
9917,1.16534996033,-0.323949128389,-1.05504083633,1.08410000801
1399,0.092099994421,0.365729600191,-0.952223300934,1.53869998455
24149,-0.277550011873,-1.05298948288,-0.546722769737,-0.390549957752
2222,-2.02509999275,-0.546012759209,-0.18316873908,-2.0243499279
10131,0.716450095177,-0.476075947285,1.0163744688,-0.534850001335
2958,-0.201900005341,-0.339170217514,0.467732340097,0.757950007915
9650,1.11574995518,-0.511917233467,-1.40168750286,-0.335550010204
7319,0.621999979019,0.485204428434,0.338345021009,-1.59084999561
4817,0.663249969482,-0.304580509663,-0.739867508411,2.29439997673
9143,3.79679989815,-0.426364839077,0.761478722095,0.418600022793
10494,0.11645001173,-0.197927713394,-0.729502081871,-1.98130011559
55324,-0.512250006199,0.795342028141,1.05127716064,-0.631150007248
23149,0.169550001621,-0.18933981657,0.904021143913,0.133799999952
9943,0.0243999958038,-0.251087725163,0.791605830193,-0.187400013208
6599,1.085750103,-0.372917771339,-0.638198673725,-1.71405005455
51031,0.492549985647,0.211615175009,0.489403367043,1.20704996586
3566,-0.0922000110149,0.52389138937,0.313526749611,1.50530004501
3815,-0.932950019836,0.195143356919,0.446072518826,4.45595026016
8624,-1.43245005608,0.457783281803,-0.814985752106,-1.42210006714
27346,0.220050007105,1.01716530323,1.10273325443,-2.34115004539
10489,-0.638999938965,-0.105028234422,-1.11896026134,-0.997749984264
26128,0.422000050545,-0.17673060298,-0.358567535877,-1.94924998283
79921,-0.890849947929,0.0109803676605,0.762134432793,0.225349992514
55746,0.123300015926,1.14679634571,-0.22797973454,1.66350007057
23636,-0.862550020218,0.655012309551,1.64112710953,-0.683750033379
10892,5.15035009384,-0.856153964996,1.87419724464,-0.708049952984
10652,1.2567499876,0.614336133003,1.84903454781,-0.363350003958
11004,-1.23979997635,-0.361970633268,1.56202661991,-0.373449981213
23530,3.74140000343,-0.574234366417,-0.0946873873472,0.717399954796
8826,-0.979000031948,-0.891029000282,-0.221240893006,1.61249995232
3308,-0.0494500100613,-2.06299757957,-1.61436152458,0.970049977303
7153,-1.0570499897,-0.0198396295309,0.661916553974,1.13129997253
11041,1.1262999773,0.580590546131,0.436132520437,-1.69599997997
6342,0.0667499899864,-0.852254390717,0.975693881512,0.740949988365
5883,0.267049998045,0.379387944937,0.477408766747,-1.32694995403
10589,0.0963499993086,0.0904347002506,-0.923788785934,-1.38119983673
5110,-1.31625008583,0.27393001318,-1.07615923882,-1.53694999218
4609,-0.367599993944,-0.403669893742,0.300005495548,-0.323799997568
5423,0.738499999046,-0.576256036758,0.432212591171,0.0544500052929
1070,-0.651700019836,0.568271636963,0.224860772491,0.314149975777
10051,-0.836099982262,0.093570664525,0.671668767929,-1.37105000019
6603,0.0288999974728,0.222262486815,1.19905257225,-0.699999988079
9019,-1.91839993,0.301108837128,0.190830290318,-1.82280004025
10969,-2.49749994278,0.321205496788,0.734136521816,-0.830449938774
9797,-0.352100014687,0.0506797730923,1.06075525284,-1.87120008469
4043,-1.28705000877,-0.0547771714628,-1.44302582741,-0.324550002813
9519,-0.24099996686,-0.600354135036,0.650990009308,-2.03550004959
8480,0.133799999952,0.0544817745686,-2.13187885284,-1.66435003281
983,-0.173300012946,-1.25610983372,-1.85572814941,-0.834949970245
10559,0.77294999361,-0.305387914181,-1.94102954865,-0.501399993896
8508,-0.709299981594,0.203170955181,-0.365088999271,-1.23860001564
9275,1.0135999918,0.189517855644,0.195338249207,-0.60104995966
8914,1.8737000227,0.423508614302,-1.13335490227,0.496150016785
54505,-0.56844997406,0.46318089962,-0.202430531383,0.389949977398
6919,0.667500019073,-0.10940399766,0.151178926229,0.500049948692
2274,-0.473699986935,0.0420562773943,-0.599412322044,-0.692099988461
2288,0.00034999998752,0.17435733974,-0.515753090382,0.0912000015378
7994,0.445899993181,-0.368654549122,0.0175394974649,0.547200024128
4216,0.0354999899864,-0.463692694902,0.353907257318,-0.101300001144
7538,-0.0919000059366,-0.992508172989,-0.307859301567,1.16094994545
3628,0.503849983215,-1.81738233566,-0.969646215439,-0.516700029373
2037,3.5897500515,0.0609866306186,1.05255174637,-0.585150003433
2771,1.23654997349,0.637363016605,0.519778430462,-2.39289999008
7264,-0.120900005102,-0.844006538391,1.52386307716,-1.19879996777
1786,-0.435350000858,0.493569254875,-0.906673014164,0.678149998188
5873,2.98549985886,-0.571379601955,-1.14724814892,1.46020007133
780,0.513949990273,-0.248276472092,-0.276854753494,0.925650000572
9926,-0.194049984217,-0.524762153625,-1.51980781555,-2.26530003548
8446,-0.153199970722,-0.428894430399,-0.384105831385,1.26639997959
7159,1.44525003433,0.11629216373,0.155537739396,0.150599986315
1026,-0.717850029469,-0.778713941574,-1.28136086464,3.6439499855
7082,0.465949982405,-1.12466156483,0.309322834015,0.942749977112
10058,-2.05114984512,-0.592239558697,0.0387965142727,-0.61495000124
10797,-1.87985002995,0.311952024698,1.15700757504,-1.5978499651
11230,-1.07265007496,0.0207371115685,0.0482947379351,-0.363299995661
30836,-0.48299998045,-1.30770015717,-0.232300043106,0.375449985266
27336,-0.36875000596,0.21168461442,-0.850726366043,1.28550004959
9918,1.06984996796,0.467676222324,-0.620126962662,1.33114993572
79073,0.829450011253,0.0490629971027,0.698083102703,-0.492400020361
9688,-0.503250002861,-0.101385243237,1.13222944736,-0.714049935341
23659,1.22630000114,1.32804775238,1.31336796284,-0.537699997425
8396,0.166849970818,0.259286165237,5.11699390411,-0.551900029182
23077,0.642300009727,-0.566207408905,-1.19617938995,1.39234995842
10857,-0.134049996734,0.339255273342,0.150002166629,-1.44954991341
16,-0.14280000329,-0.0177640318871,-0.695419728756,1.36485004425
2817,-1.83010005951,0.064902484417,0.48925024271,0.498399972916
60528,-0.759850025177,-0.453773140907,-1.39289546013,-1.93355000019
5359,5.06134986877,-0.18480335176,-1.61144399643,-0.121450006962
1514,0.195900008082,-0.111095547676,0.465974509716,-0.477150022984
1509,0.0316999964416,0.546126782894,0.264266878366,-1.54809999466
9181,0.569399952888,0.0310771763325,-0.757738947868,-1.62555003166
3611,0.923650026321,-0.948713481426,0.0910223573446,-1.89409995079
4783,-0.721300005913,0.307344287634,-0.940568387508,2.88080000877
10123,0.513249993324,0.31635415554,-0.12331392616,1.44659996033
8895,-1.95875000954,-0.229413792491,1.31722211838,-0.693899989128
9805,-3.12220001221,0.312793314457,0.110494881868,1.01130008698
4125,0.0184000134468,1.11813783646,1.14907717705,-0.59224998951
1635,1.17159998417,-0.382464170456,1.33693087101,-1.21000003815
4154,-0.564949989319,-0.681760013103,-0.519770622253,-1.36170005798
26292,-0.836099982262,-0.61384999752,0.0434517860413,-0.97805005312
5770,-0.145050004125,0.404842972755,-0.538313508034,0.797850012779
25874,-0.0445999950171,0.904937982559,0.610188603401,-0.397400021553
11319,0.605350017548,-0.989105343819,0.73050570488,-1.0992000103
1153,-1.33710002899,-0.69080722332,-0.778545498848,-1.68799996376
11098,0.636749982834,-0.0238310620189,0.270281523466,0.443100005388
8974,1.41409993172,0.525785088539,0.0924285575747,0.668799996376
533,-1.68374991417,-0.156957343221,0.531586945057,-1.68355000019
823,0.610000014305,0.148745089769,1.7136092186,1.47734999657
6812,4.68555021286,-0.114269308746,0.813229620457,-0.552500009537
3693,-0.291350007057,-0.386453747749,1.10645115376,-1.21770000458
4891,0.252750009298,-1.48448991776,-1.70028722286,-1.36345005035
10954,0.326449990273,-0.141954705119,0.798536896706,3.2282500267
5909,0.665799975395,-0.310165911913,-0.837089776993,-2.12534999847
9221,0.624899983406,0.221772164106,1.38749969006,-3.22709989548
847,-0.0740000009537,0.154018968344,0.760001242161,1.68555009365
11072,0.302949994802,0.122157476842,-0.471865952015,0.730199992657
10221,-0.262750029564,0.259591788054,0.233713239431,1.21640002728
7158,0.425000011921,-0.945751786232,-0.276110827923,0.121000051498
8678,0.943100035191,-0.475382357836,1.387622118,0.746999979019
11014,-1.28240001202,-0.0642822757363,0.605476200581,0.291950047016
1994,-0.302049994469,0.0852963924408,1.84945702553,1.09975004196
3482,-0.251699984074,-0.0727697759867,0.136653333902,0.270550012589
25976,0.619899988174,-0.187146574259,0.00976817309856,-0.787349998951
10491,-0.476100027561,-1.35916900635,0.277688026428,-0.71875
51053,-0.277199983597,-0.945542156696,-1.1767834425,0.730499982834
9267,-0.00854999944568,-0.0162851512432,1.18772542477,-0.116249993443
5547,0.576099991798,-0.212196916342,-0.65098130703,-1.78229999542
6597,0.182850003242,0.346094250679,0.591726958752,-1.43635010719
5836,0.325500011444,-0.0220780670643,-0.942875027657,-0.606299996376
6118,1.95574998856,-0.700825750828,-0.806913077831,0.921000003815
2961,0.659950017929,0.775064706802,-0.393497616053,0.323550015688
310,-0.908450007439,-0.0243595093489,-0.460665374994,-2.19514989853
7296,-0.584150016308,0.106345623732,-2.05097603798,-1.47675001621
1429,0.287349998951,-1.09988248348,0.0876671671867,-0.922550022602
2548,-0.176500022411,0.33632850647,1.26486515999,-0.82849997282
6499,0.479200005531,0.0255181118846,0.919700264931,-0.828050017357
642,-0.539549946785,-0.507139801979,-0.0665314048529,-1.30274999142
23076,-1.44830012321,-0.409870773554,1.30455565453,-0.535000026226
10099,-0.707450032234,0.144786462188,1.59280109406,-0.612550020218
9817,0.235899984837,-0.664594948292,1.76652264595,-0.213250011206
9126,-0.709399998188,-0.359454929829,-1.01251041889,1.00734996796
3930,-0.62064999342,-0.61310762167,0.334555476904,-0.54960000515
10450,-0.173449993134,-0.0563749670982,-2.38439798355,-1.59054994583
54386,-0.447050005198,-0.0262604318559,0.940727114677,0.0929500162601
664,-0.670300006866,-0.266465574503,0.592426002026,0.0969499945641
596,0.525650024414,-0.725837349892,-1.1202890873,1.17175006866
10180,0.654399991035,-0.731466889381,-0.730942249298,0.0980000197887
1445,-1.13954997063,-0.256846129894,1.37680757046,2.45510005951
230,0.753550052643,-1.19190633297,-0.799067020416,-0.568050026894
9246,1.46675002575,0.117439091206,-0.743575036526,1.65865004063
5092,-0.69939994812,-0.49604177475,-2.54392647743,-0.359549999237
23463,1.63874995708,-0.173546403646,1.44394159317,-1.31679999828
10007,-1.41149997711,-0.311297893524,0.418397367001,-0.753849983215
4925,0.229849994183,-0.55271345377,0.0963529348373,0.741999983788
6251,0.0785000026226,0.739940047264,0.784973919392,1.09539997578
5782,1.53754997253,-0.453697800636,0.699864029884,-0.544550001621
5106,0.0609999597073,0.37821123004,-0.969217002392,1.33635008335
2673,-0.0505499988794,0.324008733034,0.959447324276,-0.836850047112
644,-1.97699999809,-1.04853987694,-1.72264480591,-1.28940010071
6284,-1.09039998055,0.126499980688,-1.43229734898,-0.896049976349
4605,0.499500006437,1.51970267296,0.738216996193,-0.681650042534
6810,1.10940003395,-0.664853751659,-0.214555293322,0.424300014973
54499,0.23394998908,-0.959511518478,0.77522200346,-1.10395002365
11007,0.492949992418,-0.390782922506,-1.15589809418,-0.322250008583
1643,-1.77530002594,-0.305038571358,0.659225702286,-1.80279994011
25805,-0.0984499901533,-0.469878226519,1.11278676987,-1.18715000153
3033,-2.23344993591,-1.0018723011,-0.449202954769,0.568650007248
2745,1.47495007515,-0.368332594633,-0.571362674236,-1.34379994869
9961,0.0538500025868,-0.934989929199,-0.454711824656,0.409199982882
3925,0.633000016212,0.693222880363,-0.388858407736,-0.838099956512
2582,-0.101700000465,-0.230561390519,-0.583242893219,-0.697349965572
5792,-0.351850032806,-0.649782478809,-0.770928502083,0.480200052261
5236,1.03229999542,-0.770914673805,0.995377242565,-1.40314996243
4016,4.95190000534,0.372187554836,1.40553557873,0.490449994802
4651,0.127000004053,-0.366330623627,0.837413609028,0.111699998379
3988,-1.18079996109,-0.507755935192,0.700496852398,0.807699978352
26227,-0.162299990654,-0.132654368877,1.1503572464,-1.36439990997
7982,1.02435004711,3.87581515312,0.555624902248,-0.5625
3551,1.37510001659,-0.85491001606,-1.5589287281,2.41434979439
5108,-0.791100025177,-0.326514542103,0.555585443974,-1.67820000648
8870,0.795149981976,0.527851462364,0.579342603683,-2.37304997444
2195,0.8900000453,0.730668008327,0.321198791265,1.63260006905
8731,0.274099975824,-0.479918122292,1.22250115871,-0.294900000095
1956,-0.0486000180244,-1.10902690887,1.23917782307,-0.35585001111
10276,0.909649968147,0.370610713959,0.533512115479,-1.35520005226
1666,-1.24989998341,-0.943857371807,-1.47419500351,-1.49379992485
4864,-1.16184997559,-0.0626287460327,2.25052189827,0.619400024414
4232,0.296299993992,0.215409442782,-0.185997471213,1.33660006523
5050,1.10614991188,-0.266337633133,-0.989538133144,0.131000012159
813,1.01579999924,-0.218888044357,-0.0858963727951,-1.87759995461
3964,-0.701799988747,0.253685235977,0.839195013046,1.37374997139
26020,0.168399989605,0.516973614693,-0.0627444088459,-0.426399976015
481,0.839049994946,-0.869596004486,0.553569674492,-1.23294997215
5019,-1.05145001411,0.0429655611515,0.489843338728,-0.282950043678
291,-0.835250020027,-1.00744616985,-0.387772619724,2.66449999809
10973,-2.18735003471,-0.521204769611,0.0845418423414,-1.00010001659
9697,0.430899977684,0.661688804626,0.817781567574,0.741849958897
5831,-1.58340001106,0.393036872149,0.60187035799,-0.205449998379
8202,0.277300000191,0.462221592665,-1.17327773571,-0.995900034904
57804,-2.7529001236,-0.00153335928917,0.641451656818,-0.476349979639
5566,0.719049990177,-0.589815139771,-0.273221880198,1.74979996681
57149,-2.06430006027,-0.31285905838,-0.0216234922409,-0.265549987555
7416,1.41335010529,-0.393116533756,0.163755819201,-0.348999977112
10174,-0.807749986649,0.673068642616,1.44292664528,-1.01310002804
6676,-0.541400015354,-0.528849482536,0.790626823902,0.696399986744
8884,1.3966499567,0.96509885788,-2.86241745949,-0.298150002956
5997,4.5654501915,0.771034121513,0.195822179317,-0.107550010085
57147,-0.883599996567,0.188644453883,-0.392867356539,-0.126549988985
6909,0.529850006104,-0.0904825329781,-1.06160497665,-0.434500008821
9093,-0.000650000059977,0.323242217302,-0.00141023239121,-5.09130001068
23142,0.267549991608,-0.257395327091,1.07377374172,1.70070004463
8444,-1.14584994316,-1.16036331654,-1.40083920956,0.129899978638
11232,-1.35940003395,-0.205620884895,-1.58463788033,-3.74924993515
27095,0.276600003242,0.9406452775,1.07933115959,-1.95789992809
10732,-0.924049973488,1.07275664806,0.87797921896,4.56554985046
23029,-1.26174998283,-0.293340414762,-0.921137034893,0.158350005746
9270,-1.56904995441,0.0643603056669,1.3245651722,-0.310800015926
47,1.17499995232,0.758445620537,1.16586375237,4.35305023193
5889,-2.10575008392,-2.02262854576,-0.891861021519,-2.71540021896
8243,0.857100009918,-2.66683602333,-1.1781629324,0.479950010777
10730,-0.102250002325,0.11876206845,-0.627682209015,-0.219150006771
30,0.276500016451,-0.165482774377,-0.509813547134,-0.482749998569
7466,0.489600002766,1.11459970474,0.636647343636,1.06064999104
89910,-0.939100027084,-0.133746385574,-0.618544876575,-0.00619995594025
56654,-0.945150017738,0.0321818366647,-3.08629822731,-1.00555002689
501,-0.611249983311,-0.439182162285,0.389111757278,1.02925002575
5438,-5.09940004349,0.753586947918,0.750510811806,-1.1983499527
26993,0.0451000034809,-0.920133709908,0.66992521286,-0.635749995708
55111,0.225299999118,1.68543565273,-0.237505286932,0.762600004673
8520,-1.93670010567,-4.75389623642,0.514399528503,-0.4849999547
10146,-0.27064999938,0.0187156796455,-1.49243044853,-0.60664999485
7165,1.84029996395,-0.403154939413,0.694467782974,-0.523949980736
55011,0.161899998784,1.06474542618,1.68628013134,-0.102949999273
6461,0.0716999769211,0.0606210976839,-1.20023047924,1.53240001202
10813,0.490700006485,-0.531851828098,-0.68216085434,1.06994998455
80746,-0.85229998827,-0.493361771107,-1.46121263504,0.749799966812
10434,-0.849249958992,0.120516449213,0.82262223959,0.512099981308
5607,1.94665002823,-0.542366683483,-0.759366333485,-0.154949992895
22827,0.169900000095,-0.940593600273,0.000608934031334,-0.969900012016
51635,0.154600024223,1.85699129105,-0.461244672537,-1.44095003605
84159,0.611800014973,-0.276572555304,-0.815440714359,3.08029985428
3508,-0.231000006199,0.0964860320091,0.0861436873674,0.567900002003
84890,-0.384499996901,-0.556687414646,0.531986951828,-1.81945002079
79600,0.505250036716,-0.120454758406,-0.056265860796,0.414649993181
8574,0.621599972248,0.791105687618,1.53956437111,-1.15980005264
5529,-0.0754500031471,0.296810179949,0.0632197707891,-0.29825001955
3909,0.589150011539,0.883191823959,-0.690592765808,1.61594998837
9637,1.92110002041,0.0710552632809,1.56942522526,-0.0804499834776
8518,-0.355549991131,-0.15947213769,-0.776125311852,0.753000020981
6443,-1.80944991112,0.323422670364,1.65304207802,-0.256749987602
58478,-1.51110005379,0.116737157106,1.04533779621,-0.61369997263
4850,1.78460001945,0.437231391668,0.134629413486,-0.442149996758
23210,0.455000013113,0.419632911682,0.50421333313,-1.91289997101
54733,-0.674199998379,0.654894649982,0.214328438044,-0.844049990177
55129,-0.319849997759,-0.0334738790989,0.450680375099,1.61925005913
10273,0.0,0.0,0.0823506936431,-0.274850010872
572,-1.20569992065,0.477190256119,-4.35906505585,0.0131500065327
5716,-0.267399996519,-0.104262076318,1.68938446045,0.669999957085
22841,0.621100008488,-0.263925909996,-1.10275495052,0.759250044823
2356,-1.03635001183,1.86722457409,-2.46207594872,-0.209600001574
6050,0.872799992561,-0.299308091402,-0.586963057518,0.469399988651
64422,0.967800021172,0.122508853674,3.00988960266,0.0626000016928
8837,1.15480005741,1.72151100636,0.182837188244,0.73575001955
55127,2.61634993553,0.0985332578421,-1.68963479996,-1.60879993439
23335,-0.345499992371,-1.97633171082,-0.179954633117,1.69455003738
10270,0.443599998951,0.305555313826,0.232549503446,-3.4657998085
6509,0.112049996853,0.817241847515,5.00709962845,5.18265008926
83743,0.811999976635,0.51651096344,0.51280939579,-1.38689994812
6772,-0.86234998703,-0.180142074823,-0.792818665504,-0.437449991703
22887,-0.83704996109,-0.465999722481,0.578079104424,-2.0218000412
51001,-1.60280001163,-0.0479059964418,0.648424804211,-0.604550004005
26511,-1.19134998322,0.993662595749,-0.309655725956,0.467100024223
7874,-0.62760001421,-0.916797757149,1.62889313698,-0.976449966431
51070,-1.46414995193,-0.801502585411,0.5804900527,-2.28710007668
1738,-0.187299996614,-0.299515098333,1.00976240635,-0.517850041389
3416,0.378250002861,-0.138843268156,0.508646845818,-0.269000023603
9128,-0.476200014353,-0.00628799945116,0.422024995089,-0.409249991179
9833,-1.09159994125,-0.758667707443,0.231939971447,-0.780900001526
4088,-1.48639988899,2.21447563171,0.473482549191,-0.260900020599
5018,-0.250400006771,0.601938962936,0.997791469097,-0.95275002718
51375,-7.05640029907,0.51382368803,0.627403736115,1.54159998894
55038,0.905950009823,2.02552247047,0.673171877861,1.30370008945
23061,-0.381999999285,-0.837554633617,-0.420736342669,-1.17715001106
64428,0.5611500144,0.31125420332,-1.74505078793,1.84659993649
11325,-0.129100009799,-0.444522321224,0.926595807076,-0.143899977207
9641,1.87965011597,-0.538199663162,-0.775317072868,0.502399981022
23038,-0.575850009918,0.584981262684,-0.390055000782,-1.86174988747
57048,1.70399999619,-0.583135247231,0.0260759443045,-0.761000037193
94239,0.244650006294,-0.222870916128,-1.6161134243,0.929499983788
51203,0.813150048256,0.0346696376801,-1.76702809334,-1.92060005665
388650,-4.99965000153,0.684839844704,-1.40327477455,0.758500039577
23039,-0.126450002193,1.12724649906,0.151385650039,-0.715099990368
55179,0.401600003242,0.871819972992,-0.557826519012,0.582249999046
5827,0.615149974823,-0.0466209501028,-0.352851361036,-0.839650034904
10245,-0.97990000248,-0.221544280648,1.3958568573,-0.65775001049
6813,0.65030002594,0.319275051355,1.1997013092,-1.43904995918
3251,-0.934900045395,0.100081399083,0.765202820301,-1.28795003891
23212,0.850799977779,0.606507122517,0.0612961500883,0.677900016308
23536,0.0655499994755,-0.973098516464,-2.13077163696,0.3192499578
51282,0.406700015068,0.797540783882,0.718772053719,-0.782549977303
10227,0.0804499983788,-0.719820737839,2.19338607788,1.035400033
50813,0.620399951935,-0.586163878441,1.01909172535,-0.831499993801
51024,-3.05544996262,-0.0490342378616,-1.8629181385,-0.743849992752
53343,1.860049963,0.351740151644,-0.135910481215,0.333950042725
1465,-0.313449978828,-5.10502243042,0.625847220421,0.321500003338
79006,-0.359849989414,1.46366679668,0.597272276878,-1.28579998016
6988,-0.147249996662,0.126436814666,-1.14679086208,0.530950009823
11011,0.700500011444,-0.297562777996,-1.03653430939,1.25204992294
23325,-0.33599999547,-0.645763158798,-0.386461496353,-1.60689997673
10049,0.522849977016,-0.200719892979,-1.22731041908,0.562150001526
3157,-0.0552999973297,0.0295017361641,-4.48641586304,-2.49810004234
200734,-2.18834996223,-0.784825563431,-1.88296747208,0.861899971962
9053,-0.0456000119448,3.45682191849,-0.399830192327,0.381749987602
79094,-0.299549996853,0.38799020648,0.44289675355,0.852900028229
2778,0.0162000004202,0.0498193576932,1.95673274994,-0.986200034618
54881,0.577100038528,0.714209735394,-1.11837553978,-1.1998000145
54807,-0.873100042343,1.5858219862,-0.949428081512,-0.156450003386
323,-0.292899996042,-0.926017642021,-0.206941112876,1.62080001831
26001,-1.6670999527,0.723165929317,0.411592930555,0.244800001383
10190,-1.67849993706,-0.160263851285,0.207932054996,1.76639997959
9686,1.55049991608,0.513654053211,-0.101953327656,-1.99254989624
54915,0.412550002337,0.299064338207,1.61532211304,-0.297499984503
23658,0.188099980354,-0.469274401665,0.486889332533,-2.78984999657
7750,0.108400002122,-2.06604862213,-0.751480698586,-0.523249983788
79643,0.230899989605,0.16430658102,0.513334870338,-0.828100025654
9488,0.518249988556,-0.115809127688,-2.12086582184,0.909950017929
11200,-0.185350030661,-0.470546543598,0.346653461456,-0.298600018024
65057,-0.312899976969,0.313080459833,0.245266258717,2.26154994965
6832,-0.286100029945,0.0538538396358,-0.347757101059,0.911850035191
23131,0.887600064278,1.40931248665,1.06594181061,-0.193649992347
10776,-1.27664995193,-0.461309611797,1.05181980133,-0.233799993992
6253,0.186449989676,0.148604780436,-1.00381433964,-0.82490003109
79716,0.699050009251,-0.197559803724,-0.926192581654,0.68799996376
29978,-5.00285005569,-0.164150089025,4.53655290604,-3.95149993896
9988,0.619800031185,0.972753047943,0.306264072657,0.964849948883
10845,0.0824999958277,-0.245892390609,-0.135235548019,0.882499992847
54957,0.579800009727,-0.449486345053,-1.14416670799,-0.050400018692
79170,-0.0558499991894,-0.481313347816,-1.37767231464,0.955049991608
10610,-0.188549995422,1.14300537109,-0.495697706938,1.10220003128
128,1.04395008087,0.452119201422,0.0604341849685,0.619450032711
51026,-0.582199990749,-1.19155836105,-0.263413369656,1.00099992752
5498,0.291100025177,0.0393745154142,-0.637193799019,0.794200003147
124583,-1.26520001888,0.88416326046,0.0854250639677,-0.246700003743
9455,2.43265008926,-0.431803673506,-3.04489564896,-0.968349993229
1212,-0.737399935722,0.719599127769,2.41602087021,-2.45515012741
5255,0.132350027561,-0.0594170317054,-0.0704208612442,0.268700003624
9448,1.28729999065,0.791582942009,1.63353466988,-1.24384999275
9924,1.02254998684,-1.48744034767,0.881635069847,-0.185900002718
5480,-0.370550006628,0.466141343117,0.0441804304719,-0.137749999762
1983,-0.75720000267,-0.316717177629,-0.108540251851,-3.97989988327
56889,-0.437299996614,-1.18085157871,-0.113302744925,-1.02005004883
79080,1.31609988213,-0.393241584301,0.784799814224,0.871399998665
9016,1.07620000839,-0.455144792795,3.20922994614,0.162400007248
6915,0.881299972534,-0.68333542347,-1.00006735325,1.47204995155
9709,0.808099985123,-0.78904914856,-0.195437550545,0.805049955845
116832,-0.807350039482,0.0634378343821,1.12739956379,-1.00929999352
670,-2.42330002785,-0.0152666866779,0.0441491156816,2.20740008354
7867,0.658299982548,-0.569795131683,-0.384670317173,-0.804300010204
79143,1.57800006866,0.164129525423,0.44333088398,0.278999984264
11284,0.418350040913,0.0259225219488,-0.676525354385,0.448900043964
23443,-0.642599999905,0.0100715756416,1.12008631229,-0.384599983692
51599,1.10650002956,-0.450583875179,0.210527077317,1.40929996967
5927,1.25959992409,0.191761180758,0.674731016159,-0.26985001564
55793,0.924549996853,0.888507962227,-0.0809963569045,-0.196250021458
5867,0.427749991417,-0.278767317533,1.7756575346,-1.61374998093
7866,-0.387749999762,1.22264015675,0.693207085133,-0.928699970245
25825,0.902499973774,0.560845434666,1.79698729515,-0.756749987602
4067,2.35790014267,-0.499851047993,-1.12532567978,0.0458000004292
51015,-1.97095000744,-0.100969940424,0.721399307251,0.980999946594
5891,1.71829998493,-0.143080234528,0.0630597472191,0.199649989605
3300,5.34005022049,0.590392351151,0.204966813326,0.481650024652
64781,-0.731800019741,-0.0679904520512,0.746857821941,1.25909996033
51056,-0.564300000668,0.585309624672,-0.723936796188,0.273900002241
8550,0.628750026226,1.0499612093,-0.20348611474,0.692900002003
50810,-1.06994998455,0.253104358912,1.60776734352,1.30395007133
23011,0.203699976206,-0.820224285126,-1.36034369469,0.51734995842
11168,1.06044995785,0.276262521744,-0.579505205154,0.53845000267
1385,-1.47000002861,1.11080741882,0.215702489018,0.838449954987
10150,-0.0183500349522,-0.703368067741,-0.693293273449,-0.550100028515
29763,0.250699996948,-1.0233528614,-1.46877837181,-1.08150005341
9112,1.50260007381,0.758701205254,0.902074217796,-0.382299989462
23499,0.481749981642,0.240017235279,0.617287039757,0.638549983501
85236,-0.727699995041,-0.00926749035716,-0.347212135792,-1.0720000267
5096,1.00749993324,0.384802937508,0.706225275993,-1.13855004311
55620,0.179399996996,0.371200501919,1.25219273567,0.95459997654
5373,1.24500000477,0.231825530529,0.28453207016,2.91404986382
51170,0.730250000954,0.113441869617,-0.173820734024,-0.798900067806
54850,-0.501049995422,0.568877279758,0.135877221823,1.28075003624
80349,-1.3995000124,-0.110815212131,-0.493579685688,-1.89719998837
355,0.0211500525475,0.423187851906,0.263166725636,-0.70769995451
1062,1.62539994717,0.00125625729561,0.838368594646,0.168199986219
8804,0.680949985981,1.7009960413,0.0342789851129,-0.249400019646
80758,-5.58549976349,0.549124360085,0.364365160465,-0.356449991465
375346,0.994650006294,-1.88242149353,-1.16494119167,-1.23344993591
51385,1.62325000763,-0.104941859841,-1.12345576286,0.159150004387
55748,-1.34714996815,0.384872019291,0.274173557758,-0.819599986076
10318,-0.0817499905825,0.125315502286,0.761813759804,0.0377000123262
54681,0.226300001144,0.113426044583,0.629557132721,-0.281200021505
7905,-0.784650027752,0.429865986109,1.19785320759,0.237450033426
28969,1.33590006828,0.423548698425,0.226997196674,1.05785000324
10668,-1.12925004959,-2.05780076981,-0.628693938255,-1.16015005112
51005,0.906450033188,-0.210342824459,0.196105867624,-0.0090499818325
8800,3.6154499054,0.455810904503,-1.23313426971,1.31929993629
54438,-0.347699970007,-0.340572714806,0.659141004086,0.712899982929
55825,-0.610100030899,-0.848151624203,0.0596522018313,1.73589992523
8835,0.0861499980092,-0.45047980547,-0.948900938034,0.524500012398
64429,-1.7459499836,0.062328543514,-0.0684276893735,0.276100039482
3682,-0.0229000002146,-0.739332437515,-4.32303762436,-0.00109998881817
10329,-0.0823499858379,-1.28026342392,-1.38902974129,-1.80134999752
27109,-1.0829000473,-0.589518904686,0.131229519844,-1.00069999695
51335,-0.697250008583,0.683443725109,-0.0767672359943,2.13284993172
3202,-0.177749991417,-0.0922834947705,1.78577113152,0.400849997997
2896,0.461499989033,0.472314536572,1.10228681564,-1.28905010223
79902,-8.55025005341,-0.0266857519746,0.167027100921,-2.04524993896
29083,-0.617249965668,0.104408204556,-0.835451722145,-0.345050007105
5747,0.506449997425,-0.597866117954,-1.15616130829,-2.17779994011
22905,0.214100003242,-0.643554866314,1.10542476177,1.10874998569
63933,-0.92919999361,-0.0260533429682,0.55249029398,0.221650004387
9847,0.0997500419617,1.68094277382,1.29295015335,-1.07260000706
51021,0.705749988556,0.486890614033,0.983684360981,-0.720749974251
8996,0.180950000882,-0.811766386032,1.55477082729,0.665899991989
7376,-0.678499996662,-0.262767672539,-0.972360789776,1.80659997463
5357,-1.17180001736,1.16485309601,-0.0735044777393,-0.237399995327
56940,-0.474600017071,-0.187678575516,0.876281678677,0.320949971676
6195,-0.232899993658,0.0755652040243,0.692497253418,-1.72060000896
1633,-0.994850039482,-2.29517936707,1.88987874985,-0.348899960518
23321,0.894999980927,-0.336870282888,-1.0227868557,0.568599998951
51160,-5.1779999733,-1.23158895969,-1.45462918282,-0.573549985886
55604,-0.701699972153,0.59864616394,-0.199305310845,-1.51849997044
2063,-5.27194976807,0.410741209984,0.217923611403,-1.22175002098
54512,-0.890350043774,-0.0733645707369,-3.30998420715,-1.29939997196
9124,-0.103649996221,0.313448190689,1.04858267307,0.667349994183
79174,0.0136500000954,0.0063886269927,-0.244435638189,2.25314998627
23223,0.969200015068,0.319179147482,0.658929228783,0.423399984837
39,-0.449349999428,0.321809947491,-0.0243055261672,1.20599997044
57215,-0.676450014114,-2.01299333572,0.33710205555,0.254800021648
1052,-0.695850014687,-0.222865670919,0.192787185311,1.61459994316
23139,1.53110003471,0.433966338634,-0.577154695988,-0.755249977112
79947,0.471400022507,-0.758482158184,0.304608225822,0.753250002861
4616,-1.14900004864,-0.811329543591,1.16787266731,-0.01439999789
9710,0.843549966812,0.291252553463,-0.32441675663,0.369799971581
6990,-1.12349998951,0.156241059303,0.990993797779,1.45479989052
29082,-0.579050004482,0.0175751149654,-0.985519945621,-0.420800030231
9670,1.90310001373,0.426748812199,-1.94550740719,-0.476400017738
81533,-0.367850005627,-0.378337621689,-0.462264478207,0.753550052643
10525,-0.0547000020742,0.0900578647852,2.06767129898,2.30369997025
2353,-0.0194000005722,0.115692354739,-0.329420268536,0.514350056648
57192,0.409299969673,-0.146739453077,0.202707827091,-0.107150018215
3398,-0.884550035,0.378207951784,1.0302131176,-1.12285006046
3775,-0.589049994946,-0.131889387965,0.0642238855362,-0.502399981022
26064,0.531899988651,-0.250428080559,-1.35884737968,1.14090001583
29103,-0.722199976444,-1.66107785702,-1.00633490086,-0.356449961662
3206,0.329849988222,-0.751429438591,-0.994979739189,-0.213550001383
1500,0.432299971581,0.188970685005,0.091865837574,1.65769994259
7690,0.804099977016,-0.395632863045,3.46888184547,-0.201499998569
29911,-1.96175003052,-0.0839253664017,0.747162699699,-0.550350010395
2064,-0.208099991083,-0.378232598305,-0.591241955757,-0.612300038338
65123,-1.56089997292,1.03298807144,2.58282184601,-0.325849950314
5986,0.714150011539,1.19195759296,2.272564888,0.90860003233
85377,0.609299957752,-0.259270310402,0.390197813511,-1.95134997368
9903,0.626950025558,3.5538444519,0.594395160675,-1.23290002346
7088,-0.763499975204,-0.189902633429,0.55283844471,-0.0330999940634
22796,0.535899996758,-0.563392400742,0.828592896461,0.823949992657
51116,-0.103749997914,-0.684901118279,0.912363886833,-0.756150007248
54442,1.2242500782,-0.365662962198,-0.344076931477,-0.53694999218
10695,0.969749987125,0.711119651794,-0.78383731842,1.70529997349
102,2.78609991074,-0.0477775931358,1.08327698708,0.744000017643
965,-0.0205499976873,-0.636983573437,-0.672403454781,0.0502499938011
3800,2.70805001259,0.292501300573,-1.11294984818,0.280799984932
10362,-0.293999999762,0.126313120127,-0.0199183430523,-0.183699965477
5300,-0.931999981403,0.529164135456,-0.168753236532,-0.744899988174
8270,0.414499998093,0.423950105906,1.94945895672,-0.186350002885
27242,0.077500000596,-0.917571306229,-0.852048754692,-0.468850016594
9928,1.14035010338,-0.618735074997,1.27564930916,-1.96055006981
1534,-2.13890004158,0.575527310371,-0.439960569143,0.0331499874592
5654,-0.501150012016,0.975528359413,-0.172841057181,2.11594986916
10810,1.07244992256,-0.066070407629,-0.924504458904,0.631799995899
7105,-1.43464994431,-0.784906983376,-0.798097610474,0.838349997997
23014,-1.97895002365,-0.24460080266,-1.48337125778,0.25824996829
55012,-0.769450008869,-0.749045789242,-0.334284722805,-0.18520000577
2887,1.43019998074,0.874810814857,-0.3838750422,0.321949988604
9183,0.469650000334,-0.034172333777,-0.112609416246,-4.00785017014
11151,-0.444000005722,-0.0202371776104,1.80201554298,1.40930008888
7511,1.47205007076,0.34013453126,0.0443040989339,-0.882250010967
10046,-0.714900016785,0.432550907135,-0.571305513382,0.469100058079
1829,1.44235002995,-0.312431514263,-0.493459165096,1.35555005074
11000,0.336250007153,1.46643602848,1.90738451481,1.04299998283
976,0.0118999779224,0.511956274509,-0.253087967634,-1.15404999256
3597,1.46539998055,0.0598165094852,-0.990532577038,0.0878000259399
178,1.72440004349,-0.548046350479,-1.43934381008,1.09544992447
2625,1.06260001659,-0.0637357085943,0.542507410049,-0.334349989891
6119,-0.155000001192,0.293374747038,0.476302534342,-0.0281499922276
26136,0.0856500267982,0.614364743233,-4.50079011917,1.39454996586
6697,-1.57795000076,0.0782624483109,-2.09587073326,-0.809550046921
5971,-0.0731499940157,-0.72781765461,0.242396429181,0.0127000212669
22934,0.0793499946594,0.521574378014,-4.4178814888,-0.909999966621
9289,1.55050003529,-0.344109892845,-1.64668893814,0.418899983168
4931,-4.59194993973,0.407399117947,-0.534700989723,1.71749997139
4200,0.943599998951,-0.738406658173,0.325203835964,-0.237750008702
93594,-0.470200002193,0.237612247467,-0.15897783637,2.10529994965
5982,0.904649972916,0.61166793108,0.970218777657,-0.0379499793053
26520,-1.00125002861,-0.435648202896,-0.0163865108043,-3.97114992142
4998,1.16380000114,-0.730429530144,-0.809122800827,1.75170004368
10038,0.459100008011,-0.821072995663,-0.0151944160461,-2.12724995613
60493,1.18725001812,-0.349865615368,1.48164963722,-0.684849977493
51495,-0.193499982357,-1.79976415634,-0.761072576046,0.898050069809
4482,1.06990003586,-0.0775096416473,0.874404072762,1.43089997768
23224,-0.252499997616,0.780955076218,-1.09365141392,-1.64079999924
9690,0.758449971676,0.385253310204,0.705050349236,-0.106050014496
80212,0.711050033569,0.675834417343,0.562234222889,-0.698500037193
29928,0.822350025177,0.429935842752,-1.2812769413,-0.797900021076
22809,0.44730001688,0.058342307806,-2.13054418564,-0.795349955559
50814,-0.0527999997139,-0.453513950109,0.971334636211,-1.73060011864
55256,-1.18669998646,0.654631733894,-3.45669174194,0.805700063705
56997,1.44714999199,0.232821807265,0.305223912001,-1.15269994736
81544,0.683700025082,-0.638797104359,-0.170461177826,1.31955003738
6894,-0.118399992585,-1.17319715023,-0.402472138405,0.22365000844
64080,0.12190002203,0.142247840762,-0.0933082103729,-1.01390004158
55818,-1.26565003395,-1.18504238129,-0.12113186717,-1.90694999695
637,-3.81419992447,-0.951374411583,-0.419621437788,0.734249949455
22823,0.217800021172,-0.763786137104,-1.91375148296,-0.237749993801
5287,-1.00464999676,-0.460459083319,-0.650580406189,-4.14095020294
91137,-1.09839999676,-0.104101240635,-0.386280268431,-0.917950034142
23097,-0.589749991894,-0.166882708669,-1.83507275581,1.6086499691
9851,-0.782999992371,-0.264199078083,-1.23144924641,0.230100005865
23522,0.693150043488,0.395990520716,0.605958938599,-1.65689992905
1123,0.62935000658,0.625840365887,1.40354180336,2.04830002785
5603,-0.0687500014901,1.80916571617,0.321198940277,-1.13015007973
51569,-1.10405004025,0.644527435303,0.51271879673,0.222950011492
55699,-0.0396499931812,-0.292573750019,-0.852120399475,-1.38669991493
2624,2.40904998779,-0.339986771345,0.262274503708,0.646950006485
8204,0.20585000515,-0.0382887236774,0.88538813591,-0.840099990368
9133,0.147450000048,-0.0937725305557,-0.197553068399,-2.3408498764
10921,0.337300002575,1.56962549686,0.786643266678,2.33010005951
51742,0.561200022697,-1.0377509594,1.16175150871,-1.38880002499
2954,1.03609991074,-0.459273517132,0.710422694683,0.401600003242
27244,-0.176300004125,0.185829088092,1.82517075539,0.357850015163
23013,0.384000003338,-0.0622701048851,-0.286177188158,0.161049991846
8050,-0.665499985218,-0.872186660767,1.43787646294,1.14289999008
79961,0.251950025558,-0.29409506917,-0.877585411072,3.31354999542
2017,-0.153300002217,0.0924215912819,0.313877612352,0.0487499982119
55148,0.0150499939919,-0.0233318433166,0.807360887527,-0.753699958324
960,0.529649972916,1.91261053085,-0.191727787256,0.0484499931335
10451,1.79170000553,0.397784471512,-0.71612226963,0.258700013161
57406,-0.693500041962,-0.0699874609709,-0.164533853531,1.60430002213
51719,1.13884997368,0.651269197464,0.353867739439,0.086850002408
7074,-0.538599967957,-1.23484742641,-0.109392851591,-0.379099994898
10059,0.019449993968,0.0164787769318,-0.98344796896,1.30325007439
51071,0.78719997406,-0.750393986702,-0.335687160492,0.317999988794
5796,0.347050011158,-0.676205158234,-0.458157718182,1.01345002651
55008,0.630850017071,1.54135847092,-0.611233770847,-0.535750031471
23597,-0.287549972534,1.5437939167,0.816542387009,-1.45344996452
8869,1.05694997311,-0.423161655664,-1.58412361145,1.02730000019
8727,-0.717000007629,-0.235016927123,1.94921827316,-0.921849966049
63874,-0.540199995041,-0.325207829475,0.00172398984432,0.500649988651
8821,1.5231500864,-1.03262376785,0.697524666786,0.669650018215
57178,0.71899998188,-0.261166989803,3.19498944283,0.428449988365
5468,-1.61105000973,-0.158539503813,-0.29966327548,-0.900900006294
10557,-0.53744995594,-0.248086631298,0.0611976981163,-1.09710001945
831,0.345400005579,-0.328469961882,-0.923003315926,-2.4970998764
9531,1.2678000927,0.858997225761,-0.0103131681681,-1.80760002136
2767,1.37859988213,0.643390595913,-1.67503237724,-2.94429993629
1861,0.359349995852,-0.334618985653,-0.903628230095,0.811650037766
10165,0.249150007963,-0.0284610390663,-1.57291722298,-0.657050013542
7106,0.284500002861,0.818978428841,1.37912929058,-0.703549981117
2908,-0.118400007486,0.17271861434,-0.81986618042,0.693400025368
57761,0.563450038433,0.301947832108,-0.57098865509,1.53190004826
23338,0.748199999332,0.990898132324,1.19480204582,0.58134996891
7852,0.0406499952078,0.0209010988474,-1.15686905384,0.787000000477
55033,-0.134400010109,0.322133272886,0.588542163372,-1.08465003967
57019,-0.257300019264,-1.0574991703,-2.27720999718,-1.9198499918
91949,-0.401749998331,0.138562589884,-1.67333960533,0.879950046539
84617,0.703849971294,-1.2318110466,-1.00688970089,-1.3056999445
25,-0.25260001421,-0.41402554512,4.53046703339,0.827350020409
899,-0.182649999857,1.76115131378,-0.492488980293,0.255500018597
79850,-1.11715006828,-1.55306529999,0.173513501883,-1.12205004692
51466,1.07914996147,-0.36546421051,-0.348076075315,0.387600034475
2852,0.170249998569,0.384106606245,0.966474890709,0.999249994755
55837,-1.33520007133,0.106275424361,0.218799948692,-0.968950033188
2131,-0.58244997263,0.0503494665027,-0.596958637238,0.87650001049
5427,-1.42639994621,-0.498518288136,0.0730312988162,-1.01890003681
25966,1.04435002804,-0.251556932926,-0.344048380852,-1.2486000061
55608,0.524100005627,0.181597948074,1.46384835243,-0.551150023937
1662,0.355250030756,-0.314150869846,1.28440904617,-0.717999994755
9702,-0.445699989796,0.414108604193,-2.90869283676,1.4646499157
11031,1.7689499855,1.25045251846,-1.24484193325,0.300799995661
10057,0.598549962044,-0.390720516443,0.129702687263,-1.8248000145
5985,-0.0115999877453,0.0727490335703,-0.267002701759,-0.629849970341
3280,-0.127200007439,-0.135764658451,1.29690086842,-0.548700034618
55958,1.10989999771,-0.262034475803,-0.602705419064,2.91190004349
51465,0.925550043583,0.268248438835,-1.24312877655,1.69960010052
2542,0.344500005245,-0.340156853199,-0.0803560912609,-1.17245006561
10641,0.546700000763,0.660454392433,-1.23714375496,0.492099970579
11137,0.0852999985218,-0.265923291445,0.378206014633,-0.14564999938
9842,-0.410850018263,0.374412417412,-0.289235949516,1.72475004196
10493,0.658700048923,-1.57804131508,-0.776216864586,-0.947600007057
10112,0.985100030899,0.0194979682565,0.645469725132,0.0371000170708
1001,2.30259990692,-0.436357408762,-0.311538755894,0.18520000577
23635,0.164650022984,1.09478735924,-0.928114235401,1.91140007973
29916,0.167949974537,1.15571081638,1.17769980431,-0.604799985886
2810,-0.825800001621,0.386812806129,1.27575480938,0.563949942589
5993,0.345699995756,0.247105658054,-0.725018382072,-1.69605004787
11142,-0.651099979877,-0.674504697323,-0.100890651345,0.305150002241
79187,-0.552650034428,0.173534989357,-1.04653656483,0.206149995327
51382,-0.0993999838829,-0.311746478081,-5.54161262512,-0.179800003767
8318,0.365150004625,-0.274574995041,-1.56409275532,1.50045001507
9695,0.327199995518,-0.830929100513,-1.33806884289,-0.888400018215
9712,-1.04100000858,-0.859750986099,-0.899756014347,-1.01824998856
64943,0.455649971962,-0.844404459,-0.78525364399,0.153050005436
9738,0.267399966717,1.33649075031,-1.03274941444,-1.02639997005
6793,-1.0040500164,-0.631328582764,-0.949706494808,0.161250010133
7358,-1.21895003319,-0.407633930445,0.258494526148,0.2867000103
58472,1.32225000858,0.248105913401,0.233571052551,-1.95195007324
50865,0.784250020981,1.37186956406,-1.09484386444,0.26890000701
23200,1.41114997864,0.247686624527,0.0981244444847,1.48835003376
51293,0.542500019073,0.618152856827,0.752392470837,-1.01940000057
10962,0.796900033951,-0.211064979434,0.246581315994,0.394550025463
10153,0.701050043106,-0.380926370621,-0.806282877922,-2.23635005951
874,1.71780002117,0.0686582699418,0.112645573914,-1.34979999065
