rid,NMH001_FIBRNPC_6H:BRD-K85903480-001-01-5:10,NMH001_FIBRNPC_24H:BRD-K85903480-001-01-5:10,NMH001_NEU_6H:BRD-K85903480-001-01-5:10,NMH001_NEU_24H:BRD-K85903480-001-01-5:10,NMH001_NPC_6H:BRD-K85903480-001-01-5:10,NMH001_NPC_24H:BRD-K85903480-001-01-5:10
5720,1.56084990501,-0.221249997616,0.423112720251,-0.375842452049,0.986006855965,0.945722997189
466,1.10599994659,-0.189900010824,-0.0139377936721,-0.742005586624,-0.00423021614552,-0.698592960835
6009,-0.279000014067,-0.368900001049,-0.273173302412,-0.259597301483,-0.896275579929,0.335562974215
2309,0.190999984741,-0.447849988937,-0.502238273621,-0.985915958881,0.559239685535,-0.192117363214
387,0.0615999922156,-1.66519999504,-0.900194644928,-0.140920549631,0.675817370415,0.521591663361
3553,-1.02960002422,0.691249966621,0.148514539003,0.576228141785,-0.401847660542,0.040859170258
427,0.651199996471,0.380499988794,0.011326789856,-0.849150598049,-0.795987606049,-0.638368546963
5898,0.454699993134,0.235900014639,-0.724111318588,-0.731676101685,-0.655079126358,-0.480749905109
23365,0.4007999897,-0.48630002141,-0.357106149197,0.839263260365,1.87175059319,-0.303338259459
6657,-1.13645005226,0.250499993563,0.680866003036,-0.0839448571205,-0.970624983311,0.195649310946
5054,0.863499999046,0.229200005531,-0.112834461033,-0.831517219543,0.338846385479,-0.00813657045364
3108,0.292100012302,-0.387049973011,-0.845756411552,-0.388616174459,-0.751841068268,-0.915680110455
1950,-1.22780001163,0.457949995995,-0.456677258015,0.304541349411,-0.519988358021,-0.533914327621
351,0.824249982834,-0.157249987125,0.00115989882033,0.000362742866855,0.447467565536,-0.290631622076
4846,-0.00895000994205,0.0584000013769,-0.0684142708778,0.130109861493,-0.230736494064,-1.31672561169
1452,-1.38170003891,-0.709450006485,-0.965296149254,-0.494848251343,1.13011550903,-1.00924944878
4776,0.0620499998331,0.00589996576309,0.0348579026759,0.252838402987,-0.345791697502,0.378286033869
6908,0.638949990273,0.163599997759,-0.186360910535,0.190810322762,0.168687075377,0.164065957069
672,1.20050001144,-0.516650021076,0.138797089458,0.297000586987,-0.0976234972477,0.340062707663
5710,0.634400010109,-0.153750002384,0.0648860856891,0.159862443805,0.804149091244,0.489170521498
2115,0.434300005436,-0.330349981785,0.426904976368,2.62534427643,0.911992430687,-0.463403552771
7015,-1.06219995022,-0.120949998498,-1.77328312397,-0.529238343239,-0.872839808464,0.0467884987593
8726,-0.894400000572,-0.765149950981,-0.6559009552,0.250071376562,0.0416457429528,-0.595561027527
2185,-1.66114997864,-0.380400002003,-0.739017605782,-0.255994796753,-0.977835953236,-0.208730861545
3315,0.269249975681,-0.255649983883,-0.81737357378,-0.718741476536,-0.374279439449,1.10520124435
5289,-0.547299981117,0.672299981117,-0.50944596529,-0.381362497807,-1.04567539692,1.14225912094
868,0.73014998436,-0.7025000453,0.230641454458,-0.293893277645,0.454101681709,-0.889486432076
1677,-0.756699979305,0.305800020695,-0.69573789835,-0.770451188087,1.43570542336,-0.515875816345
7043,-0.568149983883,-0.250999987125,-0.0875287950039,0.387746989727,-0.810734331608,-0.155844330788
5613,-1.08344995975,-0.410299986601,0.580597937107,0.30143263936,0.416149199009,-0.627247810364
595,0.0176999997348,0.776100039482,-0.314742952585,-0.9395596385,0.863867759705,0.142365753651
4793,-0.0459999740124,0.664600014687,0.713955402374,0.37168571353,-2.52353858948,0.593838095665
2736,-0.363150000572,0.455700010061,0.419763565063,0.395172178745,-0.823170125484,-0.534798622131
5290,-1.15470004082,-0.129649996758,-0.869069814682,-0.505371212959,-0.728658020496,0.0818032473326
6194,0.310250014067,-1.60084998608,0.000246286654146,-2.48247524723e-05,-0.0818229839206,0.395995855331
1676,-0.357549995184,-2.86609983444,-0.344056129456,0.10005389154,-0.51177251339,-0.52540487051
23512,-0.0107499957085,-0.406599998474,0.802747964859,0.627243161201,-0.434181958437,-0.565030932426
148022,-0.638899981976,-0.245249986649,-0.273482739925,-0.652327418327,-0.558662116528,1.03699469566
1906,-0.917100012302,0.108049988747,-0.20141902566,-1.1511297226,-0.794266939163,-0.382507950068
8878,0.271149992943,0.0841000080109,0.40361982584,0.26180973649,0.112075783312,0.403420567513
3091,-1.22490000725,-0.503600001335,0.00256429146975,0.286206513643,-0.0338829308748,-0.723198354244
5743,-0.384849995375,-0.0509500019252,-0.688825786114,-0.0208050012589,-0.0873456597328,-0.267512828112
5321,-0.628749966621,-0.274600028992,-1.8405354023,0.0636183694005,-0.493667036295,-0.379046291113
4144,-0.610049962997,0.627399981022,0.944487810135,-0.0577329695225,-0.754410862923,0.797659575939
1981,0.556699991226,-0.609600007534,0.0996032506227,-0.259596258402,2.02543330193,0.531748116016
695,0.401449978352,0.297600030899,-0.000491917133331,0.168134659529,0.0168907400221,-0.741541564465
10398,1.07494997978,-0.703400015831,0.434684962034,0.257464170456,-0.499598652124,0.0882996320724
5708,-0.285349994898,-0.148949980736,-0.659323275089,-0.0031104979571,0.297161966562,0.219804704189
1213,0.986399948597,-0.16194999218,0.587671160698,0.251999497414,1.11375808716,-0.0762076750398
226,0.77680003643,0.0625999867916,0.0972063839436,-0.207004785538,0.669825613499,0.667347967625
6777,0.76215004921,0.307949990034,-0.38932788372,-0.552146375179,0.335227191448,0.881085038185
2113,-0.524000048637,-0.319649994373,0.149843335152,-0.0116417855024,-1.19255161285,0.490747064352
3329,0.153749987483,-0.194550007582,0.855197012424,-0.286503791809,1.50750434399,0.768684566021
1050,0.342350006104,0.540650010109,-0.458260953426,-1.40536427498,-0.669357419014,0.280857264996
9491,-1.86890006065,0.511099994183,-1.07564342022,-0.0493480563164,-0.918598949909,0.0591335110366
22926,-0.825699985027,-0.0822499990463,0.331281661987,-0.214613705873,-0.582806587219,1.36745154858
5899,-0.731200039387,-1.44444990158,-0.352543652058,-0.424643874168,0.499281704426,0.252641707659
5467,-0.107099995017,-0.131799966097,-0.270672261715,-0.499114006758,-1.34492540359,0.88642758131
6774,0.794250011444,0.0752500146627,-0.285119950771,-0.625333547592,0.577601671219,-0.0984563454986
1788,-0.226350009441,-0.0855999961495,-0.0566709935665,0.507937729359,0.131546258926,0.310002744198
5921,-0.0188999958336,0.307649999857,-0.144226372242,0.559464812279,-0.745231747627,-0.411635160446
5721,0.100050002337,-0.809750080109,-0.217974469066,-0.761192083359,-0.568106472492,-0.764009296894
2263,-1.60920000076,0.275999993086,-0.207689404488,0.216383308172,1.24851298332,0.0438525602221
808,-1.19714999199,0.226000010967,-0.623296558857,0.281930148602,0.494226545095,0.385331779718
30001,0.00344999134541,-1.07700002193,-0.612241148949,-1.28516423702,-0.109168440104,1.11242282391
348,-0.280999988317,0.0984499976039,-0.79410380125,-0.431484222412,-0.596804618835,-0.28216329217
30849,0.360449999571,-0.0939999967813,-0.095882833004,-0.424410253763,1.02205395699,1.03153765202
1454,0.439449995756,-0.0638000071049,0.457307994366,-0.279991447926,0.941007077694,0.541624486446
6500,1.51724994183,0.251550018787,0.210473462939,0.0146987736225,1.16552519798,0.74656355381
5627,0.670700013638,0.175700008869,0.417289614677,-0.347385346889,0.206722125411,0.0839713066816
5715,0.28774997592,0.277100026608,-0.958562374115,-0.0458721965551,0.249541863799,0.581168472767
4791,-0.995599985123,-0.456200003624,-0.440110623837,-0.290230661631,-0.650780260563,0.893743634224
56924,-0.258149981499,1.58465003967,-0.18718136847,0.2941634655,-1.16803264618,1.65931630135
2690,0.436300009489,1.05365002155,-0.0651127696037,-0.563904941082,2.39098095894,-0.726809799671
1019,1.01940000057,0.436399996281,1.07083201408,0.138752400875,-0.118762351573,-0.625416755676
51422,-0.445050001144,-0.721399962902,-0.270235210657,-0.132201224566,0.789178073406,0.285042524338
5788,-0.715149998665,-0.139200001955,0.356454908848,0.659700155258,-3.1265630722,-0.0573434978724
6709,0.614899992943,0.625299990177,0.966149091721,0.21683897078,0.165253445506,0.1118792817
1277,0.185450002551,0.0784500017762,-0.01910379529,-0.590168118477,0.465815514326,0.0269874930382
993,-0.136500000954,0.0151500105858,1.02987337112,0.391357302666,1.17198073864,0.0710958167911
7157,1.73280000687,-0.273050010204,-0.310293793678,-0.40723451972,0.723897516727,0.645264148712
1958,-0.0570500008762,-0.171149998903,-0.321006178856,-0.669672012329,-0.330351620913,-1.4212334156
4582,1.04340004921,-0.6617000103,0.579897165298,-0.180013298988,-0.335658788681,-0.125412300229
9212,-1.39400005341,-1.10455000401,0.220996290445,0.00339333713055,-0.765163600445,0.78909689188
8440,0.743499994278,0.25339999795,-2.25279593468,0.703702747822,0.953597545624,-0.6056163311
6790,-1.21309995651,-0.928349971771,-0.867008388042,0.793183922768,-1.67465746403,0.286736249924
8851,-0.279650002718,-0.432900011539,0.658010840416,0.381094664335,-0.441296726465,-0.0305834114552
2534,0.78100001812,0.177249997854,0.765140354633,0.332709163427,0.111002326012,0.664404273033
4893,0.0592000186443,-0.0750500261784,-0.0435509905219,-0.205113053322,1.10418307781,0.453370809555
665,1.05134999752,0.637300014496,-2.01196956635,0.211427465081,0.219273775816,-0.163258209825
4313,0.996450066566,-0.148300006986,-0.0581166669726,0.505251646042,-1.67627477646,-0.139931097627
1022,-0.0414499938488,-0.624949991703,-0.538022041321,0.0637677013874,-0.881795108318,-1.45251834393
5880,0.175950005651,-0.983350038528,-0.818684875965,-0.630506873131,-0.0471097640693,0.579587340355
3162,0.361200004816,0.752300024033,-0.479396402836,-0.0616887286305,-0.307273328304,0.305519193411
1282,0.917100012302,0.160699993372,-0.00819039344788,-0.000481277704239,-0.368060439825,0.487219393253
3383,-0.959399938583,-1.02065002918,2.48824906349,-0.834597289562,-0.732927024364,0.238396555185
727,-1.22969996929,0.0805000066757,-0.854140758514,0.0355755835772,-1.28017055988,0.557355880737
4792,0.349500000477,-0.915600001812,0.489703804255,-0.502403914928,0.552489042282,0.278393924236
4794,-1.10514998436,-0.0958999991417,-0.258441746235,-0.0876656323671,-1.91383516788,0.553290605545
902,-0.493450015783,0.852150022984,-0.201009988785,0.302708208561,0.387713462114,0.278436243534
8091,1.16355001926,-0.113150000572,-0.0392000302672,0.418298780918,0.098208591342,-0.00280334800482
3486,0.110500000417,-0.642350018024,-0.669750034809,-0.545792341232,-0.880310177803,0.989298701286
10818,-0.907149970531,0.0898500010371,0.249021574855,-0.0462283790112,-0.515147745609,0.918065428734
3454,-0.656599998474,-0.0186999887228,-0.0662868767977,-1.42463600636,-0.564935743809,-0.00697088707238
4282,0.769900023937,0.242199987173,0.187060818076,0.0385555177927,0.632345914841,-0.205679222941
1605,0.592550039291,-1.39885008335,0.0206896327436,-0.179025754333,0.34354993701,0.664542734623
10644,0.513800024986,0.593299984932,0.709322690964,0.285291701555,-0.10037663579,0.42939928174
2065,0.831600010395,-0.900399982929,-0.830723524094,-0.612204730511,-1.23728394508,-1.07136178017
8321,-1.15960001945,-0.488200008869,0.136363714933,0.204491704702,-0.6149071455,-0.28747984767
8503,-0.249000012875,-0.426050007343,0.734842538834,0.512772202492,0.492560237646,0.739113807678
7027,-0.075049996376,-0.32460001111,0.453310310841,0.366154789925,1.38537681103,0.772163808346
6850,-0.528699994087,-0.0571499988437,-0.987726151943,-0.342044949532,-0.86729735136,0.0447259843349
1978,1.02265000343,-0.335649996996,0.606024980545,0.502173066139,0.0318420566618,-0.122924119234
896,0.0482500009239,0.204899996519,0.0848843455315,0.115333460271,-0.791799545288,-0.350677013397
5777,-0.767549991608,-0.849850058556,-0.905982017517,-0.39369443059,-0.897049129009,0.663041770458
1846,1.0583999157,0.105799987912,0.321748793125,0.173986881971,0.276494503021,0.408869504929
5925,-1.69320011139,-0.207899987698,-0.265420764685,0.228781402111,-1.00127017498,-0.227319061756
142,-0.423750013113,0.605199992657,0.61946451664,0.63963842392,0.153298705816,-0.275689274073
1021,0.102049991488,-0.0199500024319,0.405257463455,-0.961788117886,0.522736549377,-0.0882892310619
5699,-0.698500037193,-0.593150019646,0.0469455420971,-1.3881380558,-0.75612539053,0.999263942242
8061,0.173850029707,-0.477699995041,-0.740299940109,-1.11472415924,0.307567477226,0.49649399519
1870,-0.518649995327,4.68289995193,0.389073044062,2.7164375782,0.968138217926,0.984455227852
1398,1.18134999275,-0.0622000098228,0.881657779217,0.319974005222,0.361583918333,-0.486555218697
3312,0.47855001688,-0.669699966908,0.252501666546,-0.692324817181,0.615136325359,0.237964212894
891,-0.817799985409,-0.114099994302,0.122005566955,-0.31874370575,-0.545818865299,-1.08277130127
4775,-0.864400029182,-0.25260001421,0.61235845089,1.1228672266,-0.94904756546,0.527163743973
5111,0.730849981308,0.212200000882,0.411385923624,0.264689803123,0.182288482785,-0.472898513079
5696,0.51390004158,-0.263300001621,-0.164974436164,2.78673791885,-0.537547588348,-0.697499930859
5588,-1.19210004807,0.174199983478,-0.181511104107,-0.32006084919,-0.665498971939,-0.0834136083722
6839,-1.20000004768,-0.969749987125,0.409545391798,0.186177223921,0.467145323753,6.22964143753
329,-1.36349999905,0.441049993038,0.81228685379,0.90143597126,0.491268873215,-0.200390473008
5058,-0.510749995708,-1.13374996185,-1.4276406765,0.983703136444,0.363307774067,2.37062907219
998,-0.74764996767,-0.199149996042,0.310919106007,-0.0596307516098,0.882334649563,0.123675204813
9134,-0.470300018787,0.282399982214,0.0381644070148,0.622906029224,-0.330643713474,-0.492773741484
6616,-1.09300005436,0.528149962425,0.367271602154,-0.114965230227,0.473508507013,0.566417634487
5223,0.720049977303,-0.567900002003,0.421996235847,-0.151158988476,0.598497271538,0.597942769527
4690,-0.586750030518,-3.97755002975,-1.36763596535,-0.337208032608,-0.216019421816,0.0832203030586
958,-0.644649982452,0.391999989748,-0.735020279884,-1.1496309042,0.423835963011,-0.447486311197
1616,-0.951849937439,-1.02204990387,0.824074923992,0.22552382946,-0.165040373802,0.358698010445
991,-1.85619997978,-0.081749998033,1.00314605236,0.218017995358,0.482208907604,-0.948755204678
6347,-1.05274999142,2.47895002365,-0.638061285019,-0.274892956018,0.221130430698,0.0184320714325
6714,0.772600054741,-0.609149992466,1.38099956512,2.59576272964,1.0377124548,0.297095954418
652,-1.1644500494,0.151500016451,-1.00955510139,0.559134066105,0.157903656363,-0.249017551541
4331,-0.131599992514,-0.235449999571,-0.0474217832088,0.276232302189,-0.104484982789,0.726774036884
7099,0.603150010109,-0.148549988866,0.0533960573375,-0.404488265514,1.06355941296,-0.37429240346
10320,-1.68169999123,-0.162000000477,-0.244554698467,0.775535404682,-0.0748124718666,0.513943493366
2042,-0.889600038528,-0.326849997044,0.540117502213,0.627219498158,0.66438138485,-0.151644304395
843,-1.52975010872,1.37014997005,-0.0923380255699,-0.301128566265,-1.34589767456,-0.272449970245
840,1.12065005302,0.274350017309,0.198070272803,-0.162542253733,-0.226099491119,1.14105057716
7048,0.897199988365,-0.814899981022,0.629843950272,0.513406395912,-0.629158914089,-0.427996516228
4851,-0.771149992943,2.45350003242,0.132064193487,-1.47831106186,-0.444984167814,0.262146800756
6464,-0.555999994278,-0.251300007105,-0.343655705452,0.0115395635366,0.213649451733,-0.080280251801
23410,-0.600300014019,-0.24130000174,0.420288264751,1.80063962936,-0.713206112385,-0.779973447323
54205,-0.0331000089645,0.347600013018,-0.391644030809,-0.232331350446,-0.0569820851088,-0.574737131596
2770,0.412000000477,-0.567149996758,-0.00320378690958,0.822484493256,0.971968173981,0.437826782465
80204,4.53740024567,-0.120999999344,0.938537120819,0.120262823999,-0.641677677631,2.66136169434
4208,-0.438950002193,-1.50320005417,-0.686926484108,0.153366237879,-1.14257466793,6.38487195969
1845,0.690699994564,-0.24754999578,0.126222595572,-0.0809369832277,1.39338362217,-0.223039016128
23368,-0.438650012016,-0.239100009203,0.112097427249,0.597673416138,-0.7221159935,0.0299587212503
5583,-1.15875005722,0.426949977875,-0.511720836163,-0.328193962574,-0.179554432631,0.36611494422
8900,-0.59635001421,0.119249984622,0.429926723242,0.246569037437,-1.90036571026,0.257099926472
581,0.180700004101,0.627750039101,-3.76042222977,1.53738427162,0.667432963848,0.84071546793
6193,-0.251850008965,-0.0949000120163,0.0521802008152,0.141828581691,2.28637242317,-0.0228140056133
6622,-1.12190008163,-0.125299990177,-0.062065154314,-0.228776395321,-0.288692891598,0.667178928852
11261,0.557400047779,-0.575850009918,-0.15951512754,0.5598706007,1.50295376778,0.149718821049
6696,-0.881649971008,-0.442750006914,-0.0997332632542,-0.0132354050875,-0.0890548303723,-0.105149149895
8312,-0.136600002646,-0.0288499891758,0.0898173302412,1.57375860214,-0.075741417706,2.71014428139
835,0.217350006104,-0.955649971962,1.34859895706,0.385038942099,2.36040258408,0.475091010332
8324,0.868499994278,-0.0551500022411,1.08725500107,0.0883269160986,0.586613595486,0.937920808792
1848,0.42999997735,4.13870000839,-0.4368031919,-0.212355569005,1.61394762993,0.115653201938
154,-0.302799999714,10.0,-0.242696136236,-0.33397591114,-0.852034509182,0.129760071635
4312,-5.4047999382,-0.0666000023484,-1.12446737289,-0.267879992723,0.0468683205545,0.13903491199
994,0.87064999342,0.351150006056,-2.9958293438,0.272582501173,0.531141102314,-3.77414441109
2048,-0.276849985123,4.43039989471,1.24619424343,0.407860100269,-0.146544530988,0.0307294949889
1111,-0.597999989986,-0.111800000072,0.358726263046,0.646174430847,0.322251141071,-0.798275709152
5154,1.59579992294,-0.287850022316,0.00302294408903,-0.416340082884,-0.167159616947,0.436202257872
2920,-0.561649978161,-0.511550009251,0.191566705704,0.671354055405,-0.698674917221,-0.0860313177109
3122,-0.742749989033,0.0948999971151,-0.487825542688,0.0274056196213,-0.171828299761,0.213005676866
2769,-1.04799997807,-0.0681999996305,-0.317931443453,0.294880270958,-0.582752168179,-0.339497208595
5900,0.708000004292,1.51094996929,0.149396419525,0.69210934639,-1.43547677994,0.671521902084
6304,-0.331600010395,1.37185001373,0.396718382835,0.38354742527,-0.293249756098,0.15649959445
5211,0.402400016785,-0.164299994707,0.57755446434,0.375136733055,0.682464659214,0.77090972662
2886,-1.42569994926,0.224000006914,-3.27752447128,-1.21629858017,-0.285700440407,-0.157924994826
9261,0.269749999046,-0.34145000577,0.0579302832484,-2.26610541344,0.893511533737,-0.486801326275
8569,-1.01644992828,0.0779000222683,-0.966534972191,-0.251695632935,0.393286973238,0.195479273796
3303,0.177550002933,0.721899986267,-0.584787845612,4.95357322693,-0.846170008183,5.37171459198
5331,-0.52009999752,0.129450008273,-0.17684969306,0.442527472973,0.166717752814,0.286026924849
5347,-0.515299975872,-0.00914999842644,0.977066576481,0.475353449583,-0.911796808243,0.376195400953
4638,1.83445012569,0.0854000002146,0.856237411499,0.36112138629,-0.522813975811,0.909596681595
2264,-0.481849998236,-0.449950009584,0.315229833126,0.576972484589,-0.334244281054,0.0766656547785
1029,0.0574999973178,1.23825001717,-1.15281271935,-0.330330312252,-1.26970469952,-0.640275061131
1027,1.57445001602,0.683350026608,0.00387072796002,0.148799821734,0.629717707634,-1.41628158092
2597,-0.249549999833,0.0,-0.000561082269996,-0.000621604907792,0.0,3.79431257898e-05
55847,-1.29644989967,-0.182399988174,-0.75725209713,0.668503642082,-0.700819790363,-0.33788856864
25803,-1.06474995613,0.0625499933958,-0.547775566578,0.0833620652556,-0.118220075965,0.357939600945
3480,-0.379999965429,0.653999984264,0.67056286335,0.329203635454,0.43565005064,0.223772928119
2946,0.629200041294,-0.80110001564,0.154776960611,-0.117165833712,-1.44446313381,0.625661492348
9517,-0.184399992228,-0.530550003052,-0.077227845788,-0.512581825256,0.23570305109,0.502482771873
25987,-0.499000012875,-0.830799996853,-0.247739583254,-0.420661091805,-0.0766757056117,0.430428206921
23670,1.07424998283,0.845299959183,0.0538222566247,0.810808002949,-0.00133840739727,-0.390559732914
11182,0.0,-0.47705000639,0.158777520061,0.497803747654,0.238056913018,-0.0485130958259
2146,-0.0674999952316,-0.540750026703,0.0707237422466,-0.200337618589,-0.97410774231,0.111575230956
3385,0.741150021553,-0.237550005317,0.25683003664,-0.997395277023,0.267064958811,-0.539208590984
5261,-1.03404998779,0.699249982834,-0.19326171279,0.947090387344,0.326361745596,-0.1050176844
10765,0.157499998808,-0.277999997139,0.192703872919,0.197014391422,0.377059131861,0.803533375263
25839,0.716700017452,-0.766600012779,-0.223056137562,-0.986525475979,0.58006721735,0.591433346272
4172,-0.332249999046,-0.977400004864,0.499029189348,1.38069534302,0.443026661873,-0.126714393497
23161,-1.19105005264,-0.484899997711,-1.38787007332,-0.156226605177,0.220617011189,-0.00251461938024
10298,0.0401500016451,0.606050014496,-0.868314445019,-0.531277537346,0.58580416441,0.231316938996
1802,-0.340200006962,-0.604099988937,-0.314003944397,0.718144178391,1.43675863743,0.623841941357
58533,0.960099995136,0.0209499895573,0.62956148386,0.0750048980117,-0.121423602104,0.517353355885
147179,0.130750000477,-1.01034998894,0.549004912376,-0.161430090666,-1.39119553566,0.498158454895
29937,0.293749988079,0.064750008285,-0.409986138344,-0.298045039177,0.614749372005,0.94623118639
6184,0.134549990296,0.778800010681,0.953864634037,0.0542406439781,1.02872383595,0.653792381287
9854,0.0192499905825,-0.223600000143,-1.01388156414,0.0508972369134,-0.663901686668,0.87812691927
2553,1.00985002518,-0.61335003376,0.069781601429,-0.389487981796,1.0375828743,1.05115914345
5440,-0.646149992943,-0.179100006819,-0.457579195499,0.446404159069,1.19842290878,0.160441309214
54623,0.90030002594,-0.559300005436,0.872737288475,0.575156271458,-0.239704966545,0.121819734573
9533,-0.244150012732,0.584550023079,-0.245149463415,-0.846106350422,0.593805849552,0.135949283838
8607,-0.460349977016,-0.451499998569,0.379649937153,0.596407771111,0.589739084244,-0.307030707598
207,1.74004995823,0.0414499640465,0.744100451469,0.459550797939,-0.0393260493875,0.189060673118
26054,-0.451549977064,-0.0441000014544,0.440622359514,0.181911155581,-1.02491700649,-0.0662736147642
10682,0.0520500019193,-0.221799999475,0.322689116001,0.201967939734,0.616263866425,0.624280869961
8573,0.449550002813,-0.274100005627,0.457209944725,-0.0716181844473,0.878153800964,0.548007190228
23378,-0.31479999423,-0.264599978924,-0.361948847771,0.625269651413,-0.425217062235,0.279291450977
8553,0.108400002122,-0.260250031948,-0.143589913845,0.127513617277,-1.60676002502,-0.655159711838
622,1.78289997578,-0.705099999905,-0.5339448452,-0.330078601837,0.514149069786,0.814885556698
9467,1.01680004597,0.609050035477,0.12832146883,0.127900779247,1.73035264015,0.174869954586
5525,0.429550021887,-0.990700006485,-0.430322378874,0.281928867102,0.438644975424,0.423126876354
256364,0.0781000033021,0.112900018692,-0.540771007538,-0.754552781582,-0.822885334492,0.112003147602
332,-0.832749962807,-0.384950011969,0.38348248601,-0.287723898888,1.24816942215,0.200371176004
2058,1.23425006866,-0.415950000286,0.0538323819637,0.602443099022,0.100829027593,-0.190576046705
7849,0.223800003529,-0.678099989891,-0.690672338009,-0.403025448322,-0.858850717545,0.251116007566
23244,0.263150036335,0.0515999943018,-0.0267004370689,0.0792573690414,0.646848082542,1.10967326164
7494,2.49664998055,0.386800020933,-0.383066773415,2.50434136391,0.329341948032,-0.429261803627
4836,-0.701849997044,0.0555999875069,-0.44881978631,-0.0703521966934,-0.146658986807,0.521370351315
23647,0.882799983025,0.0349000096321,-0.1608979702,-0.0423105359077,1.56563258171,0.923177599907
10617,0.7146499753,0.0927500128746,0.297272384167,0.377556800842,1.49727666378,0.330828756094
2184,0.0444999970496,0.103600002825,-0.658482730389,0.515174508095,-0.928099274635,0.644873559475
5355,-0.122799992561,2.0951499939,0.495134681463,-0.123228855431,-0.91375285387,0.801929116249
6659,1.08545005322,0.0685000121593,0.401075303555,0.0017452883767,0.416730105877,0.550037503242
7016,-1.01294994354,0.462999999523,-0.514346122742,-0.29502260685,-0.124735221267,0.154657766223
90861,0.635199964046,-0.100500002503,0.809628129005,0.177002638578,0.650208115578,0.526836872101
10670,0.200249999762,-0.845449984074,0.781990349293,-0.273548305035,-0.00113561749458,0.420075595379
79071,-0.956250011921,-0.339749991894,0.14167021215,0.0110615417361,-0.183465749025,-0.495639592409
64746,0.135250002146,0.877049982548,0.231710717082,-0.439550668001,0.00535526126623,-0.806309103966
5366,-0.600899994373,-0.0338500067592,-0.136879533529,0.149635344744,-0.509257137775,-2.8451025486
11344,1.12825000286,-0.486899971962,0.202708765864,0.0624998211861,0.77218234539,0.859980106354
10013,-0.129449993372,-0.0541999936104,0.587657809258,0.317222952843,0.867451667786,-0.112105898559
5829,-1.36210000515,-0.553300023079,0.00106140086427,7.87976314314e-05,-1.12346625328,-0.459914535284
5257,-0.0196500048041,-0.0336999893188,0.652958333492,-1.08581674099,0.393393814564,0.0301555469632
22794,0.116349995136,-0.0988000035286,-0.604193866253,-0.381851911545,0.443015038967,0.629647493362
9761,0.573100030422,-1.36154997349,0.402822673321,-0.624076128006,-0.0749185234308,-0.178023844957
23326,0.788550019264,0.749899983406,0.00232247216627,0.00236280169338,0.145342335105,-0.455980092287
10972,1.15964996815,-0.24754999578,0.515275716782,-0.544006943703,0.558273673058,0.451785504818
10523,-0.432099997997,-0.352100014687,0.430889248848,0.298254132271,0.867899417877,0.330171018839
79090,-0.757499992847,-0.890900015831,-0.387530446053,-0.308995842934,7.8254070282,0.288999199867
27032,-1.23049998283,0.145749986172,-0.0104733202606,-0.301389276981,-0.606409549713,-0.03145365417
9097,0.103750020266,-0.88924998045,-0.179400220513,-0.118764579296,-0.377053439617,-0.887488603592
10513,3.07109999657,0.347350001335,-0.114479273558,-0.481976628304,0.411852419376,-0.784778118134
1891,-0.250649988651,0.362850010395,0.172675356269,0.346203684807,0.425787001848,0.0955939888954
3066,0.0227499976754,-0.41345000267,0.392209231853,-0.0600742846727,0.752155005932,-0.0222138948739
9801,0.238700002432,-0.675199985504,0.0625430196524,-0.0227372050285,-1.65161812305,-0.127286359668
1459,-1.50780010223,0.525349974632,-0.632240176201,0.170426890254,-0.0297037102282,0.135554909706
9703,0.518649995327,-0.597649991512,1.0123500824,-0.0551731064916,0.818323612213,0.572254776955
10606,0.250850021839,0.333099961281,-0.493499726057,-1.05605900288,1.16773033142,-0.187762573361
1017,-1.07875001431,0.160750001669,-0.509710431099,-0.298887729645,-0.739332199097,-0.209533169866
9813,-1.38015007973,0.520749986172,-0.425883471966,0.260456264019,-0.176194399595,0.740383088589
7485,-0.330049991608,-0.124300003052,-0.611751794815,-0.656632125378,-0.369189500809,-0.405556082726
2109,0.923750042915,0.234150007367,0.55731934309,0.215661406517,0.839609742165,0.755286037922
23271,-0.722849965096,-0.658900022507,0.384107381105,-0.0265394616872,-1.35045051575,-0.642843365669
9915,-2.73810005188,0.121899992228,0.00131570640951,0.00105081847869,0.310720860958,-0.0345387123525
9552,0.0133000016212,0.759549975395,0.0696579292417,-0.0835158079863,-0.756992042065,0.730608701706
93487,2.18994998932,0.156749993563,1.08476436138,0.943939983845,1.09016990662,-0.481369525194
2956,-0.236099988222,1.11125004292,1.05188274384,-0.180909633636,0.276238381863,0.0830796062946
11065,-0.775499999523,0.241700008512,0.861472964287,0.272803992033,0.079199232161,0.813801705837
9653,-1.32969999313,-0.311850011349,-0.00644419342279,0.49358689785,-0.30520939827,0.376305490732
200081,0.774349987507,0.709300041199,1.07276248932,0.338598072529,-0.330308169127,-1.39341247082
3337,0.942000031471,0.194849997759,0.33951228857,-0.73685246706,0.185984671116,-0.884770691395
11073,-1.06180000305,0.211999982595,-0.189740777016,-0.688034892082,0.123329780996,-0.794814288616
23,-1.04054999352,0.351150006056,-0.922238707542,0.209574788809,-1.17508983612,-0.832479715347
5641,0.369650006294,-1.4932500124,0.090252019465,-0.332764834166,0.297500610352,1.35968029499
8720,1.01709997654,-1.44994997978,-0.0406861901283,-0.129059001803,-1.40605688095,-0.996673703194
10782,-1.30820000172,0.452049970627,-0.126289665699,0.0155009329319,0.0724581331015,0.0928148105741
25932,0.654349982738,0.703800022602,0.445097088814,-0.215182885528,0.47236391902,-1.04078245163
3028,0.656599998474,-0.303350001574,0.256588995457,-0.302482515574,0.72355890274,0.83072000742
6804,-0.657949984074,-1.24814999104,0.120955497026,-0.375069707632,0.727277457714,0.698320627213
890,0.144999995828,-0.897549986839,0.551297187805,0.306368023157,0.0317840091884,0.997799694538
6390,0.83679997921,-0.144899994135,-0.146647378802,0.425734192133,0.292017698288,0.198655337095
4303,1.78649997711,0.459899991751,-0.172041192651,-0.239797174931,-0.447601109743,-0.0589321032166
10953,0.310949981213,-0.0760500133038,0.319563180208,0.535425543785,0.341085314751,0.54334628582
22889,-1.46379995346,0.776199996471,-0.165773332119,-0.539793908596,-0.471025824547,-0.592023432255
3098,-0.255549997091,-0.0079500079155,0.737449407578,0.532637357712,0.725404024124,-0.286465346813
11044,-1.4565500021,0.19335000217,0.228013619781,0.279780387878,-0.843257784843,-0.541520893574
8985,0.520850002766,-0.966600060463,-0.093609675765,0.50848531723,-0.212872847915,-0.0619278028607
66008,1.69249999523,-1.097900033,0.0747366994619,0.0400102883577,0.0146285574883,0.415971934795
9217,0.853100001812,-1.98724997044,-0.101033128798,-0.939808249474,0.566250085831,0.586622476578
701,-1.84045004845,-0.0180500000715,-0.306084543467,0.0568836890161,-0.594840049744,-0.268432676792
6182,0.534150004387,-4.90600013733,0.837765693665,0.551245033741,1.03607106209,0.619997382164
4860,0.400049984455,0.101999998093,0.0384166687727,-0.0273260623217,-0.174639925361,1.45111954212
7398,0.467450022697,0.0541500002146,0.522523760796,0.260643213987,1.2362421751,-0.484023928642
6117,0.48765000701,0.127100005746,0.118291437626,-1.80254733562,0.437867462635,-0.147988989949
23588,0.828450024128,1.42305004597,-0.293355762959,0.0371454954147,-0.6547935009,-0.831269562244
949,0.0474500060081,-0.0147999972105,-0.891966104507,-0.919131994247,-0.152673438191,1.06028354168
7168,-0.101499997079,0.29650002718,0.0348613858223,-0.105621278286,-0.446955651045,-0.0957044139504
9375,1.05340003967,0.199299991131,0.537166059017,0.538977563381,0.863305807114,-0.581610321999
4927,-0.655599951744,-0.401600003242,-0.205729603767,0.177306264639,-3.93860936165,0.516318380833
2523,-1.11774992943,-0.146249994636,-0.241208940744,-0.431943953037,-0.435936361551,-0.320102095604
58497,-0.309850007296,0.0179500002414,-0.931131005287,-0.742199063301,-1.34384787083,-0.179470837116
6856,-3.08885002136,1.30034995079,-0.12744063139,-0.401042610407,2.08171343803,-0.268190741539
26036,-0.459599971771,-0.0103999972343,0.609847724438,0.274462789297,-0.716024458408,0.448910832405
10206,-1.79154992104,-0.113000005484,-1.33540380001,-0.262833058834,0.0778147578239,0.0682037100196
25793,0.508700013161,0.409500002861,-0.000152751803398,-0.0909378230572,0.351729929447,0.720770359039
55556,0.27555000782,0.481200009584,0.216934144497,-0.264907568693,-0.932641685009,0.0719504952431
3978,-0.497650027275,-0.382700026035,1.07356023788,0.34541618824,1.24478781223,0.923053979874
10681,0.511500000954,-1.00240004063,0.0196415781975,0.491853177547,0.103416673839,0.123706124723
3638,0.811500012875,0.283250004053,-0.591589331627,0.00208280049264,0.46025711298,-0.479426383972
8349,-1.27824997902,0.174249991775,-0.106065437198,0.203155338764,-1.63858771324,-0.151060476899
6275,0.295350015163,0.382400006056,-0.407180011272,0.209270864725,-0.77222007513,-0.228011474013
3895,-0.46510002017,0.383149981499,-0.869416177273,0.246451377869,0.748383939266,-0.397380113602
392,1.98749995232,0.429300010204,1.25258016586,-0.430186450481,-1.01767396927,0.533803939819
9170,-0.749249994755,0.073449999094,-0.542369544506,0.642601013184,-3.03930616379,-0.148530304432
80347,0.740149974823,-0.648350000381,-0.00779570639133,-0.457922071218,0.242812395096,0.107285022736
23300,0.811699986458,0.809249997139,-0.35133728385,0.108001410961,0.379547983408,-0.687845528126
836,-0.0613000094891,-0.0137999951839,-0.116763561964,0.135112941265,-0.689779341221,-0.727684736252
11188,0.641549944878,0.433400005102,0.533036649227,0.230573996902,-0.208146706223,-0.997671663761
10898,-1.07529997826,-0.65364998579,-0.852070689201,-0.650483369827,-0.183943480253,-0.0773659646511
9276,-0.308650016785,-0.785799980164,-0.21799184382,-0.19085341692,0.862906694412,0.18708409369
1647,-1.016299963,0.778200030327,-1.16196739674,-1.0755109787,-0.523934721947,0.536775052547
10285,-0.633800029755,-2.32445001602,-0.150885730982,-0.501292169094,-0.344141900539,-0.793393075466
23386,0.442099988461,0.187549993396,0.29668495059,-0.461944848299,0.452150672674,2.16195988655
3156,0.66194999218,0.943350017071,0.0930681079626,0.139376536012,0.0603047907352,0.689293444157
10237,0.14335000515,0.446150004864,0.275083899498,-0.209908038378,0.566645741463,0.730689525604
7077,0.904299974442,-0.557850003242,-0.472803652287,0.0505242049694,0.175721660256,0.692991554737
11157,0.162750005722,-0.0547499991953,-0.222871243954,0.362133592367,-1.24390411377,-0.307509124279
22908,-0.148699998856,0.131149992347,0.534888625145,-0.0775938034058,0.225344493985,-0.465869277716
10915,0.188650012016,1.44779992104,0.524265706539,-0.431365013123,1.59143507481,0.822464168072
9897,-0.67745000124,0.178100004792,0.285086631775,-0.408463954926,-1.30761158466,-0.152348905802
1759,0.658900022507,-0.177949994802,0.0707489848137,0.226860210299,-0.249460309744,0.0567378029227
54541,0.891849994659,0.214499995112,-0.463582456112,-1.13094758987,-1.18474805355,0.48981282115
211,0.301400005817,0.167549997568,0.0654553472996,-0.0822212770581,-0.578365147114,-0.352976560593
5048,-0.499600023031,-1.01520001888,0.305702030659,-0.945651888847,-0.971928536892,-0.245672538877
84722,-0.557699978352,-0.720050036907,0.530110120773,0.346378982067,0.0869465619326,-0.0197861865163
29890,-0.306100010872,0.205550014973,-0.41376465559,0.0653130710125,0.260963559151,-0.52970290184
9868,-0.952800035477,0.485650002956,0.408792704344,-0.656216442585,0.350144743919,-0.0581426098943
873,-0.0933500230312,-0.312900006771,-0.826821923256,-0.397900283337,-0.927492976189,0.374663710594
5580,0.335299998522,-0.824550032616,-0.208043545485,-0.343906074762,-1.41063225269,-0.22696852684
3725,-0.494550019503,-0.535650014877,-0.51111972332,-0.565118908882,-0.170207753778,-0.514868140221
23585,0.751199960709,0.410949975252,0.498855471611,0.665619671345,-0.623659193516,-0.656786799431
51097,-0.335000008345,-0.573599994183,0.657694816589,0.641886711121,2.0929889679,-0.145208895206
1831,-0.318950027227,-0.686850011349,-0.0208581537008,0.178645730019,0.240742072463,0.692864716053
7020,-2.19615006447,-0.290950000286,0.0267156437039,0.164193421602,-1.28870975971,0.211604505777
55893,-0.917850017548,0.189899995923,-0.188717991114,0.28656694293,-0.19918730855,0.111144721508
6944,-1.53949999809,-0.135250002146,-0.59040415287,-0.115426331758,-0.348364293575,-0.223723039031
22883,0.45450001955,0.196400016546,0.87995839119,0.352593064308,-0.212302684784,0.115993969142
5601,-1.32889997959,0.108049996197,0.521690249443,0.39403668046,-0.591393649578,0.0532682687044
10775,0.304450005293,-0.984449982643,-0.167622059584,0.171787023544,-0.787496984005,-0.483033806086
4780,-3.33904981613,0.346150010824,-0.223390370607,-0.322735011578,-0.558812916279,-0.449361979961
10904,0.973500013351,-0.311349987984,1.04786610603,-0.0655515640974,-0.846861124039,-0.156132817268
9917,-0.572100043297,0.610200047493,-0.292241096497,-0.503151297569,-0.478716552258,0.495881646872
1399,-1.42225003242,0.321949988604,-0.609061181545,0.106886208057,0.113909982145,0.168784826994
24149,-0.400849997997,0.285049974918,-0.635565638542,0.501326203346,-1.27730071545,-0.326872348785
2222,0.655099987984,0.439500004053,0.536788582802,0.359869420528,0.141780629754,0.420159757137
10131,-0.141249999404,0.218100011349,0.29586237669,-0.194035217166,-0.81559586525,0.439459234476
2958,-0.666450023651,-0.861400008202,-2.25245261192,0.151327639818,-0.274645656347,0.911372363567
9650,-1.37470006943,0.118850000203,-1.10826098919,0.15516372025,0.781215310097,-0.133219003677
7319,0.282000005245,0.374300003052,0.0646349042654,-0.418675303459,0.0662340000272,0.790722966194
4817,-1.40400004387,0.509450018406,-0.601099967957,0.408596426249,-0.201680481434,-0.508189439774
9143,1.31019997597,1.09214997292,-0.849612951279,-0.0291998535395,-0.75147652626,0.583722472191
10494,0.558950006962,0.0971500277519,0.776925206184,0.264206945896,0.531609475613,0.58692753315
55324,0.504450023174,0.0145500004292,0.263671517372,0.103981859982,0.708639085293,-0.551312208176
23149,-0.828350007534,1.28420007229,0.0610052496195,0.199491798878,0.0953019112349,-0.440540373325
9943,-0.603399991989,0.198900014162,-0.235015362501,-0.0465551614761,0.797433614731,-1.00721597672
6599,1.39284992218,-0.460049986839,0.790146708488,0.266344219446,0.188053756952,-0.0135318636894
51031,0.421350002289,0.715250015259,0.0659753233194,-0.0641877874732,0.0743448585272,0.708065867424
3566,-1.14254999161,-0.323149979115,-0.0958513915539,0.119780816138,-1.19941782951,0.230534464121
3815,2.69179987907,0.367150008678,-0.134159624577,0.26978713274,-0.724151134491,-0.804540395737
8624,1.00285005569,0.632300019264,0.944734275341,0.417426407337,0.397431284189,-0.38281789422
27346,-0.314199984074,-0.178149998188,0.43036672473,0.360209017992,-0.104337096214,1.02067029476
10489,-0.0210500061512,0.0103999972343,0.302938103676,0.419862002134,-0.593604266644,0.498910754919
26128,0.207700014114,1.07850003242,0.189314037561,-0.887589633465,-0.526767790318,-0.839294731617
79921,0.876450002193,-0.242850005627,0.736903548241,-0.336107701063,0.364742636681,-0.646427035332
55746,-1.51399993896,-0.377099990845,0.160852491856,-0.0994076430798,0.519631683826,0.0629684254527
23636,0.559849977493,0.166400015354,0.642917394638,0.47510689497,0.817873358727,-0.137180745602
10892,0.172700002789,0.130999997258,-0.653560101986,0.295647531748,4.69259786606,0.342950105667
10652,0.415199995041,0.569900035858,0.628487586975,0.156901761889,0.461418151855,0.548280596733
11004,-0.518450021744,0.0782999992371,-0.312069565058,0.602705717087,0.180510386825,-0.308269023895
23530,0.618399977684,-0.325199991465,-0.640485048294,0.109184920788,0.540011107922,-0.279434382915
8826,-0.580049991608,0.718650043011,-0.465396791697,0.27764365077,-0.618785858154,1.48991417885
3308,-1.04855000973,0.505950033665,-3.30057621002,0.00117725378368,-0.423104166985,-0.165050655603
7153,0.0317000001669,-0.0702999830246,0.00555208697915,-0.215266466141,0.0977136045694,-0.44787979126
11041,-0.646600008011,-0.241500005126,0.828800320625,0.430295467377,1.09578454494,0.70869320631
6342,0.441300034523,1.6140499115,-0.718432366848,-0.553270816803,0.655435025692,0.703037559986
5883,0.465049982071,-0.0269500017166,1.1895403862,-0.0862455368042,0.170086666942,0.312465399504
10589,0.920449972153,-0.20759999752,0.232676297426,-0.112485513091,0.213731840253,0.334588289261
5110,0.874300003052,-0.0534500032663,0.00433623790741,0.34625890851,0.828982770443,-0.640964210033
4609,0.453700006008,-0.0439999997616,-0.200246140361,-1.81679999828,0.107000634074,-0.899438619614
5423,-1.26419997215,-0.225299999118,0.231388866901,-1.29188668728,-0.34213000536,0.449592351913
1070,-0.0815000012517,0.626750051975,0.314318299294,0.0538688898087,0.94151699543,-0.901831865311
10051,0.435400009155,-0.0423999726772,0.251440405846,-0.841970324516,0.371191769838,0.16212901473
6603,0.444750010967,-0.0736000090837,-0.190169721842,-0.181516140699,-0.0388386361301,0.28675621748
9019,-1.57590007782,0.834749996662,0.323537737131,0.027146473527,0.378404349089,-0.317265093327
10969,0.296099990606,0.593099951744,-0.0712835490704,0.503861188889,-1.2475540638,-0.590727508068
9797,2.27684998512,-0.154149994254,0.345004141331,0.140413492918,3.45841407776,-0.326206207275
4043,0.88890004158,0.19240000844,0.765083491802,0.118154615164,-0.307861804962,0.56414693594
9519,2.29959988594,0.00824999809265,0.425160616636,0.967608571053,-0.300032496452,0.503476858139
8480,-1.00824999809,-0.584450006485,-0.144753485918,0.370059490204,0.545182049274,0.707622408867
983,-0.946699976921,-0.196449995041,0.35844579339,0.00318291783333,-0.50849378109,0.272583097219
10559,-0.61335003376,0.183800011873,-0.373505473137,0.257007062435,-0.99490493536,-0.190712749958
8508,0.358150035143,-0.427949994802,0.361626088619,0.228422254324,1.1915974617,-0.281099915504
9275,-0.369099974632,0.41504997015,0.333824872971,-0.00934929400682,-0.352143466473,-0.212877631187
8914,-1.08490002155,-0.71280002594,-0.655753135681,-0.217160508037,0.73758327961,-1.72998976707
54505,-0.172049999237,-0.796499967575,0.674115777016,0.393333911896,1.8267172575,-0.535848557949
6919,0.697350025177,-0.116349995136,0.731116056442,-0.149342745543,-1.19892561436,0.803705811501
2274,0.108850002289,-0.509400010109,-0.475717246532,-1.07827365398,-0.0920339077711,0.0433245413005
2288,0.0,0.333900004625,0.00154249579646,0.000113620175398,0.0361099243164,-0.974632441998
7994,0.483500003815,-1.40774989128,0.651185750961,0.280149668455,0.960808813572,0.325233966112
4216,-0.00950001180172,-0.216850012541,0.0157273188233,-0.198931619525,0.0429059043527,0.321650773287
7538,-0.405250012875,1.33264994621,0.326974272728,-0.0229437872767,-0.723881959915,-0.0645633637905
3628,1.0978500843,-0.741649985313,-0.185437679291,0.119762897491,0.596370339394,0.86679238081
2037,0.820699989796,-0.308649986982,-0.453213512897,-0.0808144211769,0.715738177299,-1.78059458733
2771,1.53764998913,1.04534995556,1.1772172451,0.558520674706,-0.673490405083,0.484241217375
7264,1.04200005531,-0.411550015211,0.423086047173,-0.171021997929,0.195794954896,0.348978936672
1786,-1.28340005875,0.543799996376,-0.187856033444,0.000754863489419,-0.22640915215,-1.11659860611
5873,-0.903800010681,-0.526099979877,-0.80536365509,-0.566505849361,-0.676851332188,-0.267340481281
780,-1.06735002995,0.17895001173,0.214962080121,-1.52795684338,0.853319585323,-0.136720001698
9926,0.858500003815,0.304000020027,0.388669729233,-0.509900152683,-0.136015966535,-0.128450602293
8446,-1.26069998741,0.00899999588728,-0.108149550855,0.22705039382,-0.474926382303,-0.130330786109
7159,-0.097500026226,0.353249996901,0.128856301308,-0.40007942915,0.629579246044,0.807116806507
1026,1.74779999256,0.739250004292,-0.430962830782,-0.132663160563,-0.566514670849,-0.451528340578
7082,-0.567749977112,-0.0582499951124,-1.15541696548,-0.48567661643,4.05041074753,-0.52401548624
10058,0.599900007248,-0.66789996624,-0.580507695675,0.543897032738,-0.147516101599,0.372385680676
10797,0.11930000037,0.00755000114441,0.282466351986,-0.394793450832,0.367746710777,-0.74424725771
11230,0.98474997282,-0.586950004101,0.54631537199,0.360038161278,0.301393687725,0.544543147087
30836,-2.06574988365,0.133449986577,1.38083600998,-0.649710714817,-0.558188378811,0.370186805725
27336,-1.02594995499,-0.0570500046015,0.00147024076432,0.000844694848638,-0.458299309015,-0.126859262586
9918,-1.04795002937,0.106699995697,-0.43513405323,0.735599577427,0.12866717577,0.458662062883
79073,0.685599982738,0.891449987888,-0.797800600529,-0.247161448002,0.187710314989,0.687439024448
9688,0.21550001204,0.656800031662,0.918280005455,0.34772130847,0.636006116867,0.334692269564
23659,0.327199995518,-0.255349993706,-0.123536735773,-1.11913108826,0.493791908026,-0.0142163038254
8396,0.382800012827,0.285250008106,0.574693799019,0.211771667004,1.24271905422,0.361409246922
23077,-1.67339992523,-0.504199981689,-0.415069580078,0.831886172295,-0.83355653286,1.43333184719
10857,1.3736000061,0.0408000051975,0.00237631099299,0.000669703877065,0.101331323385,-0.714457929134
16,0.0486000031233,-1.14569997787,-1.15395867825,0.156925171614,-0.00392308086157,-0.126254677773
2817,1.11400008202,-1.39859998226,0.00190699100494,0.55132329464,-0.914686143398,-0.283404499292
60528,0.339500010014,-0.553849995136,1.74889278412,-0.146888226271,0.675518274307,-0.793842196465
5359,-1.11584997177,-0.028749987483,-0.758476436138,-0.49323874712,-0.970617175102,-0.550742089748
1514,0.965149998665,0.0291999876499,-0.344882309437,-0.267928034067,-0.721250414848,0.867460131645
1509,1.55379998684,0.616100013256,0.405748724937,0.0497247502208,-1.30712354183,-0.290339738131
9181,0.292750000954,0.509899973869,0.0402173399925,0.819272518158,0.954187333584,0.627563595772
3611,1.19965004921,0.111849993467,0.159634441137,-0.255699008703,0.249677866697,-0.0956820845604
4783,0.492349982262,-0.623050034046,0.22044941783,0.330151259899,-1.14337682724,-0.596968054771
10123,-1.06885004044,0.501450002193,0.111680835485,0.21039429307,-0.922194957733,0.186516717076
8895,1.37575006485,-0.177900001407,1.10287988186,0.399097770452,0.0616689473391,-0.156409680843
9805,-1.0584499836,0.815800011158,0.703535974026,-7.19846105576,0.136691108346,-0.679954051971
4125,1.7188000679,-0.0858500301838,0.237536013126,-0.42387509346,1.37130820751,0.134167999029
1635,0.932900011539,-0.322499990463,0.811416208744,-1.00692546368,0.638411700726,0.361553013325
4154,0.700899958611,-0.479400008917,-0.717830657959,-0.729864001274,-0.892559289932,-0.491385489702
26292,0.586000025272,1.15809988976,0.211229264736,-0.242304295301,-0.595537006855,-0.124928191304
5770,-1.22490000725,0.355049997568,0.601305007935,-0.437648028135,-0.596656739712,0.14637824893
25874,-0.340950012207,-0.599650025368,-0.258306562901,-0.373004436493,-0.864095568657,0.031541608274
11319,-0.0654499977827,-0.390150010586,-0.103096753359,-0.759855985641,-0.0342182815075,0.305503994226
1153,1.5639500618,0.380050003529,0.41705340147,0.326972812414,1.19391953945,0.081209436059
11098,0.662500023842,0.0771999955177,0.470256835222,-0.103567525744,0.277174413204,1.07471096516
8974,0.23884999752,-0.934799969196,0.119766667485,-0.349139004946,-0.733671545982,1.01695549488
533,1.02970004082,0.0139999985695,0.56442964077,0.073676854372,0.00388142466545,-0.295253127813
823,-0.95165002346,-0.242850005627,-0.512430906296,-0.486263126135,0.316109001637,0.926263391972
6812,1.16219997406,-0.422600001097,0.473280370235,0.0788092315197,0.14946796,0.00288903899491
3693,0.989449977875,0.672250032425,0.529507517815,-0.413944005966,0.947613537312,-0.204642355442
4891,0.191399991512,0.247999995947,-0.549770355225,-0.0878683924675,-0.066576346755,0.329535931349
10954,0.394299983978,0.788999974728,-0.211936980486,-0.245917886496,0.98970246315,1.01901304722
5909,-0.982149958611,-0.121800005436,-0.344762563705,0.939917325974,-0.0322706997395,0.272210806608
9221,-0.311850011349,0.015000000596,0.621053218842,-0.414821594954,0.858436882496,0.95569306612
847,-0.291500002146,-0.757550001144,-0.214130416512,0.875827908516,-2.12517666817,-0.680311203003
11072,0.302650004625,-0.923849999905,-0.85262554884,-1.58742880821,0.746146738529,-0.110907398164
10221,-1.00134992599,0.151700004935,-0.146596640348,0.593948483467,-0.39029699564,0.125903785229
7158,-0.202000021935,-0.771999955177,0.959220588207,0.0997806936502,-0.430242598057,-0.0960842296481
8678,0.0112000107765,0.292949974537,-0.447428435087,-1.04485416412,-0.118235066533,0.453264474869
11014,0.414199978113,-0.906100034714,-0.539164125919,-0.121087417006,0.558798074722,-0.761885166168
1994,-0.0338000059128,-1.6943000555,-0.209854125977,0.283081740141,0.39326146245,0.719329714775
3482,-0.0644499659538,0.296250015497,-0.729349970818,-1.10161459446,-1.53239941597,-0.105630867183
25976,0.64494997263,0.400700002909,-0.133958622813,-0.626332640648,-0.44211345911,-0.827519178391
10491,1.35310006142,-1.08399999142,-0.809315919876,-0.85468518734,-0.047314055264,-0.0956521257758
51053,-0.865249991417,-0.294799983501,-0.0010348719079,-0.00149250333197,0.41539272666,-0.368933945894
9267,0.202500000596,-0.666100025177,-0.0163741856813,0.446960002184,-0.444489389658,-0.939462542534
5547,0.214550003409,1.5150500536,-0.542194366455,-0.465116381645,-0.0388573408127,-0.658060252666
6597,0.265549987555,-0.156650006771,0.578146100044,0.425645083189,0.356552660465,-0.465198278427
5836,-0.817200005054,0.355199992657,-0.668174207211,-0.899246096611,-0.579506456852,-0.460648208857
6118,-1.07735002041,-0.342500001192,-0.760441660881,-0.163547977805,0.287414968014,2.69228649139
2961,-0.316699981689,-0.320950001478,-0.233397573233,-0.690244913101,-1.12283051014,0.341275990009
310,1.25654995441,0.397799998522,-0.245739683509,-0.956817686558,0.887616813183,-0.0560846105218
7296,1.00664997101,1.15444993973,-0.25833940506,0.0194234848022,-0.34481793642,-1.03462314606
1429,0.648549973965,-0.0361999869347,0.0664092302322,-0.495684415102,0.149874255061,0.24446156621
2548,1.39779996872,0.128100007772,0.753679573536,0.417054951191,0.9616137743,-0.884972929955
6499,0.726249992847,1.62195003033,0.8171210289,0.802993535995,0.168024137616,0.636819839478
642,1.48664999008,0.60689997673,0.840997517109,0.351759850979,0.3883022964,-0.422231882811
23076,0.758749961853,-0.137199997902,0.246927022934,0.13869124651,0.892712831497,-0.450107425451
10099,0.712599992752,0.536800026894,0.806304335594,0.293165028095,0.765151441097,0.777942955494
9817,0.895500004292,0.149200007319,0.080609112978,-0.201057896018,-0.503392100334,0.553061127663
9126,-0.810400009155,-0.901199996471,-0.0590227991343,-0.103048324585,-0.460854649544,-0.727169275284
3930,0.467550009489,-0.941500008106,0.417586624622,-2.25161480904,-0.370996028185,0.0448228977621
10450,0.514149963856,-0.180399999022,-0.375055521727,0.0569805055857,0.365611195564,0.422327935696
54386,-0.0502500012517,1.05994999409,0.200469747186,-0.307375878096,-0.153358444571,0.414048165083
664,0.622999966145,0.113649964333,-1.14628183842,-0.689239919186,-0.303533226252,-1.1742143631
596,-0.695950031281,-0.405800014734,0.159244149923,-0.875844478607,-0.0114838853478,-0.320087254047
10180,-0.124199993908,0.326700001955,-0.609617233276,0.715550661087,0.86248332262,-0.759108662605
1445,-0.507550001144,-0.958299994469,0.597198426723,-0.40198558569,0.376883238554,-0.386565625668
230,0.254800021648,-0.243949979544,-0.543320119381,-0.0836110413074,0.325447916985,0.435253232718
9246,0.0474000126123,-0.323300004005,0.158301413059,-0.0512507483363,-0.450092166662,0.106714785099
5092,0.375149995089,-0.306850016117,-0.685589551926,-0.711577296257,0.820391237736,0.129833713174
23463,0.314549982548,-0.0587000101805,0.656342625618,-1.01829195023,-0.150133520365,0.689028978348
10007,0.987399995327,0.493050009012,0.770131707191,0.408936232328,0.605171978474,0.356009572744
4925,0.906599998474,0.091350004077,0.722840666771,-0.15768134594,-0.273450434208,0.242003381252
6251,-0.684949994087,-0.31740000844,-0.211224332452,-0.323966145515,-0.812613904476,0.223376914859
5782,1.289249897,-0.328449964523,0.304726988077,-0.307652652264,-0.277312636375,0.103579923511
5106,0.582549989223,0.104949980974,-0.453653782606,-2.56818199158,-0.652030289173,0.281552582979
2673,0.984149932861,-1.16110002995,0.579990565777,-0.639312684536,0.575155138969,-0.624206602573
644,1.2881000042,-0.181000009179,-0.526759266853,0.228526264429,0.383956074715,-0.368496239185
6284,0.500100016594,-1.05149996281,-0.391318410635,-0.144282311201,-0.614453554153,-1.16785097122
4605,-1.23865008354,-0.652300000191,-0.186194390059,0.107594281435,0.688414871693,0.937952637672
6810,0.792299985886,-0.674799978733,-0.816416800022,-0.264358222485,-0.220406383276,0.802878499031
54499,1.45140004158,-0.239300012589,0.875973880291,0.110927164555,1.19386565685,0.715510249138
11007,0.864799976349,0.0257000029087,-0.784997940063,-0.646616458893,0.180114015937,0.446351200342
1643,1.77259993553,0.0733999982476,0.746726691723,2.73207950592,0.225442141294,-0.949834048748
25805,0.529449939728,-0.0610499978065,-0.204713284969,-0.353385448456,2.55792093277,0.355990052223
3033,0.574150025845,0.305550009012,0.838338673115,0.671044111252,-0.43529355526,0.815856158733
2745,0.579200029373,-0.156049996614,-0.669411897659,-0.268182039261,0.00315614417195,0.461559414864
9961,0.827899992466,-0.737550020218,-0.229540109634,0.449141263962,-0.863964378834,0.129697993398
3925,0.119450002909,0.307250022888,0.142965093255,0.552085697651,0.294936150312,0.664588093758
2582,-0.752749979496,-0.0277500152588,0.432524323463,0.235563918948,-0.456819862127,0.332492381334
5792,-1.51094996929,0.107700005174,-0.11028149724,0.195739522576,-0.660839557648,0.143216103315
5236,0.714349985123,-0.432650029659,-1.08896791935,-0.700555443764,0.459822565317,0.656061649323
4016,1.30270004272,0.252900004387,-0.414549678564,0.510824799538,3.23886561394,0.00202666223049
4651,1.1521500349,-0.0762500166893,1.01517045498,-0.226550355554,0.290498644114,-0.64343392849
3988,0.446850001812,0.735199987888,-0.585028529167,0.438497304916,-0.242560759187,-0.275068491697
26227,1.89555001259,0.0586499944329,0.510796487331,0.196967959404,-0.521408736706,-0.637070178986
7982,-0.47935000062,-0.380900025368,-0.0697536915541,-0.28504216671,0.224458128214,0.483498722315
3551,-0.418799996376,1.46850001812,-0.860691785812,-0.136277526617,0.955652296543,-0.0855566114187
5108,-0.174900025129,0.632849991322,0.428776890039,0.942817926407,-0.248131334782,0.304858982563
8870,-0.666550040245,-0.0207000002265,-0.505999684334,-1.36228179932,-0.583186268806,0.184480845928
2195,1.04795002937,1.37510001659,-0.255129724741,-0.309225231409,-0.143475055695,-0.557615280151
8731,0.995149970055,0.0726999938488,0.198103502393,0.325978547335,0.793161988258,-0.368419408798
1956,-0.103200018406,-0.450599998236,-0.827285647392,-0.524959921837,-1.06283760071,-0.131929337978
10276,-0.77999997139,-0.0352499969304,0.153479114175,0.361200273037,0.551405847073,1.05045855045
1666,0.212449997663,0.0794000029564,0.604315757751,0.767483890057,-0.549293100834,-0.769120693207
4864,-0.0668499916792,-0.459099978209,0.593449175358,0.317515820265,-0.182126507163,-0.525429964066
4232,-1.63825011253,-0.713349997997,-0.000205359683605,0.000391171255615,-1.56673133373,0.129750445485
5050,-0.953099966049,-0.175900012255,0.300046890974,0.00069452857133,0.952029168606,0.59016340971
813,0.759750008583,0.3912999928,-0.371359914541,0.471680015326,0.266327649355,-0.491119325161
3964,-0.591499984264,-0.893149971962,-0.321481287479,-0.102935343981,-1.30903065205,-0.314467191696
26020,1.15004992485,-1.15794992447,-0.903915822506,-0.289521992207,-0.399859875441,0.260399103165
481,0.248699992895,-0.42484998703,0.16037017107,0.25274503231,0.47477632761,0.371533334255
5019,-0.00724999979138,0.499549984932,-0.209896206856,0.450330853462,-0.0016405582428,-0.59010463953
291,0.306749999523,-0.503300011158,-0.982523500919,0.367970734835,-0.147913709283,-0.432717353106
10973,0.708750009537,0.265599995852,0.290485262871,-0.0455804020166,0.784447669983,-0.180844545364
9697,0.0942500010133,-0.398700028658,-0.0297664627433,0.233978360891,-0.105134546757,0.372540026903
5831,-0.161850005388,0.236750006676,-0.272004067898,-0.607716023922,0.105182498693,0.00478232651949
8202,-0.112200021744,-0.597399950027,0.230775594711,-0.227328836918,-0.828391194344,-0.664979457855
57804,-0.638349950314,-0.815649986267,0.52367246151,0.041061013937,-0.982765436172,6.14484262466
5566,-0.798600018024,-0.692649960518,0.225672602654,0.159980580211,-0.966434955597,0.565610170364
57149,0.0699000060558,0.060849994421,0.460744589567,0.311034083366,0.634834647179,-0.320617735386
7416,1.20560002327,0.552349984646,1.04978704453,0.410761535168,0.680731773376,0.50720012188
10174,0.979149997234,0.214249998331,1.13299155235,0.24318665266,-0.00407964922488,0.254999667406
6676,-0.765300035477,0.584900021553,-0.609508752823,0.402698904276,-0.491498440504,-1.09272027016
8884,0.796200037003,0.215450003743,-0.487037479877,-0.0644552186131,-0.100696563721,0.706434488297
5997,0.831900000572,0.239149987698,0.77815502882,0.889146327972,0.107568822801,0.529771924019
57147,1.24479997158,0.128999993205,0.482693463564,0.929343163967,2.18825817108,-0.124964050949
6909,3.71829986572,-0.835250020027,0.762587964535,-0.350144833326,-1.03648066521,-0.134978562593
9093,-0.562849998474,-2.43449997902,-0.000438686198322,-2.93219470978,0.0297457743436,-0.9690990448
23142,-0.3382999897,-0.40499997139,-0.567060470581,0.567322254181,-0.413280129433,0.706882894039
8444,-0.128749996424,-0.589150011539,1.20117378235,1.10350728035,-0.98163819313,0.067937925458
11232,-0.0925500020385,0.365700036287,0.631547689438,-1.72023248672,-1.6598225832,-0.0129038468003
27095,0.843000054359,-5.0,0.00740214437246,-0.52823984623,3.83755159378,0.0515123084188
10732,0.128450006247,-0.047150015831,0.0213851630688,2.12306284904,-0.114262968302,-0.615708589554
23029,0.7825999856,0.687100052834,1.06232893467,0.762648463249,-0.0564273819327,-0.104121699929
9270,0.209099978209,0.316049993038,0.359657108784,0.0541255548596,-0.477885335684,-0.0167845264077
47,0.916700005531,-0.0581000000238,0.253235787153,0.360853433609,0.896979689598,-0.0929377302527
5889,0.34215003252,0.828700065613,0.783081293106,0.286882340908,0.192746087909,0.0269088819623
8243,-1.90995001793,-0.764600038528,0.0955265462399,0.422106444836,0.409788191319,0.287438750267
10730,1.72969996929,-0.771800041199,-0.147312819958,0.518478572369,0.304233789444,3.13925623894
30,2.37555003166,0.189650028944,2.24661755562,1.01221609116,0.360565543175,2.3711912632
7466,0.36234998703,3.53760004044,0.247507303953,0.0746810734272,-0.17821392417,0.0354417599738
89910,-0.151199996471,-2.32570004463,0.459868907928,0.569573283195,0.835253536701,-0.777143597603
56654,1.34940004349,0.758450031281,0.941057384014,0.679688334465,0.356830298901,0.617192924023
501,-1.89125001431,0.568099975586,0.0873848348856,0.224108055234,0.193521395326,-0.83423948288
5438,0.634099960327,0.131200000644,0.420125901699,-1.35289931297,0.457461535931,1.04532957077
26993,1.39175009727,0.270799994469,0.600395083427,0.650934815407,1.30849385262,-0.0184030011296
55111,-0.709250032902,-0.765200018883,0.135858893394,-2.58155870438,1.58882522583,0.688394069672
8520,-0.746350049973,-0.26115000248,2.71270895004,-0.376895099878,0.155601486564,-0.126810848713
10146,-0.244900003076,0.331250011921,0.771117329597,-0.066564053297,-0.266112923622,-0.737571716309
7165,-0.0576499998569,-0.518949985504,1.1831818819,2.08717012405,-1.0207234621,0.413887619972
55011,-0.326799988747,-0.437000006437,-1.2739418745,-0.312163710594,-1.89109313488,0.275040149689
6461,-1.22145009041,0.320549994707,0.000118935509818,-6.68467546348e-05,-1.60254395008,-0.484343349934
10813,-0.870049953461,1.99605000019,-0.214585527778,-0.388656675816,2.15717458725,0.550314426422
80746,-0.494949996471,5.10769987106,-0.0888030976057,0.286865055561,-0.189253404737,-0.381547629833
10434,-0.564750015736,0.141499996185,0.85554587841,0.762761771679,0.976981520653,-0.585665106773
5607,0.594099998474,0.063100039959,0.113052248955,0.414853066206,-0.783738970757,-0.266312450171
22827,0.231449991465,-0.102899998426,0.262907654047,-2.9311504364,0.199417456985,0.197134122252
51635,0.542249977589,-4.93674993515,0.153070211411,-0.430788844824,-0.104980401695,0.116860240698
84159,-0.77294999361,-0.216700002551,-0.746533095837,1.31137394905,-0.27611336112,0.40003824234
3508,-0.298849999905,-0.102000027895,0.189558967948,0.128555476665,-0.940397620201,0.230802476406
84890,0.570949971676,-0.0128500014544,0.704207539558,0.452604979277,-0.10004837811,-3.27470612526
79600,0.36905002594,-0.0975999832153,0.114812120795,-0.0413540676236,0.341866314411,0.49607694149
8574,0.793399989605,-4.77785015106,0.414351075888,0.260315895081,0.590662062168,0.71315664053
5529,-0.902799963951,0.502099990845,0.315638929605,-4.22554683685,-0.0661000013351,0.470948636532
3909,-0.927500009537,-0.734699964523,-0.514249384403,-0.157251775265,0.401472896338,-0.409409284592
9637,-1.42474997044,0.109599992633,1.47831201553,-0.386335730553,0.139174580574,-0.122630409896
8518,0.169849991798,-0.370499998331,-0.240995660424,0.657599925995,-2.1756002903,-1.05853235722
6443,-0.247749984264,1.12004995346,0.548228979111,0.368902504444,0.271866202354,0.901014685631
58478,0.692149996758,-0.483549982309,0.157093286514,0.115498155355,0.176163315773,-0.0753558725119
4850,0.62935000658,0.610599994659,-0.114748746157,-0.023597329855,0.794981300831,0.924086928368
23210,0.0542500019073,0.1412999928,-0.178450286388,-1.3421254158,-0.33790525794,0.538001835346
54733,0.321599960327,-1.18169999123,0.0426292158663,0.0174147412181,-0.752329170704,0.0731628835201
55129,1.22925007343,0.449400037527,0.1572201401,0.0470827519894,-0.243392527103,5.57613754272
10273,-0.846149981022,0.00034999998752,1.75245630741,0.00175727158785,-3.34814834595,0.213855117559
572,-3.50524997711,-0.386749982834,0.507739782333,-2.62182307243,0.334828168154,-0.217266649008
5716,0.0109999924898,3.29539990425,0.276925086975,1.35231590271,0.800525128841,0.441032975912
22841,0.958649992943,0.179299995303,0.170270860195,0.955288410187,0.087028875947,6.26507234573
2356,0.575900018215,-0.592949986458,0.551856338978,-0.314505010843,-0.158304199576,0.170471429825
6050,0.74555003643,-0.696250021458,-0.347712755203,-0.430609047413,-0.504302740097,0.0320217646658
64422,0.121499992907,-0.604849994183,-1.19631791115,-0.204401835799,0.129713669419,4.66191005707
8837,-0.939999997616,-0.394249975681,-0.415542960167,0.166686534882,0.080017387867,0.346740692854
55127,0.407150000334,-0.031199991703,1.11109995842,-0.32459256053,0.489386171103,-0.0900484248996
23335,-1.18299996853,0.358999967575,-0.509222149849,-0.131336241961,-0.709611594677,0.0384146794677
10270,0.84375,0.264400005341,0.089098714292,0.672911345959,-1.89991688728,0.245382875204
6509,0.116350010037,-0.53955000639,0.376679480076,-0.0366696119308,0.811879694462,0.306488990784
83743,1.22490000725,0.314499974251,0.107577949762,0.746995925903,0.780517756939,0.455716878176
6772,1.04809999466,-4.72254991531,-0.410130470991,-0.489709079266,-0.0762633979321,1.02432203293
22887,1.09080004692,0.487749993801,-0.0409777015448,-0.307156682014,-0.56868070364,-0.615554273129
51001,-1.0176500082,0.204850003123,0.571288466454,0.132850602269,-0.0279601812363,-0.226276606321
26511,0.528050005436,-2.08029985428,0.96145516634,0.0716495513916,-0.246066093445,0.774917244911
7874,0.904000043869,0.0161999985576,0.484634041786,0.150418370962,-0.0702531635761,-0.339713931084
51070,0.726449966431,-0.673399984837,-0.370716452599,0.211703598499,-0.202038154006,0.854009091854
1738,1.48839998245,0.0570500046015,-0.050439953804,-0.0949567183852,2.18224048615,-0.732136964798
3416,0.807799994946,4.49300003052,1.04037690163,0.0905857756734,0.09190993011,0.90170532465
9128,0.662400007248,0.460850000381,-1.13048577309,0.0332525707781,0.344510734081,0.000473499298096
9833,-0.757099986076,0.22674998641,-0.38553288579,-0.342880636454,-0.106933370233,-1.00257599354
4088,1.72399997711,-0.700899958611,-0.216317296028,0.128866672516,-0.78317463398,-0.553664803505
5018,1.21124994755,0.293049991131,0.147800341249,-0.162596449256,1.09846591949,0.767766058445
51375,-0.0537999980152,-0.142049998045,-0.188291803002,-0.2962025702,-4.5393371582,-0.239499926567
55038,1.61094999313,-0.117700003088,0.642586946487,0.666955590248,0.969978511333,1.11064207554
23061,0.468400001526,-1.8898999691,-0.562517166138,-0.397551029921,-0.558641791344,1.21903681755
64428,-1.34684991837,1.82319998741,-1.16854691505,0.101194307208,-0.0737142115831,0.0476450063288
11325,0.739400029182,-0.157150000334,1.22229170799,0.677073478699,0.918204128742,-0.264522641897
9641,-0.29984998703,-0.545899987221,-0.679000079632,-0.866441845894,-0.513837695122,-0.128292798996
23038,0.729249954224,1.01940000057,1.49579644203,0.537275314331,0.794305503368,-0.254458993673
57048,-0.273200005293,0.779549956322,0.0456572473049,0.0781553164124,0.116359055042,0.301093190908
94239,0.38844999671,-0.000650003552437,0.257535845041,0.561268508434,0.302362054586,-0.69333845377
51203,-0.953600049019,0.410400003195,-0.783397078514,0.200921416283,1.08741855621,-3.52737092972
388650,-1.3124499321,-0.0427999980748,-0.00405282061547,0.000996845657937,-0.0266509205103,-0.00812281668186
23039,1.01310002804,0.374850004911,0.198065042496,-0.250852584839,0.499588996172,-0.401901751757
55179,-0.37555000186,-0.544600009918,-0.458569407463,-0.380035638809,-0.835282385349,-0.121806249022
5827,0.888700008392,-0.082850009203,0.716625571251,-0.666427969933,0.200619742274,-0.259928017855
10245,2.73485016823,0.195700019598,0.442753434181,0.218218922615,-0.157313287258,-0.109728477895
6813,0.712999999523,1.14765000343,1.12316250801,1.32817304134,0.614420235157,-0.285523086786
3251,0.186049997807,2.87400007248,0.540601551533,0.72807943821,0.172438144684,-0.371285825968
23212,-1.04904997349,0.186649993062,-0.0364701375365,-0.0623405724764,0.519737124443,-1.50861036777
23536,-0.473949998617,-0.334049999714,-0.264031589031,1.06573295593,-0.290976524353,-0.293694078922
51282,-1.63384997845,0.602500021458,-0.395191639662,-0.245999366045,-0.339715868235,0.432627588511
10227,0.580049991608,-1.98044991493,0.401421785355,1.45339584351,0.323247134686,-0.180450588465
50813,0.512149989605,-5.42204999924,-0.872963726521,-0.786623299122,0.463402092457,-0.135050192475
51024,0.5367000103,-0.824150085449,-0.336549580097,0.406573146582,0.246294006705,-0.198606878519
53343,0.0024000108242,-0.418799996376,-0.0221798121929,0.218293890357,-0.158840224147,1.86202478409
1465,0.360949993134,0.21154999733,0.0512090697885,0.775339543819,0.745185554028,0.24959179759
79006,0.839699983597,0.065099991858,0.833921074867,0.353709846735,0.221239626408,0.512266695499
6988,0.428499996662,1.38775002956,-0.27935346961,-0.414620131254,0.522086203098,-0.798303663731
11011,-0.698400020599,1.55134999752,-0.238102883101,-0.203590393066,-0.410457998514,-0.720978021622
23325,1.48895001411,0.614050030708,0.577849090099,0.606798052788,-0.017881244421,-0.588695049286
10049,-1.32519996166,-0.136999994516,0.397217988968,-0.17753623426,-0.0311330631375,-0.214362964034
3157,0.805950045586,0.156350001693,-0.000111036511953,0.000290424854029,0.0,0.0
200734,-0.953100025654,-1.07295000553,-1.25926351547,-5.12914276123,-0.385492682457,-0.14852553606
9053,-0.700049996376,-4.69925022125,0.114048197865,0.508537471294,0.319866329432,-0.48778450489
79094,-0.345950007439,-1.91504991055,-0.0846052616835,0.0488690659404,-0.98881739378,-0.0666405186057
2778,0.527999997139,-5.17784976959,0.264057993889,0.00224198191427,0.97159153223,0.0232777688652
54881,0.154400005937,-0.042399995029,-0.367856919765,-0.329050660133,0.391318410635,-0.240106597543
54807,-0.753750026226,4.6670999527,0.49016264081,-0.0591088831425,-0.312671661377,-0.240922793746
323,-1.33360004425,1.08509993553,0.470812946558,0.596762478352,-0.658364713192,0.0809777006507
26001,0.915849983692,-1.33445000648,0.258387774229,0.67412853241,0.211154058576,0.0610532611609
10190,0.331800013781,-0.319049984217,-0.262243568897,0.0702823698521,-0.656685233116,-0.666642785072
9686,1.21294999123,0.0784499943256,0.134184867144,0.29548060894,0.601887047291,1.09910607338
54915,1.32889997959,0.239500001073,0.862934112549,0.128804683685,0.923060953617,0.727487266064
23658,0.512350022793,0.368200004101,0.868894934654,0.450354933739,-4.13945579529,-0.0289541054517
7750,-0.0613499879837,0.900399982929,0.481950581074,0.591539859772,0.309499770403,-0.209975108504
79643,-0.431950032711,-0.0412999987602,0.682416021824,0.823293566704,0.357639431953,-0.0751563385129
9488,-0.0780999958515,-0.689849972725,-0.428976327181,-0.412611871958,-0.958602070808,0.0643024221063
11200,0.777649998665,-0.384999990463,-0.742656648159,-0.784974694252,0.177445366979,0.0728571638465
65057,-0.575599968433,1.28470003605,0.328699082136,0.953333377838,-0.60084182024,-0.0748111829162
6832,-1.0678999424,-0.41249999404,0.262935698032,-0.885181963444,-1.34943175316,-0.532569527626
23131,0.83780002594,-0.879199981689,-0.340270638466,0.194552540779,0.0570459403098,0.00495858490467
10776,0.430850028992,-0.231849998236,0.48467284441,0.412646889687,0.524960458279,-0.406391561031
6253,-1.18580007553,-0.81124997139,-0.000732852437068,0.0216669179499,-0.647589445114,-0.592921316624
79716,-0.164499998093,-5.15234994888,0.192206203938,-0.575899004936,-1.74966788292,0.0996384844184
29978,0.0534999966621,-5.25094985962,-0.865029454231,-0.249558836222,-0.102863430977,2.36233901978
9988,-0.203700006008,0.106849998236,0.486429274082,0.328725010157,-1.38259780407,-0.997001707554
10845,-0.738000035286,-0.268449991941,-0.184944808483,0.123641312122,0.425821751356,0.0827881395817
54957,-0.796700000763,-0.878499984741,-0.4470038414,-1.09302437305,-0.557725012302,0.579954683781
79170,-0.187099993229,0.801049947739,-0.834283232689,0.213602095842,-0.163374915719,-0.261346518993
10610,-0.762299954891,-0.194399997592,-0.2207493186,0.739642620087,4.49623346329,5.59432077408
128,-1.20959997177,0.00955000519753,0.686326980591,0.331920921803,-0.340254366398,0.509332120419
51026,0.7541000247,-0.0296999998391,-0.988322734833,0.632859826088,0.270286202431,-0.491348654032
5498,1.22025001049,0.437449991703,-0.622589349747,-0.0531831085682,-1.75012028217,0.288271576166
124583,1.65899991989,-5.28905010223,0.77854603529,-2.38337802887,-0.174294054508,-0.338778525591
9455,-1.07760000229,-0.569400012493,-0.260589510202,-1.34032547474,-1.317035079,0.771232008934
1212,0.468949973583,0.0672499984503,1.34201061726,1.4538744688,1.32265889645,0.285199522972
5255,-0.807600021362,0.411749988794,-0.160268515348,0.0429849661887,-0.427520334721,-0.0102071911097
9448,0.834399998188,0.308950006962,0.983456730843,0.39825758338,0.60190987587,-1.82058703899
9924,0.0641000270844,-0.853150010109,1.65472626686,-0.102675557137,-0.602315425873,0.768100976944
5480,1.08439993858,0.448700010777,0.293517112732,0.185091495514,-0.25338742137,0.282932966948
1983,-1.16659998894,-0.117750003934,0.608998000622,0.308344870806,0.195307657123,0.351740211248
56889,0.0928000211716,0.277549982071,0.345950961113,-0.261393010616,-0.478597581387,-1.02163231373
79080,-0.810649991035,-3.57669997215,-1.28619015217,-0.14972320199,-0.406699091196,-0.098862670362
9016,-1.19799995422,4.70944976807,-0.516093552113,-0.955499351025,-0.455294311047,-0.918947994709
6915,-1.76184999943,-0.262049973011,-0.769598722458,-0.181078121066,-0.264109253883,-0.251332610846
9709,0.354550004005,-0.719150006771,0.0454467386007,-0.684339344501,1.11392617226,0.452674329281
116832,1.01180005074,-0.61495000124,0.0826203525066,0.0919115915895,0.88127720356,0.337825804949
670,-0.973949968815,0.645799994469,-0.749835014343,-0.140746593475,-0.239600718021,0.488159894943
7867,1.00059998035,-1.02410006523,-0.0459035933018,-0.187212154269,-0.00616660714149,-0.500363051891
79143,0.215450003743,-0.272599995136,-1.73366260529,0.184768885374,-1.00953257084,0.116924390197
11284,2.6888999939,0.357699990273,0.374999761581,0.888454377651,0.694210112095,0.888581693172
23443,-0.502499997616,-0.513650000095,0.0253545716405,0.66501057148,0.177904650569,-0.0515385903418
51599,-1.1549500227,-0.287600010633,-0.479705274105,-0.452455550432,-0.703439772129,0.528950929642
5927,1.10500001907,0.563449978828,0.325949668884,-0.144490048289,0.197008162737,0.627581417561
55793,-0.0050499998033,2.0311999321,-0.546226739883,-0.553846955299,0.764789283276,0.776101410389
5867,1.00524997711,-0.406100004911,0.333258926868,0.991837978363,0.123796857893,-0.717831850052
7866,0.733700037003,-0.448549985886,0.221460908651,-0.132866859436,-0.421640694141,0.201530382037
25825,0.116650000215,-0.101599991322,0.440339803696,0.657748579979,0.0418807528913,0.0902482718229
4067,0.743950009346,-0.0111000090837,-0.396362215281,-0.725875258446,-0.428395360708,0.988906621933
51015,-0.881349980831,-0.14374999702,0.182812094688,0.178556725383,-1.45805585384,-0.819230794907
5891,-0.0337499976158,-0.51029998064,-0.593495190144,0.382872343063,-0.171408876777,0.949742436409
3300,1.22979998589,-1.58980000019,0.196451604366,1.20278573036,0.612031698227,-0.141536608338
64781,-0.807399988174,1.14234995842,-0.237630069256,1.50177431107,-0.214940756559,-0.802737951279
51056,-0.671549975872,0.151199996471,0.280831158161,-0.300454258919,-0.441027402878,-0.784605681896
8550,-0.789650022984,0.274100005627,0.532679200172,3.55499744415,0.0284658297896,-1.09162664413
50810,-0.0508500039577,4.93065023422,-0.00648294715211,-0.530016362667,0.724549651146,0.407838433981
23011,-1.77699995041,1.28094995022,0.0691921114922,0.00818924605846,0.782617092133,-0.151824489236
11168,0.853800058365,0.532450020313,0.0295649319887,-0.347287893295,-0.197561994195,-0.378690809011
1385,-0.383799999952,0.429250001907,0.370893418789,-0.362363278866,-0.79860419035,-0.486211597919
10150,1.24524998665,1.10109996796,0.0575340390205,0.537734866142,-0.0531451404095,-0.0802589654922
29763,0.505899965763,-0.441100001335,-0.593369007111,0.064521074295,-0.800025045872,-0.291746526957
9112,1.42155003548,0.877099990845,0.337203294039,-2.54602432251,0.0755301117897,-0.0554648078978
23499,0.948300004005,-4.89834976196,0.119591683149,0.328372806311,0.376885503531,-2.84981560707
85236,-0.247950002551,0.491800010204,-0.738416731358,-0.695707559586,-0.468315541744,0.452647417784
5096,0.4700999856,-0.391050040722,0.169175386429,-0.432380199432,-0.74735045433,0.320085912943
55620,-0.154899999499,-0.155450001359,0.116337291896,0.293236374855,-1.36678445339,0.32605701685
5373,-1.30320000648,0.0496500059962,-1.22373223305,-0.071633040905,-0.891952872276,-0.216218054295
51170,0.239349991083,0.82775002718,0.372450768948,0.941310703754,-0.496013343334,-1.71889507771
54850,0.00560000538826,0.693750023842,0.103197604418,0.577872037888,0.254797786474,0.213624328375
80349,0.649150013924,0.0898500084877,0.567548394203,0.325026541948,0.77642083168,0.360324472189
355,3.8125500679,-0.0419500023127,0.208764970303,0.225452184677,0.798042833805,0.438914477825
1062,-1.20884990692,0.355399996042,-0.0569611787796,-0.158754050732,0.911586821079,0.301213145256
8804,3.02609992027,-0.556500017643,-0.702302932739,-0.209016561508,-0.048012111336,0.295997411013
80758,-2.05205011368,0.0469999909401,0.605933189392,0.40511187911,-0.834173262119,-0.0732551217079
375346,0.305350005627,-0.900650024414,-0.364682078362,0.478830397129,0.340867131948,-0.0151442857459
51385,0.92610001564,-0.183050006628,0.13319927454,0.241037935019,-0.291622191668,0.205400377512
55748,1.26559996605,1.00250005722,0.707787275314,0.393580317497,0.476547956467,-3.65431571007
10318,0.570699989796,0.186800017953,-0.190040454268,-0.488775908947,0.599425554276,0.81986707449
54681,2.35284996033,-0.146499991417,0.380761295557,0.0206484794617,-0.325115472078,0.70580804348
7905,0.819499969482,-1.85275006294,-0.127239525318,0.0250308811665,0.995268344879,-0.375826209784
28969,0.234599992633,-0.394800007343,0.206985101104,0.259072542191,0.91041970253,-0.733326911926
10668,0.00984999909997,0.14589998126,0.319870918989,0.278024554253,-0.654552578926,-0.271197170019
51005,0.405799984932,-0.193000003695,0.870755672455,-0.129577815533,1.10403311253,0.614107906818
8800,-0.98759996891,-0.198399990797,-0.0770963206887,2.03105831146,0.548370301723,-0.121769189835
54438,-1.13935005665,-0.402399986982,2.51235580444,-0.517536878586,-0.744482457638,-0.298642873764
55825,-0.845149993896,-1.41015005112,-0.397504985332,-0.989714384079,-0.401652544737,-0.0075956620276
8835,-0.751200020313,0.136999994516,-0.784511089325,0.350376099348,-0.797953784466,-0.289066135883
64429,0.249699994922,-1.30334997177,-0.220063433051,0.148318991065,-0.264900952578,-0.30805927515
3682,0.164449989796,0.397450000048,-0.00217835605145,-0.0160350054502,-0.626379132271,-5.77924251556
10329,1.22915005684,-1.2810999155,0.434668123722,0.287174999714,0.405372560024,-0.329667270184
27109,1.42490005493,-0.408450007439,1.07540309429,0.185858398676,0.71676248312,-0.746978402138
51335,0.199499994516,-1.53174996376,0.983960330486,-0.358604699373,-0.467180609703,0.176500797272
3202,0.11479999125,-0.159050002694,0.141058027744,-0.284435927868,-0.585757255554,2.17555356026
2896,1.01679992676,0.185800015926,-0.110283896327,-0.618520855904,0.40116161108,0.727643072605
79902,-0.847900032997,0.441899955273,0.527528882027,-0.00315043330193,1.27393770218,-5.49506616592
29083,0.541949987411,-0.418099999428,-0.347209781408,-0.620661020279,-1.47272515297,-0.216731593013
5747,-2.68854999542,-0.533650040627,-0.980061769485,-0.0811094343662,0.516131162643,-1.10792136192
22905,-0.0511999949813,0.201399996877,-0.809715509415,-0.195665538311,-0.95600014925,0.20937615633
63933,1.74989998341,0.762549996376,0.547377467155,-0.125647097826,0.532680869102,0.199971839786
9847,0.723299980164,-4.62699985504,0.308012038469,0.434277355671,-0.429777443409,0.689919829369
51021,-3.94799995422,-4.89645004272,0.696194350719,0.458955407143,0.772759079933,0.683532595634
8996,-1.57025003433,-0.898599982262,0.280689746141,-0.0863789767027,-0.526846826077,-0.280868589878
7376,-0.668799996376,-0.405950009823,0.525256693363,-0.455167770386,-0.990692019463,-0.174729913473
5357,-1.54569995403,-0.0294499956071,-0.141502290964,-0.495412945747,-0.679154574871,0.233818382025
56940,0.406349986792,-1.18589997292,-0.342160403728,0.924157261848,0.177887350321,0.887485861778
6195,-0.958899974823,4.97590017319,0.289343982935,-0.61793088913,0.475911617279,-2.33235883713
1633,1.09144997597,0.906199991703,0.607261478901,0.0730619430542,-0.0334418043494,-0.196275725961
23321,-0.442350000143,-1.56124997139,0.238116517663,0.0013779924484,0.353857606649,-0.379570603371
51160,-1.28135001659,1.53874993324,-0.0896492600441,-0.845068573952,-4.89152002335,0.412387520075
55604,0.325099974871,-0.0836500227451,0.467853695154,0.108702942729,-0.00987504422665,-0.473880976439
2063,-0.09274995327,0.409299969673,1.11374211311,0.536075413227,-0.353351742029,0.859862446785
54512,0.471699982882,-0.920700013638,0.928091168404,-0.56323069334,-0.0164571478963,0.588563144207
9124,0.0985000133514,0.213199988008,-0.182247489691,0.575654804707,-0.509317398071,0.398590147495
79174,-0.781100034714,1.08445000648,-0.307816386223,0.500956475735,-0.89739459753,0.467722445726
23223,0.277750015259,-0.279050022364,0.428542852402,-0.669902980328,-0.151531666517,-1.01447784901
39,-0.256799995899,0.132699996233,-0.0494460314512,0.0055553112179,0.144647717476,-0.789390325546
57215,0.00160000473261,0.0627999976277,0.836869359016,0.775601625443,0.322530984879,0.94911968708
1052,0.0874999761581,1.71175003052,-0.152304530144,-0.215186208487,-1.02572154999,-0.250832796097
23139,-0.619650006294,-0.634350001812,-0.44849511981,-0.0911659002304,0.544944405556,1.25148713589
79947,-0.204349994659,-0.140799999237,-0.0403587818146,-0.20638667047,0.10020557791,0.579444229603
4616,-1.24654996395,0.128600001335,2.05126833916,0.419130325317,-0.52897554636,-0.0754079073668
9710,0.172049999237,1.60960006714,0.337419569492,-0.7423812747,1.93284332752,0.678424835205
6990,2.13815021515,-0.237550005317,0.0562650933862,-0.707440257072,0.455596446991,0.592559635639
29082,0.969349980354,0.0712999999523,0.16151112318,-0.341294288635,-0.0346544757485,-0.601928472519
9670,-0.902199983597,-0.156100004911,-0.446581989527,0.467186659575,0.0533686578274,0.0844727233052
81533,0.264600008726,-0.145700007677,-1.96667206287,-0.396799921989,-0.141951605678,-0.603413522243
10525,-1.18155002594,-0.19335000217,0.160941496491,-0.0455455034971,-0.748236596584,0.377797663212
2353,-0.320050001144,0.11645000428,-0.510238468647,-0.276345252991,-0.878549516201,0.310426235199
57192,0.298849999905,-0.326249986887,-0.553537964821,2.12229895592,-0.645151495934,0.51048129797
3398,0.222950011492,-0.0618999898434,0.0858472213149,1.08766376972,-0.0109767839313,0.653075039387
3775,-0.203600004315,-0.610549986362,0.511527180672,-0.376295745373,-0.679094970226,4.00649881363
26064,-1.52044999599,-0.0785000026226,-2.52101993561,-0.00224745320156,0.284833490849,-0.391583740711
29103,4.23085021973,0.275499999523,-0.431531608105,-0.176647916436,-0.943178594112,-0.356513291597
3206,0.352250009775,0.536200046539,-0.897759199142,-0.289772033691,4.55313301086,1.15090548992
1500,-1.9781999588,0.0460500009358,-0.65769380331,0.193104088306,-2.30473065376,-0.626043379307
7690,0.244149982929,-0.802199959755,0.010961599648,0.149548903108,1.21829891205,-0.0256332457066
29911,-0.592000007629,-0.136350005865,-0.815144538879,0.0500156059861,0.223338767886,1.45607113838
2064,-0.620850026608,-0.325449973345,0.888116598129,-0.117068678141,0.850418627262,0.194961979985
65123,1.20429992676,1.65580010414,2.084679842,0.958462953568,-0.576579749584,0.271018356085
5986,-0.375349998474,0.645399987698,-0.781636953354,-0.00983966886997,0.838459253311,-0.396650493145
85377,0.358350008726,-0.172749996185,0.721291542053,0.23865224421,1.18551826477,0.462132632732
9903,1.74259996414,0.29834997654,-0.306097984314,0.575746119022,-0.0810084342957,6.22945404053
7088,0.73425000906,-0.235499978065,-0.361310213804,0.0887447223067,0.200440719724,-0.782561898232
22796,-0.244349986315,0.341849982738,-0.602414608002,0.711384057999,-3.277084589,0.619662284851
51116,0.67175000906,0.680100023746,-0.620284557343,0.0201753433794,2.86824798584,-0.152420312166
54442,-0.695549964905,-0.095549993217,-0.0157975852489,0.203323841095,-0.501648306847,0.524086475372
10695,-1.0951000452,-0.0399499982595,-0.60982465744,-0.308834075928,-0.701500475407,-0.0855928659439
102,1.49144995213,-0.213800013065,0.478694438934,-0.641538500786,0.815898120403,5.9112739563
965,1.02915000916,0.801500022411,1.57674157619,0.193736255169,4.90485334396,0.108323283494
3800,0.818899989128,0.088500007987,0.968355417252,0.474016368389,0.304074376822,2.75649642944
10362,0.790950000286,-3.22919988632,-0.0298000574112,-0.0365132167935,0.0085112452507,-0.452505320311
5300,0.609449982643,-2.54329991341,-0.667923688889,-0.123270466924,0.679270029068,0.103509858251
8270,0.514450013638,3.6478497982,-0.068143106997,0.761243104935,0.953144788742,0.11292488873
27242,-1.02744996548,0.374199986458,-0.349057078362,-0.257938444614,-1.14359724522,-0.368655741215
9928,-0.636500000954,-0.438349992037,-0.190705657005,-1.10634803772,0.167731121182,-0.427279561758
1534,-0.0465000011027,0.533349990845,-0.214749246836,-0.113603502512,-1.04250359535,6.47483444214
5654,0.384700000286,-1.27460002899,0.518467009068,0.0953267067671,1.12051844597,-0.268644630909
10810,-0.226449996233,-0.059700012207,0.544871389866,0.0909447222948,-0.0542673021555,0.111059628427
7105,0.765200018883,-0.364749968052,-0.0441504120827,-0.572337031364,0.351335227489,0.164385154843
23014,-0.229250013828,0.193899989128,-0.117708444595,0.542404472828,0.151525124907,-2.60590267181
55012,0.7200999856,-0.0154999941587,0.739134967327,0.774759054184,0.133355528116,0.015395289287
2887,0.66345000267,-0.615499973297,0.492699801922,1.14122927189,0.209691181779,1.43145763874
9183,-1.04439997673,0.286350011826,-0.016812056303,-0.00839413236827,1.08361673355,0.202534720302
11151,-0.301050007343,1.46615004539,0.157465577126,-1.40088963509,-0.988725721836,-0.272787094116
7511,-0.112949997187,-0.332850009203,2.47499585152,0.396181851625,-0.170778766274,-0.121532335877
10046,-0.015000000596,4.66275024414,-0.0747375041246,0.0125291422009,-0.145885780454,0.345977067947
1829,-0.659049987793,2.90804982185,-0.597520828247,0.513121902943,-0.627539992332,-0.653554797173
11000,0.758050024509,-0.233250007033,-1.30033886433,-0.0540457367897,-0.930913627148,-0.820996880531
976,0.384350001812,0.156599998474,-0.49024361372,-0.848353087902,0.405575662851,0.264389306307
3597,-1.1426500082,-0.442100018263,-0.829205274582,0.13893571496,-0.0764072090387,1.66424334049
178,-0.703949987888,0.0449500083923,0.774602293968,-0.196424096823,-0.589555263519,-0.640308916569
2625,-0.672749996185,-0.223699986935,-0.224727272987,-0.511162102222,-0.2940364182,0.469808012247
6119,-0.194999992847,-0.122900009155,0.658673524857,0.775453686714,0.0374164953828,1.05851399899
26136,-1.3098000288,-2.78039979935,-0.420999526978,-0.0902407988906,-0.143636733294,-0.266434133053
6697,1.25224995613,0.107400000095,-0.551562488079,0.131624430418,-0.269779920578,2.01395845413
5971,0.387950003147,-0.607699990273,-0.753683626652,0.156256750226,-0.577737390995,0.682345926762
22934,0.0344000011683,0.182550013065,0.24226641655,0.028746470809,0.693685889244,0.438587844372
9289,-0.0097000002861,-0.201150000095,-5.63520669937,-0.30322343111,-0.498611569405,1.16735231876
4931,-1.84965002537,0.437799990177,-0.00172552326694,-0.000367295870092,-0.569811403751,-0.587314963341
4200,0.899250030518,4.87025022507,0.575559914112,-0.524470746517,0.846742630005,-0.73394459486
93594,-1.03110003471,-0.253300011158,-0.478076279163,-0.348923623562,-0.563280940056,0.513807833195
5982,-0.482250005007,-1.0026999712,-0.228306591511,-0.443151056767,0.607887983322,0.790261089802
26520,1.09405004978,-4.97609996796,-0.53019952774,-0.229635506868,0.57998251915,-0.299234181643
4998,-1.57224988937,0.287599980831,-4.10094690323,0.227384135127,-0.208637312055,-0.633412361145
10038,0.489300012589,0.331449985504,0.535243868828,-0.252427726984,0.478741884232,0.438681095839
60493,0.317999988794,0.122349992394,0.218929409981,5.29863405228,0.866173148155,-0.594177782536
51495,-1.89735007286,-0.0994000062346,0.270067811012,-2.30807256699,0.407857954502,-0.0450238510966
4482,-0.354949980974,1.03240001202,-0.330394566059,-0.327603369951,-0.630626022816,1.30460071564
23224,-0.634599983692,-0.503049969673,-0.480549484491,0.76864027977,0.425081402063,-0.487387090921
9690,1.16480004787,1.08745002747,-0.142409622669,-0.280901730061,0.474415928125,-1.31953454018
80212,0.438300013542,-2.49445009232,1.03458440304,0.450289219618,1.04642868042,0.985712766647
29928,-0.347550004721,-0.186499997973,-0.403183698654,-0.495806097984,-0.470259666443,0.449663728476
22809,0.561900019646,0.650099992752,0.190417006612,0.254489034414,-0.1727643013,0.861778914928
50814,0.372299998999,-0.594099998474,0.131985902786,-0.161480650306,-0.0509801097214,-0.0193418040872
55256,0.335749983788,-0.611799955368,0.103623688221,0.143902927637,1.03746652603,-0.149333074689
56997,1.02314996719,-0.771950006485,0.629797816277,0.322113960981,1.30781793594,6.10499191284
81544,-0.890300035477,-0.270900011063,-0.457354903221,-0.254395186901,-1.03406667709,0.242146939039
6894,-1.01590001583,-0.38124999404,0.118131056428,0.12035356462,-0.073524042964,-0.833940207958
64080,0.911149978638,-0.303000003099,0.0852941721678,-0.199256360531,0.0840694159269,-0.479644209146
55818,0.139649987221,-0.733950018883,0.862575411797,0.436570227146,-0.500204265118,-0.398852139711
637,-1.23580002785,0.162500008941,-0.180206552148,-0.104108065367,-0.94338285923,-2.68707823753
22823,-0.214850008488,-0.180049985647,0.865884661674,0.374008148909,0.4501285851,0.249408125877
5287,-0.830749988556,-0.432949990034,0.721631288528,1.06102728844,0.363851606846,-0.0811252593994
91137,-1.65869998932,0.48884999752,1.14664983749,0.676861286163,0.323117256165,-0.808143317699
23097,0.843400001526,-0.194799989462,-0.459812939167,0.413310259581,-0.8309918046,-0.929021954536
9851,-0.97344994545,0.182949990034,-0.0502477288246,0.280262857676,0.871755540371,0.476500332355
23522,0.204050004482,-0.764999985695,0.804759263992,0.93744045496,-0.906299591064,0.952137589455
1123,-0.609849989414,-0.242299988866,-0.342458277941,-0.518250286579,0.1174614802,0.770152211189
5603,-0.787150025368,-0.193149983883,0.853319823742,-0.702969551086,0.351482659578,0.480836570263
51569,0.541599988937,0.515900015831,0.118661686778,-0.571319103241,-0.357670038939,-0.926807641983
55699,0.572849988937,0.142250001431,-0.573641955853,-0.253581672907,-0.389056891203,-0.968778908253
2624,-0.879799962044,-0.0847000032663,-0.540960609913,-0.0736450180411,-0.306409984827,0.101826325059
8204,0.0918499976397,-1.22369992733,0.0981465652585,-1.22357320786,1.03760313988,-0.571003496647
9133,-0.112150013447,0.2323500067,-0.0947705060244,1.42524147034,0.0973999276757,-1.66300725937
10921,0.242400020361,0.372999995947,0.00100648414809,0.275126874447,-2.45591044426,-0.0758783817291
51742,1.1222499609,-0.634700000286,0.298531115055,0.539931833744,0.507871687412,-0.294079422951
2954,-0.0406000092626,-0.789600014687,0.0505249500275,-0.458598941565,-0.551296234131,1.1595890522
27244,-0.52974998951,1.13629996777,0.178433910012,0.281739711761,0.26745057106,1.1522872448
23013,-0.0102500021458,2.10684990883,0.449540615082,0.778148412704,-1.49847257137,-0.263039976358
8050,-0.550449967384,0.280949980021,0.16425845027,-0.563378810883,-1.3706163168,0.2114726156
79961,-0.624199986458,-0.594299972057,-0.102729722857,-0.242838144302,-0.515089571476,0.892516672611
2017,0.97000002861,0.479850023985,0.241526812315,0.095527857542,1.747595191,0.0362621247768
55148,2.50174999237,-0.540449976921,0.1043317765,0.0131272003055,1.34565222263,0.457426190376
960,-2.43645000458,0.383949995041,-1.76534485817,-3.51695537567,-0.774960696697,-2.5532541275
10451,-0.74715000391,0.173950001597,-0.772649943829,-0.198375821114,-0.157598152757,1.50472927094
57406,-1.34170007706,-0.0375500023365,-0.528192460537,0.19176402688,-0.516304850578,-0.133679002523
51719,2.57039999962,1.0843000412,0.920734584332,0.324820250273,1.08064198494,0.904120624065
7074,-0.280250012875,3.49365019798,0.154009461403,0.294727951288,-0.73529368639,-0.423540741205
10059,-0.41654998064,0.290849983692,-0.19606846571,0.986096024513,-0.0172209739685,-0.433613538742
51071,-0.529399991035,-3.02314996719,-0.454734861851,0.0894964635372,-0.97057133913,-2.3532166481
5796,-1.4864000082,0.403050005436,-0.252099514008,-0.117216229439,-0.139726489782,-0.441937178373
55008,-0.0975500196218,-0.396799981594,0.000558078289032,0.0060661919415,-0.171359837055,0.23961853981
23597,0.361299991608,-0.957149982452,0.579320907593,0.557965457439,1.91105270386,0.245949193835
8869,0.566500008106,-0.453099995852,-0.0386645272374,-0.162686213851,-0.0186803266406,0.20747898519
8727,0.546800017357,0.68489998579,0.0310673415661,-0.12388600409,0.759452164173,-0.436968386173
63874,0.920199990273,0.529299974442,-0.089063949883,0.470299839973,0.392257153988,0.418190658092
8821,-0.306050002575,1.20125007629,-0.392081141472,2.69468665123,-0.180188030005,0.287942707539
57178,0.0940000116825,0.266999989748,0.00267492933199,0.221565797925,-0.773493468761,0.0303125195205
5468,0.0393500030041,-0.464599996805,-0.672778248787,0.162576317787,-0.45207297802,0.834399044514
10557,0.933550000191,-1.22630000114,0.0364777520299,1.59063100815,0.46275728941,0.776953041553
831,-1.09275007248,0.153800010681,-0.561408638954,-0.375554591417,-1.32219660282,0.375946998596
9531,-0.0236499905586,0.503500044346,0.570595502853,-0.264702647924,-0.306405931711,0.503222703934
2767,-0.420949995518,-0.16685000062,-0.974967181683,1.2474770546,0.0539948046207,0.524193286896
1861,-5.27269983292,0.742750048637,0.516045808792,0.0560682490468,-0.583039104939,0.817553579807
10165,1.22699999809,0.572049975395,-0.32046186924,-0.130445703864,1.00817227364,-0.644694924355
7106,-0.12349999696,0.398400008678,0.301329612732,0.243930250406,0.0507621467113,0.192364573479
2908,1.34570002556,-0.696950018406,-0.280385047197,0.00609098374844,0.0378842763603,0.0291966348886
57761,-1.20794999599,-0.101850003004,-4.54032468796,0.00132842827588,-0.0533508062363,-0.338244408369
23338,1.28020000458,0.740999996662,-0.44091129303,0.179516553879,-0.887957692146,-0.490759164095
7852,-1.31555008888,-0.565050005913,0.283481866121,-1.05510926247,-0.758161127567,0.254914700985
55033,0.527700006962,2.18179988861,0.242754906416,-0.117141082883,0.640761196613,0.579167187214
57019,0.728449940681,0.696950018406,0.969608366489,0.423875570297,-0.984102487564,-0.657984375954
91949,-0.69990003109,-0.822600007057,-0.209774330258,-0.288215070963,-1.02826011181,-0.252718448639
84617,0.292499989271,-5.24340009689,-0.162423610687,-0.834888279438,1.42433393002,-0.110482901335
25,0.0335999876261,-0.102650001645,0.289973199368,0.166878968477,-0.270200878382,0.1700925529
899,-0.0492500066757,-0.424149990082,0.407889723778,0.0415024012327,-0.0414301753044,1.40102565289
79850,1.39995002747,0.151399999857,0.376503735781,-0.622120738029,1.89495062828,-0.0769061595201
51466,0.683750033379,0.370999991894,0.678687572479,0.0298741608858,0.839223384857,0.618254542351
2852,-0.96875,-0.655399978161,0.0340776145458,0.0991246700287,-0.824164032936,0.474825263023
55837,0.591600000858,5.17434978485,0.118040949106,-0.232419997454,-0.0131210610271,0.161121100187
2131,-1.19005000591,-0.237300008535,-2.08033943176,0.262046635151,-0.62878036499,-0.325999736786
5427,-0.776049971581,0.445900022984,0.284497022629,0.195187836885,0.645156264305,-0.211125329137
25966,0.326999992132,1.07389998436,-0.103877663612,0.555642127991,0.00738136842847,0.711681842804
55608,0.0517500005662,0.0707999765873,0.414420843124,-0.194624722004,-0.0621279105544,-0.28083178401
1662,1.21749997139,0.506599962711,-1.01632750034,-2.22628259659,-0.2672265172,0.54326415062
9702,0.0879499986768,-0.884399950504,-0.371676981449,-0.580790281296,-1.19239401817,-0.512317538261
11031,1.49559998512,0.252999961376,-0.649573564529,-0.285112679005,0.808806419373,-3.01695656776
10057,0.291150003672,0.550999999046,-0.00225400552154,0.500479876995,-0.301640331745,-0.230168536305
5985,-1.48685002327,4.87839984894,-0.761794507504,0.115982785821,-1.15966904163,0.327130734921
3280,-0.355250000954,-0.312799990177,-0.116947725415,-0.331828266382,0.876095533371,-0.545660614967
55958,-0.723399996758,1.2609000206,-0.309584081173,-0.00919902324677,0.590635597706,0.383466422558
51465,-0.469400018454,-0.501999974251,-0.226829349995,0.632042884827,0.0913368761539,-0.190102577209
2542,0.600400030613,-0.573400020599,2.72337198257,-0.55340474844,-0.302931785583,0.0764110386372
10641,-2.49650001526,0.36384999752,-1.37583827972,-0.199209019542,-0.0448133200407,0.580002009869
11137,1.21405005455,-0.758550047874,0.412630826235,0.318649768829,0.167449563742,0.432831227779
9842,-1.45019996166,-0.442100018263,-0.00139769422822,0.13008287549,-0.128749042749,0.000757798552513
10493,1.59829998016,0.313700020313,0.839572370052,0.341165006161,1.19616913795,0.538292467594
10112,-0.876399993896,-2.55209994316,0.368971079588,0.857145965099,1.36452209949,0.512292206287
1001,1.31375002861,-0.353600025177,-0.0575468949974,-1.27453184128,0.198618412018,0.125134572387
23635,-1.38825011253,-0.477200001478,-0.384611040354,1.78493642807,0.298700630665,0.305200397968
29916,0.73584997654,0.149499997497,1.0777425766,0.0057787746191,-0.60308945179,1.01706540585
2810,-0.844200015068,-0.148049995303,-0.486828565598,-0.53537106514,0.3015858531,0.542953670025
5993,0.674149990082,0.134550035,0.238323226571,-0.119036689401,-0.263737916946,0.421027839184
11142,0.928300023079,0.121299996972,0.309787988663,0.118954479694,0.474417179823,-5.29414319992
79187,-1.25045001507,-0.341399997473,0.166784450412,0.837238013744,0.555086374283,0.252060711384
51382,0.950250029564,-0.177049994469,0.149169325829,-0.0827101320028,0.307175427675,0.336269527674
8318,-1.27345001698,0.0164499990642,-1.31254839897,0.148252815008,-0.124892428517,0.157277107239
9695,0.122549980879,0.862299978733,-0.260275542736,-0.196756258607,-1.17552888393,0.165670752525
9712,0.162100017071,4.63199996948,0.825270235538,-0.1549924016,0.265695810318,0.241245850921
64943,1.03485000134,-1.14120006561,-1.55173170567,-0.33046156168,0.825061917305,0.462022960186
9738,-0.497449994087,-0.477850019932,0.885457277298,0.433588325977,0.174278587103,0.632462203503
6793,-0.364199995995,0.271250009537,0.265730530024,0.416234076023,-0.3136087358,0.54984408617
7358,0.631399989128,0.817350029945,0.0115796029568,0.0256858617067,0.895566701889,-3.23067450523
58472,0.306450009346,1.25559997559,-0.0551296696067,0.0152767095715,-0.524295389652,0.831501364708
50865,0.354849994183,0.125249996781,-0.0657988339663,1.87779080868,-0.0693773776293,-0.318878769875
23200,-0.146549984813,0.128049999475,-0.657065749168,-0.57106924057,-0.900480210781,-0.165627986193
51293,1.91275000572,0.643449962139,0.167032048106,0.857013702393,0.82566255331,0.514825344086
10962,0.604449987411,-0.161750003695,-0.367651373148,0.39784064889,0.390590310097,-1.13477492332
10153,0.0864000022411,-0.658399999142,0.206023052335,0.539696037769,0.040431689471,0.123914480209
874,0.837500035763,-1.79949998856,0.620477080345,-0.68219935894,0.173009291291,-0.440898418427
