rid,CPD003_MCF7_6H:BRD-A65818372-001-04-6:10,CPD003_MCF7_24H:BRD-A65818372-001-04-6:10,CPD003_PC3_6H:BRD-A65818372-001-04-6:10,CPD003_PC3_24H:BRD-A65818372-001-04-6:10
5720,0.766950011253,-0.463088035583,-1.03104794025,-0.619400024414
466,-0.599900007248,-0.460107445717,0.576205432415,-0.173199996352
6009,0.507350027561,-0.528015375137,-1.01161444187,-1.1779499054
2309,1.73154997826,-0.630672335625,1.45276069641,-0.162149995565
387,1.79119992256,-1.38463759422,-0.382475674152,-0.946600019932
3553,-0.127650007606,0.433845281601,-0.0334044992924,-0.262350022793
427,0.325000017881,-0.317307054996,0.202196404338,0.524949967861
5898,-0.00499999523163,-1.00570964813,-0.427237659693,-0.578950047493
23365,0.67199999094,-1.23831570148,0.870500087738,-0.368849992752
6657,0.24279999733,0.703310132027,0.594399333,1.65415000916
5054,-1.00695002079,0.512408018112,-0.69902831316,0.486499994993
3108,1.05924999714,-0.873061835766,-0.112621441483,-1.13319993019
1950,0.171599984169,0.787863850594,-0.589098095894,0.376450002193
351,-1.40709996223,0.201123565435,-0.174189046025,0.604400038719
4846,-1.18385004997,-0.661673545837,-0.0716425776482,0.0566499978304
1452,0.586749970913,-0.142280042171,0.334079533815,-2.69685006142
4776,-0.21250000596,-0.0583025850356,-0.359510481358,2.37750005722
6908,0.785099983215,-0.398748725653,1.27863693237,-0.746899962425
672,-1.66499996185,-0.551769912243,0.491967022419,0.994250059128
5710,0.892949998379,-0.673967897892,-0.37832069397,-0.0560500100255
2115,0.611499965191,0.920931577682,0.167401462793,-0.328700006008
7015,0.0101000070572,1.27476894855,-1.23968982697,0.147300004959
8726,-1.48014998436,-1.37865495682,-0.452864289284,0.207699984312
2185,-0.189499974251,0.175344079733,0.771368026733,0.82254999876
3315,-1.1658500433,-0.171081006527,-0.285953134298,-0.611549973488
5289,-0.220750004053,0.804053366184,-0.00966922938824,-0.246849998832
868,1.00069999695,-1.30975282192,-0.169162362814,0.538100004196
1677,-0.780699968338,0.416307836771,-0.844089627266,0.92735004425
7043,-0.159900009632,-0.762350261211,0.506645262241,0.307999998331
5613,-0.962899982929,0.924012243748,1.31329393387,0.674549996853
595,0.679800033569,-0.242426663637,-0.553444325924,-0.855599999428
4793,0.055600002408,0.601861596107,-0.898552536964,-0.333300024271
2736,-0.0646000057459,0.619587123394,1.22626507282,0.468950003386
5290,0.113450005651,1.09906792641,-0.270893096924,1.80760002136
6194,-0.17199999094,-0.155255615711,0.24201849103,-1.63380002975
1676,-1.67580008507,0.346861034632,-2.24313020706,1.39114999771
23512,0.0600999593735,-0.0240420103073,1.04628252983,-0.832749962807
148022,0.584850013256,-0.289934873581,-0.0131019316614,-0.136700004339
1906,-0.244450002909,0.0131371784955,-0.163707911968,0.817000031471
8878,0.672049999237,-1.05091261864,-0.244010746479,-0.726799964905
3091,-0.041700001806,0.116795025766,-0.594570755959,0.964850008488
5743,-0.303449988365,0.702882647514,3.84885954857,1.77314996719
5321,-0.326200008392,0.94464302063,-0.176753073931,1.15614998341
4144,0.821500003338,-0.0961733832955,0.247068524361,0.193650007248
1981,1.3680999279,-0.942742407322,0.755947113037,0.547399997711
695,0.67224997282,-0.422653615475,0.416858762503,1.02460002899
10398,-0.0635499954224,0.558729767799,-0.553438901901,0.0209500007331
5708,0.291999995708,0.479770421982,0.568125903606,0.46439999342
1213,-0.0920000001788,-0.706080436707,-0.121928706765,-0.163200005889
226,0.916099965572,-0.558899521828,-0.269327759743,-0.00749999284744
6777,0.788400053978,-0.779311299324,0.364528089762,-0.534250020981
2113,-0.994500041008,1.91797661781,0.606452465057,-0.0262000113726
3329,0.405049979687,-0.169630587101,-0.398938089609,-0.458499997854
1050,1.68519997597,-0.862028598785,-0.739518821239,-0.410299986601
9491,0.0917999744415,0.977578341961,-0.318112611771,1.27445006371
22926,-0.185000002384,-0.915574431419,0.98287665844,-0.640700042248
5899,1.08239996433,-0.0173786357045,-0.57025462389,0.0519499927759
5467,-0.0644499957561,-0.217149764299,-0.222038239241,-0.269849985838
6774,-1.12240004539,-0.344819784164,-0.0720769315958,-0.2200999856
1788,-0.316250026226,1.14084327221,-0.169586777687,1.21899998188
5921,0.0476000010967,-0.417834043503,-0.117882460356,-0.764699995518
5721,-0.0969499945641,0.465604186058,-0.922465920448,-0.922300040722
2263,-0.203299969435,1.29939544201,-0.781814813614,1.5271999836
808,-0.0546000003815,1.48961782455,0.638591468334,1.57299995422
30001,5.66774988174,-0.657464027405,-0.0220594629645,-0.991299986839
348,0.280750006437,-0.235296353698,0.0275155082345,0.0772999972105
30849,0.829800009727,-0.638711392879,0.788928151131,-0.732949972153
1454,1.48460006714,0.199455365539,-0.131191432476,0.162950009108
6500,2.80550003052,-0.417006850243,-0.504416048527,-1.14470005035
5627,5.0,0.411585330963,-0.22828142345,-0.19050000608
5715,0.453350007534,-1.96135234833,-0.402651667595,-0.54390001297
4791,5.05219984055,0.756336927414,-0.421825051308,-0.0835999846458
56924,0.74304997921,-0.512951433659,0.137854635715,-0.261849999428
2690,1.72504997253,0.115224927664,4.22079849243,-1.55034995079
1019,-1.24985003471,0.00646605342627,0.508041441441,0.277400016785
51422,-0.301799982786,-0.0581778734922,0.313290953636,-0.933699965477
5788,0.606050014496,1.48758625984,0.168021768332,0.720950007439
6709,0.757899999619,-0.117447473109,-0.130281627178,0.412349998951
1277,5.36030006409,-0.00749611854553,-0.181923910975,-0.890699982643
993,1.24749994278,-0.167576551437,0.416832685471,-0.360899984837
7157,1.23810005188,-0.935248315334,0.482841581106,-0.203500002623
1958,0.323350012302,0.60341912508,-0.0746326297522,-0.957450032234
4582,-1.50935006142,0.355412781239,0.701866030693,-0.0221999883652
9212,0.238049998879,0.0811684951186,0.660297870636,0.616649985313
8440,-0.475300014019,-0.93781298399,0.328784167767,0.176200032234
6790,1.95879995823,-0.428378522396,0.215082526207,-0.049699999392
8851,-0.717900037766,-0.391264557838,0.299668848515,0.272049993277
2534,-0.491500020027,0.333518177271,-0.271827101707,0.279100000858
4893,-0.653100013733,-0.541990697384,-0.895083546638,1.04309999943
665,-0.799649953842,1.10508620739,-0.467945247889,-0.620450019836
4313,0.160700008273,0.826746881008,-0.20584577322,0.996800005436
1022,-1.29844999313,-0.519775986671,-0.220055654645,-0.751450002193
5880,0.320999979973,1.06086945534,0.669549584389,-0.187000006437
3162,0.182899996638,-1.02997767925,0.651972055435,-0.380899995565
1282,-0.100900009274,0.710079729557,0.0776618421078,-0.243149995804
3383,-0.233400002122,0.407988399267,-0.0247551612556,-0.00604999065399
727,1.23195004463,1.36789238453,-0.249485120177,0.170000001788
4792,1.26309990883,-1.01687669754,-0.11790651083,-0.833999991417
4794,-0.190700009465,0.366817772388,1.03787398338,1.26080000401
902,-1.1398499012,0.926872968674,-1.69426953793,0.917549967766
8091,0.354200005531,0.889585256577,0.334470748901,-0.508750021458
3486,0.311399996281,0.425124704838,1.26250720024,-0.553799986839
10818,-0.034500002861,-0.545022428036,0.833591580391,4.38854980469
3454,-0.0753000080585,0.82721221447,1.42189097404,2.01254987717
4282,-1.01890003681,-0.402535378933,0.054337285459,-1.84889996052
1605,0.9144500494,-0.238248690963,0.627323865891,-1.54699993134
10644,0.910349965096,-0.328912138939,0.477523088455,-0.231600016356
2065,-0.58939999342,-1.39355182648,-0.0922903567553,-1.11734998226
8321,0.234749987721,0.604552090168,-0.199267446995,-0.285850018263
8503,-0.649749994278,-0.402595192194,0.933191418648,0.367399990559
7027,0.160300016403,-0.193674013019,-0.556774556637,-1.51435005665
6850,0.178049996495,1.84926259518,-0.125841841102,0.40775001049
1978,-0.326099991798,-0.975849568844,-0.290202260017,-0.196649998426
896,-2.07025003433,-0.905213356018,-0.74936902523,-0.502900004387
5777,0.605099976063,-0.937022447586,0.554652273655,-1.25339996815
1846,1.07630002499,-0.614134907722,-0.851152956486,-0.492399990559
5925,-0.153199985623,0.415330171585,0.196462109685,1.93229997158
142,0.983200073242,-0.413025200367,-0.138986051083,0.321550011635
1021,0.156399995089,0.102305695415,0.234640613198,-0.69865000248
5699,-0.299549996853,-0.17279496789,-0.997877717018,-0.60974997282
8061,1.34739995003,-0.728865146637,0.756837129593,0.0648000091314
1870,0.215100005269,-0.682766258717,0.273615121841,0.94494998455
1398,-0.48675006628,-0.376876443624,-0.66778421402,0.00705000013113
3312,-0.395050019026,0.955544710159,0.321845561266,-0.524949967861
891,-1.19239997864,0.270217716694,-0.113085396588,0.660400032997
4775,0.0473999679089,-0.198548018932,0.774474740028,0.654049992561
5111,-1.34009993076,-0.702778279781,-1.08964598179,-0.0327000021935
5696,0.160250008106,-0.450755119324,0.6802495718,-0.574100017548
5588,-0.0178000032902,0.371592879295,0.518473863602,0.362699985504
6839,1.12099993229,-1.70462477207,-0.248980015516,-1.3804500103
329,-0.589900016785,-0.264970511198,-0.470089435577,-1.16830003262
5058,4.86189985275,0.638857483864,0.487570405006,0.547150015831
998,-0.435599982738,1.76152002811,-0.145030677319,-1.8464499712
9134,-0.261600017548,0.425984323025,-0.52238124609,0.208450004458
6616,0.590699970722,0.0177045464516,-0.519333839417,1.36395001411
5223,0.30189999938,-0.477000415325,-0.407574832439,-0.514599978924
4690,1.51215004921,0.448565542698,0.0141452401876,0.351549983025
958,-4.27409982681,1.00806212425,0.144576817751,0.889700055122
1616,0.959100008011,-0.489006310701,-0.801624655724,0.736999988556
991,-4.66254997253,0.838751256466,5.05002390128e-05,0.337599992752
6347,2.54435014725,0.415828406811,2.01786613464,1.5123000145
6714,2.27374982834,-0.747860014439,-0.854589819908,0.733449995518
652,-0.494100004435,2.05104541779,0.207472041249,1.59890007973
4331,-0.29240000248,0.0785439610481,0.0332727730274,-1.52250003815
7099,-0.237250000238,1.41263544559,-0.514607906342,-0.794200003147
10320,0.465950012207,0.950826525688,-1.34449577332,0.787299990654
2042,-0.371950000525,0.828014612198,-1.03947281837,0.509649991989
843,-0.224500000477,0.494212180376,0.37734374404,0.280950009823
840,-0.515650033951,0.843230187893,-0.522352337837,-0.911650061607
7048,0.0852999985218,-0.609270334244,-0.112494468689,0.0112000107765
4851,0.149699985981,0.192573606968,0.183742776513,0.38615000248
6464,0.503049969673,0.454045325518,0.202261328697,0.611400008202
23410,-0.180600017309,-0.923843204975,0.709132432938,0.279500007629
54205,0.327649950981,0.393403321505,-0.25783213973,-0.648249983788
2770,-0.433350026608,0.256886273623,0.14550614357,-0.115149989724
80204,0.584749996662,0.456469982862,0.247526735067,-0.359849989414
4208,0.150949984789,0.271477818489,0.551823496819,-0.642149984837
1845,0.709900021553,-0.0951771438122,0.036122020334,-0.465299993753
23368,-2.87164998055,-0.102049916983,0.175993904471,0.663599967957
5583,0.251399964094,0.283180832863,0.0537535473704,0.545549988747
8900,0.135250002146,1.10175645351,-0.251065611839,0.073449999094
581,-1.93074989319,-0.199429214001,0.319765090942,0.600399971008
6193,-0.66605001688,-0.821303009987,-0.447927683592,-1.6126999855
6622,0.209000006318,-0.368624448776,-0.422737509012,-1.00360000134
11261,1.254150033,-0.434027016163,-0.24168163538,0.0291500091553
6696,-1.12004995346,0.157688766718,0.174336090684,0.294300019741
8312,-0.351150006056,-0.210796773434,0.0288778692484,0.624300003052
835,0.918050050735,-1.14565420151,1.15017926693,-0.545850038528
8324,-0.63330000639,-0.0438736751676,-1.53517961502,-0.969500005245
1848,0.0211000144482,-0.0107413828373,-0.762705147266,1.22925007343
154,0.017799988389,-0.321306496859,1.16395032406,-0.0719000101089
4312,0.316500008106,1.41578841209,-0.581211268902,1.87185001373
994,1.59385001659,-0.777752399445,0.934490501881,-0.774000048637
2048,-0.0151499994099,0.416902691126,0.276199400425,0.0137999989092
1111,-0.267899990082,0.723153591156,1.07680177689,0.815400004387
5154,-0.772499978542,-1.19226813316,-0.591169476509,-0.735249996185
2920,-0.285400003195,-0.791078150272,0.124400392175,-0.426450014114
3122,-0.171849995852,0.407970517874,-0.225724458694,0.493000000715
2769,-0.525950014591,0.789288043976,-0.525567412376,1.50375008583
5900,0.68624997139,-0.18901784718,-0.78497594595,-0.39620000124
6304,-0.688450038433,0.0621102675796,-0.291937351227,1.68060004711
5211,1.51129996777,-0.685626626015,-0.23791949451,0.284549981356
2886,-0.342899978161,0.650621294975,-1.78727149963,0.237450003624
9261,0.110050007701,-2.54625034332,-0.145388573408,1.51020002365
8569,-0.393500000238,1.30239367485,0.129702597857,-0.83159995079
3303,-0.357299983501,-0.354747623205,0.363995015621,-0.103900007904
5331,2.31309986115,0.131284803152,-1.04344105721,-1.01375007629
5347,0.837649941444,-0.477262884378,0.235980004072,-0.363599985838
4638,-0.507049977779,3.68290376663,0.163312345743,-1.29579997063
2264,0.863000035286,-0.624867022038,0.665278434753,-0.319399982691
1029,0.174150004983,0.832494258881,-0.300523132086,-0.227550014853
1027,-1.10525000095,-0.573043227196,-0.0531734675169,0.292200028896
2597,0.0,0.036764010787,-0.00035565107828,0.00034999998752
55847,-0.320299983025,1.15167677402,-0.865115344524,0.205849990249
25803,1.77954995632,0.379640817642,-0.804981291294,0.303599983454
3480,-1.08774995804,-0.761398851871,0.363932967186,-0.527999997139
2946,0.0103499889374,0.28757366538,0.371989488602,0.465649962425
9517,1.33190000057,-1.12644171715,1.50739622116,-0.798699975014
25987,1.19335007668,-1.21249496937,0.202541530132,-0.436900019646
23670,-0.453949987888,0.418085813522,-0.295535802841,-0.76449996233
11182,0.109949998558,-0.245430678129,-0.826957702637,0.165549993515
2146,0.385700017214,-0.65707296133,0.857544064522,-0.634950041771
3385,0.346450001001,-0.944484055042,-0.00351974368095,-0.157450005412
5261,-0.679700016975,0.782401204109,0.0826608687639,1.51034998894
10765,1.34825003147,-0.835473418236,0.382389396429,0.0687500014901
25839,0.219549998641,-0.169181853533,-0.485757470131,-0.0438000001013
4172,0.621649980545,0.060598872602,0.501912474632,0.212700009346
23161,0.117100000381,0.650356769562,-0.341266721487,1.16234993935
10298,1.43780004978,-0.376644790173,-0.247221291065,-0.121849998832
1802,1.06904995441,-0.0579247288406,-0.855618238449,-0.155849993229
58533,1.02680003643,-0.38365778327,-0.880598127842,-0.835349977016
147179,1.10850000381,-0.185701712966,0.547481954098,-1.25504994392
29937,0.742349982262,-0.587107300758,-0.891847372055,-0.960500001907
6184,1.80529999733,-0.158317238092,0.053019374609,-0.733449995518
9854,1.18180000782,-0.620705366135,0.449078112841,-1.35905003548
2553,0.306450009346,-0.473825633526,0.368963301182,-0.850749969482
5440,-0.339599996805,0.401256144047,-0.679141163826,-0.231350004673
54623,-0.162200003862,0.164908766747,0.154021173716,1.56124997139
9533,0.0522000044584,0.975578427315,-0.0348818004131,2.15024995804
8607,-3.47479987144,0.0506543777883,0.231089770794,0.156450003386
207,0.229599997401,-1.33232104778,0.408597022295,1.87330007553
26054,-1.00810003281,-0.365590512753,-1.67890572548,1.06400001049
10682,-0.0247000157833,-0.415437698364,0.338727235794,-0.726799964905
8573,0.726850032806,-0.482475072145,0.669425547123,-0.146200016141
23378,-0.0871999934316,-0.585576713085,-0.555081069469,-0.254500001669
8553,0.466600030661,0.181169882417,0.329561501741,-0.0379499942064
622,1.16779994965,-0.458253800869,0.330599308014,-0.519999980927
9467,-1.55329990387,0.0140606053174,-1.27354621887,0.898549973965
5525,0.121249973774,0.267797648907,-0.25366461277,-0.368299990892
256364,1.35495007038,-0.182842344046,0.759774804115,-0.142650008202
332,-0.214300006628,-0.443211704493,-0.171764746308,-0.571850001812
2058,-0.263350009918,0.0865701436996,1.59369122982,-0.713999986649
7849,0.0301499962807,-0.193464517593,-0.38949650526,-0.768799960613
23244,-0.0431500077248,0.294004112482,-0.183235630393,-0.00385000184178
7494,0.0140499919653,-0.235641151667,4.68285942078,-0.497050017118
4836,0.95174998045,0.492436885834,0.271315217018,0.63504999876
23647,1.30344998837,-0.279275298119,0.311056286097,-0.3070499897
10617,0.761949956417,-1.03949534893,-0.886262595654,-0.128650009632
2184,-0.992100000381,0.630210042,-0.675963759422,0.0320999994874
5355,-0.837050020695,-0.85561144352,0.621685147285,0.0054999999702
6659,0.184300005436,-0.77097505331,0.173926100135,-0.00210000574589
7016,-0.717200040817,0.375392585993,-0.253920257092,1.35540008545
90861,-1.12604999542,-0.247437119484,-1.1276242733,-0.640349984169
10670,0.814550042152,-0.724559605122,-0.584122061729,1.44949996471
79071,-0.0878999978304,-0.320697903633,0.658021807671,0.625549972057
64746,1.9361499548,-0.400572836399,0.342279911041,0.539849996567
5366,0.464100003242,1.40491616726,-0.346148371696,-0.0608000010252
11344,-1.34004998207,-0.82467508316,0.129628360271,-1.2147500515
10013,-1.27670001984,0.0221864432096,0.243898749352,-1.02199995518
5829,0.829450011253,0.164729237556,0.311128735542,-0.0767500028014
5257,0.948199987411,-0.567751526833,0.261970192194,0.0868000015616
22794,1.2200499773,0.36207267642,0.765846252441,-0.610300004482
9761,0.755649983883,-0.184983491898,-0.140245676041,-0.355199992657
23326,0.52009999752,-0.258692711592,1.31060004234,-0.0163500010967
10972,-0.670000016689,-1.69060957432,-0.221424847841,-0.875999987125
10523,1.69640004635,-0.795968830585,-0.444869101048,-0.962599992752
79090,2.51149988174,-0.413859188557,-0.44339171052,-0.52680003643
27032,0.60640001297,0.786171853542,0.271821051836,-0.390100002289
9097,0.66890001297,0.783609807491,0.504881024361,-0.715950012207
10513,2.88174986839,0.391660690308,0.446687072515,0.741850018501
1891,-0.771349966526,-0.0172207653522,0.756102979183,-0.222350001335
3066,0.227600008249,-0.633579671383,0.146957486868,-0.808099985123
9801,-1.66275000572,-0.916964054108,-0.0584315657616,-0.664749979973
1459,-0.358749985695,0.617228806019,-0.230539932847,1.20965003967
9703,1.84214997292,-1.70266461372,0.794339060783,3.51359987259
10606,-1.57440006733,-0.895522177219,-0.477202773094,-0.440449982882
1017,0.181799992919,-2.17044782639,-0.781793236732,0.119500011206
9813,-0.460900008678,0.71434533596,-0.467108488083,0.740049958229
7485,1.28614997864,-1.025146842,1.07815659046,-0.00385001301765
2109,-0.00299996137619,-0.701389670372,0.632477402687,-0.732649981976
23271,-0.150750011206,1.10075926781,-0.521412849426,0.671800017357
9915,-0.00034999998752,1.44727551937,-0.166144534945,0.744849979877
9552,0.537250041962,0.216576471925,0.492474108934,-0.109250001609
93487,1.34859991074,-0.26732608676,-1.03769874573,-0.367900013924
2956,-0.541949987411,3.33923482895,0.691293239594,0.419849991798
11065,-0.0991000011563,0.127707183361,0.333856612444,0.532700002193
9653,-0.320399999619,0.608785450459,0.505660295486,0.554399967194
200081,0.193350017071,-0.434208571911,-0.53112500906,-0.565400004387
3337,-1.19245004654,0.253179252148,0.196893319488,-0.100600004196
11073,2.24379992485,0.990464627743,-0.608423531055,-0.0690499991179
23,0.141049996018,0.0228375773877,0.392286300659,0.0917000025511
5641,3.1047501564,0.898054838181,-0.417736530304,-0.685500025749
8720,-0.647050023079,-0.00314788520336,0.374764770269,0.228049993515
10782,0.179450005293,0.380025416613,-0.829820871353,-1.10909998417
25932,-1.80675005913,-0.733811199665,0.0769145935774,-0.488049983978
3028,1.3342000246,-0.157685339451,0.361047625542,-0.658649981022
6804,0.604449987411,-0.00398106500506,0.355924099684,-0.306899964809
890,0.405250012875,-0.332835644484,0.417377114296,0.427950024605
6390,-0.690400004387,-0.27152505517,-0.251938194036,-0.803349971771
4303,-0.278850018978,-1.1208332777,0.628358185291,0.0715499967337
10953,-1.10564994812,-0.577658593655,0.512182950974,-0.89644998312
22889,-0.810000002384,0.731975793839,0.149012476206,0.083250015974
3098,1.46749997139,-1.6042547226,0.305295854807,-0.341349989176
11044,-0.881000041962,1.31106507778,0.934552252293,1.01989996433
8985,0.515949964523,-0.502624332905,0.528083086014,0.707050025463
66008,1.53999996185,0.0341592878103,0.88981449604,-0.961099982262
9217,0.319099992514,-0.170120641589,0.0843818038702,-0.928049981594
701,-1.45595002174,1.00729644299,0.0780328735709,0.911050021648
6182,-0.436400026083,-0.753973782063,0.0797427520156,-0.27555000782
4860,0.126199990511,-0.35394012928,-1.22004568577,-1.32319998741
7398,-1.00089991093,-0.155196368694,0.792546927929,-0.0415000021458
6117,-1.33605003357,-0.835908293724,0.768942117691,-0.7458999753
23588,-0.10514998436,-0.683325111866,1.60952496529,3.60535001755
949,-2.89475011826,-0.465258419514,-0.378263443708,-0.552150011063
7168,-0.0882000029087,0.407512426376,0.291742503643,-0.973249971867
9375,0.60389995575,0.810734808445,0.0755278766155,-0.261049985886
4927,0.472999989986,-0.72939491272,-0.0315050333738,-1.22385001183
2523,-2.60080003738,1.06108498573,-0.487306177616,0.65649998188
58497,1.58249998093,-0.386663615704,1.53998088837,-0.346699982882
6856,-1.4307500124,0.309623479843,0.977679073811,-0.560899972916
26036,0.469900012016,-0.50523519516,0.924425899982,0.180099993944
10206,-0.0965999960899,0.8637393713,0.653017282486,1.18385004997
25793,2.06224989891,-0.546775579453,-0.242939651012,-0.52220004797
55556,0.919849991798,-0.512761056423,0.360758125782,-0.293099999428
3978,0.90474998951,-0.610229611397,0.191546976566,-0.30134999752
10681,1.59794998169,-1.22551441193,0.496815115213,-0.348850011826
3638,-0.216549992561,0.59234893322,-0.675095021725,1.22864997387
8349,0.294849961996,0.483937501907,-0.0218453407288,0.628350019455
6275,0.939149975777,-0.686386585236,-0.151438742876,-0.962549984455
3895,-0.952149987221,1.10260045528,-0.478965759277,0.55419999361
392,0.274999976158,0.523624837399,1.03349924088,1.09014999866
9170,1.15339994431,-0.331361085176,-2.01774907112,-0.0365500152111
80347,1.11105000973,-0.477529317141,-0.0469517707825,-0.00165000557899
23300,0.430150032043,-0.202034503222,0.250638484955,-1.39085006714
836,-0.567449986935,1.02100253105,0.822617828846,1.19319999218
11188,-0.658349990845,-0.300013154745,0.58926653862,-0.590300023556
10898,-0.21629999578,0.369235396385,0.337968528271,0.256699979305
9276,0.978749990463,-0.295933544636,0.0983212888241,-0.696449995041
1647,0.521799981594,0.458330392838,-0.15864571929,0.42460000515
10285,-0.315200001001,-0.758078992367,-1.005443573,0.150199979544
23386,-0.23995000124,-0.40350240469,-0.00778071582317,-0.512600004673
3156,-0.540600001812,1.05465936661,-0.32576584816,1.63429999352
10237,1.29944992065,-0.180041924119,0.610682785511,-0.772549986839
7077,2.66554999352,-0.649071156979,1.00639617443,0.83805000782
11157,-1.48374998569,-0.269210785627,-1.19965410233,-0.515049993992
22908,1.45225000381,-0.0957483500242,0.304306477308,-0.464450001717
10915,-0.872099995613,-0.710953831673,0.185768157244,-0.970049977303
9897,-2.99790000916,0.109594330192,0.504909276962,1.00075006485
1759,2.04299998283,-0.781434178352,0.09445284307,-0.550450026989
54541,-0.0519500002265,-1.29908335209,-0.492566853762,-1.10214996338
211,-0.133950009942,-0.0808218866587,0.198790207505,0.126049995422
5048,-0.408300042152,0.856256186962,1.24241662025,1.0773999691
84722,0.586899995804,0.496129244566,0.152145892382,0.207949995995
29890,-0.379800021648,0.171299383044,-0.274741292,0.768700003624
9868,-0.955899953842,1.14182376862,0.10121832788,-0.238550007343
873,0.465549975634,-1.14216530323,-0.391379386187,-0.48679998517
5580,0.0628999993205,0.0291359424591,0.385526180267,-0.368099987507
3725,0.0595000013709,0.939714074135,0.483087152243,-0.014599993825
23585,-1.14024996758,-1.16984522343,-0.840854048729,-0.0450000017881
51097,-1.5094499588,-1.00487482548,0.356447309256,-0.505400002003
1831,-0.829349994659,0.05236774683,0.14410699904,-0.267650008202
7020,-0.370149999857,0.932375133038,-1.48154962063,0.677700042725
55893,-0.513599991798,0.609490096569,1.09869885445,1.79404997826
6944,-0.258950024843,0.334881544113,0.092662550509,1.15680003166
22883,0.578850030899,0.332285046577,0.979241967201,-2.22704982758
5601,0.452499985695,-0.0949736386538,-0.803215563297,0.486000001431
10775,-0.175449967384,-0.00831207633018,-0.0576407015324,-0.295949995518
4780,0.542200028896,0.460565954447,-0.918239831924,0.242850005627
10904,4.26149988174,-0.525254786015,1.18316173553,-1.27904999256
9917,0.365249991417,0.386229604483,-0.0558620989323,0.0969000011683
1399,0.171849995852,0.564348757267,-0.257122844458,0.608399987221
24149,-0.69730001688,0.55645519495,1.44170451164,-0.19859996438
2222,0.0480500012636,-0.0790150165558,-0.84864294529,0.0949500203133
10131,1.27259993553,-0.275682777166,-0.168778955936,-0.895600020885
2958,-0.47025001049,-0.262246578932,-0.0379856973886,-1.00524997711
9650,-0.609449982643,0.796171188354,-0.419095098972,0.981999993324
7319,0.0218500196934,0.100783854723,0.449180543423,-1.62884998322
4817,-0.416850030422,1.98116457462,0.35828140378,1.93624997139
9143,6.42974996567,-0.80999994278,-0.304021447897,0.288800001144
10494,0.659799993038,-1.01839482784,0.0840369462967,0.0324999988079
55324,0.142700016499,0.0142029672861,0.169847175479,0.0196999907494
23149,0.381399989128,-0.656878650188,0.297616481781,0.661400020123
9943,0.0942999720573,-0.63612139225,0.427747696638,-1.08010005951
6599,0.977800011635,0.714651048183,-0.196866616607,-0.440800011158
51031,0.178249999881,-0.141899451613,0.152534514666,-0.391049981117
3566,-0.227149993181,0.692498505116,0.276445925236,1.44595003128
3815,2.08515000343,0.814917743206,1.16619360447,0.583599984646
8624,-1.25364995003,-0.222322061658,0.162967413664,-0.355549991131
27346,-0.0386500060558,1.65077424049,0.353062748909,-0.0466999933124
10489,0.371550023556,0.379143357277,-0.000496715307236,0.158849999309
26128,-0.73884999752,-0.472345262766,-0.940464496613,-0.675199985504
79921,-1.70585000515,-0.402940452099,2.62741851807,3.59275007248
55746,-1.85455012321,-0.202447682619,0.860011577606,0.371599972248
23636,-1.04750001431,-0.563618659973,-0.201444774866,-0.785050034523
10892,0.944149971008,0.615116178989,0.879623770714,-1.35710000992
10652,0.750849962234,0.075094178319,-0.336246907711,0.195350006223
11004,-1.38400006294,-0.283119469881,0.397950232029,-0.521549999714
23530,4.47599983215,-0.154697313905,-0.51610147953,-0.444349974394
8826,0.22310000658,0.588591635227,0.874882698059,0.972200036049
3308,-0.466199994087,1.22464323044,-0.509782075882,1.05309998989
7153,-2.38899993896,-0.340703576803,0.583644628525,-0.106750011444
11041,1.44184994698,-0.503603160381,-0.605714976788,-0.772249996662
6342,0.212500035763,-0.981121599674,0.0490538775921,-0.771650016308
5883,1.63244998455,-1.92960679531,0.162076354027,-1.25014996529
10589,1.48449993134,-0.978822886944,2.16308581003e-05,-0.448199987411
5110,-2.3993999958,-0.441671997309,0.679109096527,0.0541000068188
4609,-1.25480008125,-1.0573605299,-0.551837205887,-0.725849986076
5423,-0.482699990273,0.124269984663,-1.25526952744,-0.416700005531
1070,-1.5421500206,-0.537423014641,0.471811264753,0.263350009918
10051,0.49690002203,-0.250000298023,0.103304333985,-0.47650000453
6603,0.998750030994,-1.06024169922,-0.0558734834194,-0.279599994421
9019,1.43140006065,0.105509728193,0.0246228966862,-0.611000001431
10969,-1.12459993362,0.156914889812,-0.288537710905,0.162900000811
9797,-0.271499991417,-0.216218858957,0.949832320213,-0.130050003529
4043,-0.700199961662,-0.450284838676,-1.57186996937,0.0297000110149
9519,-0.409799993038,-0.215954393148,0.102682292461,-1.12470006943
8480,0.522050023079,0.214759558439,0.381278544664,-0.590349972248
983,-1.37744998932,-0.355522334576,0.415242880583,-0.391000002623
10559,0.511849999428,0.438577532768,-0.785255551338,0.504050016403
8508,-1.05324995518,-0.778796553612,-0.663105964661,-0.754850029945
9275,2.07214999199,-1.6433134079,-0.167250663042,-0.469250023365
8914,0.788050055504,0.378484666348,0.496342301369,0.330049991608
54505,1.29780006409,0.444508910179,0.763951599598,0.229750007391
6919,0.311149984598,0.254477351904,0.364931344986,0.245600014925
2274,0.318599998951,-0.0926603525877,-1.14236342907,-0.674199998379
2288,-0.000999999931082,1.27762079239,-0.044913649559,-0.166099995375
7994,0.98710000515,0.800654113293,-1.23294711113,-0.225150004029
4216,0.980800032616,-0.991057038307,1.34873604774,-0.882950007915
7538,-0.281149983406,0.0220477506518,-0.177405208349,-0.126750007272
3628,0.0401999950409,0.851981163025,-0.018870562315,-0.635699987411
2037,0.328350007534,-0.31719905138,-0.0972889363766,-0.14770001173
2771,1.97804999352,-1.63492560387,-1.05747270584,-0.312799990177
7264,0.715300023556,-0.644314050674,-0.543386042118,-0.205400019884
1786,-1.00905001163,0.289855509996,-0.311993688345,0.0750000029802
5873,0.0754999965429,0.607332527637,-0.231520086527,-0.366950005293
780,0.545149981976,0.203613430262,0.210484400392,-0.0370000042021
9926,0.635599970818,0.24057200551,0.142688110471,-0.34944999218
8446,-0.716099977493,1.37637102604,-0.263393819332,1.06929993629
7159,1.03415000439,0.211103647947,0.519064128399,0.592899978161
1026,0.276800006628,-0.212929055095,-0.469291418791,5.09714984894
7082,0.659950017929,-0.676062345505,1.03379619122,-0.375750005245
10058,-1.51985001564,-0.0655355900526,-0.0973671525717,-0.517250001431
10797,-2.54964995384,0.283355414867,-0.0176262557507,-0.703299999237
11230,0.950200021267,-1.09156239033,2.11106538773,-0.184600010514
30836,-1.2186999321,0.375301718712,1.05273890495,-0.215700000525
27336,-0.0914499983191,0.579982876778,0.739751577377,0.654899954796
9918,-3.31369996071,0.748453438282,-0.945253372192,0.823399960995
79073,1.72074997425,-0.668124675751,1.27995574474,-0.799299955368
9688,-0.926599979401,-0.912051022053,-0.538402736187,-0.121800005436
23659,0.722699999809,-0.184269830585,-0.69267988205,-0.696749985218
8396,-0.205650001764,-0.939646780491,4.73974609375,-0.795950055122
23077,0.178099989891,0.965983450413,0.31490778923,0.755200028419
10857,-0.829699993134,-0.614147484303,-0.221599459648,-0.717949986458
16,-0.454349994659,-0.129474386573,0.465992510319,0.492150008678
2817,-0.459650009871,-0.578363895416,0.842486381531,0.875299990177
60528,0.682200014591,0.434591978788,-0.563514947891,0.0931499972939
5359,-0.48655000329,0.260570436716,-0.376688539982,0.442900002003
1514,0.263300001621,-0.748111486435,-0.269900709391,-0.95324999094
1509,1.38565003872,-1.42832398415,-1.22368431091,-0.888999998569
9181,1.48775005341,-1.04674887657,0.621650576591,-0.964299976826
3611,-0.431050002575,-0.26900357008,-0.864250421524,-0.746500015259
4783,-2.3154001236,1.06685435772,-0.0935169011354,1.18524992466
10123,-0.494049966335,0.766360104084,-0.725599110126,0.840299963951
8895,-0.632250010967,-1.75791919231,-0.570922791958,0.425949990749
9805,-0.129549980164,-1.39587843418,-0.791999936104,1.3789999485
4125,1.42754995823,-0.663220763206,-0.0683345794678,0.409599989653
1635,0.974300026894,-0.397357881069,0.787594497204,-0.443200021982
4154,-0.124049991369,-0.192207470536,0.71153575182,-0.463500022888
26292,-1.25534999371,-0.647619366646,-0.588088572025,-1.26824998856
5770,-0.470950007439,-0.295326143503,0.214791312814,0.461299985647
25874,-0.901300013065,-0.113957822323,0.845888257027,-1.1453499794
11319,-0.0251999944448,0.690826833248,0.655475974083,-0.696300029755
1153,-0.060799986124,0.0587967336178,0.770034074783,-0.14849999547
11098,-0.435249984264,-1.21173465252,0.00777336582541,-0.364600002766
8974,0.726050019264,-0.513153851032,-0.247260659933,-1.2010999918
533,-1.1466999054,-0.717653572559,-0.0355219468474,-0.267500013113
823,2.15240001678,-0.380064040422,-0.159428760409,0.350749999285
6812,-0.737950026989,-1.17518723011,0.416693240404,-0.748950004578
3693,0.729399979115,-0.145519077778,0.426857888699,-0.780849993229
4891,0.498349994421,0.550743758678,0.582173645496,-0.395150005817
10954,-0.322999984026,-1.18143284321,0.0202712416649,-0.379250019789
5909,1.37444996834,-0.716067075729,-0.624655723572,-0.417050004005
9221,0.000900000333786,-0.501982092857,-0.0858975946903,-0.563199996948
847,0.365300029516,-0.0488786995411,-0.546129703522,0.667349994183
11072,0.148149996996,0.971519112587,-0.00919076055288,-1.22189998627
10221,-0.143950015306,0.833318710327,0.205661982298,-0.278699994087
7158,0.746949970722,-0.786532640457,-0.172038793564,-0.874549984932
8678,0.263899981976,-1.43224549294,0.444936871529,-0.286550015211
11014,-0.965550065041,-0.703062593937,0.388632416725,-0.883849978447
1994,-0.102250002325,-1.28352296352,1.91144800186,0.269400000572
3482,0.300650000572,-0.0392746329308,-0.10735565424,0.137499988079
25976,0.439700007439,-0.542985022068,0.404564261436,-0.729449987411
10491,0.135250031948,-0.640452265739,-0.235559225082,-1.48889994621
51053,-0.161799997091,0.626057326794,-0.611419677734,1.03044998646
9267,0.00315000116825,-0.812394618988,0.124085724354,-0.780349969864
5547,0.619949996471,-0.0289602577686,0.377391695976,0.127800002694
6597,1.39759993553,-0.331722676754,0.715699315071,-0.882700026035
5836,-0.360650002956,0.0444297604263,0.173255413771,-0.113650009036
6118,-0.248750001192,0.39216285944,1.13245928288,0.423099994659
2961,0.883299946785,0.203245207667,0.141762644053,-0.162550002337
310,0.106049954891,-0.341621279716,-0.0468149632215,-0.888350009918
7296,-0.560000061989,0.391118377447,0.238923609257,-1.2621999979
1429,-0.299000024796,-0.0883937776089,-1.08292460442,-0.471149981022
2548,0.914799928665,-0.43284279108,0.450795054436,0.0368999987841
6499,2.20464992523,-0.776671826839,0.336391657591,-0.102400004864
642,-1.31949996948,-0.211022228003,0.237659677863,-0.555049955845
23076,-2.09479999542,-0.795594513416,0.26074385643,-0.400900006294
10099,-0.563000023365,-1.18747401237,0.643744826317,-0.0349999964237
9817,1.69550001621,-0.34748712182,0.172551140189,-0.313400000334
9126,0.231549993157,0.425327092409,-0.162397027016,-0.0097000002861
3930,-0.16400000453,-0.245188489556,0.456211805344,-0.308899998665
10450,0.394950002432,-0.968496859074,0.928578436375,-0.560949981213
54386,-0.643449962139,-0.6937738657,0.0588122010231,-0.890450000763
664,-1.18954992294,-1.16672730446,0.648909151554,-0.412149995565
596,-0.105549998581,1.11884796619,0.181014791131,-0.504949986935
10180,-0.106349974871,-0.555043697357,-0.440033793449,-0.457099974155
1445,-1.24344992638,-0.293392181396,-0.0209340378642,-0.0877999961376
230,-0.376900017262,0.0511611551046,0.100452437997,-0.477950006723
9246,0.575700044632,0.823800683022,-0.247215867043,1.56879997253
5092,-1.06914997101,-0.786737263203,-0.392643511295,0.288749992847
23463,1.42900002003,-0.553686916828,0.109534785151,-0.867400050163
10007,0.26994997263,-0.466230630875,0.918731033802,-0.109400033951
4925,-1.59700000286,0.0270481705666,0.452338218689,-0.963800013065
6251,-0.744749963284,-0.371278643608,1.2602314949,0.331600010395
5782,0.529049992561,-0.604959249496,0.550992369652,-1.36014997959
5106,-1.03865003586,-0.866306185722,-0.858863711357,0.93180000782
2673,-0.273600041866,-0.571864545345,-0.57303750515,0.123899996281
644,-0.981000006199,-0.50192463398,0.208218932152,-0.345799982548
6284,0.236799955368,0.224790275097,-1.09252929688,-1.08089995384
4605,0.632499992847,0.136678263545,0.9108325243,0.972549974918
6810,0.31305000186,-0.214700236917,0.170654475689,-0.28385001421
54499,0.678099989891,-0.46491342783,-0.0730314552784,-0.653800010681
11007,0.875399947166,0.0665509626269,0.551890313625,-0.123550012708
1643,-0.952000021935,-0.359922528267,0.0996384620667,-0.715449988842
25805,-0.68599998951,0.314376652241,-1.36112582684,-0.531350016594
3033,-1.63115000725,0.533743560314,0.731512069702,0.115949988365
2745,-1.26964998245,-0.388452529907,0.135071069002,-1.47664999962
9961,0.731700003147,-0.451351195574,-0.349934011698,-0.315600007772
3925,0.0239000022411,-0.653145194054,-0.575590074062,-0.149549990892
2582,1.70399999619,-0.996367990971,0.0948456972837,-3.07504987717
5792,0.314999997616,0.720150232315,0.134956330061,1.10479998589
5236,0.935549974442,-0.406625986099,0.36048451066,-1.38909995556
4016,-1.66490006447,-0.00408488512039,-0.200477063656,0.0232499986887
4651,0.421299993992,0.143270611763,0.780711054802,-0.12349998951
3988,-1.06290006638,0.550654888153,-1.47065222263,-0.120500028133
26227,0.533949971199,-0.259997487068,-0.193684712052,0.0631000027061
7982,0.907350063324,-0.745191693306,1.50728404522,-0.357650011778
3551,-0.0470000058413,1.89616978168,-0.329230248928,1.95679998398
5108,4.38129997253,-0.369518846273,0.3631105721,-0.499850004911
8870,0.691900014877,-0.679080486298,0.356077224016,-1.28390002251
2195,0.649500012398,0.741747796535,0.513973534107,1.01174998283
8731,1.13429999352,0.202591478825,-0.151341348886,-0.471100002527
1956,0.128850013018,0.63303732872,0.851141571999,-0.962700009346
10276,0.125299990177,0.154685989022,0.811467409134,1.09214997292
1666,-0.112750008702,-0.747718513012,-0.819940328598,-1.06005001068
4864,-0.541350007057,-0.948094904423,1.47221660614,0.476900011301
4232,0.472600013018,0.660023331642,-0.150727376342,0.448300004005
5050,1.72525000572,-0.0952100306749,-0.662684559822,-0.158100008965
813,1.19574999809,-0.757257223129,-0.64680981636,-1.45029997826
3964,-0.971449971199,0.163647592068,0.0944688916206,0.243649989367
26020,1.00610005856,-0.768436551094,-0.342391848564,-0.860300004482
481,1.99230003357,-0.428036004305,0.442630887032,-0.593099951744
5019,-0.412849992514,0.710004866123,-0.166338428855,0.465299993753
291,-0.330049991608,0.405908375978,0.701006233692,-1.06365013123
10973,-1.58220005035,-0.924089550972,0.0936092436314,0.0856000036001
9697,0.547899961472,0.173061057925,-0.36346039176,0.893500030041
5831,0.328500002623,-0.653151512146,1.26069784164,-0.298600018024
8202,1.49395000935,-0.172910839319,0.883143424988,-0.503350019455
57804,0.899999976158,-1.12334430218,0.366893172264,-0.426699995995
5566,0.0,-0.0317279547453,0.383284151554,0.839950025082
57149,-0.513949990273,-0.574819803238,-1.02381718159,-0.226350009441
7416,-0.201249986887,-0.647356033325,-0.743751049042,0.385949999094
10174,-0.0242500007153,3.5172791481,1.03554427624,-0.267150014639
6676,1.56509995461,-0.955153048038,-0.248600482941,0.0424499809742
8884,1.42685008049,-0.653861045837,-1.05796563625,0.879999995232
5997,-0.279650002718,4.4209728241,0.13890992105,-0.110100001097
57147,-0.25055000186,-0.998089134693,2.00127530098,-0.0320999994874
6909,0.854750037193,-1.48650729656,-1.18499922752,-0.925449967384
9093,0.000699999975041,-1.2776427269,-0.080552496016,0.653050005436
23142,0.505999982357,0.421605885029,-1.63328289986,0.979200005531
8444,-0.461950004101,1.14687013626,-0.979566931725,0.184200003743
11232,-3.24000000954,-0.544554233551,-0.117399916053,-0.732200026512
27095,0.733500003815,-0.270681589842,0.188902378082,-5.23724985123
10732,-0.132949993014,-0.8297265172,1.83170127869,0.40419998765
23029,-0.241300016642,-7.50302934647,-1.18679261208,0.646450042725
9270,-0.538399994373,0.117829188704,-0.075214907527,-0.741400003433
47,0.238900005817,-0.557347714901,-0.221983343363,-0.473550021648
5889,0.310000002384,0.990706682205,1.04369020462,0.178900003433
8243,0.594399988651,0.769100666046,0.516556978226,-1.32449996471
10730,0.350149989128,0.29197883606,-1.10990381241,-1.57515001297
30,-0.0887999981642,-1.04172098637,-0.195963069797,1.39859998226
7466,0.88354998827,-0.560774803162,-0.660961747169,0.0234000012279
89910,-0.682299971581,0.983475208282,-0.163943812251,0.762399971485
56654,0.326399981976,-0.83186507225,-5.62149000168,-1.27130007744
501,0.0302499979734,1.54587614536,0.642949819565,0.29414999485
5438,1.7866499424,-0.272886127234,0.0269477665424,-0.416500002146
26993,2.59004998207,-0.352017521858,0.582523405552,-0.393849998713
55111,-0.111100003123,-0.795515358448,-0.0313065052032,-0.927600026131
8520,-1.7459000349,-0.0963331237435,-1.24631917477,0.737900018692
10146,0.947449922562,-0.0856962576509,0.165493801236,-0.542400062084
7165,0.868250012398,-0.488131999969,2.75709009171,-1.0571000576
55011,0.786800026894,-0.104857608676,0.146996408701,-1.58654999733
6461,-0.180099993944,1.07254290581,0.29691785574,1.19015002251
10813,1.0134999752,0.139255791903,-0.55556666851,1.08040010929
80746,-0.591850042343,0.559011399746,5.82540893555,-0.963700056076
10434,-0.241049990058,-0.528873741627,-0.719456970692,0.241999983788
5607,1.43195009232,0.806096017361,0.114401623607,-0.338550001383
22827,1.16114997864,-0.153471931815,-1.55831825733,-0.173000007868
51635,0.375200003386,-0.0136421471834,-0.104372754693,-1.29449999332
84159,0.146899998188,0.178341329098,0.0351810455322,1.01145005226
3508,-0.547699928284,0.343522250652,2.32161045074,0.180950000882
84890,-0.40364998579,-0.167320251465,-0.452041953802,-0.779649972916
79600,0.7771499753,0.541288077831,-0.323669373989,0.241849988699
8574,1.54570007324,0.188838362694,0.0616615191102,-1.15569996834
5529,0.847000002861,-0.631943106651,0.00868064165115,0.0640499889851
3909,-0.337249994278,-0.942655563354,-0.390104502439,0.269150018692
9637,0.304300010204,-0.643122792244,-0.363255888224,1.14145004749
8518,0.0512500107288,-0.217819541693,2.02992892265,-0.608799993992
6443,-0.728450000286,-2.11542606354,-0.216352939606,-0.884100019932
58478,-1.54649996758,0.0582327470183,-0.406107157469,0.23299998045
4850,0.333449989557,-0.768919527531,-0.389783978462,5.15875005722
23210,0.422499984503,0.153812170029,0.552360534668,-1.33550000191
54733,-2.27854990959,2.52716636658,0.369583785534,-0.0581000000238
55129,-0.258799999952,-0.47946241498,-0.6140640378,-0.452600002289
10273,0.00065000000177,-0.036764010787,0.0354428216815,0.173350006342
572,-1.57494997978,0.46092748642,-4.04401826859,-0.665499985218
5716,-0.270799994469,-0.927295804024,-0.695564746857,-0.468600034714
22841,0.760599970818,4.95051431656,0.33792245388,-0.652350008488
2356,0.201899975538,1.13299393654,0.65716278553,-0.024849999696
6050,0.814849972725,-0.581223487854,-0.29560226202,-0.78569996357
64422,1.04920005798,-0.572837769985,-0.0871719121933,0.166849985719
8837,0.933799982071,0.00898058712482,0.452391326427,-0.352450013161
55127,0.110700011253,0.239949941635,-0.194669738412,-0.00500000081956
23335,1.13005006313,0.968917906284,1.48245477676,1.28575003147
10270,0.379850029945,-1.27061164379,0.305070370436,-0.416749984026
6509,0.849150002003,3.6422457695,-0.0876468345523,0.0256499946117
83743,-2.01950025558,-0.276638776064,-0.111435994506,-0.876699984074
6772,-0.769199967384,-2.41868257523,-0.00174218416214,-0.418749988079
22887,0.661049962044,-0.347899734974,1.12172698975,-0.312100023031
51001,-0.655250012875,0.416028022766,-0.617867350578,-0.330550014973
26511,-0.909900009632,-1.16154551506,-0.535672485828,0.571599960327
7874,-0.652599990368,-0.394407778978,0.70163422823,-0.351300001144
51070,1.76784992218,-0.430478096008,0.344314843416,-0.116349995136
1738,-0.223149985075,-0.0406231880188,0.723172962666,-0.602099955082
3416,0.0892500281334,-0.204520493746,0.256799340248,1.39245009422
9128,-0.81895005703,-0.541817605495,-0.108959630132,-0.270549982786
9833,-2.1384999752,-0.101940363646,1.91935360432,0.0967999994755
4088,-1.71000003815,0.646255135536,0.592886805534,0.457550019026
5018,-0.0586499869823,-1.62428736687,0.571480035782,-0.745800018311
51375,-1.85404992104,0.669198155403,0.501792311668,0.960900008678
55038,0.680599987507,-0.542639315128,-0.395391076803,-0.263949990273
23061,-0.80269998312,-1.25453865528,0.50435769558,-0.847149968147
64428,-0.0634499788284,1.04177033901,0.265544682741,1.93429994583
11325,-0.911749958992,0.429881036282,0.189112201333,0.154950007796
9641,0.619650006294,0.167235314846,1.1826416254,0.134000003338
23038,1.03285002708,-0.104616478086,0.155331403017,-0.405099987984
57048,1.09370005131,-0.839989542961,0.698092460632,1.13125002384
94239,0.829200029373,0.82810395956,-0.555187225342,1.24169993401
51203,-0.0628999993205,0.975626111031,0.95997428894,-0.246599972248
388650,0.122099995613,1.07852935791,-5.14923810959,-1.76144993305
23039,-0.346199989319,1.06998050213,0.19161272049,-1.54734992981
55179,0.313649982214,-0.255990713835,-0.851112544537,1.07124996185
5827,1.03189992905,-1.03476250172,-0.454026699066,-0.363750010729
10245,-0.134050011635,-0.65311139822,-0.128535509109,0.391400009394
6813,-2.03609991074,-0.330393284559,0.216117799282,-0.0991499722004
3251,-0.383550018072,-0.00926104933023,-0.32480815053,-1.3831499815
23212,0.514500021935,-0.219798371196,0.572332620621,-0.407799959183
23536,-0.431600004435,0.916964888573,-1.03533959389,0.219099983573
51282,-2.70534992218,0.0754503086209,-0.0605177283287,0.688499987125
10227,0.599749982357,-4.18775272369,-0.015417277813,-0.282999992371
50813,0.801249980927,-0.526504278183,-0.789624392986,-0.103949993849
51024,-0.253250002861,-0.407592177391,0.243660286069,-1.03055000305
53343,0.0434999987483,-0.0917431637645,0.783695697784,0.761849999428
1465,-0.201350003481,0.160133630037,0.418238759041,-0.0460999906063
79006,-0.872249960899,0.0941095501184,-0.124553754926,-0.130750000477
6988,-0.694199979305,0.239207193255,0.216407105327,-0.704850018024
11011,-0.922099947929,-0.069567643106,0.460876226425,-0.580799996853
23325,-0.610700011253,-0.22999279201,-4.5068731308,-0.152500003576
10049,-1.11785006523,0.122065968812,0.738241314888,0.961750030518
3157,-0.271249979734,-0.257099568844,0.555390119553,-0.823250055313
200734,-0.12784999609,1.37545144558,-0.684538424015,0.553849995136
9053,-0.551750004292,-0.397333711386,1.16944849491,-0.0910000056028
79094,-0.0809000134468,0.159137696028,0.476910084486,0.395900011063
2778,0.446000009775,0.154936045408,0.424875557423,0.266950011253
54881,1.38249993324,-0.364328444004,0.00964140892029,-1.37804996967
54807,0.356949985027,0.531880915165,-0.479537785053,-0.0940000116825
323,-0.400350034237,0.63774317503,0.308644235134,1.14155006409
26001,-0.383950054646,0.256213009357,-0.523300528526,0.253949999809
10190,-2.41510009766,-4.40473794937,-1.48665952682,1.4727499485
9686,-0.0359499901533,-0.83783441782,-0.881365120411,-2.54374980927
54915,2.1521499157,-2.9913418293,0.337683081627,2.6412498951
23658,0.665250003338,-0.143929973245,-0.35191899538,-0.205499976873
7750,0.813650012016,0.746021270752,-1.09853923321,0.51599997282
79643,0.802049994469,-0.501721203327,0.298277825117,0.374049991369
9488,1.00475001335,0.399374812841,-1.48035311699,-0.522300004959
11200,-0.149950027466,-0.15982156992,-0.130836814642,-0.801900029182
65057,-0.56819999218,0.304740846157,0.0816391408443,1.52294993401
6832,0.676550030708,0.267988026142,-0.718987584114,0.831550002098
23131,0.7242000103,-0.645859062672,1.00501644611,-0.709949970245
10776,-1.24615001678,-0.418423175812,-0.664072334766,-0.334900021553
6253,-0.281549990177,-0.565759837627,-0.317978680134,0.260450005531
79716,1.38555002213,0.0396925359964,1.87547910213,0.211599990726
29978,-4.89790010452,-1.00783991814,-0.479823082685,-8.9438495636
9988,2.29955005646,0.818237006664,0.245359674096,1.47169995308
10845,-0.911550045013,-0.338311463594,-0.130901142955,1.23829996586
54957,0.485549986362,-1.05955517292,-0.210402727127,-0.648450016975
79170,0.00560000538826,1.66635537148,0.2215295434,1.02980005741
10610,-0.00909999758005,-0.316017389297,0.961196959019,-0.0357500016689
128,4.01679992676,0.156159058213,3.6444413662,-0.258750021458
51026,-2.37284994125,0.616837978363,-0.839301109314,0.459600001574
5498,0.47310000658,4.35345935822,-0.248462080956,1.11259996891
124583,-0.589900016785,0.425850570202,-0.421336919069,-5.0
9455,1.32525002956,-0.385590642691,-0.0135711655021,0.0709500014782
1212,0.600850045681,0.327109605074,-0.422605454922,-0.171000003815
5255,-0.690199971199,0.423771172762,-0.205967769027,-0.19849999249
9448,0.0789999961853,0.287996172905,-0.599815011024,-0.510749995708
9924,1.37979996204,-0.571981608868,0.252635270357,-0.360249996185
5480,-0.463400006294,-0.391462564468,-0.278491973877,-1.22374999523
1983,-1.33319997787,-0.879841983318,-0.528364419937,-0.994899988174
56889,0.631100058556,-0.587869107723,0.352383226156,-0.615700006485
79080,-0.105299979448,-0.283517748117,1.09865868092,-0.900750041008
9016,-0.753450036049,0.319385528564,-0.0486372634768,0.315299987793
6915,-0.720799982548,0.785868227482,-0.429657459259,0.16400000453
9709,0.225650012493,-0.0611907020211,0.126426100731,-0.959500014782
116832,0.0714499950409,-0.91080480814,0.282315403223,-0.702449977398
670,-0.0602000057697,0.535660147667,-0.438522696495,0.337099969387
7867,1.13170003891,-0.324979484081,-1.06265771389,-0.168449997902
79143,1.23629999161,-3.74450707436,-5.02561092377,-0.0350499898195
11284,1.49975001812,0.055147908628,-0.11904501915,-0.0968999862671
23443,0.0622500032187,0.444949448109,-0.239996045828,-0.131850004196
51599,1.72455000877,-0.622856497765,-0.3286652565,-0.593949973583
5927,0.908649981022,-0.538311004639,0.0371295288205,-0.256149977446
55793,-0.171499997377,0.868774473667,-1.24651122093,-0.497900009155
5867,1.2419500351,-0.737924158573,-0.488645792007,0.0101999938488
7866,-0.419100016356,-3.3663392067,-0.138019248843,-3.16490006447
25825,1.14419996738,-0.188106328249,-0.353423327208,-0.711700022221
4067,0.362099975348,0.341234058142,-1.44373726845,-0.151099979877
51015,-3.74515008926,-0.112264573574,-0.634471774101,0.46590000391
5891,0.687549948692,-0.464756131172,0.443620562553,0.0869500041008
3300,1.11059999466,0.93753194809,-0.631132364273,0.469799995422
64781,1.24834990501,0.904339790344,-0.0363336652517,0.777000010014
51056,-1.18280005455,1.344596982,-1.06003344059,0.496199995279
8550,-1.60360002518,0.718123435974,0.409581750631,-0.0864999890327
50810,-0.396549999714,-0.719887495041,0.704960346222,-0.267900019884
23011,-0.386900007725,0.485231280327,-1.5435423851,0.661550045013
11168,-3.1398499012,0.0497563183308,-1.17498636246,0.88789999485
1385,-0.0521999895573,-0.352342188358,0.617231369019,0.17974999547
10150,-0.241499990225,1.37805175781,-0.892119765282,0.193000018597
29763,1.3029499054,-1.0489859581,-0.274707347155,0.0626500248909
9112,1.28090000153,-0.735136508942,0.71869969368,0.195500001311
23499,-0.385500013828,-0.871398210526,0.461526125669,0.115299999714
85236,-0.151650011539,-0.826391041279,0.279152274132,-0.450900018215
5096,0.924450039864,-0.110971942544,-0.222611635923,-0.125649988651
55620,0.153499960899,-0.496065139771,-0.488545894623,0.220849990845
5373,0.22499999404,0.978037059307,0.593060255051,1.42155003548
51170,0.315299987793,-0.706542491913,-0.655285656452,0.540899991989
54850,-0.697250008583,-0.154557943344,0.402512252331,0.113150000572
80349,-0.574550032616,-0.765334308147,-1.01159512997,-1.17355000973
355,-1.70759999752,-0.326218396425,-0.956319510937,-0.506900012493
1062,0.806749999523,-0.0838098078966,-0.297352015972,2.59395003319
8804,-0.0992500185966,-1.46403837204,-0.432780206203,-0.784749984741
80758,-3.38490009308,-0.948048055172,0.365171402693,-0.383899986744
375346,0.316049993038,0.278638750315,0.822645425797,-0.363700002432
51385,-0.270000010729,-0.735757648945,0.913554191589,0.834450006485
55748,-1.35415005684,-0.276627093554,0.110437452793,-0.0731000006199
10318,-3.54865002632,-0.070374019444,0.661295056343,0.0620499998331
54681,0.644449949265,-0.61171156168,-0.602722287178,1.47255003452
7905,-0.423649996519,-1.28817152977,-3.33031225204,-0.881649971008
28969,-0.593300044537,-0.78145211935,-0.332432597876,-1.03495001793
10668,-1.65509998798,-0.24770411849,0.168451577425,-0.26139998436
51005,1.44639992714,-0.882106781006,1.14881503582,-1.1467000246
8800,0.50024998188,0.874339461327,0.446132421494,1.05210006237
54438,0.332399964333,-0.0496907830238,-0.142380103469,0.277999997139
55825,-0.324750006199,-1.01347088814,-0.234849199653,2.89435005188
8835,0.355549991131,0.462205529213,-0.161285072565,0.891700029373
64429,-3.67024993896,0.196898624301,0.262620657682,0.0524500161409
3682,-3.46344995499,0.130564853549,0.627494692802,-0.368499994278
10329,0.128500014544,0.283829331398,1.77117216587,-0.331250011921
27109,-0.832949995995,1.22049736977,-0.384471654892,-0.162950009108
51335,-1.05859994888,0.686947345734,-0.237211942673,1.53725004196
3202,-0.18520000577,0.510725915432,0.252310097218,1.18015003204
2896,1.03585004807,-0.692525744438,1.07057285309,-0.914849996567
79902,-3.06564998627,-0.184724971652,0.63334530592,-0.588450014591
29083,-0.42974999547,0.706955134869,-3.6477253437,-0.500899970531
5747,0.445399999619,0.380945622921,0.911554515362,-0.105350002646
22905,0.298500001431,0.274560719728,-0.211977571249,0.178400009871
63933,0.0144499987364,-0.660085380077,-0.685864925385,-0.114799998701
9847,1.43040001392,-0.766378700733,0.838357329369,-0.357300013304
51021,-3.81010007858,-1.41971230507,-0.909259438515,-0.408999979496
8996,0.0900999978185,-0.436210691929,-0.172844365239,-0.11755001545
7376,0.571799993515,-0.695214867592,-0.133489221334,-0.0163500010967
5357,-1.6835501194,-0.739954411983,-0.535831451416,-1.0923500061
56940,1.1223000288,1.11043906212,1.8023109436,0.507400035858
6195,1.1017999649,-0.423027098179,-1.25511956215,-4.74084997177
1633,0.432100057602,0.0800671204925,0.269867122173,-1.02190005779
23321,0.0858999937773,1.75547456741,-0.162863433361,1.50854992867
51160,0.820199966431,-0.314874500036,-0.121663063765,-0.546199977398
55604,-1.30390000343,-0.8618080616,0.308743834496,-0.443650007248
2063,-3.35609984398,0.177657976747,0.163046047091,0.918300032616
54512,-2.36945009232,-0.249790340662,0.264842271805,0.209549993277
9124,0.340700000525,-0.661316752434,-0.610948860645,-0.82465004921
79174,-0.333150029182,1.0801525116,-0.228270381689,1.71850001812
23223,0.2323500067,-0.110487043858,-1.3855124712,-0.298900008202
39,-1.1357499361,0.303568303585,0.628527522087,1.89884996414
57215,0.371299982071,-0.25496634841,-0.492558836937,0.291350007057
1052,-0.480450034142,0.610485553741,0.707771658897,1.4592000246
23139,2.40849995613,0.23222142458,1.13040697575,0.11005000025
79947,3.8232998848,-0.497830182314,1.7086455822,0.0307499989867
4616,0.512700021267,-0.387537837029,-0.377507418394,-1.92860007286
9710,-0.404599964619,-0.144323170185,0.342297941446,1.99189996719
6990,-0.360949993134,0.640137255192,0.561721682549,-0.140850007534
29082,0.130800008774,0.415972739458,-0.852612435818,-0.517599999905
9670,-0.0352999940515,1.76974892616,0.84037566185,1.4320499897
81533,-0.578500032425,3.96348500252,0.156518444419,1.82139992714
10525,0.436450004578,0.421709656715,0.221071332693,-0.0746500045061
2353,0.502300024033,0.85550224781,-0.681206941605,-0.568099975586
57192,1.25854992867,-0.768271386623,0.0897236913443,0.27555000782
3398,-0.520949959755,-1.27092516422,-0.0129138380289,0.320650011301
3775,0.148999989033,-0.208898797631,-0.708949446678,-0.550549983978
26064,-0.271450012922,0.558380901814,-0.343371748924,0.564300000668
29103,-1.51754999161,-0.0375305041671,-0.232238054276,-0.304749965668
3206,1.73210000992,0.592338860035,0.703378558159,-0.672199964523
1500,0.260899990797,1.17237198353,0.18054458499,1.14835000038
7690,0.829500079155,-0.584113001823,3.22934174538,0.532800018787
29911,1.37474989891,-3.87631464005,-1.25360751152,-0.731500029564
2064,0.901099979877,-0.289218962193,-0.434993565083,-0.325450003147
65123,-0.384000003338,-1.19488859177,0.29896324873,-0.261649996042
5986,1.0719499588,2.31065249443,0.582090437412,1.0027500391
85377,1.07484996319,-0.564468324184,-0.311302185059,-0.768900036812
9903,-0.622449994087,-1.10308623314,0.353740990162,0.349249988794
7088,-2.04949998856,-0.893556892872,-0.177626803517,-0.647400021553
22796,-0.302899956703,-0.50633507967,0.829975008965,-0.773399949074
51116,-0.328749984503,-0.546537578106,1.29450774193,0.326649993658
54442,1.48444998264,-0.525055885315,-0.158625945449,-0.261049985886
10695,-0.537250041962,-0.132810473442,-0.440908461809,1.07079994678
102,-0.0277000069618,-0.676406443119,5.57996749878,-1.75915002823
965,-0.046250000596,-0.612971127033,1.43600142002,0.153549998999
3800,1.34759998322,-0.0900336802006,-1.07389211655,0.464850008488
10362,1.0258500576,0.245626166463,-4.58865976334,-0.898000001907
5300,0.127300009131,0.318502485752,-1.10117697716,-1.45169997215
8270,0.0957500040531,-0.686003148556,0.0350512042642,-0.284199982882
27242,0.0263499952853,0.750478863716,-0.30665448308,0.842549979687
9928,-0.15269997716,-0.275867044926,-0.0735925883055,-0.58235001564
1534,-1.26279997826,-0.885272860527,0.430555284023,-0.500199973583
5654,-1.4089499712,-0.000824145972729,1.74355053902,0.481499999762
10810,0.709100008011,-0.162407398224,0.209150448442,-0.0340000018477
7105,-0.086900010705,-0.648797273636,0.486699342728,-1.40884995461
23014,-0.435550004244,0.360318809748,0.776140093803,0.537699997425
55012,0.593050003052,-1.49359047413,-0.224161893129,0.562049984932
2887,-0.504199981689,-0.0524611771107,-0.161358833313,0.872449994087
9183,-0.374650001526,0.398778170347,0.104799158871,-4.51789999008
11151,-0.0830000042915,-1.5462667942,1.58861422539,0.253949999809
7511,2.0828499794,-0.412877082825,-0.557781279087,0.311850011349
10046,0.551299989223,4.17316484451,-0.703767001629,-0.269349992275
1829,0.0130499899387,0.918855190277,-0.675302624702,0.814899981022
11000,0.437099993229,-0.129050955176,0.472540289164,-0.0751999914646
976,0.725499987602,-1.18669986725,-0.909270167351,-0.573499977589
3597,2.25979995728,1.05668950081,1.80909657478,1.72325003147
178,-0.352200001478,0.609829902649,-0.530436396599,-0.457700014114
2625,1.82264995575,-0.372279465199,0.541700482368,-0.0520499944687
6119,0.331799983978,0.0299778878689,0.0395312830806,-0.210099980235
26136,-0.0779999792576,0.896712779999,-5.43032741547,1.55075001717
6697,-0.902050018311,-0.144739866257,0.108597308397,0.430150002241
5971,0.346300005913,-1.15312683582,-0.474692612886,-0.323300004005
22934,-0.458550006151,-0.492167145014,0.357803732157,-1.44015002251
9289,0.473349988461,0.262904554605,-0.951491236687,-0.340849995613
4931,0.88789999485,0.666666150093,-0.399662464857,0.933750033379
4200,-0.665199995041,-0.212528184056,-0.678656160831,-0.633350014687
93594,0.59424996376,0.277511656284,0.425174415112,-0.0601000189781
5982,1.98309993744,-0.75779402256,-0.0915257036686,-0.563400030136
26520,-0.39509999752,-0.408935755491,0.000362889608368,-0.907850027084
4998,-0.00719999521971,2.08743333817,0.104586541653,1.01995003223
10038,-2.11574983597,0.575766146183,0.363698840141,-0.667950034142
60493,-0.250849962234,1.42692101002,3.4752137661,-0.257349997759
51495,-0.836099982262,-0.137257486582,-0.365459859371,0.432000011206
4482,0.3545999825,-0.31355202198,-0.933225870132,-0.350800007582
23224,-0.0564999878407,0.997680902481,0.185092926025,-0.263700008392
9690,-0.923449993134,-0.886949062347,0.404407143593,0.652750015259
80212,1.60170006752,0.296612620354,0.854252874851,-0.00540000200272
29928,1.15794992447,-0.606648564339,-1.20410585403,0.573150038719
22809,0.97545003891,-0.537602186203,0.27114123106,0.184299990535
50814,0.42870002985,-0.122057333589,-0.0402297750115,-0.507050037384
55256,-0.69010001421,0.00302755832672,0.827959060669,-2.95190000534
56997,0.542699992657,-0.34874278307,-0.437627971172,1.00845003128
81544,0.249700009823,0.350359857082,-0.603365123272,1.69644999504
6894,-0.480749964714,0.257472664118,-0.575987398624,2.05535006523
64080,-1.71920001507,-0.278447091579,-0.897685527802,0.310350000858
55818,-0.725000023842,-0.515386223793,-0.054660141468,-0.764200031757
637,-0.275499999523,-0.568864822388,0.16618925333,1.17040002346
22823,-0.682150006294,0.133443266153,0.737692475319,0.655300021172
5287,-0.297650009394,0.0305020082742,-0.187112703919,0.153850018978
91137,-1.10669994354,0.235125154257,-0.273115426302,-0.602200031281
23097,-0.0309000015259,-0.595152556896,0.245937824249,0.83939999342
9851,0.210100010037,-0.218304738402,0.423513442278,-0.0488499999046
23522,0.233850002289,-1.88507163525,0.021161518991,0.0632000043988
1123,1.06920003891,0.542685627937,-0.270695626736,4.11600017548
5603,-0.0441499948502,-0.231052234769,0.597008824348,0.147699996829
51569,0.100299984217,-0.293761640787,0.237495809793,-0.236649990082
55699,-0.83470004797,-0.0013741850853,0.536962091923,-4.03004980087
2624,1.16120004654,-0.819321632385,-0.0906756818295,0.958499968052
8204,0.754799962044,-0.122359119356,0.969986319542,-2.02460002899
9133,-0.658150017262,0.632143735886,-4.24944019318,-1.7974998951
10921,0.338649988174,-1.21965587139,0.221406370401,-0.527750015259
51742,0.227650016546,-0.564797759056,-0.00132266059518,1.59645009041
2954,0.408399999142,-0.423017382622,0.495729029179,0.373799979687
27244,-0.276499986649,-0.722508609295,0.639475703239,1.59634995461
23013,-0.115850001574,-0.626124680042,1.18810367584,1.3194000721
8050,-1.50679993629,-0.709465384483,0.524808645248,-1.14735007286
79961,-0.215649992228,-0.47580575943,-0.717672944069,-0.162950009108
2017,0.0248000025749,-0.313725948334,-0.0751863867044,0.443000018597
55148,0.70300000906,0.0405525527894,0.184795796871,-0.3016500175
960,-0.0239499956369,1.38175284863,-1.31284785271,1.16334998608
10451,0.571900010109,-0.243292182684,-2.33321356773,-0.243100002408
57406,-0.326900005341,1.13587033749,-0.381302475929,0.454800009727
51719,1.12255001068,-0.537934303284,0.0109369158745,0.28615000844
7074,0.459199994802,0.0753370597959,-0.287958234549,-0.403450012207
10059,-1.39039993286,0.604535758495,0.841291546822,0.602249979973
51071,0.363000005484,0.627003610134,-2.95240664482,0.488200008869
5796,-1.31630003452,0.911488294601,-0.35011729598,0.997799992561
55008,0.618349969387,-0.412743002176,-0.148458331823,-0.271100014448
23597,0.331849992275,-0.64799529314,-0.688091754913,-0.367850005627
8869,0.201250001788,0.466465473175,-0.124491721392,0.940699994564
8727,-0.512099981308,-0.845398008823,0.00566518306732,1.3518999815
63874,0.941249966621,0.0460837483406,0.494133323431,-0.568599998951
8821,2.26579999924,-0.028732791543,0.862414598465,-0.420700013638
57178,0.331299990416,1.10833919048,0.545967459679,-0.933850049973
5468,-0.555250048637,-1.46580469608,0.341782331467,-0.3600499928
10557,0.604249954224,1.78902232647,0.498568981886,-0.070650011301
831,0.472100019455,0.968021035194,-1.13950574398,1.30809998512
9531,1.1547999382,-0.275400966406,-0.352654278278,-0.0501499995589
2767,1.67895007133,-0.692364871502,0.573226690292,-0.503400027752
1861,0.264500021935,-0.331214427948,0.629116356373,0.0412500053644
10165,-0.126350000501,-2.79277873039,-0.310216903687,-0.126350015402
7106,1.05889999866,-0.0335583537817,0.119931317866,-0.416150003672
2908,-0.266799986362,-0.620350718498,-0.517987191677,0.518400013447
57761,0.564199984074,0.47137799859,0.165688499808,1.36980009079
23338,1.46940004826,-1.05561304092,0.286727517843,0.411749988794
7852,-0.108000002801,2.71501350403,0.302351713181,-0.0805500000715
55033,-0.889449954033,-0.0947819873691,0.74697637558,-0.671549975872
57019,2.10284996033,0.833804130554,-0.00635200738907,-2.39634990692
91949,0.472400009632,-1.31553852558,-0.861089229584,0.311450004578
84617,-0.146849989891,0.0810127407312,1.4842042923,-0.320899993181
25,1.61119997501,0.832154095173,5.61990642548,0.321399986744
899,2.03425002098,-0.756071209908,0.359731912613,-0.552399992943
79850,-0.494199991226,-1.16193091869,1.27497220039,-1.98924994469
51466,-0.478299975395,-1.50526762009,1.67783117294,0.156750008464
2852,3.05104994774,0.256947577,-0.00970916636288,1.11855006218
55837,-1.53085005283,-0.0520780906081,0.244107753038,-0.564500033855
2131,0.217700004578,1.62850642204,-0.252596408129,-1.78304994106
5427,-0.387250006199,-0.827384889126,0.99372959137,-1.15514993668
25966,0.782549977303,-0.119721964002,0.0426105037332,0.238449990749
55608,-0.116199970245,0.599829137325,-0.148277074099,-0.833250045776
1662,0.689050018787,0.096903860569,0.137487366796,-0.839900016785
9702,-0.842299997807,0.605384171009,0.00801077857614,0.575049996376
11031,2.09255003929,0.228876471519,0.088289514184,0.407200008631
10057,2.28569984436,0.821709990501,-0.213127419353,1.85380005836
5985,1.12524998188,-0.119772434235,-0.463842660189,-0.621299982071
3280,0.264450013638,0.122052803636,-0.225825309753,-0.198300004005
55958,-0.856500029564,0.540373802185,-0.401468098164,3.52785015106
51465,-0.129399999976,1.21606481075,-0.791811108589,0.288550019264
2542,0.123800009489,0.0825019776821,-0.50941413641,-1.28100001812
10641,-0.135150000453,0.803375899792,-1.0640437603,0.707149982452
11137,0.489499986172,-0.389720261097,-0.177571028471,-0.370999991894
9842,0.194549977779,0.595943272114,-0.270116597414,0.370299994946
10493,0.457800000906,-0.230567872524,0.185018286109,-0.618000030518
10112,1.2704000473,-0.890868961811,0.162062108517,-1.62599992752
1001,-2.18050003052,0.557368397713,0.198239415884,-0.565699994564
23635,-0.109899997711,1.32308459282,0.470374971628,1.42809998989
29916,0.634799957275,-2.55244016647,-0.594009757042,-0.571850001812
2810,-0.773649990559,-0.934905052185,-0.930828809738,-0.666249990463
5993,0.179450005293,-0.672052621841,0.566563308239,-0.095600001514
11142,0.415049999952,-0.219442933798,1.62921369076,-2.48795008659
79187,0.0166999995708,1.26797783375,-0.526828587055,-0.237599998713
51382,0.61335003376,-0.53183734417,0.399530172348,-0.973350048065
8318,-0.0958999991417,-0.356588572264,-0.308200329542,0.488049983978
9695,1.56309998035,0.098838031292,-0.0746331214905,0.12009999156
9712,-1.10804998875,-0.12044326961,1.24066448212,-0.493549972773
64943,1.23724997044,0.0326826423407,1.40421593189,0.345699965954
9738,0.186850011349,0.0539888739586,1.12776339054,0.175999999046
6793,0.611000001431,0.240261897445,0.115239202976,4.5827498436
7358,-1.63329994678,-0.633257031441,0.199014395475,0.655600011349
58472,0.832199990749,-0.624450087547,-0.00494756549597,-0.172949999571
50865,-0.311250001192,-0.0551729202271,-0.54494613409,-1.12109994888
23200,-0.317749977112,0.23939409852,0.340391904116,-0.451649993658
51293,1.00354993343,-0.252152383327,-0.628976523876,-0.375499993563
10962,-0.194999992847,-0.0831734985113,0.750824332237,4.11950016022
10153,0.964850008488,0.587370216846,0.626421093941,-0.92435002327
874,-1.17589998245,1.17049348354,-0.0960721820593,0.0890000015497
