rid,CRCGN001_HA1E_6H:BRD-K87202646-001-24-3:20.1,CRCGN001_HA1E_24H:BRD-K87202646-001-24-3:20.1,CRCGN004_HA1E_24H:BRD-K87202646-001-24-3:20.1UM
5720,-0.23539249599,0.977050065994,0.180426433682
466,-0.110033519566,0.145233243704,0.0756181553006
6009,-0.575526475906,1.15932440758,-0.153285428882
2309,-1.50272417068,0.134344801307,0.288840353489
387,-0.521218299866,1.54264712334,-0.754776477814
3553,0.206224679947,-0.607669472694,-0.595100820065
427,0.239416122437,-0.760937452316,-0.602395474911
5898,0.0768338739872,-0.910403311253,0.508838474751
23365,-0.035048827529,0.673507869244,0.586345970631
6657,0.132650613785,-1.0438542366,0.168783068657
5054,0.206851616502,-0.392345905304,0.0795101001859
3108,0.994393289089,-0.239341437817,-0.407264351845
1950,1.02653741837,-0.840843498707,0.0235777515918
351,-0.125171333551,-0.349485695362,0.134848803282
4846,0.89589214325,-0.937206685543,-0.127349287271
1452,0.0485650897026,0.181822180748,-0.236965253949
4776,0.552656769753,-0.980292797089,0.436804056168
6908,-0.112105309963,1.44240021706,-0.461643815041
672,-0.554952561855,-0.368537306786,-0.335838526487
5710,-0.1890386343,0.677865922451,0.408149778843
2115,0.436326742172,-0.731687664986,0.0826378166676
7015,0.794314980507,-0.877819299698,0.169614449143
8726,0.483987927437,-0.0846558734775,0.193840026855
2185,0.35756239295,-1.00328958035,0.162082493305
3315,-0.47928571701,1.1271494627,-0.344922453165
5289,0.820808410645,-0.816514015198,0.646843969822
868,0.490848273039,-0.624054014683,-0.320858925581
1677,0.781665205956,-0.434781372547,0.183072090149
7043,0.398256123066,-0.579302251339,0.376765757799
5613,-0.0479663833976,-1.20908391476,0.240687415004
595,0.178515791893,-0.00231575965881,0.408074557781
4793,-0.672603964806,0.50717908144,-0.128803431988
2736,0.0150357186794,-0.58548116684,-0.707093477249
5290,0.0932998806238,-1.18451523781,0.11867338419
6194,-1.37492418289,4.99671295984e-06,-0.196224272251
1676,0.823795199394,-0.724628865719,0.354274362326
23512,0.0480669736862,-0.278161674738,0.176547914743
148022,0.115822970867,-0.498788356781,0.575178682804
1906,0.381599456072,-1.71297740936,0.153974413872
8878,-0.663341224194,0.869126915932,0.143084734678
3091,0.543763637543,-0.120763003826,-0.21975505352
5743,0.862133145332,-0.0669770762324,0.0814164280891
5321,0.819845855236,-1.10805106163,-0.090076893568
4144,0.729618906975,-0.488282501698,0.81619733572
1981,-0.290036857128,1.80491662025,-0.581688702106
695,1.32398486137,-0.128663748503,0.661602079868
10398,-0.0221966952085,-0.886383414268,-0.0360632874072
5708,0.472586929798,-0.690265238285,-0.343780785799
1213,0.056322619319,1.09066998959,-0.0706155076623
226,-0.0883709043264,0.574619174004,0.231701105833
6777,0.587983131409,0.947909593582,-0.128933727741
2113,0.006522372365,-1.06721377373,-0.485442608595
3329,-0.778590321541,1.16770458221,0.0145447114483
1050,-0.502207159996,0.416611671448,0.569781601429
9491,0.862036824226,0.008449614048,0.345127671957
22926,0.524570345879,-0.0794466584921,-0.195782572031
5899,1.18793070316,0.550416350365,0.0259183514863
5467,0.892272770405,-0.489135146141,0.507811844349
6774,-0.111915245652,-0.525206267834,0.778891265392
1788,0.489798426628,-0.925469517708,0.0778502970934
5921,0.672443985939,0.167867213488,0.453224599361
5721,-0.0190813429654,0.549485445023,-0.132174104452
2263,0.818109512329,-0.336332321167,0.292356818914
808,0.874188184738,-0.531942725182,0.388433426619
30001,-0.654103457928,2.97028946877,0.305179327726
348,0.591031730175,-1.20881807804,0.447231411934
30849,1.41313159466,1.12908399105,-0.368701815605
1454,-1.36597681046,0.725775539875,0.621201634407
6500,0.459629535675,0.665861129761,0.156454280019
5627,-0.379013180733,1.91359972954,0.0832267105579
5715,-0.307722955942,1.06248521805,-0.588440477848
4791,0.527964174747,-0.874640583992,-0.829280018806
56924,0.701691746712,0.0100937522948,-0.219887375832
2690,0.130254685879,0.130855545402,0.621430575848
1019,-0.513108849525,1.17961645126,-0.00735768862069
51422,0.428377538919,-0.658540606499,-0.827666759491
5788,0.611372768879,-0.808836936951,-0.0196247193962
6709,-0.555063545704,1.42498898506,-0.704247534275
1277,0.587192177773,0.610263168812,-0.122255899012
993,-0.964856624603,1.06867432594,-0.5679718256
7157,-0.758803725243,0.824341416359,-1.30266749859
1958,0.00837630033493,-0.609736204147,-0.061016689986
4582,0.694799482822,-0.375675827265,0.129036813974
9212,-0.866883039474,-0.472976177931,-0.0129640381783
8440,-0.394230216742,0.218369454145,-0.222698092461
6790,0.394049882889,0.043184414506,0.310102343559
8851,0.918694734573,-0.638982534409,-0.294893205166
2534,-0.502525627613,0.109457492828,0.391089498997
4893,0.830420851707,-0.581828892231,0.192520707846
665,-1.13920533657,-0.24236266315,0.455468595028
4313,0.31502404809,-1.31418371201,-0.511308431625
1022,-0.852623701096,-1.00852179527,-0.611609697342
5880,1.37654650211,0.190818488598,-0.677493989468
3162,-1.79780507088,0.456401407719,-0.270805031061
1282,0.481916725636,-0.652856528759,-0.460777550936
3383,0.688962697983,-0.816864132881,-0.12047290802
727,1.12677145004,0.197187125683,0.556417703629
4792,7.5951218605e-05,0.755889773369,0.153917789459
4794,0.294245839119,-1.2078564167,0.0206466000527
902,0.429387480021,-0.921742796898,0.310175210238
8091,-0.295861750841,0.903689563274,0.175117149949
3486,0.756806254387,-0.809188067913,0.406842082739
10818,0.104617550969,-0.816146194935,0.200815230608
3454,0.609374880791,-2.04225564003,0.233790963888
4282,-0.906899392605,-0.000728064391296,-0.194350928068
1605,-0.482307702303,1.10413074493,0.128455489874
10644,0.0116864442825,-0.396262526512,0.0720380842686
2065,1.05710589886,-0.751313090324,-0.217845112085
8321,0.4262342453,-1.66269350052,-0.142430856824
8503,-0.270716488361,-0.31488981843,-0.000550257973373
7027,0.0713767632842,1.42821931839,-0.309073030949
6850,0.400945961475,-0.978200376034,0.032623860985
1978,-1.23855555058,0.885720312595,0.332116425037
896,0.135774835944,-0.739767193794,0.382300138474
5777,0.636735677719,-1.23720026016,-0.105066090822
1846,1.92989706993,-0.151391863823,-0.123141378164
5925,0.280284136534,-1.26574063301,-0.870358228683
142,-0.292169809341,1.44573938847,0.00641324743629
1021,-1.04644036293,-0.281612724066,-0.189626395702
5699,0.21517123282,-0.0783364623785,-0.547864615917
8061,0.937867641449,-0.757948875427,-0.222720727324
1870,-0.282006591558,0.52192735672,-0.19609618187
1398,-0.941257834435,0.69947719574,0.0583344958723
3312,0.122311025858,1.18520081043,-0.378986060619
891,0.564143180847,-1.22784376144,-0.0192477144301
4775,0.114773124456,0.313706576824,0.0267260223627
5111,-1.06603515148,0.509143650532,-0.418394804001
5696,0.523365020752,-0.797284126282,0.716718912125
5588,0.477193087339,-1.65689229965,0.335309386253
6839,-0.968604683876,0.66686040163,-0.081048861146
329,-0.515720963478,0.170115232468,0.506652057171
5058,0.255484879017,0.303743898869,-0.450220525265
998,-0.849553048611,1.01723432541,0.0780066102743
9134,0.875192284584,-0.994770526886,0.710038125515
6616,0.495264738798,-0.79549241066,-0.175560623407
5223,0.0558618195355,1.12012350559,0.144715696573
4690,0.533304512501,0.196504801512,-0.515908002853
958,-0.27131357789,-1.28951883316,-0.00190471671522
1616,-0.179373621941,-0.0295400116593,-0.112997174263
991,-0.895323574543,-0.602102100849,-2.10902309418
6347,0.710348129272,-0.9278383255,0.423506081104
6714,-0.135068207979,0.699992001057,0.0348983556032
652,0.184553146362,-0.375343203545,-0.160624459386
4331,1.34860372543,-0.133180692792,0.851131439209
7099,2.31014037132,-0.161524936557,-0.0811851918697
10320,0.179988056421,-0.102925777435,-0.536594629288
2042,-0.138586550951,0.41952174902,-0.254039913416
843,0.825659394264,-1.3208322525,-0.112527742982
840,0.188549935818,1.09962046146,-1.13055694103
7048,3.34129953384,-0.856372594833,-0.647526741028
4851,-0.0834147781134,-1.20683646202,0.331759691238
6464,0.0318282991648,-0.248687416315,-0.15445934236
23410,0.496091663837,-0.63734459877,0.0761223360896
54205,-0.256477624178,0.499879658222,0.427514076233
2770,0.683026790619,-0.339738070965,-0.0495823584497
80204,0.426819860935,3.30556249619,0.0363394841552
4208,0.617002725601,-0.367470920086,0.0872922688723
1845,-0.21194767952,0.349092245102,1.27891767025
23368,0.285176277161,-0.800827860832,1.42769348621
5583,0.963287174702,-1.10735607147,0.167547792196
8900,-0.735745787621,-1.24973154068,0.289353519678
581,0.485700935125,-0.631252288818,-0.608079016209
6193,-0.213053524494,0.474086999893,0.996007204056
6622,0.299137145281,-2.23716568947,0.0924238786101
11261,0.231618896127,0.535325527191,0.604428708553
6696,0.609320223331,0.833879113197,-0.374200046062
8312,-0.187709271908,-0.517051577568,-0.116318747401
835,-0.966733813286,1.21834242344,0.0958781093359
8324,2.41325640678,0.864562273026,-0.261452466249
1848,1.37721812725,-0.598667800426,0.664331138134
154,1.03856778145,1.39865112305,0.503372430801
4312,2.63763356209,-1.19140303135,-0.0847196429968
994,-0.812915384769,1.00671863556,-0.0885724723339
2048,0.811750292778,1.6138573885,0.27881655097
1111,0.744837939739,-0.400883853436,1.27685940266
5154,-0.063992202282,1.32048201561,0.867762506008
2920,0.28380420804,-0.586927771568,0.277388870716
3122,0.702395737171,-0.78825712204,-0.159079879522
2769,0.566141724586,-0.945780158043,0.447976201773
5900,1.18061220646,-0.250400096178,-0.182871699333
6304,-0.10430496186,0.203792154789,-0.13715800643
5211,0.181447789073,0.991917312145,0.815810322762
2886,0.612020254135,0.624727249146,-0.0107442513108
9261,-1.22634470463,1.62237715721,-1.05689954758
8569,1.17317831516,-3.05910205841,-0.320777118206
3303,1.48859274387,0.925927460194,-0.0151835363358
5331,-0.215432107449,1.86749517918,0.552836060524
5347,-1.05060565472,1.26229012012,0.239666163921
4638,-0.0688313245773,-0.591535151005,1.49196004868
2264,0.25159072876,0.0115371346474,0.287721127272
1029,-1.07980418205,-1.27459311485,0.234657093883
1027,-0.0293646045029,-0.358407437801,0.724954485893
2597,7.81837225077e-05,0.000215793537791,0.124286599457
55847,0.591018676758,-0.402117758989,-0.0720143914223
25803,0.61972373724,-1.33354580402,-0.32175770402
3480,-0.606579422951,-0.292938023806,-0.0254147909582
2946,0.72290366888,-0.606506824493,-0.317100375891
9517,-0.79737329483,1.28063392639,-0.190410360694
25987,0.351674497128,1.01294708252,0.884883284569
23670,-0.0269072055817,0.377859115601,-0.107734009624
11182,0.0956017822027,-1.38318967819,0.69526642561
2146,-0.120487064123,1.09171783924,-1.0027769804
3385,-0.0123051404953,0.471498548985,0.562468886375
5261,0.45857000351,-0.209431678057,0.215941548347
10765,0.501960337162,-0.231847494841,-0.531841635704
25839,0.313579112291,1.10709965229,-0.489502429962
4172,0.365118741989,1.01843500137,-0.269434720278
23161,0.539975941181,-0.722501397133,0.359766066074
10298,0.00108090043068,-0.245708733797,0.0604528561234
1802,-0.305153846741,0.086326405406,0.230400234461
58533,-0.545007526875,0.999929964542,0.889792323112
147179,-0.601860761642,0.553558766842,0.121848784387
29937,-0.835029840469,0.189383596182,0.894516646862
6184,-1.47116303444,0.427274554968,0.270601511002
9854,-0.697943806648,2.54941415787,0.0856539085507
2553,-0.220130294561,0.582867383957,-0.885185480118
5440,0.734345316887,0.417932599783,-0.0937317609787
54623,0.455751240253,0.0868102237582,0.274174332619
9533,0.559687018394,-0.231880128384,0.538644790649
8607,-0.613154351711,1.30380821228,-0.134797558188
207,-0.791216731071,0.470063358545,-0.273808270693
26054,-0.727323770523,-0.69803327322,0.249012380838
10682,-0.614047467709,1.34138953686,0.534927845001
8573,-0.660863995552,0.717590332031,-0.673584997654
23378,3.89114785194,0.614948391914,0.198147296906
8553,0.23065379262,-0.500783443451,0.583436012268
622,0.32555770874,0.702195763588,-0.249665603042
9467,0.717874884605,-1.06973481178,1.5866112709
5525,-0.838745892048,0.808094024658,-0.00172140821815
256364,-0.315858960152,-0.0164413526654,0.306848704815
332,-0.146878957748,0.988073468208,0.155618280172
2058,-1.2022986412,0.961403131485,-0.625454604626
7849,0.349663972855,-0.372467398643,-0.22978964448
23244,0.298087865114,-0.569093167782,-0.305232465267
7494,-0.709720134735,-0.140029460192,-0.32705822587
4836,0.399639546871,-0.329976081848,-0.752962052822
23647,-0.658474028111,1.12925481796,-0.112466171384
10617,-0.618945360184,0.251922726631,0.252723753452
2184,0.760702133179,-0.631412088871,0.795617222786
5355,-0.102360874414,-1.14332461357,0.142060488462
6659,-1.67325103283,0.537318944931,-0.195217996836
7016,-0.124347448349,-0.881018042564,0.516395926476
90861,0.425692945719,0.635960638523,0.124758303165
10670,-0.351272046566,0.0607256889343,0.167245045304
79071,0.140312179923,-0.753458857536,-0.149291902781
64746,-0.442226618528,0.320784181356,0.253691971302
5366,0.358269065619,-1.27176356316,-0.397824138403
11344,-1.25301361084,0.707462251186,0.05272802338
10013,0.44931229949,1.19116806984,0.399489253759
5829,0.337764441967,-0.616919279099,0.0175095759332
5257,0.140430644155,0.221017822623,-0.748949110508
22794,0.4746311903,1.34796261787,0.116161733866
9761,-0.280349045992,1.09094047546,0.0890981480479
23326,-0.892912745476,0.734602928162,0.39376911521
10972,-0.435632973909,1.22517752647,-0.143779635429
10523,-0.437597304583,0.971441984177,-0.227835297585
79090,0.494253873825,0.436838626862,-0.548975050449
27032,0.447591543198,-1.48456978798,-1.47735369205
9097,0.21542942524,-1.42079734802,0.158996328712
10513,0.546814680099,-1.10845267773,-0.131668880582
1891,0.176024228334,-1.27443623543,-0.499328702688
3066,0.153149083257,1.43373966217,0.320949971676
9801,-0.815669476986,-0.784992337227,0.248261094093
1459,0.301961183548,-0.444967150688,-0.290574371815
9703,-0.786152899265,1.7186357975,-0.0060180015862
10606,0.684641540051,1.69078421593,0.262095302343
1017,0.253328531981,-0.207385420799,-0.417505025864
9813,0.947591125965,0.143681943417,-0.503126680851
7485,-1.00897872448,-0.508641779423,-0.943690419197
2109,-0.596009135246,1.28886699677,-0.178124859929
23271,-0.40061083436,-1.76559269428,-0.263673275709
9915,0.933734059334,-1.13226437569,-0.00767264515162
9552,-0.0215791016817,0.0549219176173,0.286244630814
93487,-0.365205973387,-0.144879952073,0.140403807163
2956,-0.546230494976,1.09305071831,0.164769113064
11065,-0.687698066235,0.332748174667,0.102467268705
9653,1.09365868568,-0.673740327358,-0.62280857563
200081,-0.990274071693,1.02855706215,0.601849138737
3337,0.335030376911,-0.806950449944,0.229367807508
11073,-0.0462704971433,-2.73415112495,-0.730516731739
23,0.0892544388771,-1.19147050381,-0.495238333941
5641,-0.481762170792,0.447745740414,0.194786146283
8720,0.652526974678,-1.19415032864,0.19465534389
10782,0.526454389095,-0.520328879356,0.261961400509
25932,-0.956151068211,-0.420534014702,-0.979818224907
3028,-0.894532442093,0.196159109473,-0.641813635826
6804,0.44401550293,2.15349936485,0.266077160835
890,-0.0297371968627,0.406381070614,-0.265183895826
6390,-1.27755308151,0.874086797237,-0.285546034575
4303,-0.0523017197847,-0.0752848833799,-0.185913681984
10953,-0.334337353706,0.86498272419,0.483083933592
22889,1.0228279829,0.484281510115,-0.961145579815
3098,-0.0318992435932,0.553827881813,0.816812157631
11044,0.789343297482,-0.276100993156,-0.278556972742
8985,0.0323023200035,-1.29388022423,0.398636043072
66008,0.0412718057632,-0.297447472811,-0.294955402613
9217,-0.520224452019,0.809906601906,-0.589494824409
701,0.570426106453,-1.85098612309,-0.594398677349
6182,-1.07955026627,0.851536035538,-0.0858871489763
4860,-0.0866333246231,0.835293412209,0.17532248795
7398,-0.68133187294,-0.278774648905,-0.199265182018
6117,-1.04801130295,0.759870290756,-0.305673778057
23588,-0.179505199194,-0.333254337311,0.0203097462654
949,-0.848376512527,-0.126777336001,0.248552978039
7168,-0.350998580456,-0.274050056934,0.424934655428
9375,-0.929562568665,0.413148283958,0.265979170799
4927,-0.355088204145,1.14940571785,0.29152020812
2523,0.101966619492,-1.96607863903,0.260392308235
58497,-0.485539406538,0.0757639184594,-0.000112845562398
6856,-0.114966489375,0.664393484592,-0.778548121452
26036,0.193965181708,0.750165700912,-0.784033358097
10206,0.384830355644,-1.88499736786,0.176919057965
25793,0.310336768627,-0.0200794208795,0.558680593967
55556,-0.756544351578,-0.0377742238343,1.54462265968
3978,-1.84205985069,1.26661634445,-0.369439035654
10681,0.241759002209,-0.696033477783,-0.459949404001
3638,0.341561049223,-0.149716421962,0.0870604366064
8349,0.346283376217,-1.510409832,-0.42615506053
6275,0.138426363468,-0.634323239326,-0.319506317377
3895,0.830019772053,0.113408781588,0.189044848084
392,0.439178168774,-0.78380215168,0.0990734398365
9170,0.0862812995911,-1.22566974163,-0.00226531364024
80347,0.0937671586871,0.606546938419,0.476179152727
23300,0.364954441786,0.452900260687,0.0191548354924
836,0.344308286905,-0.772920012474,0.201311662793
11188,0.203648239374,1.03281879425,-0.275289863348
10898,0.337861657143,-0.0225037727505,0.192781463265
9276,0.15051060915,0.900914669037,-0.63138961792
1647,-0.404521048069,-0.492864698172,-0.28502830863
10285,-0.13963380456,-1.61361408234,0.12404499948
23386,0.323440790176,0.314853310585,0.732564091682
3156,0.774168670177,-0.853746712208,-0.0118272844702
10237,-1.63571953773,0.758012831211,0.0855620726943
7077,0.338440477848,-0.916985929012,0.164150103927
11157,-0.331037729979,-0.624118626118,0.51208293438
22908,-0.75678473711,0.48179602623,-2.39303898811
10915,-0.640025496483,1.33196973801,-0.0987539887428
9897,0.295228898525,-1.50528109074,-0.627563118935
1759,-0.0439445376396,1.0934523344,-0.547614812851
54541,0.0464198961854,0.655154943466,0.00112261530012
211,-1.0427159071,-0.602798879147,0.331453293562
5048,-0.0887200832367,-1.10543322563,-0.369733959436
84722,0.0104880183935,-0.916637420654,0.405811071396
29890,-0.0745762661099,-0.670229375362,0.0954063534737
9868,-0.827663362026,-0.171818986535,-0.638167381287
873,0.940666973591,0.938804507256,0.448483794928
5580,0.524450957775,1.38733434677,-0.643336236477
3725,-0.614103019238,-0.222683012486,-0.454883217812
23585,-0.743531823158,0.146236807108,0.41481333971
51097,-0.125787779689,0.795314311981,-0.508520185947
1831,-0.699206829071,1.38896417618,0.542611300945
7020,0.90549570322,-0.771711051464,0.396232008934
55893,0.700143575668,-2.09262871742,0.291312038898
6944,0.769705891609,-0.596994817257,0.189896479249
22883,0.453212320805,0.432039171457,-0.883201181889
5601,-0.225350767374,-0.966587543488,-0.482773542404
10775,0.414024680853,-0.591127216816,0.0549133569002
4780,0.0726299583912,-0.6485850811,1.01445925236
10904,-0.400808662176,-0.688155829906,-0.03631465137
9917,0.121591389179,-0.673480093479,-0.489817738533
1399,0.0912039875984,0.376928299665,-0.471980512142
24149,-1.22281658649,-0.825761795044,-0.257643729448
2222,-1.08168554306,0.0578648597002,0.597088873386
10131,-0.183055430651,0.398082971573,0.584930956364
2958,0.273941218853,-0.337032347918,-0.301417827606
9650,0.270145773888,-0.624725699425,0.285830914974
7319,-0.0203001350164,0.991884768009,-0.542534530163
4817,0.993404746056,-0.727545022964,-0.217690497637
9143,-0.468706309795,0.977600693703,-0.51077413559
10494,-1.01299214363,0.901638269424,0.524610698223
55324,-0.477549821138,0.174269244075,0.437897205353
23149,0.393200814724,-2.04834604263,0.0726545229554
9943,0.85440325737,1.06932270527,0.0524586141109
6599,-0.578137755394,0.0829486846924,0.332568973303
51031,-0.170738875866,0.973464071751,0.355909883976
3566,0.564239740372,-1.23963522911,0.442452996969
3815,1.11779999733,-0.360926926136,0.0458053275943
8624,-0.3322481215,0.279239118099,0.364261180162
27346,-0.654845952988,-1.38816046715,0.706004619598
10489,-0.434062093496,-0.9155356884,-0.273097246885
26128,-0.36841776967,-0.204044416547,0.130648523569
79921,-0.866530001163,-0.786992311478,0.509756326675
55746,1.03058254719,1.11546230316,0.00187085196376
23636,-0.456761240959,1.55445301533,0.916309058666
10892,0.669891476631,0.0878286883235,0.516406774521
10652,-0.880126416683,0.303303748369,0.0992779508233
11004,-1.71397006512,-0.0314513593912,-0.0871452316642
23530,0.0323605388403,1.52878463268,-0.51960593462
8826,0.428254187107,-1.32443189621,-0.453319728374
3308,-0.0508294291794,-0.768689274788,0.303392112255
7153,-0.200729340315,0.111458808184,-0.664461672306
11041,-0.499009519815,1.51197862625,-0.274366825819
6342,0.138376802206,0.96068918705,-0.597510099411
5883,-0.23139116168,1.35137915611,0.642208874226
10589,-1.19356453419,0.0930717289448,0.52568179369
5110,-0.120282158256,1.66635942459,0.273923546076
4609,-0.80796277523,0.54456281662,0.188967734575
5423,0.0763465464115,-0.314616650343,0.504507362843
1070,-0.0696091353893,-0.512659370899,0.0962161794305
10051,-0.761196911335,0.548973321915,0.613440752029
6603,0.346758306026,1.58204674721,-0.46891605854
9019,-0.621030807495,0.514884591103,-0.0555737689137
10969,-0.418363809586,-0.251297414303,0.442612469196
9797,0.0144856870174,1.47285652161,0.201024234295
4043,-0.759906947613,0.693391859531,0.190427958965
9519,-0.369364500046,0.286753326654,0.172503381968
8480,-1.26355314255,0.313556700945,-0.599592149258
983,-0.231262177229,0.840372920036,-0.66142565012
10559,-0.0704009383917,-0.852757036686,-0.286736518145
8508,-0.102344572544,1.19925367832,-0.498110413551
9275,-0.222110554576,-0.691061913967,0.47493955493
8914,0.138431191444,0.529232919216,-1.14648926258
54505,0.0604464411736,0.446418732405,0.283466041088
6919,0.585313916206,-1.36876535416,0.23211067915
2274,-0.327178239822,1.42573535442,-0.0382775329053
2288,0.000629483081866,-0.000321279396303,-1.12131786346
7994,-1.55404734612,-2.17427301407,0.854221403599
4216,-0.194709137082,0.955445408821,-0.742096424103
7538,0.281458705664,-0.731673181057,-0.138149544597
3628,-0.344526171684,0.423841148615,0.137977913022
2037,-0.355358332396,0.996127605438,-0.0519407428801
2771,-0.724222481251,1.41030526161,0.109519466758
7264,-0.209207579494,0.88277131319,0.0220173671842
1786,-0.53462433815,0.0411814674735,-0.17893627286
5873,0.767434358597,-1.21870553493,-0.532387971878
780,0.138887315989,-0.786839425564,-0.25123244524
9926,-1.6973233223,0.477219521999,-0.549272179604
8446,0.893206477165,-1.1189198494,0.00437961891294
7159,-3.30440545082,1.3579416275,-0.018885249272
1026,1.28861606121,0.765316605568,-0.193222999573
7082,0.98916465044,0.0123061668128,-0.368255466223
10058,-0.686910033226,-0.0487320721149,0.0673915743828
10797,-0.992462038994,0.718442797661,0.224987447262
11230,-1.04308104515,-0.237375259399,0.720026254654
30836,-0.341317772865,1.22182655334,-0.916264712811
27336,-0.830353856087,-0.09798040241,-0.348724246025
9918,0.442445516586,-0.645172476768,0.228775903583
79073,-1.09405612946,0.435957312584,-0.0632871538401
9688,0.355644822121,0.248179495335,0.845763802528
23659,0.555869221687,-0.192507505417,0.834784507751
8396,0.318735688925,1.74057865143,-0.531803190708
23077,-0.183675378561,-1.38645219803,-0.149110898376
10857,-1.34317326546,0.708773374557,-0.238724425435
16,-0.0364837050438,-2.15702438354,-0.347858816385
2817,0.40830758214,-1.14449596405,0.210706904531
60528,-1.41709542274,-0.504427194595,0.383970111609
5359,0.982472240925,-1.24541807175,0.739180922508
1514,-0.898764193058,0.640931129456,-2.36885309219
1509,-0.0681118071079,-0.974438905716,0.463926017284
9181,0.0639884769917,-0.385541111231,0.0824494659901
3611,0.0463959276676,1.31909823418,-0.0378983281553
4783,0.847195029259,-0.805158495903,-0.892332553864
10123,0.252766788006,-1.62495613098,0.104629233479
8895,-0.0919159576297,-1.46989750862,0.16207960248
9805,-0.685006856918,-0.85387635231,-0.121683545411
4125,-0.372166752815,1.01114249229,-0.334812432528
1635,0.879404067993,0.768553614616,-0.176830396056
4154,-0.578960120678,-0.700768947601,-0.546668767929
26292,-0.881445407867,0.450270831585,0.731835246086
5770,-0.0342170745134,-1.42336750031,0.363111525774
25874,-0.166814491153,-1.33265411854,-0.966429233551
11319,0.0819695666432,1.88799333572,-0.834587574005
1153,-0.157422870398,1.44214463234,-0.441333144903
11098,0.28582650423,-1.07352244854,0.127750739455
8974,0.499860495329,-0.181005239487,-0.128665074706
533,-2.54741215706,-0.0613383725286,0.285140156746
823,0.773043036461,-0.710915267467,-0.572242379189
6812,-0.439922690392,0.948175370693,-0.0764889642596
3693,-0.105236083269,3.01164531708,-0.281843274832
4891,-0.607193410397,0.0853572189808,-0.0783545821905
10954,0.448309838772,1.69087004662,-0.0660316199064
5909,-0.30115789175,-1.39366650581,0.184483528137
9221,-0.632357656956,1.43982672691,-0.160290181637
847,0.292531639338,-0.997121810913,0.0647509917617
11072,-1.02346253395,0.677287459373,0.153376400471
10221,0.0506435930729,-1.28560364246,-0.151954144239
7158,0.551116466522,-0.249077215791,-0.495772272348
8678,0.0186260044575,1.30528748035,0.0759637057781
11014,-0.461889266968,0.853368878365,0.541241109371
1994,-0.296965777874,-0.113049194217,-0.610534906387
3482,-0.00850662589073,-1.8478717804,-0.432773768902
25976,0.978926241398,-0.00579985976219,-0.168485984206
10491,-0.624630451202,0.561377644539,-0.927219331264
51053,-0.274496257305,0.200599431992,0.463913679123
9267,-0.386914640665,-0.138297706842,0.452853322029
5547,1.27930378914,-0.241877824068,-0.457523405552
6597,-0.583913445473,1.11168861389,0.0649249330163
5836,-1.01577377319,0.920998215675,-0.296823203564
6118,-0.1782297194,-0.406342744827,-0.289617031813
2961,0.482471376657,-0.509436011314,0.594306111336
310,-0.157966285944,0.579854130745,-0.282902389765
7296,-0.0885637849569,-0.0323542356491,-0.510833740234
1429,0.717741012573,-0.262885332108,-0.0661624595523
2548,-0.774217009544,0.973484396935,0.144211798906
6499,-0.65260219574,1.16088247299,0.940628170967
642,-0.240959852934,1.85510873795,-0.35894715786
23076,-0.793247461319,0.401143282652,0.706504285336
10099,-0.352698743343,1.5419049263,0.12881924212
9817,-0.715663611889,0.66875576973,-0.577711224556
9126,0.300296127796,-1.11085915565,-0.0888593494892
3930,-0.953732788563,0.765912890434,0.128484934568
10450,-0.492608129978,-0.0181931555271,-0.371312975883
54386,-0.69743847847,-0.039373382926,0.0177025925368
664,-0.148346289992,0.370194911957,0.281609803438
596,0.54530197382,-1.07347631454,0.398555696011
10180,0.0111204013228,0.610479235649,-0.0858380869031
1445,-1.158618927,0.705817997456,0.290132164955
230,0.618370592594,1.06454730034,0.0408439263701
9246,0.673236727715,-1.36271011829,0.708600461483
5092,-1.51051568985,1.18935322762,-0.396484941244
23463,-0.433881998062,0.955769777298,0.0131608694792
10007,0.213645279408,-0.381997585297,0.223524540663
4925,-0.410795360804,-0.442825913429,0.224903643131
6251,-0.0603890866041,-0.978541612625,-0.212690427899
5782,0.558940887451,0.00972041487694,0.109416566789
5106,-0.188268706203,-0.594747304916,0.144530087709
2673,-0.229414105415,-0.827699661255,-0.0076654125005
644,-0.839474737644,0.563249111176,-0.719233095646
6284,0.230656683445,-0.000532060861588,-0.0660766214132
4605,0.5399081707,-0.098863825202,-0.362681508064
6810,0.0794998556376,-1.1213196516,0.12480738759
54499,-1.16590726376,0.922070503235,0.281342893839
11007,0.025165617466,0.195226922631,0.609864294529
1643,0.210394978523,0.167078748345,0.635379254818
25805,0.597828984261,0.504320263863,0.788141012192
3033,-0.662347733974,-0.0234751366079,-0.207986563444
2745,-0.736096739769,0.280197650194,-0.401483774185
9961,0.929257214069,-1.04487776756,-0.463599562645
3925,-0.530533134937,0.802771925926,-0.488000154495
2582,-0.184287324548,0.00600783526897,0.334604352713
5792,0.103632941842,-1.69203948975,-0.438378721476
5236,-0.220923304558,1.07541692257,-0.215356722474
4016,1.77964007854,0.0121460407972,-0.0648694038391
4651,0.562661349773,-0.986758232117,0.251410603523
3988,0.607395708561,0.201912879944,0.343745529652
26227,-1.28501236439,0.793568372726,0.457271784544
7982,0.100563049316,0.55176371336,-0.00633507594466
3551,0.787011742592,-0.407069921494,0.282729029655
5108,-0.48648917675,0.459258437157,-0.224676579237
8870,1.12805104256,-0.537915050983,0.622049093246
2195,0.427884697914,-0.261305809021,0.25298678875
8731,-0.0501448810101,1.65818309784,-0.145792946219
1956,-0.245898589492,0.107516027987,-0.318649888039
10276,-0.730534791946,0.0838353335857,0.522589862347
1666,0.84133207798,-0.349025189877,0.710167050362
4864,-0.0915654301643,-0.610013246536,0.0777857303619
4232,0.58749294281,-0.455052554607,-0.52089625597
5050,-1.25838780403,0.923681855202,-1.65408980846
813,-0.495842367411,0.432017207146,0.353101968765
3964,0.338825047016,-1.19820451736,0.546026468277
26020,-0.443780273199,0.553485929966,-0.207143455744
481,-0.648218989372,0.711163401604,0.142906844616
5019,0.238829731941,-0.665619373322,0.614331424236
291,-0.241736978292,-0.386206805706,0.0861435979605
10973,-1.00274658203,0.126923650503,0.0971259772778
9697,0.324253857136,0.725870013237,0.330311089754
5831,-0.129165038466,-0.254096508026,-0.115140460432
8202,0.232038989663,-1.66229510307,-0.274267703295
57804,0.0924786478281,-0.558257579803,0.291363716125
5566,-0.34747377038,-2.59712958336,-0.485564172268
57149,0.584123790264,-0.0575057715178,0.706045150757
7416,0.737350404263,0.981624722481,-0.259788244963
10174,-0.63169169426,0.928247451782,0.630781471729
6676,1.46352767944,0.259769767523,-0.403064191341
8884,0.346908926964,0.98037314415,1.05098807812
5997,-0.632254838943,0.302327185869,0.654887020588
57147,0.649427950382,0.735128998756,0.0533196553588
6909,0.535199046135,-1.06663441658,-0.272008419037
9093,-0.131249010563,8.93059332157e-05,-0.0447417795658
23142,0.695158839226,-0.375795990229,0.490176558495
8444,-0.178586035967,-0.666091442108,-0.278836399317
11232,-0.434624373913,-1.57224524021,-0.306029617786
27095,-0.390068054199,0.239740788937,-0.318102926016
10732,0.592429876328,0.426060020924,-0.198723390698
23029,-0.33973261714,1.00254559517,-0.156257346272
9270,-0.903937160969,-0.340485215187,0.591691553593
47,0.225162684917,1.81589007378,-0.290412515402
5889,-0.490367978811,-0.183263540268,-0.639959216118
8243,-0.146573156118,-0.22622948885,-0.362130105495
10730,0.79777944088,0.136684834957,-0.629896581173
30,0.00800557434559,0.640967726707,-0.157122641802
7466,-0.000871449708939,-1.4423391819,-0.097011461854
89910,-0.691028833389,-1.14210879803,0.575849294662
56654,-0.581534087658,0.67103266716,0.289342910051
501,0.576238691807,-0.877199709415,0.0970406904817
5438,-1.64084935188,1.30941617489,0.539597034454
26993,-1.01057636738,0.386415481567,0.58774125576
55111,-0.252963781357,-0.3126706779,-0.264790087938
8520,-0.786618471146,0.334431946278,0.880853354931
10146,-0.0591320991516,0.117030665278,-0.217176616192
7165,-0.490047335625,0.933079838753,-0.838806867599
55011,0.137812197208,0.0558649897575,-0.13867893815
6461,0.155551090837,-1.78293895721,-0.110106170177
10813,-0.2384788692,0.138691663742,0.13837261498
80746,0.0867920517921,-0.790806651115,0.233352378011
10434,0.425422787666,-0.28272151947,0.402826756239
5607,0.410144180059,-0.308028012514,0.143399134278
22827,-0.620573878288,1.21766114235,0.0915772989392
51635,-0.140494078398,0.00247105956078,-0.357631772757
84159,0.922575592995,-0.400530666113,-0.198096215725
3508,0.218714892864,-0.700274825096,-0.204020500183
84890,1.3837634325,-0.145810037851,0.118200823665
79600,0.386395633221,-0.961323261261,0.229088515043
8574,-1.04879486561,-0.00746488571167,0.450262457132
5529,-2.95395112038,-1.44316470623,0.777737259865
3909,-0.218493625522,0.185517549515,0.0132163260132
9637,0.323085606098,0.333673536777,0.843934595585
8518,-0.388793051243,0.797547161579,-2.03507804871
6443,1.12737524509,1.47692704201,0.0341810248792
58478,-0.83878159523,-0.681047916412,-0.124373294413
4850,-0.213011994958,1.95707368851,-0.24472618103
23210,-0.267183810472,1.10085940361,0.445133984089
54733,-0.0164287928492,0.191870570183,0.328618079424
55129,0.105050951242,0.119442999363,-0.62627530098
10273,-0.997331976891,0.686022400856,0.741925358772
572,0.141372844577,-0.0280401706696,0.29187092185
5716,0.225281476974,1.41850471497,0.559255957603
22841,-0.57156598568,0.234576672316,0.128647446632
2356,-0.107959933579,0.318326860666,0.388927608728
6050,0.174434289336,0.0777435079217,-0.228225290775
64422,-0.199956670403,2.21594595909,-1.8118481636
8837,1.04606389999,-0.954765379429,-0.264056682587
55127,0.0733160078526,0.155076831579,-0.0286839939654
23335,0.138451725245,-0.142031818628,0.0175625011325
10270,0.68359375,1.28544592857,-0.328321784735
6509,-0.169537335634,2.0839881897,-0.181857019663
83743,0.428499162197,0.538207769394,0.300968527794
6772,2.28482222557,-0.715213179588,0.448744297028
22887,1.08490633965,0.820504903793,-0.331309467554
51001,-0.0950375646353,-0.688092470169,0.407093167305
26511,0.574710547924,-0.624270796776,0.717722296715
7874,-1.18791782856,0.283080160618,0.0107253454626
51070,-0.717842936516,0.829285621643,0.475290060043
1738,-0.105097293854,-0.188226789236,-0.605160057545
3416,0.402515411377,1.53219568729,-0.401654541492
9128,-0.590463936329,-0.81887114048,0.0733572244644
9833,-0.941602289677,0.798138082027,-0.53607749939
4088,0.114950880408,-0.660276532173,-0.0891484692693
5018,-1.0491039753,1.07837319374,-0.543895244598
51375,0.53371912241,-2.68969964981,0.213993877172
55038,-0.268235981464,1.98514127731,0.813850045204
23061,-0.799311578274,0.352328956127,0.0157757028937
64428,0.554360151291,-1.02596378326,0.197344452143
11325,0.385072529316,2.98437047005,-0.46860986948
9641,3.8051404953,-0.698901474476,-0.25681874156
23038,-1.57018721104,-0.115107357502,0.228735685349
57048,-0.0307081416249,0.0167393796146,1.18266928196
94239,0.653272092342,-0.358929991722,0.462931007147
51203,0.0148245617747,-0.651413321495,-0.333064973354
388650,0.139450147748,-3.010658741,-0.299139231443
23039,0.447060257196,1.38304531574,-0.47163978219
55179,0.319274991751,-1.00684702396,0.961680114269
5827,0.516014754772,0.731107771397,0.0889130756259
10245,-1.27792644501,0.28309071064,0.454684376717
6813,1.00062763691,0.705639481544,0.819841086864
3251,0.63898819685,0.559972405434,0.815373420715
23212,0.352430045605,1.84784948826,0.204280719161
23536,0.286104738712,-1.35397553444,-0.00957366637886
51282,-0.936417162418,1.0659995079,0.654888510704
10227,0.431793600321,0.0402602851391,-0.340676486492
50813,-0.0831928700209,1.03111624718,1.47304308414
51024,-1.02489650249,0.403060376644,0.0234298761934
53343,-0.726892352104,-0.684831678867,0.0197541937232
1465,0.186291337013,-0.785627305508,0.0332402437925
79006,-1.44238686562,2.2607178688,1.13714742661
6988,-0.1807526052,-0.365143746138,-0.589843630791
11011,0.668413043022,-2.81677913666,0.313741743565
23325,0.366621285677,-1.10713887215,-0.209956839681
10049,-0.352998077869,0.134766086936,0.366750866175
3157,-1.23576581478,0.770516514778,0.265147835016
200734,0.261361598969,-1.55762982368,0.621659815311
9053,-0.944093167782,-0.41946208477,-0.924586057663
79094,0.106445074081,-1.05602455139,-0.392389595509
2778,-3.35453557968,0.386626929045,0.305424630642
54881,-0.197971463203,1.58770310879,-0.295339584351
54807,-2.03623509407,-0.340308785439,-0.123692944646
323,0.320395410061,-0.176768749952,0.522553801537
26001,0.453112512827,2.22701048851,0.233606725931
10190,0.479889929295,-1.0945930481,0.58593326807
9686,-0.457456409931,1.10610103607,0.216452106833
54915,0.34565988183,4.16702651978,0.623374760151
23658,-1.31608581543,-4.28301525116,-0.17447963357
7750,0.309505492449,1.05718576908,-0.0361936762929
79643,0.141696944833,-0.523930847645,0.579096198082
9488,-0.033482760191,2.7040886879,-1.05760264397
11200,0.0783489048481,1.17257022858,-0.123048439622
65057,0.677441418171,-0.958049535751,0.300965130329
6832,0.370284229517,-1.02524113655,0.178143784404
23131,-0.158336848021,1.08200311661,-0.573888242245
10776,-0.421421200037,0.310434907675,-0.331722080708
6253,0.644806683064,-2.78719425201,-0.784085512161
79716,-0.625957131386,-1.36789882183,0.1606374681
29978,0.750511407852,-0.987125396729,0.101370722055
9988,0.415208041668,0.982818305492,-0.205071002245
10845,0.265153467655,0.690339326859,-1.20068728924
54957,0.124839387834,0.421544671059,0.803104460239
79170,0.591153562069,-0.564093589783,0.181476473808
10610,0.699127078056,-0.944564163685,0.686340868473
128,0.632744371891,0.423094213009,-0.23875541985
51026,0.995520234108,-0.99470603466,0.288974046707
5498,0.510260462761,-2.07192611694,0.539677202702
124583,-0.449973315001,-2.91749572754,0.117562100291
9455,0.344669044018,0.686668515205,-0.430722475052
1212,0.249255657196,2.17288303375,0.181448385119
5255,-0.738376915455,-0.198306903243,0.056263435632
9448,1.25370287895,0.756453752518,-0.751289665699
9924,0.718752920628,0.160317063332,-0.269574016333
5480,1.59431970119,0.497462511063,0.709975838661
1983,-0.24593475461,-1.9453701973,-0.589934587479
56889,1.40075027943,0.219885155559,0.254497140646
79080,-0.161993592978,-1.00914216042,-0.301547199488
9016,0.776400089264,-0.0504475533962,0.426403403282
6915,0.60115903616,-0.786506891251,0.13475972414
9709,0.0886934250593,0.502045333385,-0.146337419748
116832,2.21521782875,1.84348154068,5.34597784281e-05
670,0.186839163303,-1.13573241234,-0.664459705353
7867,-0.237346321344,0.280542045832,0.204262197018
79143,-0.284739822149,0.901779055595,-0.912532746792
11284,0.209085434675,1.24246072769,-0.24044406414
23443,0.361253798008,-0.138181507587,-0.403101712465
51599,-0.530811727047,0.465559303761,-0.365825593472
5927,-0.998237133026,0.275674670935,-0.0329574644566
55793,-0.167679578066,1.88457369804,-0.177274122834
5867,-0.447775304317,0.634547710419,-0.539645373821
7866,-0.286924004555,0.456597507,-0.476268231869
25825,-0.0107646249235,1.47770154476,-0.0175009295344
4067,2.21575927734,-0.87421476841,-0.201730072498
51015,-0.0266126990318,-0.860242545605,-0.31585341692
5891,0.0307431519032,-1.0117855072,0.195236042142
3300,-0.0547288060188,-0.259673684835,-0.319752961397
64781,0.379753291607,-0.899006307125,0.859026372433
51056,-0.0831734389067,-1.14792335033,0.446398675442
8550,1.37839508057,-0.0377931445837,0.236235439777
50810,2.18504714966,-0.493618011475,-0.0546428263187
23011,0.376948267221,-1.43229007721,0.548410058022
11168,0.8253480196,-2.75069260597,-0.136493563652
1385,0.335238099098,-0.980910897255,-0.197507336736
10150,0.13937741518,-0.623095035553,-0.115644805133
29763,1.27690243721,0.0787815153599,-0.636520981789
9112,-0.943098962307,0.743533015251,0.0882117822766
23499,0.663461685181,1.17362511158,-0.325270026922
85236,-1.2195982933,-0.270392715931,0.185110136867
5096,0.0875942409039,1.30439138412,0.188601061702
55620,0.627750754356,-0.466593027115,0.112663127482
5373,-0.846103787422,-2.72115492821,-0.208131745458
51170,-0.249549806118,-0.330912053585,-0.462133616209
54850,-0.138263180852,-1.03356528282,0.412970006466
80349,-0.976899206638,0.784047245979,0.607005953789
355,0.349278271198,-0.215496391058,-0.279385894537
1062,0.106844723225,0.51938688755,0.43978998065
8804,-0.217356801033,0.512861669064,-0.0893424376845
80758,-0.123525165021,-1.24331259727,0.697364926338
375346,-0.137675821781,-0.0376049727201,-0.12067194283
51385,0.396922707558,-0.628197431564,-0.133185565472
55748,-0.368184268475,0.452959299088,0.0451573766768
10318,0.601238667965,-0.884759426117,0.249216854572
54681,1.19398224354,0.547666370869,0.0955252349377
7905,1.62499904633,0.629356741905,-0.0695994496346
28969,0.544206857681,1.29982101917,0.426168441772
10668,0.186656832695,-0.613013744354,0.0725074261427
51005,-1.25628507137,1.2921564579,-0.590769529343
8800,0.635493755341,-1.09397697449,-0.359583467245
54438,0.325325369835,-1.58192837238,0.220884948969
55825,1.16635298729,-0.296568453312,0.32317250967
8835,0.479670464993,-1.34744715691,-0.0646934136748
64429,0.733330368996,0.275434076786,-0.425290584564
3682,-0.595556080341,-0.774211287498,0.128991752863
10329,-0.649962425232,1.11850523949,-0.427877187729
27109,-0.50444829464,1.6252707243,0.129402384162
51335,1.13679254055,2.21300554276,-0.126410230994
3202,-0.647634148598,1.06824374199,0.518201112747
2896,-0.768111228943,1.05033314228,-0.00553988944739
79902,-0.160092949867,1.28204321861,-0.223546311259
29083,-0.387407571077,-0.0555134862661,0.109578892589
5747,0.118171520531,-0.720833003521,-1.21337640285
22905,-0.0991045087576,-0.986010789871,-0.296412080526
63933,0.96127051115,0.414393991232,-0.207882836461
9847,-0.414947032928,1.01685094833,-0.241067871451
51021,-1.27469110489,1.09155762196,0.262138813734
8996,-0.53462100029,-0.72642660141,-0.325195103884
7376,0.141567319632,1.27111470699,-0.174000233412
5357,0.225760787725,2.81890058517,-0.419310212135
56940,0.799557089806,0.112686604261,-0.128142416477
6195,-0.685549020767,0.88498711586,-0.288664162159
1633,-0.167150855064,0.508036077023,0.0581385120749
23321,0.260406017303,-1.51752686501,-0.739295780659
51160,0.269777357578,-2.35710763931,0.164683073759
55604,1.6151072979,0.849706232548,-0.170753911138
2063,-0.078988134861,-0.645214080811,0.195740059018
54512,-1.81659412384,-0.120222724974,-0.0994682759047
9124,0.383396565914,-0.688855886459,0.589650213718
79174,0.449145376682,-0.432387113571,2.46710324287
23223,0.710358440876,0.417237877846,0.569850325584
39,0.42767265439,-1.05326032639,0.175797194242
57215,0.466105252504,-0.767850279808,0.358073890209
1052,0.399531781673,-1.15418958664,-0.201065391302
23139,-0.790232896805,-0.119768768549,-0.000679877586663
79947,0.277797043324,-0.692025184631,0.273510575294
4616,0.732584178448,0.110222913325,0.0248593203723
9710,1.03247094154,1.2946485281,1.43428385258
6990,0.843212366104,-0.413366556168,0.125957459211
29082,-0.286933392286,-1.63733077049,0.53814125061
9670,-0.510416090488,-1.02274656296,0.0744472295046
81533,0.330117583275,-1.0711838007,-1.52070975304
10525,0.24931883812,-3.02400541306,-0.0980183333158
2353,1.00373268127,-0.249261215329,-0.543963909149
57192,1.32792830467,-0.659233093262,0.13347235322
3398,0.239890813828,0.984916210175,-0.0312489811331
3775,1.14802384377,-0.727485597134,-0.207686558366
26064,0.517940044403,-0.526911556721,-0.581545114517
29103,1.21301841736,-0.771081507206,0.496609836817
3206,-0.569583773613,0.721012711525,-0.164096236229
1500,1.00719308853,-1.66024780273,-0.148889362812
7690,0.577420473099,-0.178160235286,0.343600332737
29911,1.23397839069,-0.0382988452911,-0.6116720438
2064,-0.983140528202,1.5243216753,-0.295972138643
65123,1.244582057,1.02059876919,1.49003982544
5986,0.0685389563441,-1.10658431053,1.10925078392
85377,-0.824349582195,0.707319259644,-0.456476777792
9903,-0.194750607014,0.176216870546,0.491082519293
7088,-0.336238950491,0.931222915649,0.578850388527
22796,-0.211289510131,-1.33914148808,-1.04191243649
51116,-0.410589933395,0.025278031826,-0.0231294166297
54442,3.37924695015,0.206971600652,0.420887649059
10695,0.180415689945,-1.73393273354,0.235663920641
102,-0.389249145985,0.276702821255,-0.506636142731
965,1.83513891697,2.68945813179,-0.153953373432
3800,1.11400580406,-0.49781832099,0.000254539772868
10362,-1.77051663399,-0.4674924016,-0.179374158382
5300,-0.764849841595,-0.181808263063,0.121249318123
8270,-0.194772183895,0.908866345882,0.366316646338
27242,0.127280518413,-1.84196579456,-0.896862506866
9928,0.574592649937,0.424366980791,0.237048268318
1534,-0.00248250365257,-0.462216377258,-0.0245122686028
5654,0.910198390484,-1.69095027447,0.292418211699
10810,-0.17591291666,0.767528176308,0.238445028663
7105,-0.295919179916,0.81093120575,-0.152990430593
23014,0.130297154188,-1.50320029259,-0.565448224545
55012,-0.145331293344,-0.745821237564,-0.145669579506
2887,0.776204586029,1.09268736839,0.405205488205
9183,-2.15653538704,-1.35220944881,-0.306329876184
11151,-0.252849668264,-0.759289383888,-0.256734907627
7511,0.482187628746,-0.358133584261,0.683152139187
10046,0.558789730072,-0.623161315918,0.71083521843
1829,0.0185411572456,0.477094143629,-0.328557282686
11000,-0.0483754575253,-0.891431450844,0.0443803966045
976,0.409398525953,0.499896079302,0.163250520825
3597,0.612334489822,-0.677482783794,0.195905759931
178,0.175574958324,-0.650827348232,0.17258694768
2625,1.02001404762,0.835647761822,0.114391990006
6119,-0.940295517445,0.498194366693,0.82564675808
26136,-0.0998281240463,-1.8511941433,0.550413668156
6697,0.448863327503,1.3812983036,-0.590102732182
5971,0.284960269928,-1.50026834011,0.543674945831
22934,-0.760671317577,1.68853735924,0.253872483969
9289,0.648004889488,-1.66750538349,0.0266166515648
4931,0.211553633213,-0.919615864754,-0.107417948544
4200,1.06491565704,1.49338936806,-0.587884545326
93594,-0.113350771368,-1.58121061325,0.11514928937
5982,-0.347392529249,1.22453165054,0.495579183102
26520,-0.792599856853,0.620588064194,-0.366702318192
4998,0.220420494676,0.673833072186,-0.239175319672
10038,-1.08023560047,-0.261207669973,-0.666092514992
60493,1.18727624416,1.00623393059,-0.112489230931
51495,-0.520485401154,-0.0114113092422,-0.602366268635
4482,0.69119822979,-0.0321345478296,-0.717884004116
23224,-0.680994868279,0.425382316113,-0.520707368851
9690,-0.371909439564,0.841744422913,0.0472153052688
80212,-1.06549620628,0.177448928356,-0.0715983808041
29928,-0.0680138766766,2.19209241867,1.89925837517
22809,0.292670935392,-2.92278671265,-0.27283847332
50814,-0.859529972076,-1.50265491009,1.16496562958
55256,-0.114318415523,0.039597928524,-0.503193855286
56997,0.910748183727,1.03486633301,-0.0532981045544
81544,0.616889953613,-1.17909395695,0.29521214962
6894,-0.655490517616,0.444316864014,-0.768615067005
64080,2.44782567024,0.661299467087,-0.383341193199
55818,0.545020163059,-0.6611084342,0.453369498253
637,-2.5831861496,-1.36732852459,-0.128984808922
22823,-0.64506059885,-2.10662555695,-0.332632690668
5287,0.413929820061,-1.52920198441,0.761171281338
91137,-0.2321357131,1.62857151031,-0.247181147337
23097,1.3496850729,-0.112460054457,-0.130468338728
9851,0.321644723415,-0.833318829536,-0.298846274614
23522,1.21668386459,-0.187768012285,0.0265583246946
1123,0.806713819504,-0.46150419116,-0.448747515678
5603,0.809908688068,-0.146757245064,-0.375484704971
51569,-0.197533562779,-0.18152269721,0.364966750145
55699,-1.12664949894,0.557418942451,-0.646296262741
2624,0.0488463044167,1.06170761585,0.936303079128
8204,0.00838173180819,0.481070131063,-0.052997302264
9133,-0.134325683117,0.330879598856,-0.332242071629
10921,-0.350971788168,0.611580371857,-0.177176237106
51742,-0.910333931446,0.387243777514,0.496042221785
2954,-0.397470235825,-0.321515679359,-0.020592674613
27244,0.282724767923,-0.540568172932,-0.927317917347
23013,-0.0732388347387,0.956627130508,0.758054256439
8050,0.211342722178,-0.341738730669,-0.636138558388
79961,0.556854486465,0.0647707432508,0.0194192267954
2017,-0.580467104912,-0.0205757915974,0.232180416584
55148,-0.707169592381,0.660557866096,-0.0528077036142
960,0.477488815784,-0.894767165184,-0.499597847462
10451,1.49295890331,-0.707146406174,0.380615919828
57406,0.677754640579,-0.441513419151,-0.316653907299
51719,-0.734280645847,0.568041324615,-0.129096865654
7074,-0.621071219444,1.46456563473,-0.0898008272052
10059,0.0720904022455,-1.3986749649,0.288775801659
51071,1.15926969051,-0.485053122044,0.153148710728
5796,0.236072421074,-3.04493522644,-0.1814789325
55008,0.125141501427,1.94412469864,0.756794512272
23597,1.67415177822,2.31264019012,0.829171836376
8869,0.756894350052,4.3946762085,0.557920634747
8727,-0.254023313522,0.331930547953,-0.255195498466
63874,0.202615886927,-0.803213894367,-0.271954834461
8821,1.91899871826,-0.600047945976,-0.00666380673647
57178,0.133066490293,-0.170679017901,0.504886627197
5468,0.0643746852875,2.29938745499,-0.456643044949
10557,-0.606917381287,2.16558122635,-0.209525004029
831,-0.63716506958,-0.0873913019896,-0.0156748909503
9531,0.0475440099835,0.384250789881,0.126399770379
2767,-0.522950828075,0.156035363674,0.234400063753
1861,0.332558184862,-1.8262565136,-0.240837350488
10165,-0.523056745529,0.491246581078,0.194278433919
7106,-0.562764644623,0.654994487762,0.53784018755
2908,0.653872847557,-0.987458467484,-0.500468254089
57761,0.141933619976,-0.843084871769,-0.261938244104
23338,-0.292321443558,0.0262658298016,0.46751999855
7852,0.880081772804,-0.817745685577,0.00454299151897
55033,-0.877116143703,-0.274722158909,0.177107423544
57019,0.0088324137032,-0.708817362785,-0.26700425148
91949,0.0820901691914,-0.366828799248,-0.379743933678
84617,-0.872669816017,-0.420066833496,-0.279826641083
25,-1.95602011681,-0.619136452675,0.339582592249
899,-0.365420103073,-0.0515265986323,0.393415093422
79850,0.481929719448,1.26667308807,-0.0763208419085
51466,-0.245599016547,1.108684659,-0.2129881531
2852,0.0174490213394,-1.26590323448,-0.323147237301
55837,1.15949594975,1.15769541264,0.316410750151
2131,0.504987061024,-1.28767263889,0.223243266344
5427,0.215682208538,2.84388685226,-0.760990798473
25966,1.16498112679,0.465331494808,-0.686250329018
55608,0.184116393328,0.0210990607738,-0.260508745909
1662,-1.63366794586,0.487102687359,-0.682331264019
9702,-0.22571799159,-1.2869836092,-0.365391939878
11031,0.223626673222,1.3396037817,-0.348950386047
10057,1.31857419014,0.507041811943,-0.636034429073
5985,-2.05063605309,-0.040697067976,0.720450699329
3280,0.727739870548,-0.603261232376,1.06826579571
55958,0.163096755743,-0.112208530307,-0.0659288316965
51465,0.791292905807,-0.10176666081,-0.466878354549
2542,-0.905210316181,-0.172205492854,1.06976902485
10641,0.951771140099,-0.419734627008,-0.487129718065
11137,-0.488748699427,0.0294038504362,-1.81732213497
9842,0.529635369778,-0.638184070587,-0.518314123154
10493,-0.879633903503,-0.270336806774,0.0475114434958
10112,-0.623955309391,0.570389449596,-0.386593014002
1001,0.711524188519,-0.572920084,1.02026462555
23635,-0.151596873999,-0.30170083046,0.178324863315
29916,-0.281828612089,2.07474017143,0.044887304306
2810,-0.28100258112,2.74476075172,0.870473146439
5993,0.150146871805,0.278566718102,-0.265201061964
11142,0.0221854746342,1.0859054327,-0.186629414558
79187,-0.596040248871,-1.25297868252,0.115931540728
51382,-0.0771119296551,0.724869847298,-0.337915480137
8318,-1.78920888901,-0.0971268862486,-2.1495552063
9695,-0.345575511456,0.0548621192575,-0.488131225109
9712,0.83057898283,-0.332534074783,-0.72288441658
64943,-0.364776223898,0.639638066292,-0.45436295867
9738,-0.173643231392,-0.0126992017031,0.160546019673
6793,-0.277149140835,-1.20276546478,0.212626248598
7358,0.139643609524,-1.09625864029,-0.645519435406
58472,0.118123978376,-0.233214944601,0.00504625216126
50865,-0.32677796483,-1.13414680958,1.5793441534
23200,0.382927924395,-1.7579511404,0.192308172584
51293,-0.208403974771,0.66290128231,0.589703440666
10962,0.175332039595,-0.392081350088,-0.478021800518
10153,-0.332770735025,0.996122956276,0.211754262447
874,-0.550066351891,0.173045098782,0.71718031168
