rid,NMH002_FIBRNPC_24H:BRD-K99667445-001-02-2:10,NMH002_FIBRNPC_6H:BRD-K99667445-001-02-2:10,NMH002_NEU_6H:BRD-K99667445-001-02-2:10,NMH002_NEU_24H:BRD-K99667445-001-02-2:10,NMH002_NPC_6H:BRD-K99667445-001-02-2:10,NMH002_NPC_24H:BRD-K99667445-001-02-2:10
5720,-0.107385918498,0.360348850489,-0.754715025425,-0.378801107407,-0.958116829395,0.0553601458669
466,0.927316427231,0.153943091631,-0.235054522753,0.573172211647,-0.345763087273,0.877463936806
6009,1.00448739529,0.422636508942,-0.29004496336,0.878923416138,-0.336124658585,0.382735460997
2309,-1.59656572342,0.185304388404,-0.859598398209,-0.751161813736,-0.195398792624,-1.25556695461
387,-0.315645992756,1.35614609718,-0.265544742346,1.00375211239,0.31665173173,-0.795272707939
3553,-0.0256203562021,0.282450199127,-0.0298456568271,-0.750736474991,2.1078414917,-0.26208332181
427,-0.806885004044,-0.0761574804783,-0.270432710648,-0.239919573069,-0.78943836689,1.00269305706
5898,1.06285405159,0.584697961807,0.559494614601,0.870124697685,0.32248839736,0.836181521416
23365,-0.118337228894,1.14558255672,-0.383100688457,1.36193096638,-0.359300971031,1.45830392838
6657,-0.901035547256,-0.88840264082,-1.37025904655,-0.012286407873,-0.635196447372,-0.871969819069
5054,1.19332647324,0.366319298744,0.157772511244,-0.611279964447,0.441834628582,-0.119810841978
3108,0.805860340595,1.15938305855,-0.0971362888813,-0.548422336578,1.63580107689,0.00657746940851
1950,-0.147071868181,-0.629714369774,-0.0444797798991,-0.633556306362,-0.45018196106,1.09564745426
351,0.25886797905,0.0192772299051,0.0122884353623,0.613322198391,0.200409770012,0.41930347681
4846,0.52100110054,0.269767433405,-0.235250338912,0.942735552788,-0.116365790367,-0.157102644444
1452,0.314614087343,-0.628920018673,-0.723110258579,0.292227387428,-0.259838968515,-0.220201134682
4776,-1.05931425095,-0.314406991005,-0.277132093906,-0.590638697147,1.25425183773,-0.297417759895
6908,-0.309866189957,0.482626020908,-0.719971299171,-0.625538945198,-0.402463883162,-0.396521687508
672,1.13109374046,-0.409898400307,0.644480705261,-0.141411408782,-0.593444764614,1.15387189388
5710,1.06197166443,0.64358663559,-0.0971641689539,0.550158321857,-1.48127555847,0.265704512596
2115,-0.471378147602,-0.807949542999,0.457086622715,0.447315812111,-0.38798391819,0.61830586195
7015,-0.347816705704,-0.476652473211,0.80423104763,-0.789447367191,0.227615103126,-0.489041417837
8726,1.11991941929,0.560081064701,0.492761105299,0.662151157856,-0.705034017563,0.407828211784
2185,-0.273209214211,-0.484032690525,-0.225493893027,-0.836902856827,1.23072063923,0.0700781792402
3315,1.55235791206,0.598452329636,-0.82212293148,0.674011409283,-0.809584379196,-1.22919535637
5289,-0.409586369991,1.07366621494,1.00533294678,-0.293640136719,0.590382039547,-0.0626557022333
868,1.45216870308,1.07256829739,-0.690129160881,0.922575354576,0.308325618505,-1.51246201992
1677,-0.0456366352737,-0.966352462769,0.917959094048,-0.201242446899,-0.087935000658,0.23698797822
7043,0.140722244978,-0.161881297827,-0.966482937336,-0.0466974079609,1.63365221024,-0.729993581772
5613,-0.0659563839436,-0.746932506561,-0.560288190842,-0.160489216447,1.45968222618,0.416583746672
595,0.815629124641,0.643782973289,-0.158254653215,0.484164595604,-0.507457077503,-0.27957084775
4793,0.861621677876,1.55465722084,-1.72680521011,-0.989320576191,-0.179898634553,0.142336070538
2736,0.796914339066,0.623814642429,0.645931601524,1.69521689415,1.07289540768,-0.593778312206
5290,0.0412930995226,-0.328609824181,0.130854129791,-0.16103450954,0.965582430363,0.164437800646
6194,0.0383802652359,0.661223292351,-0.00144069758244,0.275412470102,0.843982577324,-0.137283951044
1676,-1.9937864542,-0.254188597202,-0.166219830513,-0.279039829969,1.23303484917,-0.165420383215
23512,0.804407596588,-0.380248904228,-0.560216188431,0.131556347013,-0.671666145325,0.909669995308
148022,2.37289905548,1.17196822166,0.410870492458,-0.871940493584,1.71008181572,-0.67048728466
1906,-0.93546640873,-0.626847684383,-0.0782216116786,-0.548621892929,1.00950789452,-1.16051244736
8878,0.417120873928,-0.09679043293,-0.274506002665,0.517635464668,0.263571321964,0.846631228924
3091,-0.222634032369,-0.914221227169,-0.0913661569357,-0.259244084358,-0.90776181221,0.912870943546
5743,-0.256190925837,-0.915533423424,0.575342774391,-0.355128914118,-0.119422346354,0.585723876953
5321,-1.02663743496,-0.636763393879,0.135491043329,-1.03497076035,0.732901871204,0.0951610282063
4144,-0.795788407326,-0.462112396955,0.0978910475969,-0.901009559631,0.0483769997954,0.0387777686119
1981,0.315111398697,-0.604589164257,-0.66075605154,0.459832727909,-0.723296046257,-1.94347500801
695,-0.322216033936,0.319865345955,-0.0108504705131,0.328387737274,0.421927928925,-0.598284482956
10398,0.411462128162,-0.316541016102,0.660994887352,-1.78843724728,0.278778970242,-2.51992321014
5708,0.265600115061,0.327011048794,-0.273485809565,-1.02525067329,0.713697612286,0.27380001545
1213,-0.267593741417,1.07886946201,-0.750341415405,0.780567884445,-0.732202291489,0.621802568436
226,0.807214677334,0.262134104967,-0.616768836975,0.0940361320972,-0.742612063885,-0.680343270302
6777,-0.143221855164,0.113109976053,0.436527788639,1.03574597836,-0.0412994623184,-0.946391820908
2113,0.425930678844,-0.709262430668,0.174969762564,-0.809648692608,1.60176205635,-0.784479498863
3329,1.20893907547,-1.31546866894,-0.955020606518,-0.422636836767,-1.78419876099,-0.567404270172
1050,1.02953767776,0.121312826872,0.038647800684,0.756698787212,0.241247132421,-0.70983684063
9491,-0.271589279175,-0.424665600061,0.493868798018,-0.92223906517,0.698986589909,-0.549747943878
22926,0.499611079693,0.584705471992,-0.833229422569,-0.0859626680613,0.659260571003,-0.164190888405
5899,-0.437296926975,0.0839883089066,0.545850992203,-0.54787927866,0.0386581122875,-0.185788720846
5467,0.393637359142,0.421090662479,-0.053030796349,1.06280338764,0.754819393158,-0.0771931260824
6774,0.757360339165,-0.083634570241,0.553870081902,0.816050112247,-0.620050549507,-0.209405571222
1788,-0.0283217430115,-0.211316406727,0.798598706722,-1.13378846645,1.66781330109,-0.139732673764
5921,1.16364085674,0.888237059116,-0.886347651482,1.91924107075,-0.120482653379,0.465024709702
5721,-1.53509140015,-0.332405090332,-0.276088148355,-0.265744864941,0.0607127249241,0.290229707956
2263,-0.447519749403,-0.72098326683,-0.299781322479,-0.381232082844,0.792247653008,-0.0768881142139
808,0.369489371777,-0.12003415823,0.492651104927,-1.52816545963,-0.192318946123,-0.970421552658
30001,-0.125613212585,0.000733852386475,0.695606529713,0.365381121635,-0.701220750809,-0.630510807037
348,-0.0964038819075,-0.0350267142057,0.181169331074,-1.10451436043,0.259466320276,-0.3303565979
30849,-1.37483370304,0.249866470695,-0.361089468002,-0.901058912277,-1.20937407017,-0.0908622145653
1454,0.497846245766,0.0599594675004,-0.00194494170137,-0.0005662094336,-0.663154125214,-0.456634283066
6500,0.224622607231,1.05228483677,-0.235109046102,1.06724095345,-0.242874443531,0.296086251736
5627,0.781124532223,0.455081194639,0.0263850949705,0.782587528229,-0.985829055309,0.617667198181
5715,-0.254613697529,0.0485613197088,0.738410890102,0.825224637985,-0.814618647099,-0.750763773918
4791,-0.030079998076,-0.729927182198,0.236043468118,-1.09587335587,-0.421789497137,-1.35507798195
56924,-0.284187942743,0.270097523928,-0.739165961742,-0.668065011501,-0.42387971282,0.289109885693
2690,0.447973966599,0.239256694913,0.500896394253,-0.328011870384,-0.938192307949,-0.256697058678
1019,0.401138305664,0.0286764614284,0.894468128681,0.514105439186,-0.502283394337,0.27829605341
51422,0.724352359772,-0.381970047951,0.128208130598,0.823643922806,0.139466375113,-1.71518611908
5788,-0.0331128835678,-0.0469854623079,0.110098458827,-0.609236836433,1.94821715355,-0.239831343293
6709,-0.605803847313,0.0316374376416,-0.931203782558,-0.725237190723,-1.09629964828,-0.228021711111
1277,-0.512636184692,-0.232741355896,-0.0238631591201,0.281238645315,-0.969660282135,3.67908859253
993,0.464924812317,0.137893110514,-0.433704108,-0.066333964467,-1.25364768505,-0.039423532784
7157,0.427946329117,0.241479799151,0.41785082221,-0.5633212924,-0.720267176628,0.579740464687
1958,-0.322847992182,0.77753341198,0.200273305178,-0.882524847984,-0.00526040792465,0.021317884326
4582,-1.26814305782,0.256251484156,-0.73771739006,2.36004042625,0.611629009247,-0.466800153255
9212,0.380196094513,0.0654955506325,-0.503055036068,0.103240936995,1.86474406719,-1.23782503605
8440,0.446527302265,-0.304851055145,0.50730317831,1.50192523003,-0.286180526018,0.561753332615
6790,-0.172036916018,-0.423326015472,1.43549859524,0.668797492981,0.280074894428,-0.362381458282
8851,0.288274854422,-0.0922959148884,0.239871829748,0.840195775032,0.400709092617,0.311243265867
2534,-0.309824645519,0.34122377634,-0.886988461018,-0.585977196693,-1.13376903534,0.40785753727
4893,0.33963650465,-0.4275380373,0.206324160099,-1.26083993912,-0.078170709312,-0.544549763203
665,-0.133280918002,0.480796396732,-0.0712800770998,0.256259292364,-0.646859049797,0.46000957489
4313,-0.427086949348,-0.0806405246258,0.0225196480751,-0.0166245922446,0.974372923374,-1.85330712795
1022,0.982397437096,0.292096734047,1.00268352032,0.8744982481,0.372802913189,-0.421438276768
5880,-1.29300785065,-0.214641794562,1.39668142796,-0.923560738564,-0.661483049393,-0.0617948696017
3162,4.07592821121,0.758727073669,1.36235225201,3.18313360214,9.81596851349,9.53850078583
1282,-0.08484390378,0.0136992633343,-0.278627187014,0.42904022336,-0.641399383545,0.108786508441
3383,-0.593514442444,0.0548528432846,0.406909912825,-0.367380261421,0.10041180253,-0.571381986141
727,-0.305518388748,-0.670192837715,1.09706103802,-0.222752839327,0.322732716799,-0.218534067273
4792,-0.0620062947273,0.486128032207,-0.895951509476,0.0982686281204,-0.252707391977,-0.309707760811
4794,-0.508202672005,-0.230352923274,0.0726063102484,-0.489608049393,1.19539856911,-0.0496636629105
902,0.618448376656,-1.17315769196,0.00321552157402,-1.52393603325,0.182865262032,0.09026029706
8091,0.166028499603,0.498691260815,-0.709704756737,-1.41455793381,-1.50157511234,-0.975434958935
3486,0.289310395718,1.04645574093,0.702930688858,-0.940185010433,0.568067610264,0.705794990063
10818,-0.18916028738,0.804771542549,-1.25652587414,-0.284224450588,2.15346026421,3.78607869148
3454,-0.65587747097,-0.326449513435,-1.49872326851,0.0471887476742,1.04950928688,-0.458810865879
4282,0.476046681404,-0.22178183496,0.806870937347,0.849069952965,-0.0921047627926,0.654422700405
1605,-0.156856924295,0.203533709049,-1.43208885193,0.453138589859,-1.00165224075,0.13278926909
10644,0.523763418198,-0.196121007204,-0.609975814819,-0.584056079388,0.00747771933675,-0.46018910408
2065,0.485344469547,-0.521628141403,0.712745726109,-0.45853292942,0.909476518631,-0.721815884113
8321,-0.21945092082,-0.593482017517,0.0558926314116,-0.849709510803,0.948452293873,-0.0321301296353
8503,0.360893547535,0.35087916255,-0.806262016296,-0.133411988616,-0.637727439404,-0.228289812803
7027,-0.149839863181,-0.387812018394,-0.942570269108,-1.08217310905,-0.33349224925,-0.570383608341
6850,0.39210036397,-0.867849826813,1.38005697727,-0.747931718826,0.552278757095,-0.308964639902
1978,0.465732991695,-0.0144664049149,0.289011359215,0.479348242283,0.526138842106,-0.660270810127
896,0.923908114433,0.614054918289,0.36321502924,-0.208785504103,-0.553009450436,0.438549309969
5777,0.180053576827,-0.977426767349,0.785541832447,-0.0507104843855,0.236487805843,0.308778226376
1846,0.0378175005317,-0.580012321472,0.00405038893223,-0.387962371111,-1.22446227074,0.0768100917339
5925,-0.17141070962,-0.309267520905,0.936467289925,-0.343728363514,-0.00681841373444,0.365430921316
142,-0.198115468025,-0.467203736305,-0.636374950409,0.60666513443,-0.302348017693,-0.169412285089
1021,-0.789446175098,0.285793244839,0.131917223334,0.525198698044,-0.278904497623,-0.663155674934
5699,0.295627236366,-0.624267756939,0.511532843113,-0.0436888113618,0.50817990303,-0.484647244215
8061,0.862589478493,0.187041863799,0.563977122307,-0.359723806381,0.349587619305,-0.749287128448
1870,0.510920643806,0.0207388736308,0.436251699924,0.350376784801,-0.124570660293,-0.661815285683
1398,0.851319849491,0.5743445158,-0.0113760167733,0.914273440838,-4.50766658783,-0.0309571325779
3312,1.05518651009,0.357510924339,1.73372292519,0.181137248874,-0.0206324756145,0.0423417389393
891,-0.291319698095,-1.57362258434,0.0739812403917,-0.914385676384,0.486267983913,-0.385112226009
4775,-0.0750272125006,0.215808957815,-0.706485629082,0.278065383434,1.6145939827,-0.435878396034
5111,0.537822842598,-0.0901877135038,-0.0445308536291,0.584647834301,-0.0537502765656,0.857117593288
5696,-0.0215230882168,0.648879289627,2.05179810524,-0.760022044182,0.60032749176,0.47241717577
5588,0.383926272392,-0.787349104881,0.71805536747,1.99057710171,1.64551663399,-0.435274302959
6839,1.20694994926,-0.278451800346,-0.179047748446,0.0652644783258,-0.0271145403385,0.418748348951
329,0.503127217293,-0.652017056942,-0.402512431145,0.132191359997,-0.104314230382,-0.361327558756
5058,0.318386465311,-0.599112272263,0.520808279514,0.00641110539436,-3.24057650566,0.165614590049
998,-0.355274647474,0.606935381889,-0.726309657097,1.61495983601,-0.136298641562,1.36607658863
9134,-0.582856416702,-0.966188073158,0.520253539085,-1.5064997673,-0.956441640854,0.53284651041
6616,7.12623310089,-0.2793199718,-0.932315349579,0.00177589058876,0.486608415842,-0.0264659821987
5223,0.983644247055,0.683876335621,-0.710979819298,0.891870260239,-0.598936080933,-0.360731899738
4690,0.721590995789,-0.106178879738,2.86422801018,-0.813217401505,0.573974788189,-0.0537904798985
958,-0.771481573582,-0.510812580585,0.523972690105,-0.977924585342,0.9117603302,-0.17998111248
1616,0.318973630667,0.0442733801901,0.608632028103,0.796362102032,-0.927599072456,-1.03052937984
991,0.341464817524,0.185244500637,-0.459685981274,-1.13160800934,1.39960622787,-0.851311683655
6347,0.781719207764,-0.649994969368,0.303564310074,-0.795790314674,0.382238179445,0.131575599313
6714,0.601693630219,0.80872875452,-0.675241410732,1.21136271954,-0.884325444698,0.570484817028
652,-0.37092012167,-0.817320525646,0.217765986919,-1.01784479618,0.423177182674,-0.145225137472
4331,1.40555560589,0.174597844481,-1.27694702148,0.329779863358,-0.0187691450119,2.22074437141
7099,0.227120280266,-0.863116621971,0.36170938611,-0.82398211956,-0.0366046689451,0.484161913395
10320,-1.2100943327,0.130068808794,-0.600324273109,-0.51836335659,0.0445476919413,-0.104265481234
2042,-0.143316730857,-0.0894626528025,-1.23315179348,0.681890547276,-0.234530597925,1.04535365105
843,-1.07494497299,-0.778117179871,0.118433140218,-0.548209190369,0.300164759159,-0.611658751965
840,0.137031003833,0.762178063393,0.294582694769,1.41882169247,-0.429895401001,0.329250186682
7048,2.17881202698,-0.18982231617,-0.829349935055,-0.392904937267,1.07681596279,1.01025724411
4851,0.413922220469,-0.226553604007,-0.697268605232,0.515379726887,0.876009583473,1.13708114624
6464,-1.55621552467,-0.452831447124,0.851631343365,-0.621799588203,0.869734883308,-0.0508099682629
23410,-0.371983915567,1.81203699112,-1.17162573338,1.25513529778,1.5729842186,0.493116259575
54205,0.0922590643167,-0.97179543972,0.060712762177,-1.95574903488,-0.574262738228,0.200903356075
2770,-0.535853028297,1.01092469692,0.260941833258,5.46309232712,-0.0367859005928,1.29010641575
80204,-0.178375571966,-0.582474648952,-0.266438543797,-1.12652039528,0.461996644735,0.453222930431
4208,-0.269617199898,-0.306540220976,0.0983107015491,-0.593973040581,0.768027067184,-0.28073745966
1845,0.368568867445,0.141780748963,0.252249717712,-0.673000514507,-0.597356915474,-0.237763956189
23368,-0.249753504992,-0.178510844707,-0.585706412792,-0.802491486073,0.660428822041,-0.561882436275
5583,-0.43580198288,-1.53738367558,-0.0995979830623,-1.09681034088,0.499059319496,0.157629132271
8900,1.21164977551,-1.0429970026,-0.68618029356,-0.258616566658,1.38755691051,-0.219134509563
581,-0.585964441299,-0.232457995415,-0.115715950727,-0.754157304764,0.784577012062,-0.71986335516
6193,-1.4315418005,0.242725163698,-0.308685511351,0.59913444519,-0.0204467475414,-0.372012138367
6622,0.848192870617,-1.01812195778,-0.337576925755,0.17058826983,-0.507398545742,-1.43709599972
11261,-0.714971899986,-0.754655003548,-0.984869897366,-0.0979603752494,-0.663790464401,0.11399526149
6696,0.86346244812,3.43966197968,-0.303170919418,0.959067761898,0.360189467669,-0.402045875788
8312,-1.03089785576,-0.13109049201,-0.86439883709,1.06104683876,-0.167556509376,-0.237829208374
835,0.121822938323,-0.396377503872,-0.747476577759,0.511164784431,-0.474745392799,-0.553145587444
8324,0.880475580692,0.558506071568,-0.0451246425509,0.739399075508,0.339378684759,0.581093251705
1848,-0.385303527117,2.2119383812,0.198991179466,-0.703488528728,1.41567206383,0.664705276489
154,-0.820034921169,1.94401586056,2.1429643631,0.201848685741,0.372363686562,1.03784096241
4312,0.315384060144,0.0667895674706,1.22531759739,2.37664842606,0.254895746708,-0.323938816786
994,0.0629099011421,0.418117344379,-0.376007556915,0.514441907406,-0.19805559516,-0.721142172813
2048,0.602498233318,1.91954290867,-0.180340528488,1.07196700573,0.310311615467,-0.0103343129158
1111,-0.390600442886,-0.172901436687,-0.500776052475,0.472265392542,0.0953627452254,0.267081767321
5154,1.17596101761,0.330248475075,-0.382401734591,-0.77500462532,0.301249802113,-0.0832936093211
2920,-1.01599514484,3.3659620285,-0.814347982407,-0.0945144593716,0.475966662169,-0.36113396287
3122,-0.55605584383,-0.751601457596,0.015125926584,-0.869715929031,0.252857357264,-0.237143799663
2769,-0.403233498335,-0.191484242678,0.909459590912,-0.706782341003,1.0583717823,-0.54933989048
5900,-0.488279640675,0.345267146826,-0.259047925472,1.37152278423,0.154809087515,1.01607561111
6304,-0.224129676819,0.847585082054,1.13481616974,0.272668004036,0.99515658617,0.730390310287
5211,1.18699610233,0.540780901909,-0.759218513966,0.50852394104,0.428402125835,0.21759352088
2886,-0.0254108309746,-0.15731164813,0.119065120816,0.120528116822,0.521468102932,-0.0256925299764
9261,0.691403508186,0.516085505486,-0.345858961344,1.22319149971,-0.82829284668,-0.353368580341
8569,-1.01758873463,0.175854355097,0.434353798628,-0.106537431479,0.190225452185,0.00476973503828
3303,2.63301348686,-0.691305696964,1.3247179985,-0.906183183193,-0.543948054314,-0.51259469986
5331,0.821867465973,-0.150326222181,-0.589007854462,-0.132150232792,-0.57489746809,0.361065894365
5347,1.26262593269,-0.28573423624,-0.816215336323,0.142839968204,0.170063406229,-0.785257697105
4638,1.95286202431,0.512534618378,-0.71572124958,-0.702107965946,0.561131477356,0.133668154478
2264,-0.0981621742249,-0.894127964973,-0.899886250496,-0.0227637737989,2.39577388763,0.890409767628
1029,0.171229705215,-0.584042727947,0.846558451653,-2.62242007256,-0.404779195786,1.2927646637
1027,0.0440344959497,0.84529286623,0.495493769646,0.0519599318504,-0.751730918884,0.396992176771
2597,-0.000121782170027,0.0,-0.000377529184334,0.00038977683289,0.000181172465091,0.000283337256406
55847,-0.864147186279,-0.662366747856,-0.367353081703,-0.905622839928,0.922327160835,0.679775714874
25803,-0.222093939781,-1.44589483738,0.579316437244,-0.512486517429,1.4572634697,-0.43415594101
3480,-0.688524007797,-0.779309868813,-0.507617473602,0.110245242715,-0.0815771818161,-0.67561340332
2946,0.0180655792356,0.084238730371,-1.67326283455,-0.534407615662,-0.541370153427,-1.2880461216
9517,1.050563097,0.22864754498,-0.538195312023,0.819842100143,-0.000180825591087,-0.414468854666
25987,1.23261427879,0.314623653889,0.0951798260212,1.06039786339,0.18173083663,-0.0589398741722
23670,0.7599568367,-1.85807216167,1.48822724819,0.320561379194,-0.805981755257,0.65439593792
11182,-0.69334512949,-1.90575420856,-1.37925088406,-0.430657505989,-4.25118923187,-1.40349721909
2146,1.95863652229,0.500014364719,-0.0313240326941,1.5574233532,-0.143742263317,0.212449446321
3385,0.670587718487,0.806090474129,-0.522590577602,-0.779730558395,-0.138606280088,-0.306924909353
5261,-0.048222437501,-1.11091673374,0.415481805801,-0.670866847038,0.0357298254967,0.584445297718
10765,-0.194241464138,-0.628978490829,-0.634627223015,0.561407208443,0.12237995863,-0.271850943565
25839,-1.36962342262,0.311372190714,0.707683205605,0.698663592339,-0.438510417938,-0.461797565222
4172,0.806225001812,0.603558540344,-0.372818380594,1.02235066891,-0.0857823491096,0.383288055658
23161,-0.6936185956,-0.344425618649,0.694421112537,-0.588317632675,0.289958417416,-0.160193175077
10298,0.23903696239,-0.72493827343,0.715794026852,1.37411618233,0.470275759697,-0.873444795609
1802,-0.613447487354,-0.257814586163,1.5868588686,0.200245678425,-0.670338213444,-1.53024446964
58533,0.227116748691,0.419844150543,-0.210093915462,0.681399941444,-0.272208690643,0.743157625198
147179,-2.37399220467,0.45205116272,-0.00948432460427,-1.02699160576,0.0449972450733,0.467461913824
29937,0.545059144497,0.19366273284,-1.01551091671,-0.461494773626,-1.46337664127,-0.25799036026
6184,1.01714241505,-0.887105464935,0.140565723181,-1.70348834991,-0.606784343719,0.866582214832
9854,-0.234457850456,0.362698495388,0.0436686649919,-0.636229634285,-0.614464581013,-0.175782322884
2553,0.373900145292,0.793691158295,-0.369542777538,0.556714773178,0.119224749506,-0.743146657944
5440,-0.063523247838,-1.09624314308,0.978732049465,-0.398219943047,-0.03036698699,0.845995426178
54623,0.167062669992,-0.289667725563,0.106884114444,-0.78659260273,0.729095757008,0.313861817122
9533,0.111910670996,-0.0882455632091,0.530831813812,-0.805983901024,-0.15456789732,0.00940384343266
8607,1.0097117424,-0.0880635082722,-0.569597184658,-0.321418076754,0.892193496227,0.0951257497072
207,0.366042107344,-0.0749307572842,-0.263892620802,0.497076690197,-0.202737182379,-0.911978423595
26054,-1.14380550385,0.706296443939,0.750536799431,0.623152911663,0.0563107281923,-0.220714539289
10682,-0.488736689091,-0.66777908802,-1.5313192606,-0.773237526417,-2.11326432228,-0.959065079689
8573,-0.600695610046,1.00390529633,-0.497487515211,2.0300385952,-0.913088202477,-0.9183781147
23378,-1.34225845337,1.28414785862,0.673132777214,-0.344857752323,-0.112289920449,-0.95419549942
8553,0.649439632893,0.679760396481,0.444690406322,-0.735736072063,0.551361680031,-0.320885360241
622,0.598282158375,0.123968616128,0.254202991724,-0.106625959277,0.335609942675,-0.12279394269
9467,0.1081623137,0.0933829173446,0.16498811543,0.215224921703,0.214545384049,-0.372326523066
5525,0.403625577688,0.683937549591,0.351942837238,-1.12018084526,0.108996450901,-0.69273096323
256364,-0.206822454929,1.00149440765,0.344290018082,-0.638518989086,0.542884945869,0.324803411961
332,0.339729487896,0.0932090803981,0.32162335515,-0.355326354504,0.444508820772,-0.935729384422
2058,0.54918217659,0.835342466831,-0.362049400806,0.0184874981642,-0.404914706945,-0.828155040741
7849,0.0405611246824,0.479440122843,1.1030151844,-1.3498737812,-0.204441517591,0.0384197048843
23244,-0.43317759037,0.699799537659,0.807453334332,0.0121159702539,-0.199640005827,-0.262381821871
7494,0.421831071377,1.63566231728,0.356809705496,0.61665481329,-0.857693493366,-0.380909860134
4836,0.0121566802263,-0.0794607102871,-0.0745065808296,-0.657298326492,0.312406361103,-0.348161667585
23647,0.0137147009373,0.24147105217,-0.230604201555,0.708865523338,-0.773321628571,-1.10303843021
10617,-0.269944727421,0.0867455601692,-0.102033004165,0.397115916014,-0.246784925461,0.14254078269
2184,0.598079025745,0.219511955976,-0.462781071663,1.0131957531,-0.461191356182,0.492080003023
5355,-0.545022428036,0.859730303288,-0.293783038855,-0.541387319565,0.784945607185,-0.657142043114
6659,-0.366210728884,0.320978224277,-0.00222421460785,0.000922246312257,-0.481108009815,-0.499740540981
7016,-0.419543355703,-0.644751429558,0.0761345103383,-1.4569067955,0.877744913101,-0.493381857872
90861,-0.444132596254,-0.198878958821,-0.692584991455,-0.0927301198244,-1.28163826466,-0.765189826488
10670,0.092218965292,1.19280767441,0.781395435333,-0.0728554204106,0.455295652151,0.0403551235795
79071,-0.0247158054262,-0.417389631271,-0.987688302994,-1.96039807796,-2.49923038483,-1.60126435757
64746,0.274093598127,1.00140702724,1.21938788891,0.647113800049,-1.10108017921,0.76790201664
5366,-0.742723822594,-0.6446570158,0.75668489933,-0.726070702076,0.720966458321,-1.74647092819
11344,-1.04040813446,0.258359014988,-0.256426632404,1.1003882885,0.0625947862864,-2.28701281548
10013,-0.293260157108,0.194029688835,0.467546522617,0.709684312344,-1.01900935173,-0.0803935825825
5829,-0.10837239027,0.397342324257,0.0933060199022,-0.00110179989133,0.0213188994676,0.357193827629
5257,0.302905321121,0.639197349548,-1.27440619469,0.926534771919,-0.455605745316,0.0512192733586
22794,0.757708668709,1.44737815857,-0.0796664953232,0.665209233761,-0.285167098045,-0.00528949126601
9761,-0.00169822573662,0.3582226336,-1.99730420113,0.557784557343,-1.04196882248,-0.525772809982
23326,-0.206547945738,-0.358373582363,0.00297927320935,0.00257902801968,-0.275768250227,0.529460608959
10972,0.0525426641107,0.595720291138,-0.941934227943,0.740267395973,0.47765403986,-1.22241687775
10523,0.0919463634491,0.179628223181,-0.431676208973,0.0546340197325,-0.821761488914,-0.144291400909
79090,-0.0938337743282,-0.743043065071,0.114027291536,-0.0457788109779,-0.503032386303,-0.265245258808
27032,0.562249898911,0.247062295675,0.347844451666,0.0575389489532,1.51714932919,-0.173399627209
9097,0.763496756554,0.0113788843155,0.245171397924,-1.15455389023,-1.04635643959,-0.40864688158
10513,0.944805920124,-0.184930875897,1.02742314339,2.34952282906,-0.252626806498,0.668692946434
1891,-1.51454353333,-0.895075321198,0.133241206408,-0.430407255888,0.866231322289,0.0811618641019
3066,-0.075329169631,0.589958310127,-0.493428498507,0.923059046268,-0.385563075542,-0.311415195465
9801,0.887576401234,-0.178469926119,0.561928927898,0.674410283566,0.21145299077,0.273103773594
1459,-1.0527728796,-0.188275575638,0.297512531281,-0.930441260338,0.341377079487,-0.45324447751
9703,0.409976124763,-0.163652122021,-0.384638041258,-0.744531095028,-0.49043816328,-0.684166669846
10606,0.698750138283,0.571486711502,0.814500689507,0.696196198463,-0.916493296623,0.208216577768
1017,0.167890802026,-0.0222051590681,0.399285197258,-0.618919730186,-0.46033000946,0.402346611023
9813,0.2111043185,-0.00450349599123,0.307386875153,-0.476395040751,-0.0991465970874,-0.406130731106
7485,-0.28576233983,-0.677377402782,0.382710039616,1.29093050957,-0.528359532356,0.765144467354
2109,0.962851047516,-0.158619225025,-0.0704395696521,0.380615204573,-0.857380211353,-1.21503865719
23271,0.760771691799,-0.622200608253,0.0687106922269,-0.26306065917,1.01481533051,0.880882441998
9915,-1.40201663971,-1.32939791679,0.000152936350787,-1.29220128059,-0.00292368233204,0.0209187790751
9552,-0.47837471962,0.0129069462419,-0.865022182465,0.785503923893,0.661504805088,0.103102058172
93487,-0.111336708069,0.272821336985,0.944299221039,0.848671674728,-0.61014008522,0.567640483379
2956,-1.56452918053,-0.14965185523,0.313547253609,0.0796098411083,-0.774300456047,0.217253416777
11065,1.02076220512,0.177150934935,-0.0663042217493,0.377999663353,0.0643421560526,0.164339154959
9653,-0.813158869743,-0.424612879753,0.341004729271,-0.997170686722,-0.176398739219,0.413003027439
200081,0.409940987825,0.207255214453,-0.574616074562,0.538984775543,-0.745826125145,0.366417944431
3337,-0.834464550018,0.0841898322105,-1.06187653542,-0.137493148446,-0.646811425686,0.270587772131
11073,0.806264340878,-0.388310223818,-0.011647474952,-0.502154052258,-0.00850521028042,-0.120906203985
23,-1.30579841137,-0.633963823318,0.0740100815892,-0.37281948328,0.776482224464,-1.07800924778
5641,-0.353835880756,0.557940125465,0.654352545738,0.0299714803696,-0.622844338417,-0.55782020092
8720,3.16194915771,0.195825397968,1.119333148,-0.261901259422,1.10430812836,0.499957561493
10782,0.159871250391,-0.476819455624,0.808808207512,0.178227394819,-0.657289981842,0.0714089423418
25932,-0.44929304719,0.239259764552,-0.441395103931,0.0559208989143,-0.733851969242,-0.249167993665
3028,0.450494617224,0.16328085959,-1.54430639744,0.0199422687292,-0.0793344676495,-0.996245622635
6804,-0.660267055035,0.209269538522,-0.481475561857,0.208458900452,-0.565925836563,-1.20261502266
890,0.965474128723,0.422403037548,-0.79555028677,-0.54935503006,-0.166317507625,-0.748341739178
6390,0.696867704391,0.0179489441216,1.03308486938,0.109570465982,-0.661276042461,0.090563185513
4303,0.359910577536,0.625323176384,0.360134571791,-0.00492141395807,-0.28706368804,0.765778899193
10953,0.709653615952,0.38646030426,0.551014661789,0.468883097172,-0.696940004826,-0.476222217083
22889,-0.0291906148195,-0.691409111023,-0.618379592896,-1.00016212463,-0.922271728516,0.312261283398
3098,1.03332650661,0.725013375282,-0.334925949574,1.0916069746,0.110674761236,-0.122899517417
11044,-0.419967770576,-0.642089247704,-0.762105345726,-0.172770887613,1.0736181736,-0.0445346981287
8985,0.45625987649,0.309887528419,-0.887714266777,-0.370874106884,0.561743497849,-3.06646466255
66008,0.0735727548599,-0.223608851433,0.433322221041,0.655457794666,-0.1688798666,-0.699022054672
9217,0.201163545251,0.353299379349,0.0391218587756,0.430231243372,-0.026053333655,-1.0418214798
701,-1.09330272675,-0.321606904268,0.00571924448013,-0.963575601578,0.898678839207,-0.484582901001
6182,0.712383151054,0.550461232662,0.264251470566,0.798823356628,-0.53784763813,-0.732145547867
4860,2.00286793709,0.385899782181,-1.01787436008,-0.0268686041236,-1.54649281502,-0.678735256195
7398,0.0258885771036,0.155482381582,0.0553293898702,0.305062711239,-1.06914043427,0.266194790602
6117,0.438004493713,0.42942532897,0.34525424242,0.931045651436,-1.07215070724,0.610284864902
23588,-0.105394817889,0.5526689291,1.16402447224,-0.422214984894,-0.0986163169146,-0.642145991325
949,-1.10981762409,-1.11002731323,-0.1185580194,-0.658344268799,-0.668583869934,1.81471931934
7168,-0.442081332207,0.101363889873,-0.612005352974,-0.690230250359,-0.230034396052,-1.48848891258
9375,-0.813138663769,-0.0984975025058,-0.538234710693,0.750655353069,-0.861962378025,1.31919538975
4927,1.02574872971,0.118987053633,-0.500391066074,0.539755225182,-0.196971476078,-0.454945504665
2523,-0.329074442387,-0.699682950974,0.464428126812,-0.753863334656,1.0304672718,-0.11153383553
58497,0.988265514374,0.666384458542,0.949875414371,-0.264850080013,1.03587806225,0.525074660778
6856,0.594119489193,0.984544575214,-0.309947371483,-1.07876038551,-0.659312009811,-0.283656805754
26036,-0.643741071224,0.426446914673,0.617492675781,1.62699651718,-0.978661596775,0.848741948605
10206,-0.00832122564316,-0.471543997526,0.365268290043,-0.620417237282,0.993906438351,-0.244718432426
25793,0.0423761755228,0.861120998859,-0.703484773636,0.0703913867474,0.504455804825,0.656155943871
55556,0.338878363371,0.42988306284,0.819946169853,0.396911859512,0.91856098175,0.0556540340185
3978,1.04347991943,-0.114677213132,-0.505391478539,0.0378983765841,-0.852140426636,-0.389583468437
10681,1.145144701,1.15829658508,1.3106867075,1.02743721008,-0.564858138561,-0.841342508793
3638,-5.47362661362,-4.72713184357,-1.17948293686,-5.19416379929,-2.18551063538,-1.00758183002
8349,-0.965434074402,-0.598196864128,-0.10444585979,-0.451502084732,0.709329068661,0.106488645077
6275,-0.258552283049,-0.418314099312,-0.878983736038,-0.461480617523,-0.488936185837,0.182218819857
3895,-1.29022431374,0.310051649809,0.504152059555,0.503940880299,-0.0919185876846,0.381586462259
392,-0.19759131968,-0.0453760027885,-0.0762503817677,-0.898962140083,0.969034433365,-0.0788548588753
9170,-0.502235114574,-0.816168725491,-0.438311368227,-1.42384672165,0.274101912975,-0.159867137671
80347,-0.348978161812,-0.103979259729,-0.662921011448,-0.532364785671,-1.15207910538,-0.0111422687769
23300,-0.164704695344,0.0892107188702,-0.487057447433,0.99622297287,-1.25114965439,0.986178934574
836,-0.0100283846259,0.40485137701,0.0167076736689,0.10411952436,0.631555736065,0.531855523586
11188,-4.85195875168,-0.458226203918,-0.0924796164036,0.540692269802,-1.13122320175,0.0165195502341
10898,0.573339819908,0.0534219145775,-0.109869554639,0.395347177982,0.292113274336,1.3285882473
9276,-0.438142895699,1.17744112015,-0.118177331984,-0.222939252853,0.524785101414,-1.01702642441
1647,-0.62858581543,-0.424619734287,-0.132559478283,-0.896770000458,0.0804601460695,0.439323484898
10285,-0.00136061012745,-0.794036507607,-0.172640502453,-0.849036216736,-1.1071126461,0.103600494564
23386,0.594530701637,0.93104660511,-0.14053581655,0.966579556465,-0.783316671848,-0.986807048321
3156,-1.36541724205,-2.36215472221,-3.43958544731,-2.43752861023,-6.76456403732,-1.84699726105
10237,1.05777800083,1.11602687836,0.062826603651,0.824543535709,-0.430801004171,0.0564216449857
7077,0.532192230225,-0.253150463104,-0.160520419478,-0.91315305233,0.863677501678,-1.31191158295
11157,0.423919290304,-0.173369795084,0.482366174459,0.291318565607,-0.965489864349,0.529362380505
22908,-0.243466794491,-0.112010583282,0.554101586342,0.750135958195,-0.356567114592,0.390158474445
10915,-0.582381725311,0.672567844391,-0.0167435482144,0.334875047207,-0.708048760891,-0.628803670406
9897,-0.790302693844,-0.053280826658,0.332935214043,-0.227256774902,1.30564367771,-0.0409148037434
1759,-0.389188915491,0.639859855175,-0.236174881458,1.03351378441,-0.14013299346,0.620095849037
54541,-0.051613882184,0.200748920441,-0.137688338757,-1.60801339149,-0.432543188334,-0.183714568615
211,0.756252288818,-0.0540759339929,-0.0523232445121,1.17055845261,1.36340498924,0.937848567963
5048,-0.383673429489,-0.327754795551,0.754701852798,-0.0729444995522,1.25271630287,-0.277992576361
84722,0.118826419115,-0.70910680294,-0.582240641117,0.0736387968063,1.89936435223,-1.3893020153
29890,-1.37395489216,0.141211360693,0.380302548409,0.650666475296,-0.0279038399458,0.149463132024
9868,-0.769666790962,0.232028752565,0.922365903854,0.478439152241,0.25184237957,-0.341836214066
873,0.10012036562,0.0928747951984,0.504493176937,-0.512657284737,0.296513915062,-0.373782813549
5580,0.862628042698,0.226604372263,0.665289521217,-0.912738442421,0.752182781696,-0.896086633205
3725,-0.549153804779,-0.660712242126,0.0410057455301,-1.60064804554,0.35359531641,-0.780294895172
23585,0.634673714638,-0.0778754502535,0.574115633965,0.628391683102,-0.506220579147,0.860519349575
51097,0.271601915359,0.481261521578,0.887140631676,4.37486314774,-0.179962843657,0.555240750313
1831,-0.72725725174,-0.2474835217,-0.0682264342904,0.571819007397,-0.5603916049,1.18921339512
7020,-0.446328014135,-0.259420126677,-0.209208086133,-0.00850220024586,0.674435198307,-0.34108543396
55893,0.0192194879055,-0.491599321365,0.0994308814406,-0.920258700848,0.599888265133,-0.607622921467
6944,0.198292955756,-0.435221344233,-0.13526584208,1.09379041195,1.0275888443,0.066855378449
22883,-0.652805924416,0.00765775516629,-0.168620944023,0.813304305077,0.374994248152,0.389363586903
5601,0.385039925575,-0.0536268427968,0.254433304071,-0.6549680233,0.669180452824,-0.636191487312
10775,1.0556101799,-0.0554797053337,0.0977492779493,-0.133681669831,0.52993118763,-0.960357904434
4780,-4.0572013855,-1.91365528107,-0.209170892835,1.64634108543,0.893853485584,-0.345447003841
10904,0.134652972221,0.416088461876,0.4385214746,1.13613700867,-0.597894966602,-0.0448564179242
9917,-0.67592561245,0.139402464032,0.361980766058,-0.629540979862,0.495881944895,-0.589009463787
1399,-0.633154153824,-1.1052646637,0.953477144241,0.101001322269,0.344089031219,-0.0965736731887
24149,0.681107759476,-0.209352329373,0.508305609226,0.493506044149,-0.3605427742,0.837387800217
2222,-2.86381244659,-2.76086688042,-5.13605833054,-4.72968482971,-4.34128570557,-1.79141509533
10131,0.483790159225,-0.419222593307,-0.126704439521,0.136751875281,0.145747095346,-1.11901438236
2958,-1.18414473534,0.197634756565,-0.181082159281,0.498947054148,0.489129126072,-1.39213788509
9650,0.073006272316,-0.414453864098,0.634202301502,-1.01244449615,-0.00447562336922,0.272402107716
7319,-0.0436232239008,0.631169140339,0.926984548569,-0.94012761116,-0.952326893806,-0.4656509161
4817,-0.354973167181,-0.485630363226,-2.49926733971,0.211741730571,0.725447118282,0.0359921753407
9143,-1.47637057304,-0.348359882832,-0.232276707888,0.202414870262,-0.819249987602,0.390854209661
10494,-0.728234052658,-0.261346817017,0.178249716759,0.650073826313,-0.651927173138,-0.565647542477
55324,-0.00576076842844,0.081036478281,0.326510131359,-0.193089812994,-0.356824249029,0.150170862675
23149,-0.922822952271,-0.553700685501,0.414978593588,-0.151033699512,0.735860407352,-0.991890609264
9943,0.298411160707,-0.716696381569,0.040028847754,0.566986739635,-0.467276275158,0.339224010706
6599,-0.276077181101,-0.675476491451,-0.29463070631,-0.655928254128,-0.737620830536,0.507639586926
51031,0.993082344532,-0.0252566486597,-0.604395151138,-0.814996600151,-0.945134282112,0.132261157036
3566,0.292065054178,-0.208725452423,0.411953032017,-0.0733855813742,0.934044599533,-0.584398508072
3815,-1.24316763878,0.0155399516225,0.0157540589571,-0.441699206829,1.39625430107,-0.237525820732
8624,0.896179080009,0.494045525789,0.434575259686,0.645843148232,-0.764790177345,0.249740570784
27346,-1.6978123188,-1.10863876343,-2.24426341057,-1.74146485329,-2.99372529984,-1.21212625504
10489,-0.848417401314,-0.646030187607,0.571606278419,-1.96377420425,0.285587340593,0.191682577133
26128,0.829170048237,0.110829383135,0.255203127861,-0.887068450451,-1.23994159698,0.165930569172
79921,-0.194327637553,-0.0946474373341,0.245270892978,-0.57852268219,0.755319595337,0.353681951761
55746,-2.14878797531,-0.699906826019,0.447423189878,0.31722304225,0.307422637939,-0.135530680418
23636,1.31668162346,0.838329195976,0.0337954908609,0.819861412048,-0.459773480892,0.472827762365
10892,-0.121350266039,-0.408428013325,1.79669809341,-0.28260743618,-0.334660351276,-0.69551461935
10652,0.517552852631,0.346919476986,-0.487672179937,-0.487519323826,-0.643473207951,-0.626754164696
11004,0.368714511395,0.342592477798,0.0151390135288,-0.433468133211,-0.769638121128,0.366583913565
23530,-0.117881461978,0.758789420128,0.549413204193,1.59781742096,-0.577865898609,0.528099536896
8826,-1.22672116756,-0.107858836651,0.129824906588,-0.178354516625,1.33363246918,-0.710575580597
3308,-0.105879724026,-0.248739868402,0.0553155131638,0.200785577297,0.0859604477882,0.114146098495
7153,-0.307525545359,0.306140482426,1.3190022707,0.832633972168,0.0191466212273,0.0868631750345
11041,0.0883558765054,0.201144993305,-0.171531647444,-3.72702383995,-0.568282544613,0.520500659943
6342,0.472864419222,0.411768436432,-0.259723752737,0.718357086182,-0.265794724226,-0.100011900067
5883,0.663721680641,-0.421661913395,-0.604084908962,-0.156348735094,-0.0725700259209,-0.411205917597
10589,-0.274205327034,0.473707795143,-0.0748067051172,1.08442008495,0.0545853748918,-0.0476458668709
5110,0.694247543812,-0.0796815752983,0.230400383472,0.0880867764354,-0.368414580822,0.732734382153
4609,0.382979542017,1.00375294685,0.384350985289,-0.273353755474,-1.07819581032,-2.4713435173
5423,0.557349324226,-0.522676885128,-0.720702290535,-0.757049202919,0.601087093353,0.0275833904743
1070,0.792480766773,0.703928232193,-0.290293782949,1.07216060162,0.661626935005,0.436096310616
10051,0.519852995872,0.654479622841,-0.520664572716,-0.82940942049,-0.729407429695,0.0742371380329
6603,-0.141115784645,0.723408520222,0.347893446684,-0.410314321518,-0.353886425495,-1.20353448391
9019,0.115797430277,-0.137081414461,0.537934184074,0.6555300951,-0.860315144062,0.743801414967
10969,0.854094147682,0.1268851161,0.373632848263,0.149952769279,-0.969859778881,0.0848100483418
9797,-0.474209547043,0.204577043653,0.406476348639,0.739306688309,-1.20529448986,0.28882214427
4043,0.479036152363,0.27792173624,0.173219382763,0.594653129578,-0.135246291757,-1.34111106396
9519,0.379995882511,-0.0395200848579,0.798728108406,-1.35965955257,-1.03755533695,0.0106123099104
8480,1.10613155365,-0.248616859317,-0.383461236954,0.233543559909,-0.266754597425,0.175585627556
983,1.03312647343,0.0711540728807,-0.0887464880943,-0.884695053101,-0.352533102036,0.0960108712316
10559,-1.03528678417,-0.585266411304,0.750284194946,-0.923962414265,-0.0896591544151,-0.490202486515
8508,-3.37450361252,0.0987275987864,0.0579017922282,0.997429847717,-0.369356393814,-0.364255666733
9275,1.37690067291,0.844100236893,-0.224187105894,1.26873683929,1.14800000191,-0.0920315608382
8914,-0.790090322495,-0.438597679138,0.0689685046673,-0.609750568867,-0.794470489025,0.42919421196
54505,-0.52309691906,-0.0679323971272,-0.0968642234802,0.157342076302,0.886480689049,0.00326833873987
6919,-0.44801902771,0.305882751942,-0.106175720692,0.873245179653,1.31912088394,-0.153112754226
2274,-0.258011579514,0.168244421482,1.61673998833,-1.15058994293,-0.427099585533,-0.820960044861
2288,-5.00352430344,-0.325414508581,-0.00144069758244,-0.000524707313161,0.000518827524502,-0.01168949157
7994,-2.36304402351,0.273548483849,-0.293745607138,0.507886469364,-0.604779005051,0.115528814495
4216,-0.163162976503,1.00100839138,-0.5239392519,1.08753669262,-1.13347673416,-1.37161540985
7538,0.782351434231,0.553788244724,-2.22061729431,-0.925330638885,0.631220817566,-0.191844925284
3628,0.53564709425,1.15784025192,-0.137926220894,0.209377855062,-0.995736718178,-0.324308156967
2037,-1.56992149353,-0.0792822465301,0.244066148996,0.71376490593,-0.795277714729,0.533673167229
2771,0.0592900365591,-0.00910401344299,-0.649354159832,0.437370985746,-0.589438676834,-0.275723278522
7264,-0.0616150796413,-0.20626026392,-0.108588047326,0.191644787788,-0.935223639011,-0.977976977825
1786,0.166296049953,-0.428652644157,-0.000572906748857,-0.00234060687944,1.55660390854,-0.116941474378
5873,4.81641435623,-0.23671451211,0.703122794628,-0.283323794603,0.499958842993,-0.421881258488
780,-0.148132145405,0.237944066525,0.205612033606,1.82320249081,0.533048868179,0.233070462942
9926,0.488296329975,0.112992942333,1.61968791485,-0.65671479702,-0.64623773098,0.392400383949
8446,-0.346430510283,-0.143320396543,0.0318975150585,-0.612180709839,0.0942520052195,-0.449457556009
7159,-0.435695052147,0.146475598216,0.516115963459,-0.0430467389524,-0.770320117474,0.17362010479
1026,-1.64143645763,-1.1146312952,-0.306490778923,-0.903948545456,-1.0659083128,-0.123758174479
7082,-0.848381340504,-0.0620762705803,0.649773299694,0.136303514242,0.651666939259,0.772775173187
10058,1.06855821609,0.206462070346,0.229931369424,1.28314125538,0.998423695564,1.83678269386
10797,0.963115274906,0.550806343555,-0.161957383156,0.230288863182,-0.725905418396,-0.0593179054558
11230,0.221575975418,0.45632687211,-0.169602617621,1.22392320633,0.212580710649,1.14228022099
30836,0.474424064159,0.582524955273,0.06385871768,0.416701942682,-0.744819879532,-0.254957437515
27336,-2.11758232117,-0.485337436199,0.114222183824,-1.06370592117,0.548920810223,-0.314780235291
9918,-1.4896478653,-0.499456822872,0.136817961931,-0.573362052441,0.0603352338076,-0.738844454288
79073,0.571714043617,1.15059518814,0.552753090858,-0.594120442867,-0.125962197781,-0.207027614117
9688,-0.0121573805809,-1.17505717278,-0.45554703474,-1.68219184875,-1.56779098511,-0.417342126369
23659,0.224504575133,0.212080195546,-0.330758363008,-0.476018160582,-0.0557474642992,-1.6875897646
8396,0.0431289449334,0.276702582836,-0.519269704819,1.22546172142,-0.803718805313,-0.833820939064
23077,0.875846803188,-0.611270904541,0.747233748436,0.627426087856,0.662778019905,0.225672751665
10857,-1.71090602875,-0.372316688299,-0.000754680135287,0.000718360533938,-0.948877871037,-0.398762732744
16,-1.37433886528,0.442841172218,-0.492883324623,0.958105564117,0.590760827065,-0.272442102432
2817,1.64263248444,0.033332541585,0.198975324631,1.72529292107,0.399081200361,-0.585292458534
60528,-3.89429759979,-0.56075656414,-0.00808093510568,-1.5210340023,0.51867967844,-1.15150117874
5359,0.898395299911,-1.81723499298,0.520627379417,-0.948103547096,-1.43525254726,0.389562517405
1514,1.05545115471,0.297267854214,0.955723881721,1.59265375137,-0.326204299927,1.70032000542
1509,0.809498906136,-0.156134277582,-0.532408416271,0.158586889505,0.790711522102,-0.444583982229
9181,-0.190513879061,0.296624928713,-0.609437823296,0.157483309507,-0.171405091882,-0.179715722799
3611,-0.125339448452,-0.00902871787548,-0.0869857892394,-0.638577878475,-0.0840106680989,-2.74981284142
4783,1.15920758247,0.596176981926,0.339790582657,0.807755172253,4.14392518997,-0.261704683304
10123,-1.74805188179,-1.07827818394,-0.133980929852,-0.718092083931,0.523916721344,-0.358144700527
8895,-0.0102219171822,-0.101164847612,0.164867460728,0.640151262283,1.02401518822,1.4244440794
9805,-0.602822422981,0.0495755076408,-0.0367845334113,-4.33381509781,0.698974847794,0.829858243465
4125,0.0889975354075,-0.0857468023896,-0.735435128212,1.40846955776,-0.649192869663,-0.323245644569
1635,0.446148216724,0.374266445637,0.0956839323044,0.388595283031,-0.567338585854,-0.909549355507
4154,-1.0389893055,-0.803740382195,1.23134756088,-0.988619565964,-0.0867727696896,-0.275095194578
26292,-0.0420004054904,0.667141675949,0.447087913752,0.186963766813,0.282357156277,-0.0258343443274
5770,-0.932994186878,-0.248062491417,0.492432922125,-0.450945734978,1.15994572639,-0.619428873062
25874,-1.09487164021,0.0528686903417,-0.213947176933,-0.471438199282,0.519326329231,0.59516531229
11319,-0.257265299559,-0.267705321312,2.08348870277,-0.149638578296,-0.84298402071,-1.59017884731
1153,-1.67537093163,-0.0789663642645,-0.0982144027948,-0.228351131082,-0.337129503489,0.465752184391
11098,0.208500266075,0.371860146523,-0.0472225621343,0.364603221416,0.336677461863,0.177370280027
8974,-0.159929528832,0.864795804024,1.09691059589,-0.784258127213,0.711352884769,-0.13006336987
533,1.56199741364,-0.536847829819,0.217149019241,-0.245876044035,-0.773919165134,0.53509247303
823,-0.0585073977709,1.00788009167,0.509875416756,-0.311907947063,0.067678168416,0.591122865677
6812,0.522728919983,-0.148150384426,-0.203976377845,0.709169745445,-1.25571227074,-0.323562204838
3693,-0.0372025370598,-0.0596210360527,0.644292831421,1.29957973957,-0.645951628685,0.318466037512
4891,0.797029912472,0.357357114553,0.173157081008,-0.888119399548,-0.251443773508,0.21359026432
10954,-0.198711574078,-0.134411931038,0.189659491181,0.760203897953,-0.112017899752,0.214146852493
5909,-0.0301945693791,-0.41711178422,-0.254794478416,-1.16282069683,-0.521048367023,-0.216542094946
9221,0.77009665966,0.400643110275,-0.627093017101,-1.05381762981,-0.477508366108,-1.125218153
847,-2.18637871742,0.0649500191212,-0.319097936153,-2.00904798508,0.933802366257,0.172155529261
11072,-1.67198479176,0.822704255581,0.104058235884,0.806147098541,-0.0254195034504,-0.425641685724
10221,-0.0642143338919,-0.548960447311,-0.159300833941,0.00851387903094,0.91348528862,-0.0479522496462
7158,-0.708676457405,-0.392945319414,-0.266934216022,-0.851821422577,-1.66964805126,0.564052939415
8678,0.306010782719,0.531673192978,-0.099325761199,0.611014425755,0.294595122337,0.305689960718
11014,0.508898973465,0.822245717049,0.49847266078,1.47373652458,-0.321949511766,0.0183547660708
1994,0.314574688673,0.725448966026,-0.736710071564,0.875659942627,0.233712315559,-0.85483944416
3482,-6.53728675842,0.685286283493,0.514680624008,0.271973699331,0.639999687672,0.773527860641
25976,-3.47093009949,-2.64741039276,0.131826758385,-1.21784722805,-0.237463623285,-0.296524316072
10491,-0.00541315972805,0.524442732334,0.438807249069,0.74853849411,-0.435742139816,0.322898209095
51053,-0.314674675465,-0.727980315685,0.151906177402,-6.7962474823,-0.0786207318306,0.370141714811
9267,-0.633923590183,0.198993369937,0.382741600275,0.840034246445,-1.03753745556,0.471805691719
5547,-0.880400002003,-0.821901202202,0.422066926956,-0.764468312263,0.197650671005,0.0943118557334
6597,0.323600441217,0.763028204441,0.0340271815658,0.72569590807,-0.437153816223,0.17999137938
5836,-1.81047022343,-0.584685981274,0.538876533508,-0.75034058094,0.870048761368,-0.516975641251
6118,-0.388918936253,-0.479683756828,1.59424293041,-0.796639323235,-0.0901883840561,-0.26033398509
2961,1.19767248631,0.522488236427,-0.304609358311,-0.260913014412,1.0290030241,0.14712920785
310,-0.0382264256477,0.152145907283,0.434008896351,0.882050693035,-0.637080073357,0.805146157742
7296,2.59808254242,1.00132596493,0.691127538681,1.22565579414,1.77748811245,1.10811293125
1429,0.033049300313,-0.331759691238,0.176118075848,-0.657541632652,-0.786808907986,0.436508953571
2548,0.539087891579,0.385355293751,0.293111175299,1.15863275528,-0.43673864007,0.720883071423
6499,0.524530112743,0.141820192337,-0.182959243655,-0.365662813187,-0.163647845387,-0.216261073947
642,0.445396244526,0.473311752081,0.287752509117,0.392751336098,-0.556136488914,-0.0409522652626
23076,0.30311691761,0.317470490932,0.496693938971,0.322627902031,-0.912162899971,-0.363974809647
10099,0.493473321199,0.826718151569,-0.440891027451,0.687860190868,0.00974597036839,0.0946724116802
9817,1.34295582771,0.716610908508,0.333306223154,0.595427155495,1.23190259933,0.991553246975
9126,-1.37747442722,-0.418442219496,-0.32298207283,-0.544235527515,0.0731643736362,0.402059048414
3930,-0.275714308023,-0.377972006798,-1.00088727474,-0.716623723507,-0.546689629555,-0.562076926231
10450,2.36683320999,-0.0921211540699,-0.589773833752,0.774495124817,0.40437862277,0.221706360579
54386,0.292058646679,0.183263674378,0.0943123847246,0.56084561348,0.197879970074,0.479316353798
664,0.365187317133,0.769969522953,0.330395340919,1.73790979385,-0.0735047981143,0.60085695982
596,1.02275872231,-0.157389372587,0.537297427654,-0.297891020775,-0.583296477795,0.137523859739
10180,0.275285303593,-0.0505775734782,0.0748872831464,0.946511387825,-0.703959643841,-0.183798015118
1445,-0.11230828613,0.324095696211,-0.173214197159,0.875535726547,-0.145204424858,-0.124105252326
230,-0.559494912624,-0.888957500458,1.13263368607,2.95678448677,-0.553494930267,-1.19638931751
9246,0.389436006546,-0.0255335979164,-0.604231834412,0.419100731611,-0.758353233337,1.3602950573
5092,-0.248180747032,0.532759308815,-0.708753883839,0.774677574635,-0.221621155739,-0.621495068073
23463,-0.277531683445,0.651149868965,0.0771244242787,-0.138350099325,-0.554056107998,0.258887946606
10007,0.949172973633,1.6242326498,-0.300250291824,0.231400638819,1.06437683105,1.32312631607
4925,-0.49631267786,0.237809672952,-0.775465846062,0.682384073734,0.748940706253,-0.234135732055
6251,-1.18107223511,-0.47393232584,-0.000583410263062,-0.358116328716,2.51148271561,-2.09027314186
5782,1.32922434807,1.02172398567,0.0493654534221,0.664359271526,-0.210591107607,0.435449779034
5106,-0.774462342262,0.821672916412,-0.267206311226,-0.764919161797,0.494423210621,0.134630590677
2673,0.312551736832,0.291148543358,-0.427979826927,-0.213226020336,-0.672026515007,0.112729012966
644,-0.299799591303,0.274991512299,1.00623309612,0.769749999046,-0.456678986549,-0.371751189232
6284,0.420062422752,0.302619278431,-0.556287109852,0.55206733942,-0.285734146833,0.365931332111
4605,0.029484629631,-0.750147163868,-0.254465281963,-1.15812540054,-1.36510121822,-0.908205926418
6810,-0.284682452679,0.0938901156187,1.18197965622,-0.109151721001,1.17777848244,-0.120605379343
54499,0.610224306583,0.014566488564,-0.205313324928,0.684184014797,-0.349027216434,-0.0121704787016
11007,-1.66173911095,-0.601272583008,-0.107677899301,1.28552651405,0.149331092834,-0.290754616261
1643,-2.34624290466,-0.211575299501,1.6256967783,-0.387048602104,-1.30960595608,0.127859473228
25805,0.0180277824402,-0.191182613373,0.82410800457,0.680389881134,-0.296145617962,0.129061341286
3033,-0.104401879013,-0.0959446579218,-0.741262078285,-0.759057581425,-0.00589103251696,-0.549492776394
2745,0.587796270847,0.397708654404,0.372668325901,-0.766164958477,-1.18141937256,-0.0349865183234
9961,-0.0088733881712,0.765150785446,0.0951534062624,-0.215500354767,1.1477894783,-0.779016077518
3925,0.366311341524,0.712606668472,-0.686460137367,0.291994452477,-0.527535974979,0.0498125851154
2582,1.40016376972,0.430439293385,-0.602690279484,2.52018213272,0.826570212841,0.776507914066
5792,-0.195182546973,-0.33736589551,0.230522632599,-0.362750798464,0.803672671318,-0.658651292324
5236,-0.690784871578,0.632565319538,0.4704413414,0.310862779617,-0.701154112816,0.0947280228138
4016,0.168146759272,0.842813014984,0.20677100122,0.371863394976,-0.437330245972,0.161527529359
4651,-0.0111998058856,0.611515522003,-0.720713555813,1.04814958572,0.551809549332,1.46655583382
3988,-0.874259591103,-0.169196262956,-0.164598852396,-0.74659961462,-0.0142076611519,-0.567048609257
26227,1.09568655491,0.216432496905,-0.673094630241,-0.284499108791,-0.241199165583,-0.025509364903
7982,0.953986883163,-0.293922334909,-0.533640325069,-0.262167543173,-0.483829200268,-0.154840976
3551,-0.582426071167,0.0145914815366,0.467482984066,-0.898517608643,-1.23106622696,0.593731820583
5108,0.270488381386,0.241420000792,0.22236469388,-0.112481668591,-2.16667175293,0.468516111374
8870,-4.2290520668,-0.771310806274,1.79896402359,-0.887995004654,0.271686285734,-0.909943819046
2195,-0.846788406372,0.0215459316969,0.457182317972,1.25771915913,-0.728922426701,0.684401810169
8731,-0.111740916967,0.424964845181,0.0159295424819,0.386966109276,-1.07643461227,-0.00385067425668
1956,-1.14889717102,0.387982189655,0.0730551853776,-0.0639747977257,-0.489867150784,-0.00653498806059
10276,0.896026015282,-0.220429599285,-0.686215937138,-1.88457155228,-1.57336831093,-0.443332195282
1666,0.330805450678,-0.405879259109,0.702924609184,0.643636167049,0.165833503008,1.15875279903
4864,-0.0119737386703,0.447231948376,-0.978224635124,-0.239333674312,0.0862567424774,-0.0684084296227
4232,-0.552257597446,-0.112500593066,-0.00176316837315,0.269218564034,1.05949211121,-0.0594216734171
5050,0.188292637467,0.429288685322,-0.00306316837668,0.00147529260721,-0.727695405483,-1.14749002457
813,0.193137049675,0.650866389275,-0.117173880339,0.312226802111,-0.51166009903,-0.359146118164
3964,0.160525515676,0.867029249668,-0.264881253242,-0.150923267007,1.56243062019,-0.0357564538717
26020,0.279736548662,0.499602794647,0.116640180349,0.0271920077503,-0.775507867336,-0.0763987675309
481,0.93657541275,1.29717230797,-0.295746833086,0.266108423471,-0.246429681778,-0.280494391918
5019,1.23033165932,-0.061609596014,0.863994657993,0.613316655159,-0.454369455576,0.687434673309
291,-0.753979682922,0.650759339333,0.842301905155,0.648609220982,-0.442426234484,-0.0505142323673
10973,0.627341032028,1.07564425468,0.261214017868,0.698839008808,-1.4458656311,-0.00247273594141
9697,0.365867614746,-0.375347495079,0.372094988823,1.32316493988,0.160358577967,-1.22080373764
5831,-1.78358316422,0.242960363626,-0.905207157135,0.977033734322,-0.147971972823,-0.535540282726
8202,-0.325434595346,-1.75542545319,-0.163124650717,-0.0468773916364,0.214100256562,-0.0793191418052
57804,0.316804438829,-0.31406712532,-0.993130862713,-0.208714097738,1.63674080372,-0.599637687206
5566,-0.465893089771,-0.398497790098,-0.0866784006357,-0.251786291599,0.660132884979,-0.554214537144
57149,0.87907153368,0.0220949947834,-0.35386377573,1.03775751591,-1.17225837708,0.59723675251
7416,0.357115715742,0.642647385597,-0.154047399759,0.268972843885,-2.20637202263,1.04983079433
10174,0.514990329742,0.903118908405,0.259548962116,0.302139550447,-1.22276437283,0.0410105474293
6676,-0.906127095222,-0.833461284637,1.13303124905,-0.613965153694,-0.327192813158,-0.50345659256
8884,0.820342004299,0.152864068747,0.757672548294,-0.594742655754,-0.0245131105185,-0.398627310991
5997,1.36656153202,1.1618142128,0.171374499798,-0.0206051394343,-0.626293838024,0.655545353889
57147,0.613211035728,-0.474892675877,-0.641002178192,0.394772052765,1.02034568787,1.23222827911
6909,1.03657221794,0.466340899467,-0.30386865139,-0.00531527400017,0.600071668625,-0.312703311443
9093,-0.936438202858,-4.33471393585,8.38953783386e-05,0.00108977674972,0.0831803828478,0.199721798301
23142,1.30037164688,0.134399026632,-0.555543065071,1.21969437599,0.806334257126,-0.935661315918
8444,0.075852304697,-0.451294541359,-0.0724956914783,-1.13228309155,-0.289031296968,-0.168465405703
11232,0.177707523108,-0.0378069579601,0.38142696023,0.330481916666,-1.17717933655,-1.72303462029
27095,0.321526706219,0.836995601654,2.57643818855,0.913665890694,0.0457197874784,0.273369431496
10732,-0.234540045261,-0.345740586519,-0.458187580109,-0.0816614329815,-0.505405962467,-0.248690605164
23029,0.674944937229,0.726281046867,-0.488894313574,0.490765571594,-1.2339900732,0.141019269824
9270,0.559826314449,0.256380051374,0.802565872669,0.0343199670315,-0.315442025661,0.0120353447273
47,0.162059873343,1.75088059902,-1.35864043236,-0.158127963543,-1.76235222816,-1.52464723587
5889,-0.350496321917,1.03143692017,-0.40688970685,-0.275959134102,0.691950201988,-0.604146182537
8243,0.438846468925,0.992622852325,-0.382388621569,0.716979384422,-0.213543757796,0.734702467918
10730,0.132616788149,0.785234451294,-0.396798551083,-1.43421339989,-0.30386608839,0.845076441765
30,-0.419531166553,-0.12312489748,1.05847644806,-1.47259950638,-0.508433461189,-0.643644332886
7466,-0.354046285152,2.82542133331,0.239127874374,2.61591720581,2.21900081635,0.868425369263
89910,-5.30027580261,-0.182511717081,-0.26463663578,1.63169968128,1.3540173769,-0.0330751091242
56654,0.50211673975,0.385129630566,0.284344762564,0.838865995407,-1.07552862167,-0.215712502599
501,-2.16571784019,-0.136580228806,0.48780927062,1.04672920704,-0.109142780304,0.301329851151
5438,1.07495188713,0.544821023941,-0.204336762428,0.215396374464,-0.546224176884,-0.822546422482
26993,1.60683774948,0.452779471874,-1.1344871521,-0.112950868905,0.524669408798,0.637491583824
55111,-0.359187185764,-0.838982462883,-4.98461198807,0.135192081332,1.59610700607,-0.517452597618
8520,1.00314795971,-0.626680791378,-0.221554964781,-0.438502073288,-0.935878574848,0.23900899291
10146,1.00685894489,-0.129659846425,-0.403155624866,0.995803117752,-0.660755515099,0.745763003826
7165,-1.38494861126,1.1501711607,-0.448160588741,-0.168132156134,0.0845405459404,-0.312767207623
55011,0.0507467575371,0.481901019812,-1.67172908783,-1.56485974789,0.00823337957263,-0.405714064837
6461,-0.530837118626,-0.737718999386,-0.0202318970114,-0.952897906303,0.76945823431,-0.209514781833
10813,2.62220311165,-0.294848680496,0.565072417259,-1.01315641403,-0.428300082684,0.277090519667
80746,0.778263449669,-0.570580482483,2.60525774956,2.20243453979,1.33386075497,1.19179368019
10434,0.682510375977,-0.0640726685524,-0.0462838634849,0.56941640377,-0.313373744488,0.365879148245
5607,0.350842773914,2.21455907822,0.774791002274,1.11338329315,0.201562553644,-0.669570624828
22827,0.582119882107,0.185732483864,-0.0243008211255,0.273017674685,1.26994144917,-4.33174753189
51635,1.01315820217,1.2395606041,-0.664116859436,1.77469325066,2.13753437996,1.3676327467
84159,-0.181818276644,-0.747795403004,0.4834600389,-1.20998978615,0.0886117070913,-0.0798451676965
3508,0.872389316559,0.754953503609,-0.443300187588,-0.179563313723,1.41882634163,0.309465944767
84890,-0.481496483088,0.31599676609,1.02242350578,-0.214185938239,-0.22299464047,0.984008193016
79600,0.214810118079,0.569622218609,0.570530354977,-0.169641524553,0.289491713047,-0.873258292675
8574,-0.191700443625,-2.42526674271,-0.232584968209,-0.399900704622,-0.816680967808,-0.695646166801
5529,-0.270238161087,-3.54588007927,-2.97769379616,0.928428173065,0.677931547165,-1.12741863728
3909,-0.706547379494,3.65203881264,0.849019706249,-0.0964165776968,-0.225735068321,0.503008723259
9637,1.18562400341,0.661951959133,-0.317834287882,0.460785806179,-1.28610169888,0.45110476017
8518,-0.822267651558,0.0954988077283,0.0305137038231,1.34451591969,0.0245782732964,-0.0763232558966
6443,-0.157683610916,0.560167312622,-0.528485059738,2.61356401443,-0.0184497535229,0.871541619301
58478,-0.653008699417,-0.20587362349,-0.00348762050271,0.348060280085,-1.90120410919,0.033125244081
4850,0.478218525648,-0.187939614058,-1.16523301601,0.200089141726,-0.938530743122,0.0710126757622
23210,0.927176356316,-0.247388362885,-0.198950245976,0.610547065735,0.44136852026,-0.25367307663
54733,0.450063973665,-0.3768902421,-0.267731904984,-1.011272192,-0.419708937407,2.26714468002
55129,1.76263749599,0.39235880971,-0.742528736591,-0.146019876003,1.40455937386,0.20919932425
10273,0.000164025259437,0.912647247314,-0.000504244118929,0.000770236190874,-0.323817491531,-0.64711356163
572,0.0155775994062,-1.90878510475,0.0886144638062,0.955451130867,-0.362233579159,-0.625883698463
5716,0.0294298529625,0.564853787422,-0.989140033722,1.95437979698,0.32107257843,0.166884049773
22841,0.624862015247,0.294819831848,0.165980428457,0.112679123878,-0.436634629965,0.323620796204
2356,-0.207425504923,0.163971528411,0.205177754164,1.25170910358,0.264161586761,-0.894825816154
6050,0.0291785188019,-0.342848747969,0.297025948763,-0.200885474682,-0.961573302746,-0.42456817627
64422,1.16012477875,0.423220932484,0.734818994999,0.701997637749,2.97610187531,0.121575474739
8837,-0.314230620861,-0.0749316513538,-0.186411038041,-0.405160278082,0.519282519817,-0.960231781006
55127,2.22732186317,0.0863550156355,0.00462484359741,0.743175804615,-0.354664742947,-0.456755936146
23335,1.12468516827,0.1834628582,0.495358109474,0.0723526924849,0.627854704857,-0.491164565086
10270,0.0584233850241,0.120964616537,0.533357441425,-0.160434231162,-1.77483320236,0.100978113711
6509,-1.06427466869,-0.786483764648,-0.587369680405,-0.0305775403976,0.0227481648326,-0.0287324637175
83743,0.771437287331,0.0489916875958,-2.04492259026,0.127936840057,-0.686897814274,-0.600088596344
6772,-1.46349263191,0.238268181682,-0.114466011524,0.148890674114,-0.298416107893,2.07517576218
22887,0.570476531982,0.0553295947611,1.16849279404,0.119346156716,-1.00147795677,1.71943366528
51001,0.25162178278,0.693003058434,-0.447445333004,-0.15660572052,1.22128033638,-0.205509051681
26511,-1.2700073719,-0.543244540691,-1.20451414585,-0.120326988399,1.00580906868,0.43392431736
7874,0.278521686792,2.70543885231,0.444651037455,0.629451990128,-0.589889585972,0.638293802738
51070,-0.223076805472,-0.506188511848,-0.145747542381,-0.558192610741,-0.644244432449,-0.182757630944
1738,-0.630609214306,-1.94807493687,6.96629190445,5.19298124313,1.31843924522,0.450096458197
3416,-0.585198700428,-0.131168827415,-0.180659651756,-0.821858167648,-0.270338892937,0.370215207338
9128,-0.0221915692091,-1.6431722641,-0.405281275511,0.278627038002,-1.02473711967,0.219615861773
9833,0.455498188734,-0.146530628204,-0.555643975735,-1.61851346493,-1.12178015709,-0.130877867341
4088,0.959524095058,0.430662542582,0.210117146373,1.04770755768,-0.643705368042,-0.124161995947
5018,-0.27422118187,0.473135590553,-0.0289764851332,0.613681554794,-1.20624601841,-0.338715672493
51375,-0.186559170485,0.246973380446,-3.97333526611,-0.413841694593,1.32896327972,-0.0611970052123
55038,1.44966816902,-0.113690286875,-0.155007690191,-1.04484128952,-0.9699832201,-0.611430764198
23061,-4.7006816864,0.311513394117,0.642836511135,1.33690309525,0.765835642815,0.501520931721
64428,-0.33761548996,-0.0256325304508,0.33781722188,-0.648865818977,0.743977189064,-0.209714397788
11325,0.816411375999,0.111930280924,0.785816133022,0.0700476020575,-0.774310588837,-0.124245405197
9641,-0.935962200165,0.892696559429,1.02425336838,-0.561057925224,3.65821051598,0.430890321732
23038,-0.261096060276,0.0794233083725,-0.17457921803,0.0560413487256,0.104472965002,0.565595626831
57048,1.00687754154,0.128437012434,0.240948975086,-0.739733278751,-0.8118262887,0.447446405888
94239,1.04778003693,-1.26712942123,0.0967824608088,-1.04321551323,-0.0817491263151,-0.929480314255
51203,-1.7773193121,-0.956192135811,0.399311393499,-0.543230831623,-0.00604665279388,0.430650532246
388650,0.432831019163,-1.02755570412,-0.0275739934295,-4.27602148056,0.819279432297,-0.13108125329
23039,2.51596975327,-0.329290062189,-0.955030202866,1.34695541859,0.0234266966581,0.831468701363
55179,-0.151164531708,-0.603545606136,0.939425766468,-0.879526376724,0.861910462379,0.835432887077
5827,-0.576598584652,-0.199962943792,-0.878444314003,-0.265738010406,0.271380722523,0.0908887535334
10245,-0.33743262291,0.188271135092,0.128731667995,0.796182394028,1.34081590176,0.139666140079
6813,-0.512854635715,-0.504129171371,0.165627390146,-0.626257002354,-0.256909370422,-0.549941539764
3251,0.909734249115,-0.23151281476,-0.746824860573,0.89536011219,0.895941495895,0.279437363148
23212,0.00316850282252,-0.825665056705,-0.0354950353503,-0.792050361633,-0.693543016911,-0.724214673042
23536,-0.394753754139,-0.469191014767,0.266606271267,-0.323289901018,0.889381110668,0.0266836695373
51282,0.828958272934,-1.44719493389,-0.389407873154,-0.182048305869,0.105005741119,-0.168398439884
10227,0.21374104917,1.00413835049,-0.266747951508,-0.301502794027,-0.31175121665,0.130702644587
50813,-0.175829723477,0.447932809591,0.251220434904,-0.958310961723,0.573792815208,0.0536824017763
51024,-0.20027564466,0.262569308281,0.100237414241,1.14948964119,0.383421570063,0.124350816011
53343,0.284457087517,-0.909379065037,-0.616675913334,-1.05872499943,-0.13309019804,0.344444692135
1465,0.638408184052,0.79556286335,2.05185079575,-0.235262930393,-0.484133511782,-0.792345881462
79006,0.336674928665,0.356750369072,-0.183422625065,-0.248999223113,-0.036428488791,-0.12453609705
6988,1.40335297585,1.48518300056,-0.170288562775,0.351179480553,0.523112416267,-0.322665840387
11011,0.341831743717,-0.143099576235,-0.626188576221,-0.30409809947,0.611060321331,-0.805296301842
23325,-0.277345299721,0.41431877017,0.848953127861,-0.61694920063,-0.534733653069,-1.2343994379
10049,1.04809498787,-0.311988055706,-1.00803732872,0.119254544377,0.133845850825,0.000717936083674
3157,-4.70687961578,-4.29027175903,-1.12178492546,-2.98261499405,-6.77199029922,-1.08916330338
200734,-0.404266178608,-0.106308743358,-0.212170422077,-0.80439054966,-0.0383937656879,0.49419388175
9053,-1.28378546238,-0.0813373029232,1.10821080208,0.0202949047089,-1.38827311993,-0.198566854
79094,-2.0363483429,-0.102746501565,-0.0334323048592,-0.590068936348,0.955857157707,-0.478862702847
2778,-0.333620607853,-0.125308454037,-0.000588139519095,0.000807242060546,0.261571139097,-0.0625384449959
54881,0.289637029171,1.50522708893,-0.991921782494,-0.226544603705,-0.495413243771,0.252703607082
54807,-0.533801674843,0.150199890137,0.174483269453,3.83412027359,1.55610990524,-0.64486348629
323,-0.535319447517,-0.0746623575687,0.859227955341,-0.105797827244,1.56293535233,-0.512422561646
26001,0.377336382866,-0.094862356782,0.224557980895,1.21375250816,0.488268852234,0.337979704142
10190,0.334251970053,-1.93389344215,1.04393661022,-0.574860811234,0.143170505762,0.40175062418
9686,1.44991970062,1.1858830452,0.254726111889,0.102114409208,-0.369370996952,1.22658574581
54915,0.759964227676,1.2926722765,-0.0869901329279,0.34952712059,-0.563488602638,0.256536394358
23658,0.0844922065735,-0.476352155209,-0.406234413385,-0.979506850243,-1.18241214752,0.0189205035567
7750,0.507625102997,0.209051176906,0.303316324949,0.699490666389,-0.334082603455,0.75206053257
79643,-0.0155399739742,-0.0436249375343,0.301530450583,-0.455718517303,-0.389911353588,-0.0164275988936
9488,0.229698687792,2.27672576904,1.07382750511,1.27182817459,0.516084730625,0.0523337461054
11200,0.303877651691,2.90116381645,-0.125954926014,0.167293906212,-0.0116299539804,1.68138730526
65057,-0.73748922348,0.0971261709929,-0.158726245165,-1.67012035847,0.987722754478,-0.295086592436
6832,-0.413690835238,-0.603621482849,1.29954423755e-05,-0.545889258385,0.809555470943,0.22329467535
23131,0.365132451057,2.01578402519,0.421992897987,1.32584738731,0.279923975468,-0.67020380497
10776,0.304860711098,0.486782312393,0.144903987646,1.31395483017,-0.473608970642,0.316130369902
6253,-1.11962711811,-0.218915849924,0.0488559454679,0.119272969663,1.00937867165,-0.182266235352
79716,-1.14268219471,-1.73444747925,-0.0394835323095,-0.329592257738,0.205269396305,0.143181830645
29978,0.921792328358,0.361874580383,-0.51596558094,6.22932291031,2.87326264381,0.431600362062
9988,-0.0699122101068,-1.18893313408,-0.0521599948406,-0.467442750931,-0.508818328381,-1.23996818066
10845,0.0495685040951,0.674663126469,1.09775042534,1.01100158691,0.113911621273,-0.0754593163729
54957,4.46389818192,0.154026806355,0.28325638175,-1.2331546545,0.274780720472,-0.282540887594
79170,-1.16673851013,-0.734332442284,0.647948741913,-0.85296690464,0.379469454288,-0.231116771698
10610,-0.139469027519,-0.988120079041,-0.481529414654,-0.306369423866,1.01011061668,0.0597949028015
128,0.683571338654,-4.42170953751,-0.475837856531,1.05952346325,-0.981383919716,0.304757744074
51026,0.916036486626,-2.27365517616,0.439418196678,-2.61522436142,-0.465050905943,0.24632999301
5498,0.109253510833,-0.652396023273,0.540814876556,-0.782734513283,0.672068893909,0.332784473896
124583,0.272159516811,-1.43530392647,0.623443186283,1.44762516022,-0.029442563653,0.535400927067
9455,-1.17649400234,0.0938462167978,1.06400930882,-0.508338689804,-0.545907974243,0.0706381425261
1212,0.418277055025,0.656349003315,-0.0693560838699,0.244591206312,0.0843052864075,-0.383649736643
5255,-0.64518737793,-1.04215145111,0.234474956989,0.350668370724,0.72525960207,-0.614200532436
9448,0.874575972557,-0.139399453998,-0.816771090031,-0.208780616522,-0.951418995857,-0.947661399841
9924,-0.810950219631,0.879002690315,-1.18094837666,-0.0699303969741,-0.67295974493,-0.100877523422
5480,-7.46716356277,1.13534522057,0.453520089388,1.42311263084,0.000111266970634,0.571432173252
1983,-0.0391070842743,-0.568666219711,-1.09726047516,0.451751083136,-2.75045108795,0.372486531734
56889,0.0666413977742,0.165359646082,-0.303542226553,2.27639245987,-0.471902489662,0.239103004336
79080,-0.333588570356,0.147035956383,0.466306895018,-0.352932363749,1.03570330143,-1.84696531296
9016,0.395904898643,-0.0808129012585,1.07490110397,-1.45665729046,0.402996629477,-1.01944077015
6915,0.0660935640335,-0.38401132822,0.13587282598,-1.22715306282,0.0379832088947,-0.176627516747
9709,-0.456987440586,0.0767214894295,-0.120077356696,-1.18672978878,-0.668525934219,-0.939753293991
116832,0.307374149561,1.2841899395,0.608071684837,0.35365742445,-0.55985635519,0.803556442261
670,-0.222590506077,-0.225705683231,0.53790640831,-0.545142591,0.978495240211,-0.284757316113
7867,0.403861045837,-0.241454854608,0.0479088276625,-0.657009243965,-0.560784578323,-0.145624637604
79143,-0.802461385727,-0.203971117735,0.00467886030674,-0.0686768442392,-0.613700568676,-0.394579768181
11284,2.88219738007,0.273825407028,0.00864097848535,1.66318929195,0.149065226316,-0.655465185642
23443,5.92211723328,-0.910115718842,0.163813114166,-0.965376973152,0.740470051765,0.0527428016067
51599,-0.573105871677,0.148966506124,1.11389505863,-0.91380751133,1.07486367226,-0.450254738331
5927,1.53057348728,1.37922000885,0.448243141174,1.83591878414,-0.238467380404,-0.0868029296398
55793,-1.28297638893,0.883007884026,1.09223508835,0.896523058414,0.332084178925,0.106464155018
5867,-0.401233255863,-0.188427224755,-0.693028688431,0.0113088041544,-0.104630082846,0.301828920841
7866,1.08945190907,0.374440222979,0.0892005935311,-0.13911049068,-1.98627364635,0.0505164936185
25825,0.30762091279,0.602901935577,-0.918355762959,-0.232583925128,-0.0334001965821,0.876298546791
4067,0.363386631012,0.0959354043007,0.309069812298,-0.475819289684,-0.0549260377884,-0.200428545475
51015,-0.112127482891,-0.258421778679,0.115409746766,0.356100142002,1.99944138527,-0.429479271173
5891,0.445946455002,-0.796947181225,-0.381930589676,-1.66088557243,-0.00480297207832,0.190435022116
3300,0.742587566376,-0.233367368579,0.0493144951761,0.273956775665,-0.460250675678,0.490203261375
64781,2.05155134201,-0.207267791033,0.429457843304,1.69527232647,0.980823457241,0.622010469437
51056,0.369612246752,0.287656962872,-0.587011575699,0.0952294245362,0.480485260487,0.452609807253
8550,1.07322669029,-0.47177785635,0.028340652585,0.465122550726,0.491783797741,0.769503474236
50810,2.32521891594,-0.578552007675,-0.420832663774,2.73838615417,0.346007049084,0.634119212627
23011,-0.310720324516,-0.326182603836,-0.131516605616,-1.04469037056,-0.0511457026005,-0.283300817013
11168,-0.320355415344,0.488251596689,1.06454908848,1.15976881981,-2.821205616,0.899334490299
1385,0.671920418739,0.118454053998,0.0609201528132,1.52140974998,1.79896020889,0.490601599216
10150,0.383471429348,-0.300696134567,0.295168787241,-0.0010691434145,-0.554019212723,0.952448129654
29763,-1.05101311207,-0.953404188156,-0.108915269375,-0.867459058762,0.814451575279,-0.541461586952
9112,-0.337921410799,1.67348408699,0.215236842632,1.19419431686,-0.335344731808,0.21103990078
23499,-6.7569694519,-1.73282122612,-0.326484888792,0.939551413059,-1.02915859222,0.155741408467
85236,0.0889195203781,1.35573267937,-0.665650486946,0.784165859222,-0.0890978872776,0.289169251919
5096,-0.934965491295,0.0281173475087,-0.0315994769335,-0.106111705303,-0.333521097898,-0.684603691101
55620,-0.706144690514,2.1364710331,-0.390190035105,-0.673560082912,0.66161942482,-0.332860201597
5373,-0.661492943764,0.129664629698,0.0750020891428,-1.67424297333,0.432622134686,-0.324413299561
51170,0.0306648984551,-0.0982015728951,-0.189290821552,-0.0233872905374,0.742706298828,-0.850184857845
54850,-1.21072363853,0.137748897076,-1.14389157295,-0.815052807331,-0.0373616814613,-0.227106928825
80349,0.793685317039,1.73864674568,-0.166293412447,0.372342288494,-0.441516369581,0.937738478184
355,-0.0870818421245,0.140824779868,-0.329531341791,0.0246145129204,-0.870719194412,0.69836217165
1062,-0.369123458862,-0.6853120327,0.530377089977,-1.31879639626,-0.051507666707,-0.716428816319
8804,0.685862421989,0.325158178806,0.209211409092,1.65171694756,-0.0812709033489,-0.0641696676612
80758,1.34532284737,0.376832276583,1.45590853691,0.652464270592,-1.74023532867,0.584369122982
375346,1.89292502403,0.944223999977,-0.0137371085584,-0.15524597466,0.591609418392,-0.575742483139
51385,1.55495393276,1.99622046947,1.53590667248,0.479723155499,0.736048579216,-0.507953882217
55748,0.655555963516,-2.19699144363,0.715048193932,0.447062343359,-0.795595169067,0.0197933986783
10318,0.761880040169,0.438465356827,0.130924224854,0.568965494633,0.580508112907,0.360542863607
54681,0.814639031887,0.412004560232,-0.378567039967,0.362299531698,-0.755917549133,1.34666132927
7905,-0.911197900772,-0.109186194837,-0.547709524632,1.07362234592,-0.142475783825,1.10998022556
28969,-0.420301049948,0.746286094189,-1.62916564941,1.05509495735,0.390106618404,-0.110910184681
10668,-0.0575450360775,0.305769383907,0.527251422405,0.453787624836,-0.780692100525,0.169794589281
51005,2.35350990295,0.293405771255,0.00558688491583,1.52740824223,0.389808952808,-0.514462172985
8800,7.06711959839,-0.603479683399,0.144984200597,-1.57820653915,-0.310677051544,-0.0419665426016
54438,-0.329009085894,1.2679066658,-0.364076882601,-0.277786165476,1.25780677795,-0.26263666153
55825,1.61534845829,-0.400525867939,0.475536674261,-1.13689434528,0.330394268036,-0.187751471996
8835,0.314168453217,1.01765680313,-0.279715508223,-0.53275090456,0.474293857813,0.368595719337
64429,1.30993640423,-0.114019781351,-0.794658958912,0.233850926161,-0.869426369667,0.0228431224823
3682,0.352033793926,-2.72815752029,-0.155784070492,0.0722858756781,0.989399075508,-0.299375891685
10329,0.628637194633,-0.300139039755,0.4688116014,0.041156873107,-0.662974357605,0.0170964747667
27109,0.144622027874,0.0346287339926,0.178023308516,1.70166349411,-0.15220181644,0.367331534624
51335,-0.628757596016,-0.00463958084583,-0.0237919278443,-0.799933433533,-0.74163210392,0.359588801861
3202,-0.0730803608894,1.23873734474,0.618750035763,-0.436716169119,1.07984614372,-0.393703371286
2896,0.0989737957716,-0.194781690836,-0.283793747425,0.147638753057,-0.370600163937,1.16872096062
79902,0.967187464237,0.178734630346,0.218478083611,-0.682022929192,-0.960187911987,0.249180346727
29083,0.459477186203,0.210596114397,1.81547856331,-0.396000742912,-0.249984517694,0.56394803524
5747,-0.0871168673038,-0.359101384878,0.0686030462384,-0.801741957664,0.181723743677,0.170961111784
22905,-0.515117943287,0.0155748110265,0.0137461964041,-0.421924293041,0.366902351379,0.175547301769
63933,0.127628564835,-0.633670091629,-1.06169962883,0.402145504951,0.0559054613113,0.277609467506
9847,1.17640066147,0.307896047831,0.211094364524,0.267621278763,-0.595910727978,0.0536627210677
51021,-1.84499168396,0.562272369862,-0.571676015854,0.192623540759,-0.0729287266731,-0.25795173645
8996,0.17245349288,-0.139759033918,-0.233900517225,-0.299992859364,0.532922804356,-0.0207476988435
7376,-1.68916726112,0.330306410789,0.452227503061,-0.198055267334,1.66020464897,-0.0258639454842
5357,-0.47679567337,-0.841635167599,0.355958580971,-0.347719967365,0.346110224724,-0.110130578279
56940,-0.544070720673,0.748072445393,-0.131743937731,0.935514330864,0.314248323441,-0.352576971054
6195,-0.985520660877,-0.368969231844,-0.548915565014,0.00643485784531,-0.765024363995,-1.02481079102
1633,2.11698007584,0.470301985741,0.399463891983,1.12278485298,-0.126142799854,0.952986180782
23321,-2.57963871956,-0.696357369423,0.076920427382,0.692560791969,-1.19407367706,0.867582559586
51160,0.11073936522,0.494686961174,0.270325869322,1.04367733002,0.0186273604631,0.965907335281
55604,-0.236165314913,1.86781251431,-0.764305055141,-0.0140546634793,0.75071823597,-0.808417320251
2063,0.455279767513,0.122560054064,-0.652982890606,-0.564339697361,0.907411813736,0.846050918102
54512,-0.172798186541,-0.0490477383137,-0.296342879534,-0.493969231844,0.487493813038,-2.13583445549
9124,0.629207193851,-0.641327559948,0.692561089993,0.493717432022,-0.00261390954256,-0.951699793339
79174,-0.296768903732,-0.202756375074,0.170838579535,-0.516494572163,0.763427138329,-0.181782826781
23223,-1.08125209808,1.19145262241,-0.625938057899,-0.546873807907,-0.775595664978,-0.656818032265
39,-0.808656692505,-1.28146314621,-1.18674015999,-2.84617757797,-1.75663542747,-0.952207326889
57215,0.0456121563911,-1.36239242554,-0.382970750332,-5.67298078537,-0.274442255497,-0.365027248859
1052,-0.369193166494,-0.468459516764,-0.291169017553,-1.17876434326,0.931391954422,-0.558645904064
23139,0.559990406036,0.250364899635,-0.922902703285,-0.33502048254,-0.350696802139,-0.561115980148
79947,-0.836148500443,-0.238065361977,-0.104960501194,-0.539454102516,0.424080520868,-0.606534540653
4616,-0.961791396141,-0.443006783724,-0.76718890667,-0.474212557077,0.167313873768,-1.21198678017
9710,1.71400308609,0.701112806797,-1.05319988728,-0.180017501116,0.600501418114,0.753377199173
6990,-0.397535264492,0.191365867853,1.89536762238,1.6077247858,0.537445068359,0.42687740922
29082,0.76227581501,-0.238138973713,0.845768094063,0.711185216904,-0.819142580032,0.504712581635
9670,-0.0870344936848,-0.195109516382,0.0118445977569,-1.08346486092,-0.0580073297024,-0.265553563833
81533,-0.0049622580409,0.252225488424,0.445394098759,-3.00321793556,-0.356826812029,1.1154460907
10525,-0.84146630764,-0.912037849426,-0.162191987038,-0.668200969696,0.985383629799,-0.518057346344
2353,-1.05713033676,-0.764093518257,0.239393010736,-0.814604222775,-0.355182111263,-0.266456246376
57192,0.706708371639,0.0907169282436,-0.222751051188,-0.665749073029,1.91403746605,2.83595776558
3398,0.393759906292,1.39641308784,-0.959391176701,1.75635409355,-0.00542752444744,1.03885149956
3775,-0.470030844212,-0.113360591233,-0.575220108032,-0.677882909775,1.17551612854,-0.594482779503
26064,-0.0774464160204,-0.170654833317,0.0831413045526,0.00395304337144,0.320273071527,-0.351123541594
29103,0.304317802191,-0.660594820976,0.231170967221,-0.991645932198,0.54503762722,-0.340231955051
3206,0.141373112798,0.407787322998,1.60787558556,-1.23882985115,0.178467839956,0.0432506278157
1500,-0.284076213837,-0.638398349285,-0.0509091466665,-0.953262686729,0.90970915556,-0.2786206007
7690,-0.065288901329,0.437037527561,-0.509271979332,-0.0605710744858,0.0498892664909,1.7524484396
29911,-0.172011017799,-0.421275913715,0.144815087318,0.600124597549,-0.0847323685884,-0.365466713905
2064,0.0788621455431,1.1229031086,-0.406722098589,0.745069921017,-0.275670677423,0.664320290089
65123,0.0732709467411,0.595162570477,-0.811849296093,0.480787336826,0.105710081756,0.801581084728
5986,-0.671089529991,-0.212560132146,0.196078464389,-0.931192517281,1.73078775406,-0.185995951295
85377,-0.116160392761,0.444201052189,0.107846498489,0.840205907822,0.801879286766,-0.451489210129
9903,3.54253578186,0.228353694081,-1.28031873703,-0.0117226168513,-0.679395675659,-0.429138660431
7088,-0.958257317543,-1.44438767433,-0.274091154337,1.41170740128,-1.57438373566,0.376483529806
22796,0.335381865501,0.278298377991,-0.974364995956,-0.654681384563,0.275661319494,0.0441221445799
51116,-0.955332636833,0.0446812957525,0.6716106534,-1.04312229156,-0.250526666641,1.97061538696
54442,0.190487906337,0.666142642498,-0.751959621906,0.0786884427071,-0.157072395086,-0.0504567995667
10695,0.700235009193,0.163995504379,0.129940032959,-0.256102979183,0.731676697731,0.280153036118
102,-0.481103181839,0.217929795384,-0.661275267601,0.963737607002,-1.11713945866,-0.485502928495
965,3.40946817398,1.34614539146,0.292184531689,0.172709286213,0.353839039803,-0.572311937809
3800,-1.69663715363,1.53854894638,0.009899655357,0.645085573196,-0.905754983425,-0.297916978598
10362,0.359692513943,1.05378937721,0.0625701099634,1.49622511864,-0.455335795879,-3.1123354435
5300,-0.655166745186,-1.07833778858,0.420517653227,0.690140008926,0.355188697577,-5.0361456871
8270,0.340218067169,1.24746787548,-0.0250697061419,0.447566211224,0.0296753048897,0.484646916389
27242,-0.471662998199,-1.1680688858,-0.143854811788,-0.576406121254,-3.16772794724,-0.425111234188
9928,0.48057487607,-0.252375155687,-0.0844022557139,0.0505542866886,-0.360114067793,0.0573817268014
1534,0.870070576668,-0.585891366005,-0.27344417572,0.862080872059,0.294562250376,-1.33633434772
5654,-0.918569982052,0.305422991514,0.0246485248208,-0.615443468094,1.31314444542,-0.288936913013
10810,-0.778268873692,0.407714247704,-0.726505279541,-0.0782590508461,-0.0589461624622,0.337085664272
7105,-0.495406150818,0.668246746063,-0.166632503271,0.941723406315,-0.212298572063,0.665352761745
23014,-3.49215698242,-0.636737287045,0.591313362122,-1.29783797264,0.296742320061,-0.17880551517
55012,0.262578129768,-1.062713027,0.450382649899,0.544086813927,-0.571832358837,0.292069882154
2887,-0.667667925358,0.514735758305,0.052850779146,0.40759024024,1.71185016632,-0.0952721685171
9183,0.953562617302,-0.0131645984948,0.289281725883,-0.137187242508,-1.13292849064,-0.923269510269
11151,0.0594444870949,-0.0848523080349,1.11692476273,-0.175884783268,1.64548194408,-0.691153824329
7511,0.151937663555,-0.534403562546,-0.0834018290043,-0.639651477337,-0.179809689522,-0.208816632628
10046,-1.0869256258,-0.94996535778,-0.403609871864,0.836193799973,-0.18183387816,-0.445646077394
1829,-0.781090676785,0.88857036829,0.0539635941386,-1.35869002342,-0.257162809372,-0.104131087661
11000,-0.804097890854,-0.894089758396,0.270401358604,-0.137170702219,1.56996369362,-0.693326413631
976,2.18925213814,0.963947594166,-0.0530166998506,-0.924324512482,-0.780083239079,0.216494083405
3597,1.16915309429,-0.652234554291,0.101152762771,-0.861343383789,-0.0698686242104,-0.153687417507
178,-1.62913668156,-0.578516840935,0.129165053368,-0.724725365639,-0.406397223473,0.757639408112
2625,9.44658470154,-0.749631404877,0.931699693203,-0.211892038584,0.000512570142746,-0.540566086769
6119,0.795949220657,0.131830304861,-0.942434847355,-0.432795524597,-1.24938678741,0.804417431355
26136,-0.260866820812,-0.323583096266,-0.150032401085,-1.68234992027,0.657667338848,0.34332421422
6697,-0.491379797459,0.573935508728,-0.0680502131581,0.384128987789,0.0150412023067,0.125288069248
5971,-1.175735116,0.491131424904,1.44124674797,-0.408168852329,0.88903003931,0.700692415237
22934,0.136800155044,-0.529027223587,-0.652209401131,-0.248148083687,-0.0886876955628,0.283661425114
9289,0.953674137592,-0.428739786148,-3.21594238281,-2.71527218819,0.448394358158,0.0408954657614
4931,-0.6174223423,-1.22604227066,0.0239250380546,-0.420922100544,0.275336682796,0.0115690678358
4200,0.46739512682,-0.383922338486,-0.588050484657,1.65354835987,-0.227186650038,-0.354016214609
93594,-0.586272478104,-0.987926363945,0.518884122372,1.44831037521,-0.181439474225,3.60726714134
5982,-0.1186157763,0.57894974947,-0.225007727742,-0.689539194107,-4.32043457031,-0.442246556282
26520,-0.256525784731,0.268155694008,0.301715344191,0.726654291153,-0.867528915405,-0.0587039738894
4998,-1.17042291164,-0.651505947113,-0.10682579875,-0.178404599428,0.425371944904,-0.185069099069
10038,0.21738769114,0.968128919601,-0.934821903706,-0.107713870704,-0.914010763168,0.202579051256
60493,-0.045041680336,-0.0830878019333,0.710791289806,2.8147778511,-0.799105763435,0.300033658743
51495,-0.87578856945,0.0679658055305,-0.0999466925859,-0.799835562706,-0.599728405476,0.503165006638
4482,-0.455049157143,0.587822854519,1.13473618031,1.88402926922,0.251704543829,-0.0567062944174
23224,0.396247327328,-0.799822986126,0.187084168196,0.400548130274,0.318873643875,0.416327238083
9690,0.736523211002,0.681230068207,-1.34515988827,1.44453763962,-0.444577455521,0.583304345608
80212,-0.60484546423,-0.107123866677,-0.368925392628,0.240953564644,-0.683488965034,0.288714021444
29928,0.797972917557,0.47201281786,-0.102844431996,1.03960824013,-0.187399163842,-0.0662944540381
22809,0.361980378628,0.621010899544,-2.00331115723,-0.638942837715,0.253933608532,1.01111662388
50814,0.891962707043,-1.16183757782,-3.58917832375,-4.50011634827,-5.82786273956,-2.9138045311
55256,0.982848525047,0.0891297459602,0.535128474236,0.311852186918,-0.109246626496,0.782898724079
56997,-0.476939111948,1.43306601048,-1.35320842266,-1.23294460773,-0.0022142380476,-0.179000094533
81544,-0.296113610268,0.923312604427,-0.593393027782,-0.320488393307,0.720379590988,-0.322379291058
6894,-1.07903563976,2.6591231823,-0.14942677319,0.093089222908,-0.778735637665,-0.960114359856
64080,0.566737413406,0.517018020153,-0.0718989893794,2.57419919968,-0.129634231329,-0.154933080077
55818,-0.94265961647,-1.94635510445,0.00890771392733,-0.11364582181,0.421844244003,1.08087527752
637,0.052340939641,-1.26807928085,-0.111471280456,-0.17627030611,0.046877682209,-0.390664219856
22823,-0.70149743557,-1.77026462555,0.377107322216,-0.143292963505,0.466938376427,1.49454200268
5287,-0.0876207351685,0.87723249197,0.508172929287,0.481326550245,-0.415596187115,0.279517769814
91137,-0.253494530916,0.333809763193,0.438526272774,0.844325184822,-0.333005964756,0.554386615753
23097,-2.30494046211,-0.118864327669,0.562558352947,0.793272793293,-0.305502414703,0.721632003784
9851,1.38313543797,-0.241629272699,1.53465557098,2.58624887466,-0.188684239984,0.129223302007
23522,3.14523768425,-1.25940275192,-0.453991144896,-0.819923877716,-1.08052420616,0.690252304077
1123,0.223966926336,0.459855824709,1.15210711956,-1.00473594666,1.21758794785,0.431075572968
5603,0.329122692347,2.39580774307,0.195391237736,-0.163962364197,-0.551060676575,0.334144860506
51569,0.47214153409,0.273105204105,-0.435757964849,0.354981660843,-0.227009221911,0.816459238529
55699,-0.180764093995,0.0982317328453,0.334690511227,-1.27078676224,-0.237660765648,-0.725389897823
2624,0.163533389568,2.57963681221,0.20279020071,-0.215026676655,0.331320762634,-0.456644535065
8204,0.79343688488,0.00360073149204,-0.179010570049,1.44842648506,-0.429200768471,1.06216657162
9133,-0.294777065516,0.169472455978,2.13645839691,-0.704456448555,-0.0515562668443,0.214870586991
10921,-0.143495291471,1.22671151161,-7.20340394974,0.00238977675326,-1.37322294712,-0.319221735001
51742,-0.541745126247,0.225484907627,-0.270515859127,0.901431322098,-0.631547510624,0.244109481573
2954,3.8758187294,0.636243104935,-0.258030951023,0.390641212463,0.243129938841,0.788929581642
27244,-1.18636190891,-0.416477829218,-0.304840296507,0.281129062176,-1.17379665375,0.361255258322
23013,-0.37713137269,-0.143069654703,-0.239015847445,1.03310585022,1.29286181927,0.615507721901
8050,-0.912659287453,0.89076513052,0.620384633541,1.91038799286,1.13526058197,-0.634106397629
79961,-1.25160431862,-1.34625148773,0.573972582817,-1.28034901619,-0.671069264412,-0.376777201891
2017,-0.53466796875,0.0328997299075,-0.403462976217,1.30349087715,-0.300413250923,-0.0321148559451
55148,1.8966550827,0.222423434258,0.142816454172,-0.8176882267,-1.14563286304,-0.0544227361679
960,0.685971140862,-2.34897279739,0.15557000041,-0.59110635519,0.601716756821,-0.080258846283
10451,-0.0269972085953,0.577333390713,1.09560096264,0.581975102425,0.536105573177,0.107127964497
57406,-0.270393013954,-0.367129325867,0.234255075455,-1.29084062576,2.6254336834,-0.935093104839
51719,-0.102707326412,-0.0166442990303,-0.23236066103,-0.512257516384,-0.888346135616,-0.490507870913
7074,-0.407169222832,-0.965521812439,-0.0505976192653,0.685508787632,-0.120205841959,-0.0415456444025
10059,1.366096735,-0.0532197952271,0.544107556343,0.971701145172,-0.463563144207,0.787988841534
51071,0.195636987686,0.569113254547,0.0643506124616,0.0454188138247,0.0761783048511,0.983018279076
5796,-0.300638347864,-0.610792279243,-0.0628506243229,-0.547272562981,0.53170222044,-0.0830560401082
55008,-0.132705003023,-0.319167912006,1.19669795036,-0.509167134762,2.36888766289,-0.35430252552
23597,0.158212259412,-0.964340984821,-0.84084713459,-0.114280641079,-0.70748513937,-0.566515088081
8869,-0.641118407249,0.10932675004,0.271463155746,-0.265759050846,0.680941045284,-0.768683314323
8727,1.48876321316,1.49863088131,0.576455116272,0.283209353685,-1.32444107533,0.200457051396
63874,0.2054862082,-0.349664509296,-1.14344036579,0.0123008191586,-0.582087814808,0.0895240828395
8821,1.3086117506,0.205607235432,0.354472726583,-0.15779158473,0.803544580936,1.67185461521
57178,-2.97119569778,0.00663602352142,-0.121118821204,-0.189019575715,0.518277406693,0.890806734562
5468,0.00498117506504,-0.582265377045,-0.697151482105,-0.126262575388,1.39666962624,0.252755075693
10557,0.419240355492,-0.0121954977512,0.0305526852608,0.148203402758,0.127920091152,0.166394904256
831,0.490823864937,0.140873804688,0.883214056492,-0.594448447227,-0.0105735659599,0.071647875011
9531,0.824092149734,-0.0425793677568,0.49487477541,-0.706337094307,0.862361073494,-0.301671594381
2767,0.585394620895,-0.960922002792,0.610074460506,-0.16210091114,-0.957584023476,0.0417026095092
1861,0.577418446541,-0.417908906937,1.13752937317,-0.738128304482,0.697754263878,-0.091473646462
10165,-0.448052823544,-0.0723269581795,0.844785511494,0.287816286087,-0.468237102032,0.736572682858
7106,0.271005600691,0.415955156088,-0.9656509161,0.646183669567,-0.711403608322,0.313506245613
2908,-1.14185738564,0.168139085174,0.18171672523,-0.25277364254,-0.584331035614,0.573867797852
57761,-0.611360907555,-0.475369215012,-0.00405494309962,-0.691158294678,0.522997319698,-0.425167411566
23338,0.425480484962,0.32654556632,1.13567614555,-0.47574365139,2.99198460579,0.0654644966125
7852,-0.541336476803,1.63450706005,-0.751198649406,-0.803796112537,-1.17153191566,-1.37753868103
55033,-0.625880002975,0.615171611309,-0.480219960213,5.67000579834,-0.798809528351,-0.389864861965
57019,-0.91091221571,0.0416590869427,-4.16423559189,0.0618181228638,-1.91515171528,0.672282159328
91949,0.64177107811,-0.231300488114,0.0129898004234,-0.833931803703,0.70657491684,-0.427932202816
84617,0.100124567747,0.226208806038,0.130748733878,-1.00772452354,-0.41933375597,-1.920820117
25,-2.02250695229,0.27190464735,-0.127218678594,0.263604521751,0.32336139679,0.442125141621
899,0.202279493213,-0.117086946964,-1.15154266357,-0.479634821415,-0.506405830383,-0.703615307808
79850,0.646268129349,0.750509023666,0.378798574209,0.772587537766,0.173869669437,0.564035773277
51466,-0.981886267662,0.131642714143,-0.24711227417,1.16899228096,-0.148430854082,-0.370801389217
2852,-0.0127518624067,-0.229617804289,1.52575826645,-0.268478959799,1.72826969624,0.968015432358
55837,-1.62169659138,2.2969045639,2.87741136551,0.140539854765,0.441556602716,0.110854580998
2131,-1.18280315399,-0.762952744961,4.28110361099e-05,-1.86468696594,0.869349002838,-0.292635202408
5427,0.711796224117,2.95000267029,0.368094652891,1.32246589661,-0.0468062162399,0.649141907692
25966,1.11067664623,-0.58406662941,-0.000605881214142,-0.518191158772,-1.3526096344,-0.202532052994
55608,1.25201535225,0.531148195267,-0.221808075905,0.882681548595,-1.70605802536,0.814234435558
1662,2.58807730675,0.697657167912,-2.86325287819,0.651411533356,-1.02318787575,-0.88360118866
9702,-0.00733491778374,-0.580458581448,-1.04665446281,0.00801804754883,0.659668922424,0.905769467354
11031,0.693410992622,0.154894113541,-1.0549659729,0.484842807055,-0.677809238434,-0.574901580811
10057,-0.91801905632,-1.016253829,-0.141330197453,-0.989960193634,1.03718400002,-0.139949738979
5985,0.0432081222534,-1.10652971268,0.168342649937,-0.261234521866,-0.608582854271,0.262935638428
3280,-0.716163337231,0.099245518446,-0.992575526237,-0.400930583477,-0.761221408844,0.377105474472
55958,-2.01312589645,0.346608400345,-0.0695042908192,-2.68203186989,0.174378082156,-0.739253759384
51465,-0.770563602448,-1.12132787704,1.54509210587,-0.384560734034,0.258269488811,0.915492415428
2542,0.763161361217,-0.595631241798,-0.531022965908,0.151655629277,-0.0627263188362,0.125121966004
10641,1.8837249279,-0.238353773952,1.02739167213,-0.0154991969466,0.578251957893,-0.139220535755
11137,-0.616087079048,0.350262016058,0.0573062524199,0.0172211229801,0.686581492424,-0.361051380634
9842,0.330015331507,-0.479908078909,0.00631023943424,0.147218644619,0.773262262344,-0.0584123730659
10493,-0.0834603607655,0.256116092205,-0.359778493643,-0.204690277576,-1.19451022148,-0.368376553059
10112,-0.356200188398,-0.562132954597,0.110784471035,0.641275882721,0.802243828773,-1.31047046185
1001,-0.892212569714,3.09782266617,1.18595302105,-0.077378436923,2.08711791039,0.197378531098
23635,2.9542696476,0.463059484959,-0.652980327606,1.37123417854,-1.16951298714,0.23693536222
29916,0.516710639,0.0887538343668,-0.224313467741,0.737476587296,-0.135856151581,0.35390946269
2810,1.09559893608,0.0619396418333,0.873767018318,0.0499745607376,0.119939394295,0.254335850477
5993,0.996341764927,0.334533601999,-0.000946737825871,-0.942222237587,-0.86917257309,0.660443663597
11142,-0.865074872971,-0.312748849392,0.724857389927,0.765230417252,0.121113717556,-0.0225587263703
79187,-0.867942750454,-0.425098598003,0.797282934189,-0.0239931568503,0.244911849499,-0.766017258167
51382,0.0415087118745,0.512480437756,0.21705326438,0.63761729002,-0.300480753183,-0.347781836987
8318,0.303429454565,-0.669728755951,0.733313381672,-0.740094602108,0.36689466238,0.126724675298
9695,-0.619346737862,0.234430894256,-0.423598259687,-0.301388561726,0.922485589981,-0.640278875828
9712,1.34106302261,-0.397032231092,-0.525073111057,0.196673184633,-1.04547631741,-0.293511003256
64943,-1.12035572529,0.0364910960197,-0.537523090839,2.60425376892,0.0682944357395,0.0620295107365
9738,-0.323482722044,-1.14317989349,0.450328826904,-1.39611387253,0.865523576736,0.841172218323
6793,0.618183732033,-0.376977622509,-0.953800320625,-0.472370058298,1.39675831795,-0.0385350957513
7358,0.928624987602,-1.530397892,-0.090401917696,-0.116099327803,0.207781165838,0.352824181318
58472,2.69407892227,-0.749525308609,0.762705922127,-0.495933175087,-0.191313117743,-0.139210909605
50865,0.503588914871,0.852121829987,-0.224751234055,0.0380488373339,-0.74715256691,0.128791883588
23200,1.17457354069,-0.149266079068,-0.037246324122,-0.508625268936,1.16896867752,0.0239579975605
51293,-0.73423242569,0.979201316833,-0.395069122314,0.374395012856,-0.22306266427,-0.430302232504
10962,0.235862746835,1.07623171806,0.178556442261,0.926519632339,-0.0156838521361,0.28013163805
10153,-0.503819108009,0.0999111905694,0.0871812775731,-0.525104224682,-1.25596570969,-0.497583776712
874,0.253986120224,0.274675875902,-0.0419046878815,0.0660920441151,1.39599490166,-0.138447910547
