rid,CPD001_MCF7_6H:BRD-A75850590-003-07-2:10,CPD001_MCF7_24H:BRD-A75850590-003-07-2:10,CPD001_PC3_24H:BRD-A75850590-003-07-2:10
5720,-0.96067917347,-1.11029338837,-2.38019967079
466,-4.05131196976,-0.391782343388,-2.07591295242
6009,-1.6763201952,-0.0360273495317,-1.18090033531
2309,0.269652426243,0.80647778511,0.0566223412752
387,0.23870845139,2.44356298447,-0.0904032438993
3553,0.293744206429,1.20100843906,-1.72999489307
427,-1.38520014286,-0.572783768177,-0.538605451584
5898,-1.07064855099,-0.850446999073,0.752173006535
23365,1.55905842781,0.430279582739,0.336445271969
6657,0.528889775276,0.727987408638,1.15158462524
5054,3.12821006775,1.42437064648,0.183511137962
3108,0.821319878101,0.297463655472,0.122199058533
1950,1.12061023712,0.520192742348,-0.0121181309223
351,-1.22404813766,0.305042505264,0.379113614559
4846,-0.358731687069,0.357782125473,0.183842271566
1452,0.537480473518,0.223778501153,-0.21101769805
4776,1.30399167538,1.0730048418,2.34283351898
6908,-0.601595759392,0.478417873383,-1.16760969162
672,0.61608171463,-1.08691740036,0.294731378555
5710,0.360541433096,0.695678114891,-0.368422627449
2115,1.13945126534,-0.218838065863,-0.733344256878
7015,0.530045092106,1.70170855522,0.319210261106
8726,-0.520469963551,-0.856828927994,0.0751783326268
2185,1.12916719913,0.760883748531,1.04216921329
3315,0.12085659802,-1.01427292824,-0.535966575146
5289,1.42098331451,-0.405042141676,0.749118387699
868,-0.218705028296,-2.91055321693,2.39435768127
1677,1.23096466064,-0.158603042364,0.916600167751
7043,1.46956396103,1.91683840752,1.19808423519
5613,0.0302642807364,1.43102562428,0.84527862072
595,0.506396532059,0.80904597044,0.871150612831
4793,-0.43892198801,4.58702898026,0.206224381924
2736,0.790186226368,-0.0928817391396,0.820147156715
5290,1.65125107765,-0.199054822326,0.584646105766
6194,-0.721080303192,0.496212124825,-0.023284047842
1676,0.907535493374,1.1524900198,1.86543774605
23512,-0.81489521265,0.259328365326,0.787604570389
148022,1.41793966293,2.32059884071,0.205312520266
1906,0.308120667934,0.967013895512,1.37575376034
8878,-0.201590836048,1.09995222092,-0.822369039059
3091,-1.52715992928,-0.865288972855,-0.57742869854
5743,0.287779897451,2.24736833572,0.0709584653378
5321,-0.00426848232746,0.799269378185,0.529918074608
4144,0.431326627731,0.726493299007,0.0978661775589
1981,0.482659816742,1.18276309967,-0.0614273287356
695,0.562973797321,0.443692743778,1.84650611877
10398,0.681089758873,1.00388026237,0.661963224411
5708,0.0154172480106,0.78708922863,0.971818208694
1213,-0.339163213968,0.950340688229,0.524928152561
226,0.412710815668,1.84824323654,0.539816558361
6777,0.319369465113,0.876849234104,1.36237323284
2113,0.113388322294,1.34046936035,0.871370434761
3329,-1.86746144295,-1.2618534565,-1.09771978855
1050,1.72618377209,0.780979275703,-0.862167477608
9491,1.03964662552,1.46786534786,1.50482988358
22926,0.993123590946,0.720088899136,-0.1443233639
5899,0.523553192616,0.275185346603,-1.42157745361
5467,0.708520233631,2.22500348091,0.552395939827
6774,0.822370946407,-0.826930761337,-0.0403803698719
1788,0.586337089539,0.857992887497,1.57753717899
5921,2.18947339058,1.58028113842,0.121790066361
5721,-0.837688326836,-2.08839797974,-0.307633250952
2263,0.884673953056,0.92367041111,1.33939349651
808,3.15540266037,1.38417744637,-0.913917243481
30001,1.49061715603,0.762791931629,0.0431446731091
348,0.69173514843,1.07256925106,1.00989162922
30849,0.706344604492,1.7947729826,-1.01189649105
1454,0.759355723858,0.381259977818,-0.605109751225
6500,1.6052492857,-1.60088527203,-0.325056612492
5627,-1.1939303875,-0.951630651951,-0.116065725684
5715,0.316663205624,-0.861133337021,-1.01287519932
4791,3.221180439,0.302900761366,0.135063052177
56924,3.61989498138,-0.530303895473,-0.336559891701
2690,-0.240663558245,-0.754126310349,-1.14359807968
1019,-2.33033514023,-1.13064646721,0.285988688469
51422,0.501064300537,-0.948549747467,-2.15113687515
5788,0.737058758736,1.51844978333,1.22738838196
6709,0.398274958134,1.80596423149,0.162541717291
1277,-0.209374278784,2.08347511292,-0.983687996864
993,-0.0408620275557,0.0178923420608,-1.37892663479
7157,0.653786480427,0.802943408489,0.0850442498922
1958,-2.09871578217,-0.0513220280409,-0.150065585971
4582,0.683552086353,-0.81809091568,0.197140097618
9212,0.459725886583,1.68152523041,2.11219739914
8440,-2.5017323494,-0.516328215599,0.500322639942
6790,-0.0997349619865,1.64773845673,0.0426949113607
8851,0.568233072758,-1.46488237381,-1.49409162998
2534,0.458379626274,0.263831794262,-1.43310785294
4893,0.434952825308,-0.354135215282,-0.108057916164
665,-0.0640001296997,-1.94504928589,-0.645867705345
4313,1.15828120708,0.828079819679,1.22342526913
1022,-1.45996832848,-1.1330755949,-1.09789192677
5880,0.908990383148,0.114525511861,-0.309946507215
3162,-0.836845815182,0.526668608189,-1.04448950291
1282,0.00715929269791,1.2875071764,0.214038521051
3383,0.222447872162,0.153547242284,-0.103082537651
727,0.231902599335,1.44978499413,0.0730811953545
4792,0.198731124401,1.37960469723,-1.28067088127
4794,0.340272217989,1.32923090458,0.48342230916
902,0.449714958668,0.405232191086,0.290480256081
8091,0.81024491787,0.217196717858,-0.801032185555
3486,0.828859806061,0.678188621998,-0.298486888409
10818,0.470629572868,1.45953202248,1.3901168108
3454,0.522716164589,0.71467757225,1.10497272015
4282,-1.54079639912,0.23887604475,0.619154572487
1605,0.752410054207,1.35999441147,-0.118923693895
10644,0.958632528782,-0.189688235521,-0.454177230597
2065,1.56371355057,-0.350734353065,0.684645175934
8321,0.000753991305828,0.606983542442,0.589733362198
8503,2.40295362473,1.39687180519,-0.561705768108
7027,-0.246251821518,0.633904874325,0.440955460072
6850,0.40245783329,0.625220417976,-0.786410391331
1978,-1.14749836922,0.466340661049,-0.401283621788
896,-0.0457601100206,-1.99912691116,0.179658189416
5777,-0.529225766659,1.12911653519,0.0817004814744
1846,-0.561655342579,-0.186996370554,-0.52579241991
5925,-0.262433648109,0.164065927267,1.92208814621
142,0.998606801033,1.48176538944,0.920453250408
1021,-0.0807045251131,-0.0661167502403,-0.23666459322
5699,-0.280164390802,-1.57092773914,0.402737289667
8061,0.046206086874,1.17951607704,0.0416651964188
1870,0.535510778427,1.49620866776,-0.386676251888
1398,-0.536936163902,-1.37815916538,-0.288034677505
3312,0.0966498404741,-0.68726170063,-8.63519763947
891,0.629413247108,0.029194155708,2.07133150101
4775,0.394679009914,1.37461018562,4.53612852097
5111,-1.77799272537,-1.52095627785,-0.329104721546
5696,0.643174409866,0.0879221707582,-1.14494025707
5588,-0.0811538994312,0.754668474197,0.232124745846
6839,1.48902237415,-0.179809510708,0.312416613102
329,-0.82809728384,-2.01722574234,-1.5445202589
5058,-0.830785930157,0.3563837111,-0.724129319191
998,-0.105814829469,-0.253038287163,0.189264804125
9134,0.263872951269,-2.23356056213,-0.218330204487
6616,0.353828877211,0.913081765175,-0.476715177298
5223,-0.582313477993,0.421338558197,0.495984107256
4690,0.753440260887,0.488054841757,0.126422822475
958,0.710306763649,0.671046197414,1.00648188591
1616,-0.0478494763374,-1.48548698425,-0.84910428524
991,-3.83820652962,0.224143475294,0.367452442646
6347,0.541785776615,0.761648535728,-0.458231836557
6714,0.26218020916,-0.752423524857,0.335974246264
652,0.147469386458,0.660244703293,0.148434847593
4331,-1.80505943298,-0.731273412704,-0.684858381748
7099,0.129343658686,1.32722187042,-0.459844946861
10320,-0.242062374949,1.45320236683,-0.936915576458
2042,0.568799436092,-0.21512055397,0.258163064718
843,0.444551438093,0.477607101202,0.393555283546
840,-0.806293129921,-0.950258553028,-1.61500418186
7048,-1.05573523045,-0.959238648415,-1.08288490772
4851,0.500992178917,2.03035902977,1.17510449886
6464,0.380946546793,1.81180727482,3.42792057991
23410,0.943686962128,0.43829703331,1.12186157703
54205,-2.77379250526,-0.229954212904,0.294395387173
2770,0.682156085968,0.422907263041,5.19808578491
80204,-0.475673675537,-0.073591992259,0.527909934521
4208,0.281362473965,1.39009308815,0.299067735672
1845,0.084450237453,-0.364910155535,0.0777584910393
23368,0.209070533514,1.53317654133,0.853998541832
5583,0.445091485977,0.647989869118,7.90343761444
8900,0.460880190134,1.44050264359,1.25605416298
581,0.939559817314,0.311295032501,1.17517316341
6193,0.0147378975525,0.834644198418,0.0720207393169
6622,0.369744300842,0.885326385498,0.0339932143688
11261,-0.960703611374,-1.73398399353,-0.325613290071
6696,0.197284460068,0.15527138114,0.751313090324
8312,1.26033496857,-0.18734562397,0.219628795981
835,-0.607721686363,1.19574010372,-0.344644546509
8324,-0.303148031235,-0.461171865463,-0.0348509848118
1848,-0.140226483345,0.25655901432,-0.0744022876024
154,-0.537866950035,-0.330908060074,-0.2234813869
4312,0.874128937721,0.392316460609,2.75045537949
994,0.710905909538,0.736749649048,-0.0407604202628
2048,-0.739560484886,0.696005642414,-0.126893162727
1111,-0.812743186951,0.422160446644,2.36889100075
5154,-0.14801235497,-0.252011239529,-1.17422235012
2920,-0.482969403267,0.774370551109,-0.940930008888
3122,0.971491754055,0.546696960926,0.0531490147114
2769,0.627109229565,0.785478532314,0.891500771046
5900,-0.627326250076,0.625997543335,1.47235417366
6304,0.440523207188,1.53911209106,-0.112495139241
5211,0.970297753811,1.81230866909,-0.632414579391
2886,-0.48559063673,0.389918923378,1.32139360905
9261,-0.15766403079,0.0151523388922,-0.120736718178
8569,1.80437541008,1.27896118164,0.821520924568
3303,-0.626152157784,-0.958955526352,0.893962085247
5331,0.242651551962,1.06576573849,0.244743704796
5347,-1.85179567337,1.04159021378,1.46980035305
4638,-0.172149226069,0.0607963949442,0.550116896629
2264,-0.0252920761704,1.09506213665,-1.07116103172
1029,0.183993831277,0.0855674743652,-1.74178779125
1027,-1.31998753548,-1.41037988663,-0.377883076668
2597,0.000173170556081,0.000548034033272,3.49689908035e-05
55847,-0.170286625624,0.119846589863,-1.32778942585
25803,0.906421601772,0.15578135848,0.132839605212
3480,0.356582969427,-1.15407121181,-0.558793127537
2946,-0.0630060434341,-1.14244997501,0.430086016655
9517,0.261518388987,2.97798776627,-0.478738218546
25987,0.225957199931,1.3274782896,0.399977445602
23670,-0.268970906734,0.0653674006462,-0.0644477009773
11182,0.627128601074,0.927729964256,0.0588105916977
2146,-1.23025548458,0.0232111811638,0.312142491341
3385,-1.00612831116,0.346435189247,-0.800233602524
5261,1.03490722179,-1.69786167145,-0.389162093401
10765,0.28216162324,1.3429762125,0.56754052639
25839,-0.837167739868,0.0587112307549,-1.70715737343
4172,-0.110367849469,-0.32302570343,0.565622270107
23161,1.15640306473,0.747614741325,1.48108124733
10298,0.0640489459038,0.688406407833,-0.212642803788
1802,0.285140097141,0.637816786766,-0.43614757061
58533,-0.157933413982,0.12460270524,-0.60832208395
147179,0.334998190403,-0.619019985199,-1.42379903793
29937,-0.912348151207,0.385655969381,0.499889343977
6184,-0.972689628601,0.985171318054,-0.154936820269
9854,0.347335249186,-0.358341217041,0.498086839914
2553,0.0477700904012,0.0855551064014,-1.39384579659
5440,-1.90252244473,-0.0098385438323,-0.0946617648005
54623,-1.40893757343,-1.34308731556,1.95493078232
9533,1.0320417881,0.958147883415,-0.578362762928
8607,0.649169027805,1.15001225471,-0.393567085266
207,-0.0107387900352,-0.0918250083923,0.0728188306093
26054,0.41530045867,-1.12297105789,1.33209478855
10682,-0.0241792611778,-0.101555518806,0.351150512695
8573,-0.33226236701,-0.113342642784,-2.024477005
23378,3.2599158287,-0.921822726727,-1.27966582775
8553,-0.152053177357,3.26095461845,0.0838258489966
622,-0.213802263141,-0.00268563628197,-0.415950506926
9467,-1.26119232178,-0.69456166029,0.78741133213
5525,0.297822415829,-0.93351328373,-4.22200012207
256364,0.433284133673,0.735611796379,-1.54361331463
332,0.260575324297,-1.54118943214,0.00285657122731
2058,-0.102649822831,-0.356096684933,-0.247757449746
7849,0.18520347774,0.444216519594,-1.26071369648
23244,0.244850426912,-0.296610444784,-0.0299498084933
7494,-0.588536441326,-0.881530463696,-0.395029485226
4836,0.818478345871,1.45834481716,0.324627548456
23647,0.494245707989,0.27355158329,-1.17997634411
10617,0.0529582053423,-1.00874006748,-0.185936152935
2184,-1.80123353004,-3.79536652565,1.03433442116
5355,0.0413760989904,-0.595205068588,-0.306851953268
6659,0.962628424168,1.1649633646,0.40963485837
7016,0.269328415394,0.485264748335,1.12918758392
90861,0.330783128738,0.792060792446,-0.0607654303312
10670,0.107145562768,1.22341191769,-0.114762030542
79071,-1.52932047844,-2.34890222549,0.00620399415493
64746,1.29579412937,-0.3957875669,0.296290427446
5366,-0.390595018864,0.721921205521,-0.26650878787
11344,-0.454444617033,0.681375980377,-1.01783812046
10013,0.926901519299,-0.872591137886,-0.822005093098
5829,0.138210952282,0.00160231441259,1.17956662178
5257,2.36175012589,0.543602764606,-1.30682504177
22794,1.032538414,1.35336565971,-0.300034731627
9761,-0.28594648838,-0.133224263787,-0.608292102814
23326,-2.98304629326,-0.972435534,0.801400840282
10972,-0.498159348965,-1.07776319981,-1.42398023605
10523,0.245858550072,1.21617865562,-0.483500599861
79090,1.38819646835,0.61079198122,0.268660485744
27032,-1.14456033707,0.19091938436,0.529089689255
9097,-0.319732546806,0.721625864506,0.185419023037
10513,-0.191732883453,-0.299572139978,0.426089048386
1891,-0.0439347997308,0.230936661363,-0.509175419807
3066,0.458456933498,0.197796329856,0.746830940247
9801,-0.906065404415,-2.61735844612,-0.780815303326
1459,1.67088353634,0.728533685207,-0.111051484942
9703,1.14488887787,1.32081949711,-0.218058153987
10606,-0.264838516712,-0.0195617899299,0.750828206539
1017,0.0874604433775,-0.899785816669,-1.5223056078
9813,-0.182231813669,-0.429214954376,0.840086221695
7485,0.551458716393,-1.08144342899,-0.661694347858
2109,0.3170145154,-1.06884455681,-0.490300089121
23271,-3.49529480934,-0.841288089752,0.173800036311
9915,0.735738098621,0.485012084246,0.857080221176
9552,1.09255588055,0.956021368504,0.67080694437
93487,0.441681832075,-1.43181848526,-0.865241408348
2956,0.623153805733,-1.70453548431,0.127069443464
11065,-0.560617685318,0.553016126156,0.141767561436
9653,1.14983534813,0.332946479321,-0.486190021038
200081,-0.106391601264,-0.965588152409,-0.231470704079
3337,-1.67598176003,-1.09482967854,-1.30381727219
11073,-0.0351754426956,-0.734725117683,1.22447776794
23,0.0856801271439,0.0680710226297,0.265436828136
5641,-0.258071005344,-0.374677538872,-1.70375263691
8720,-0.297236531973,-0.738217055798,1.47515714169
10782,-0.344130426645,-0.187972068787,-1.16159927845
25932,0.03667730093,-0.795212447643,-0.569954752922
3028,-0.246428132057,1.13348031044,-0.72526204586
6804,0.332941234112,3.10208749771,1.15235877037
890,0.231203943491,0.17798474431,0.422690570354
6390,-0.243119314313,-3.85300898552,-0.707984507084
4303,1.14325487614,2.54905676842,0.0325933396816
10953,-0.319281756878,1.56646454334,-0.821928322315
22889,-0.0177707597613,-2.64555740356,0.125181466341
3098,0.730668306351,1.50399136543,0.316743791103
11044,0.829963445663,1.35545277596,1.32896101475
8985,0.902274310589,-0.13980576396,1.17842590809
66008,0.441554129124,0.517966330051,-1.46566593647
9217,-0.618709504604,-1.15938854218,-1.00763177872
701,1.12801253796,0.563376367092,1.51305925846
6182,0.00736512243748,0.0,-1.04435098171
4860,0.591713786125,-3.50187730789,0.288816928864
7398,-1.27465677261,-1.17184376717,-0.652363955975
6117,-0.621962547302,-1.74186837673,0.0362338013947
23588,-0.543475151062,-0.321854501963,0.175454050303
949,-0.223236978054,1.18952202797,-1.01888644695
7168,-0.472308516502,-0.311472654343,0.20938295126
9375,-0.952283859253,0.092205747962,0.152956560254
4927,-0.252770721912,0.350357532501,-0.904198467731
2523,0.60983222723,0.257072091103,1.23455178738
58497,0.394731730223,0.361955225468,-1.20105075836
6856,-0.813205242157,-0.84077501297,-2.57147526741
26036,0.841975867748,0.113931648433,-0.553618013859
10206,1.27799606323,0.980300009251,0.943436980247
25793,-0.574838161469,0.376452863216,1.06332218647
55556,1.10336685181,-0.854851186275,-0.246272712946
3978,0.363724708557,0.264450728893,0.0437924042344
10681,0.37741702795,1.2282627821,-0.471752911806
3638,-2.05833220482,-0.332745790482,-0.104542702436
8349,0.496637582779,0.698519170284,0.580574572086
6275,-0.487110435963,-0.773913860321,-0.0617774128914
3895,1.49226284027,0.295290321112,0.231669694185
392,-0.0850533023477,0.863522171974,1.84836363792
9170,0.422746509314,0.390930324793,-0.113528676331
80347,0.544660925865,0.655419051647,-0.965811550617
23300,-1.96272349358,-0.119385272264,0.488055020571
836,0.968088984489,-0.81301099062,0.477187275887
11188,0.634825050831,0.45229357481,1.02073085308
10898,-0.635965526104,2.90333127975,-0.615270674229
9276,0.50222748518,0.778357505798,-0.783548772335
1647,-0.162670761347,0.498501330614,0.531088471413
10285,-0.0631634891033,-1.26233398914,-1.24611604214
23386,-0.44730129838,0.243306443095,-0.291651427746
3156,0.0564814507961,-0.269270420074,1.66597115993
10237,0.139602601528,0.939822137356,-0.285257548094
7077,1.93232989311,1.35977005959,0.479211330414
11157,-1.07040345669,-0.999356746674,-1.17097210884
22908,-0.129555881023,-1.38617682457,0.204367339611
10915,0.050379678607,0.426153481007,0.17453712225
9897,0.613798499107,1.31383228302,1.34995019436
1759,1.13000178337,0.651265621185,-0.486691981554
54541,-0.506428360939,-0.825519442558,-0.603720486164
211,0.352916091681,-0.207149550319,0.341434419155
5048,0.549218714237,1.04148602486,1.7011436224
84722,0.133095175028,1.47349619865,0.964120447636
29890,-0.129906445742,-0.658201694489,-0.0185131728649
9868,0.953788876534,-0.878942370415,-3.50236463547
873,-0.0440138429403,1.57230830193,-0.366835981607
5580,0.571444034576,-1.24816393852,0.86846023798
3725,0.949074089527,0.586990058422,-0.403171628714
23585,-1.10201871395,-0.76041162014,-0.045145265758
51097,-0.412500441074,-1.97535562515,1.06678307056
1831,-0.25919213891,-1.78201460838,0.0903721153736
7020,0.19208355248,1.64984345436,2.21637916565
55893,1.35632157326,0.796335816383,1.18579173088
6944,1.14557361603,2.16619372368,1.06453442574
22883,0.360799819231,0.234746366739,0.209376513958
5601,-0.398859143257,0.658887088299,0.0145924091339
10775,0.220232188702,0.0363144874573,-0.208637163043
4780,0.6177085042,-1.44790530205,-1.31481349468
10904,0.16131837666,-0.273753046989,-0.333424061537
9917,0.345913112164,0.668009519577,-0.243464127183
1399,-0.700411498547,-0.0873700976372,0.551122963428
24149,0.80336356163,-0.315806061029,-1.11832952499
2222,-1.73070752621,-3.40294742584,-0.724759280682
10131,0.0605039745569,2.30448484421,-0.314583718777
2958,-0.749541938305,0.121049717069,-0.310330927372
9650,0.899218678474,-0.264446765184,-0.131405055523
7319,-0.515511453152,-0.104994252324,-0.98972260952
4817,1.16576981544,1.32296586037,1.01091790199
9143,-0.665473282337,-0.146565318108,-2.4449095726
10494,0.244854032993,0.342635333538,-1.12582230568
55324,-0.815889835358,-0.654908895493,-1.1156463623
23149,0.817380428314,0.889231920242,0.223132163286
9943,-0.907589256763,-0.229673653841,-0.801496803761
6599,0.0889174491167,-0.212986886501,-1.18591332436
51031,-0.142395764589,0.629526853561,-1.77991902828
3566,1.14570486546,1.55528616905,2.36081361771
3815,3.25918388367,1.54941546917,1.85679709911
8624,-1.56374943256,-1.02627170086,-0.787582278252
27346,0.27920293808,-0.2553601861,-0.223349377513
10489,0.608044862747,-0.113749295473,0.382710814476
26128,0.210569649935,-0.803182542324,-0.00662913173437
79921,-0.545657634735,-0.926629304886,-0.00223991367966
55746,-0.990539073944,-0.298211097717,0.727502822876
23636,0.956618309021,-1.1311545372,0.607541978359
10892,-1.66530776024,-0.262911170721,-0.404502391815
10652,0.412269949913,0.925342023373,0.843663692474
11004,-0.438208460808,-1.60105335712,1.37222385406
23530,-1.41756951809,-0.190776407719,-0.684799075127
8826,1.87658464909,0.436587631702,2.12733030319
3308,-0.162515759468,-0.3993729949,0.0795505866408
7153,-1.39055323601,-0.542408585548,-0.0839995294809
11041,-2.84365653992,1.08964109421,-1.15583217144
6342,-0.0673386752605,0.593192636967,-0.923670887947
5883,0.657538712025,1.20087242126,0.0718573331833
10589,-1.08208942413,0.540131568909,-0.616823554039
5110,-0.27609205246,-2.87331867218,-0.470543771982
4609,0.110077753663,-1.25714051723,-1.03145980835
5423,-0.146979019046,0.499866038561,-0.0236249417067
1070,-0.615353882313,-0.553131580353,0.670395612717
10051,0.020753774792,-0.619958102703,0.0168672502041
6603,-0.328584998846,1.4933154583,-0.427139431238
9019,-2.00873303413,-0.70712697506,-0.555282831192
10969,-0.76751101017,-0.904867351055,0.79420119524
9797,-0.689529597759,-0.808162689209,-0.00571680441499
4043,0.0315171480179,0.192290365696,-0.339868843555
9519,-0.746743440628,-0.0453103929758,-0.802502274513
8480,-0.479599237442,-0.979848742485,-1.19696605206
983,-1.16311502457,0.387608736753,-0.564269244671
10559,-0.0502365231514,0.203760400414,-0.670275390148
8508,-0.0856610387564,-1.74267852306,-0.713040947914
9275,-0.54966956377,-0.396650969982,-2.19863772392
8914,0.810060143471,0.743784666061,-1.19868409634
54505,0.290249884129,0.260795354843,0.491628408432
6919,0.535182774067,0.953352808952,0.929917931557
2274,-3.02788329124,-1.51870453358,-0.653558850288
2288,-0.395705491304,-0.0617577582598,0.424971401691
7994,-0.145782008767,0.111684806645,-0.141330316663
4216,-0.872039854527,1.13917517662,-1.32839131355
7538,0.832155108452,0.269077062607,1.47887229919
3628,0.914515256882,0.529347658157,0.0229844525456
2037,-1.3903439045,-0.389826208353,0.383805274963
2771,-0.154881164432,-0.534613549709,0.0573567152023
7264,0.134316861629,-1.00893604755,-1.3870497942
1786,0.0613029114902,0.652296304703,-0.636702060699
5873,0.108805924654,0.810292005539,0.0172879472375
780,0.168404996395,0.00992956385016,-0.645825266838
9926,-0.529434621334,-2.3415222168,-0.682524800301
8446,0.622065186501,0.583204746246,1.7700381279
7159,-0.0559792965651,0.532613933086,0.35525983572
1026,0.0847823470831,-1.56459486485,-1.14569044113
7082,0.448274999857,0.617709040642,0.250877887011
10058,-0.840246796608,-2.32057929039,-0.37776350975
10797,-1.42815566063,-2.66775584221,-1.03974211216
11230,0.387264877558,0.470450013876,-0.849449813366
30836,-0.598367273808,-1.81868493557,-0.0870883911848
27336,0.754304409027,0.297700256109,1.07457864285
9918,1.40647792816,1.03518760204,-3.61967778206
79073,-0.226568624377,0.582980930805,-0.302187353373
9688,-0.447398215532,-1.62811863422,-0.31625854969
23659,-0.647830843925,-0.0243732258677,0.969119787216
8396,-0.593615591526,0.393650084734,-0.957535803318
23077,0.381593227386,0.76393276453,0.371763408184
10857,-0.554763436317,-1.58248603344,-0.669468164444
16,0.514243602753,-0.852760255337,0.083305336535
2817,0.660103619099,0.0982298851013,-0.108905360103
60528,0.702240347862,-2.32474589348,-0.298346012831
5359,3.18566155434,-1.25917589664,0.127066642046
1514,-0.132693916559,-0.830471634865,-3.92184638977
1509,-0.0396514832973,1.75260484219,-0.122270554304
9181,0.138107582927,-0.293971121311,-0.645071148872
3611,-0.889746546745,-1.85042834282,0.20333006978
4783,-0.644143402576,-0.973791360855,-1.11259496212
10123,0.477522313595,1.20202159882,1.85447084904
8895,-2.61491441727,-1.33224642277,0.498204350471
9805,-1.54634165764,0.918689787388,1.03232681751
4125,0.348266243935,0.801241755486,-0.268282026052
1635,-1.05614507198,0.634929001331,-1.15151870251
4154,-0.436934649944,-1.07190024853,-0.632385194302
26292,-2.58073830605,-0.486000537872,0.200166404247
5770,0.294743478298,2.17833304405,0.707795917988
25874,-0.77131664753,-0.273604631424,-0.10324767977
11319,0.152497634292,-0.651804387569,-1.87909328938
1153,-1.37528944016,-1.75165951252,-0.584155917168
11098,-0.665790259838,-0.0570989847183,-1.00583648682
8974,0.612523138523,1.05862045288,-4.59251737595
533,-0.657666146755,-1.89929616451,-0.70992910862
823,1.01110219955,0.89892411232,0.533563494682
6812,0.332285344601,-1.11107039452,0.476213514805
3693,-1.08227872849,-2.22281360626,0.435530841351
4891,-0.528843820095,0.256955206394,-0.919314146042
10954,0.428598165512,1.39002025127,-0.382432818413
5909,-0.72616070509,-0.0419886671007,-0.92588019371
9221,0.0593156144023,-0.487869560719,-1.11232841015
847,0.597393751144,0.681499481201,1.06810462475
11072,-0.613636851311,-0.716832816601,-0.338547587395
10221,0.053574860096,1.14878189564,-0.248284861445
7158,-0.348362475634,-0.144547492266,0.973808050156
8678,0.0665708482265,-0.215963348746,-1.18646740913
11014,-0.677933990955,-1.31537032127,-1.60320270061
1994,0.665921449661,2.26674699783,-0.151290655136
3482,-0.163255363703,1.14372956753,1.097012043
25976,-1.23369765282,0.340021133423,-1.5957788229
10491,1.20170760155,-0.661770105362,-0.123193651438
51053,-1.94972705841,-0.869939148426,-0.21895378828
9267,-0.232900410891,-0.149800896645,-0.333971053362
5547,1.4900072813,0.587922811508,-1.02731633186
6597,-0.601472079754,0.497350633144,-0.68656283617
5836,0.426158994436,-0.421822220087,-2.87629246712
6118,1.86578977108,0.568438112736,-1.24618959427
2961,-1.23606002331,1.5368373394,-0.899245381355
310,-1.94116377831,-1.14540207386,-0.623646616936
7296,-0.866793036461,-1.34562695026,-0.172239035368
1429,-2.22234034538,-0.674568235874,-0.411596685648
2548,-0.520882368088,-0.425134897232,-0.140174716711
6499,0.387396484613,1.17104721069,-0.039994481951
642,0.088176637888,-1.59366106987,-0.888114333153
23076,0.0644991248846,-2.54597091675,-0.766125321388
10099,-0.103758357465,-1.21487414837,-0.479408115149
9817,0.318084269762,0.812801837921,-0.414007097483
9126,-1.15564572811,0.1845497787,0.51767629385
3930,-0.606135249138,0.123585782945,-0.776937603951
10450,-0.303113073111,-0.303689420223,-1.21430826187
54386,-0.443138062954,-1.89246034622,-1.56277310848
664,-1.08140015602,-1.33415484428,-1.32750105858
596,0.782745242119,0.0474401116371,-0.254708141088
10180,1.6420570612,0.164614975452,-0.975480556488
1445,0.10564340651,-1.07696390152,-0.541764080524
230,0.386065214872,-0.0650253668427,-1.06829297543
9246,0.578761279583,0.461076140404,-0.515108585358
5092,0.0887516438961,-1.8532781601,-1.07565593719
23463,0.597934126854,1.37020659447,-1.71111857891
10007,-0.0270829349756,0.203971147537,-0.714797139168
4925,0.077226370573,-0.522742688656,0.259591430426
6251,0.995603203773,-0.717942118645,0.933556497097
5782,-0.896795392036,0.664550065994,-0.137028902769
5106,0.11161121726,-0.958251297474,0.354540705681
2673,0.200039789081,-1.42361068726,-1.62548398972
644,-1.3725297451,-0.737209379673,-1.40138244629
6284,-2.82934117317,-0.456235677004,-0.9850679636
4605,0.792223453522,0.543517351151,1.10116004944
6810,0.235026702285,0.125625610352,0.22519826889
54499,-0.973705768585,-0.250248432159,-0.295893132687
11007,-1.25959038734,1.45743918419,0.0709223002195
1643,-1.085978508,-3.36037778854,-0.188636600971
25805,0.364156961441,-1.59279382229,2.34206295013
3033,0.929776489735,-0.879546284676,0.280412793159
2745,-0.32776889205,-0.130420938134,-0.772344946861
9961,1.41305804253,0.376768261194,0.753265142441
3925,-1.06502020359,0.177417844534,-1.69502305984
2582,-0.141294836998,0.550503194332,-0.591823339462
5792,0.617907345295,0.885443031788,1.60600626469
5236,-1.41212213039,0.849168002605,-2.30428528786
4016,3.27885341644,-2.11372876167,-0.982592940331
4651,0.690002262592,1.27473974228,0.795520424843
3988,-0.540062487125,-0.65771573782,0.738235294819
26227,-0.504505515099,0.905080616474,1.48236715794
7982,-0.187589973211,1.02588450909,-0.287736684084
3551,1.62967741489,0.0197719931602,-0.168796673417
5108,-1.25739264488,-1.47789239883,-0.128206089139
8870,0.0543233864009,0.198469907045,-1.27829039097
2195,0.214150846004,0.689500749111,-2.2441163063
8731,-0.53305119276,-0.679322779179,-0.804021239281
1956,-0.632295429707,-0.369701445103,0.263524383307
10276,0.369940340519,0.239987179637,0.720370292664
1666,-1.73366737366,-0.536760628223,-0.678977489471
4864,-0.289339542389,-0.134751617908,0.556034445763
4232,-1.32046806812,1.0899939537,1.40703773499
5050,-0.505606234074,0.401387929916,0.640608608723
813,0.869950294495,0.627089619637,-0.208799034357
3964,-0.419401168823,0.893534839153,0.870781242847
26020,0.563670039177,-1.43332719803,-1.45021128654
481,-0.0275817811489,0.646621525288,-0.473477065563
5019,-0.527725994587,-0.639227926731,-1.03870522976
291,-0.802839338779,-0.380676388741,-0.0485795103014
10973,-1.00767326355,-1.73536360264,-0.152664810419
9697,0.745069205761,0.672896921635,-0.275632321835
5831,0.566528439522,1.04866170883,-0.711322546005
8202,-1.33475613594,-0.887745201588,0.135748535395
57804,0.649086594582,0.271848529577,0.0875461995602
5566,0.832195281982,0.0902038514614,0.31066519022
57149,-0.43956425786,-0.636931836605,0.201223686337
7416,-0.0654405876994,0.517680168152,1.76275980473
10174,-0.484345972538,-0.814593851566,-0.102702140808
6676,1.97401869297,-0.618717610836,1.76184475422
8884,-0.694225907326,0.503335058689,0.157046690583
5997,0.569472670555,3.1466319561,-0.37301838398
57147,0.733010113239,0.297479838133,-0.58504730463
6909,0.707372605801,-1.15119802952,-0.919414937496
9093,-6.34975585854e-05,0.202307641506,0.73960351944
23142,0.61233496666,0.449269831181,0.205149129033
8444,0.100494921207,-0.541470229626,0.0853861421347
11232,-3.20157933235,-1.89440333843,0.593743145466
27095,-0.952247738838,0.880264699459,-0.48840379715
10732,-1.86862671375,-0.391435027122,-0.132885202765
23029,-1.26095533371,0.148997604847,-0.471047520638
9270,-1.14644491673,-5.60496377945,-0.34021243453
47,-0.262125611305,1.53453540802,0.219828382134
5889,-0.950167298317,-0.717921853065,-0.181475549936
8243,-0.101425208151,0.270053654909,0.321808755398
10730,0.211194634438,-0.507641375065,-1.19041872025
30,-0.367790400982,-0.32579985261,-0.296496123075
7466,0.00867366045713,-0.139635577798,-0.610855340958
89910,1.20185065269,-0.506880044937,-0.504112541676
56654,0.449248671532,-0.440786123276,-0.333140939474
501,-0.200885996222,0.600602507591,1.94075751305
5438,-0.0151635855436,0.869893670082,-2.037940979
26993,1.2387611866,0.979412734509,0.465245902538
55111,0.779594838619,1.79626309872,0.390132427216
8520,-1.26131808758,-2.83174705505,0.569188952446
10146,-1.47088861465,-0.511739373207,0.029640942812
7165,0.00818315520883,1.21906650066,-0.738101840019
55011,0.931353807449,0.0857424438,-0.403872579336
6461,0.529701650143,0.583197534084,0.802550971508
10813,-0.351150512695,1.398832798,1.48174595833
80746,-0.592280030251,-0.384815007448,0.605215966702
10434,-2.17653012276,-0.310287505388,-4.32461881638
5607,0.0863026753068,0.454551547766,-1.11228942871
22827,-1.31502604485,-0.115267544985,0.282984614372
51635,1.03046607971,1.20074224472,-0.456262290478
84159,2.13401770592,0.924234747887,-0.539642989635
3508,1.23085463047,1.24612104893,0.636185646057
84890,-1.02761244774,-1.34525108337,-0.533248543739
79600,-0.227813392878,0.94386267662,-0.76350581646
8574,-0.383907616138,1.24380362034,-1.1347028017
5529,-2.57724952698,1.27074825764,-0.0486263930798
3909,0.737973093987,-0.956406056881,-1.14574933052
9637,1.15822637081,1.15613305569,0.168373793364
8518,0.897517800331,-1.22513186932,-0.444136679173
6443,0.204524368048,1.79381537437,-0.407319843769
58478,0.608659863472,-1.28887295723,-0.205198228359
4850,0.446951150894,7.83058786392,-0.691288948059
23210,-0.766471266747,-0.143108546734,-0.68498313427
54733,0.215726196766,3.4511423111,-5.63902902603
55129,0.837666094303,5.43867778778,-0.748349189758
10273,-2.4738650322,0.000548034033272,0.58818089962
572,0.109027996659,-0.367887705564,0.182156771421
5716,0.0466434806585,0.892924368382,0.0248554199934
22841,-0.182135239244,0.418332576752,-1.25864267349
2356,-0.116262957454,0.73995000124,0.613342821598
6050,0.137538671494,0.694423675537,0.127546653152
64422,1.92106842995,4.22921037674,0.273020863533
8837,0.519911527634,1.64168334007,0.601447343826
55127,-0.0934202373028,-0.441956400871,-3.05543971062
23335,0.211281165481,1.09433054924,1.04097294807
10270,1.50614786148,0.0686771273613,-0.795457005501
6509,-0.0287292003632,1.09888398647,0.809342265129
83743,-1.86641120911,0.707076787949,-0.316047430038
6772,0.0442428588867,-0.491013526917,-0.579175174236
22887,0.549749672413,-1.96428024769,-0.682031989098
51001,-0.522163629532,-0.459951490164,-0.608323931694
26511,-0.0600347109139,0.762568116188,1.34727406502
7874,-0.205846011639,-0.985796511173,-0.046386808157
51070,-1.95481729507,0.537364184856,-1.25318062305
1738,-1.96187901497,-0.805349290371,0.0264237690717
3416,0.63437384367,-0.276253610849,-1.32127606869
9128,-0.994298934937,-1.16751015186,0.856782972813
9833,0.87277930975,0.613904476166,-0.756158649921
4088,-0.21158772707,-0.654201924801,1.00560069084
5018,-1.40876114368,-1.21145939827,0.121768593788
51375,-0.164375901222,0.286475390196,1.33019185066
55038,1.47330343723,0.524085998535,-0.671888828278
23061,0.347667247057,-2.19350171089,-0.272009044886
64428,1.34500694275,0.493819057941,0.486388087273
11325,-0.175261065364,-1.92974555492,-0.886781811714
9641,0.287737011909,0.884041190147,-0.856045007706
23038,0.577032566071,-1.05264949799,-1.30212724209
57048,-1.02696979046,0.548249661922,0.0848465561867
94239,0.623256862164,0.905344069004,-0.879349470139
51203,-0.891610980034,0.149133741856,0.447597384453
388650,0.21492870152,0.86440050602,0.955409884453
23039,-1.6593555212,-0.858587563038,0.441055417061
55179,0.212862581015,1.98372805119,0.443817943335
5827,-0.138952806592,-0.379515707493,-0.509917974472
10245,0.961255609989,0.871876955032,0.270658016205
6813,-0.508943498135,0.651909947395,0.605243325233
3251,-0.518508672714,-0.49673089385,0.158370554447
23212,-0.0357940793037,0.0761428698897,0.0486422777176
23536,-0.265177518129,-0.877752840519,-0.0540542751551
51282,-1.3050301075,1.23991727829,0.142881244421
10227,-0.81630051136,0.612204730511,-1.26496386528
50813,-0.337141573429,0.921683549881,0.14716771245
51024,-1.8019554615,-0.990444719791,-0.300657868385
53343,0.0238011740148,-1.16390097141,-0.160066857934
1465,-0.626022696495,-0.420640826225,0.251352459192
79006,0.53061234951,1.01436150074,-6.99031972885
6988,-1.58284687996,-0.433767527342,-0.242864355445
11011,0.604370474815,0.0633555725217,0.0399689376354
23325,-0.526793897152,-1.98113584518,-1.24983644485
10049,0.779912233353,0.054877743125,-2.73344683647
3157,-0.818865954876,-1.50345218182,-8.55410671234
200734,-3.26839709282,1.0873093605,0.71363556385
9053,0.201941102743,1.71290194988,-2.86408042908
79094,0.467968642712,0.906115889549,0.775720179081
2778,0.4439650774,0.990985810757,-0.065158367157
54881,-0.327504307032,0.987712740898,0.101075798273
54807,0.431146413088,1.60781443119,0.171846821904
323,1.05940783024,-0.123739600182,0.95068949461
26001,-0.0790091454983,3.15638804436,0.333862155676
10190,-1.30070948601,-1.45624935627,-8.54983043671
9686,-0.84323990345,-0.350422978401,-0.854065656662
54915,0.354896903038,1.21533894539,1.1076130867
23658,-0.0299143120646,-1.85428857803,0.136950090528
7750,-0.183420300484,-2.38606119156,-0.159288331866
79643,0.515744805336,3.81254649162,-1.43131875992
9488,0.606328725815,0.600724577904,-1.56031787395
11200,-1.23524236679,-1.1127872467,-0.514868199825
65057,0.352223783731,0.987288951874,1.33705449104
6832,0.35682323575,0.56726115942,1.52576804161
23131,2.58960485458,1.97229123116,0.00745512545109
10776,-2.18986105919,-1.65718317032,-0.958650231361
6253,0.282338500023,-0.232512310147,0.407778710127
79716,0.605398178101,1.17523181438,0.013727620244
29978,0.194716930389,-0.306488454342,0.520683705807
9988,0.266011655331,-0.0215627402067,0.946884930134
10845,1.16570830345,-1.01280879974,-0.124291732907
54957,0.106496050954,-0.43317759037,-0.353563189507
79170,0.702205896378,0.895859479904,0.174811601639
10610,-1.15878081322,0.175936192274,0.714041948318
128,-0.373289525509,1.14568090439,0.0968152582645
51026,-1.20066320896,-0.348179131746,-0.423993110657
5498,0.609953761101,0.499177873135,1.38040244579
124583,-5.397605896,-0.357532113791,0.00674402015284
9455,0.670154929161,0.139264076948,1.80252683163
1212,0.762449979782,0.894580483437,0.266788899899
5255,0.616543054581,1.35856080055,-1.77475667
9448,0.0530628561974,0.958690047264,-0.176806092262
9924,-0.679125249386,1.29378521442,0.1505343467
5480,-0.285482227802,0.0161729902029,0.666189312935
1983,-0.161291942,-4.45204877853,-0.355244576931
56889,-0.583866894245,-1.87526965141,0.448200106621
79080,0.530403196812,0.422702461481,-0.100309379399
9016,0.745216429234,0.24228797853,-0.16345590353
6915,0.647177875042,0.822744071484,-0.149396434426
9709,0.166219979525,0.0660408139229,-0.761297464371
116832,-0.702705264091,-0.399354696274,1.51577186584
670,-0.723077893257,0.181743487716,1.0873363018
7867,1.13211631775,-0.583218872547,0.659274160862
79143,0.0982191190124,1.16603410244,-0.00716958940029
11284,-0.158611252904,-0.403048187494,-1.15753078461
23443,-0.341464728117,-1.12809610367,-0.123656824231
51599,0.296720504761,-3.01886487007,0.397458046675
5927,0.407473921776,1.07573211193,-0.971906363964
55793,0.24202555418,0.11982101202,0.0360086113214
5867,0.478010624647,0.509072124958,-0.794480443001
7866,0.244019329548,-0.506456792355,-0.149839222431
25825,-1.25115561485,1.6934235096,1.35761499405
4067,-0.0490920692682,0.51250898838,-0.998852968216
51015,-1.66253840923,0.185668751597,1.18859052658
5891,1.16983878613,6.365650177,2.15346550941
3300,0.735505580902,-1.07929158211,-0.667387247086
64781,0.437334299088,0.557078719139,1.52743458748
51056,-0.273207098246,0.0146876871586,1.45879411697
8550,-0.458595454693,-1.01493632793,-0.703990578651
50810,-2.04961323738,0.0497866906226,-0.189389675856
23011,-0.518720984459,-0.557310581207,0.741202294827
11168,0.0044918358326,0.0647695958614,-1.15943646431
1385,-0.237978920341,-0.259325534105,1.82924318314
10150,-0.427200496197,-0.801051855087,-0.27841308713
29763,-0.451462030411,-0.082993902266,2.19617390633
9112,0.0467674285173,1.11264777184,-0.245953798294
23499,0.909841418266,1.1788226366,-1.99585819244
85236,-0.378146320581,0.780482828617,0.679320514202
5096,-0.845232903957,0.244958177209,-1.5430971384
55620,0.701820552349,-0.662274420261,0.546822428703
5373,1.70909810066,1.17215359211,0.979056596756
51170,0.0276117026806,1.42081570625,-0.664363622665
54850,0.186207354069,0.767088830471,0.0510716103017
80349,-1.21923148632,-2.00132226944,-0.504265844822
355,-0.761159837246,-0.587851941586,0.0414349287748
1062,0.983325302601,2.22937488556,-0.0820242092013
8804,-0.0327110290527,0.424810111523,-1.32660782337
80758,-1.61203241348,-0.649610161781,-0.885215580463
375346,0.0569488480687,-0.51144438982,-0.602856397629
51385,0.0350426696241,2.42060422897,2.31013894081
55748,-0.0298293530941,-1.23701703548,0.0314542353153
10318,0.675134301186,-0.667804121971,0.243157327175
54681,1.52597439289,0.19291228056,-0.206341087818
7905,-2.08633303642,-0.479831725359,0.232332289219
28969,0.475275158882,2.54905653,0.0788183137774
10668,-0.89067274332,-1.70861971378,-0.665167689323
51005,-0.0403871536255,0.471480190754,-0.871971428394
8800,0.751556515694,0.721807360649,0.199164897203
54438,0.774572968483,1.11712789536,0.381336629391
55825,0.358765006065,-0.398771256208,-1.3912705183
8835,1.17092442513,0.965152204037,0.105556972325
64429,-0.80385363102,0.256104469299,-0.266490548849
3682,-3.0361969471,-1.49790847301,-0.841151475906
10329,-0.672908604145,-1.50190734863,-0.569415390491
27109,-1.82399857044,-0.658645272255,-0.625818014145
51335,0.0215632207692,-0.399621784687,0.323098242283
3202,0.198280543089,-0.885772287846,0.874279677868
2896,0.485274374485,-0.646717250347,0.166579186916
79902,-3.88261198997,0.216823667288,-0.946508824825
29083,-4.07471752167,-0.977224230766,-1.71124374866
5747,0.598210573196,0.208580255508,0.249137476087
22905,0.464395999908,1.31571316719,-0.552433788776
63933,-0.180091530085,-0.284198045731,-0.801051855087
9847,-0.745862901211,0.490900099277,-0.711979925632
51021,-3.20846986771,1.3194051981,0.459818154573
8996,0.392716884613,0.447851240635,-0.567483305931
7376,0.680257797241,0.296309292316,-0.286193072796
5357,-0.290933251381,-0.722308516502,-0.451384603977
56940,0.491682946682,0.173787862062,-0.784775257111
6195,0.314968407154,-0.487213790417,-0.213017523289
1633,1.12233281136,-1.18166649342,-0.40025678277
23321,0.64360165596,0.774857640266,0.221633478999
51160,0.0596262961626,0.34673216939,-0.862925469875
55604,0.31739667058,-0.413905203342,-0.444375753403
2063,0.0710907950997,-0.210691943765,1.33750867844
54512,0.839077472687,0.794319033623,-0.385206103325
9124,1.39943349361,1.96563327312,0.830529391766
79174,0.974308669567,0.735489726067,1.97493839264
23223,-0.250220894814,0.526877880096,0.597971379757
39,0.510831952095,-1.19159018993,0.284512192011
57215,-0.450880974531,0.449088871479,-0.872723340988
1052,1.03947663307,0.641376793385,0.86428964138
23139,1.44602537155,0.383611738682,-0.431789219379
79947,0.373439371586,0.0296974405646,0.211570188403
4616,0.726049363613,0.87266254425,-1.05596017838
9710,1.10760164261,0.371272027493,0.0732509866357
6990,0.979119181633,-0.376639962196,-0.573459088802
29082,-1.09818923473,-0.716319322586,0.120657548308
9670,2.14958333969,0.64794254303,-0.539085507393
81533,-0.0532743446529,-0.529180705547,0.173521995544
10525,0.366508066654,0.180485278368,0.0601782351732
2353,0.477408647537,0.698930025101,-0.85996055603
57192,0.599789857864,1.16524398327,-0.778162777424
3398,-0.518943369389,0.320596188307,-0.397641569376
3775,-0.568230092525,-1.04949831963,-0.0911983698606
26064,0.553516626358,0.987360537052,-0.809256494045
29103,-0.749122560024,-0.723398149014,-0.459282040596
3206,-0.739355325699,-0.855148851871,-0.123034134507
1500,0.681704521179,0.816592693329,1.16865348816
7690,0.9953764081,-1.44572806358,-0.0278160274029
29911,0.858521580696,1.04199826717,0.297784745693
2064,-0.879354774952,-0.866411685944,-0.98458480835
65123,0.858730494976,-0.244903981686,0.178290218115
5986,0.558204472065,-0.326189279556,-0.323670446873
85377,-0.444106638432,1.73050761223,-0.948071718216
9903,-0.224390462041,-1.79759693146,-0.398537784815
7088,-0.576065421104,-0.972095012665,0.0111447349191
22796,0.520261406898,1.27038729191,-0.785039663315
51116,-1.78673911095,-0.510418772697,-0.591395378113
54442,0.0355147644877,1.38156199455,-0.555974960327
10695,4.91520690918,0.159271195531,0.972941875458
102,1.04319953918,0.915016114712,-0.65723490715
965,-0.575743198395,-0.132688120008,-0.499169230461
3800,-0.253962934017,0.320654392242,-0.704903841019
10362,0.30082693696,-7.74321889877,0.0442185141146
5300,-0.893526732922,-0.0527431741357,-0.192147016525
8270,0.965173244476,0.276392579079,-0.679475069046
27242,-0.712637841702,0.442230015993,-0.750791549683
9928,-0.437589585781,-0.156233102083,1.15799593925
1534,0.109511785209,-0.458901226521,-0.56646156311
5654,1.07597827911,0.449546635151,1.45242607594
10810,0.115624599159,0.377019315958,-0.879908144474
7105,-1.77609455585,-0.0432705804706,-1.06537163258
23014,0.148579448462,-0.444722950459,0.272159844637
55012,-0.102583907545,-1.07310020924,-0.706724882126
2887,0.753185212612,1.71653056145,-0.139373481274
9183,-0.377257317305,-1.39417636395,-0.18935790658
11151,0.361868530512,0.624725520611,2.45217847824
7511,0.981870293617,-0.26739525795,0.152770847082
10046,0.340327382088,0.062088958919,-0.979368448257
1829,-0.1968729496,0.14236047864,0.432122290134
11000,1.10765957832,0.852984309196,0.980287909508
976,0.443313479424,-1.90330660343,0.179022848606
3597,1.13719153404,1.00716483593,2.27321314812
178,-0.910788595676,0.212719067931,-0.553546845913
2625,0.400151371956,1.154545784,-0.727576494217
6119,0.289513230324,2.53714251518,-0.633954524994
26136,0.491899907589,0.667230844498,0.677613556385
6697,0.185010328889,-1.22935140133,0.598892748356
5971,0.914829969406,1.27726173401,-1.09967041016
22934,0.0835317149758,-1.52912926674,0.490816295147
9289,0.0102427750826,2.58814048767,-0.140062764287
4931,-2.17792868614,0.60230255127,1.07289659977
4200,-0.329754501581,-1.17429661751,-1.73891472816
93594,1.43424034119,0.588476121426,-0.540208220482
5982,0.172107383609,1.30567753315,0.0458259619772
26520,-1.00676357746,-2.89179706573,-0.205411151052
4998,0.921286940575,1.61898386478,0.692685604095
10038,-0.906834483147,-1.69848775864,-1.45041513443
60493,1.48847138882,-0.608397483826,1.39088225365
51495,1.01436901093,0.292218536139,-0.285500019789
4482,-0.2546864748,1.57520329952,-1.31275677681
23224,0.694249749184,-0.921793222427,-1.40060698986
9690,-1.74817109108,-0.0206812918186,1.14087402821
80212,1.93169617653,0.897435665131,-1.1787801981
29928,-0.709659814835,1.12920987606,-0.542968928814
22809,-0.0544414483011,-0.0455917641521,1.25182795525
50814,-0.251679360867,0.368327468634,-0.319091439247
55256,-0.659347355366,-1.24685895443,-0.829836845398
56997,0.917211890221,0.58531498909,-0.167704880238
81544,0.239585191011,1.25286662579,0.0688857138157
6894,-1.4184243679,-0.854146778584,2.54589152336
64080,-0.310823380947,-2.03819870949,-0.859113812447
55818,0.0501455105841,0.669519066811,-0.28101336956
637,0.974578261375,0.48023429513,2.05165576935
22823,1.23796081543,1.79171001911,-1.24373924732
5287,-0.363123714924,-1.10629022121,0.0692061334848
91137,-0.840910851955,-1.14415240288,-1.43689405918
23097,-0.469180762768,-1.46505081654,-0.582567214966
9851,1.09973168373,0.240269079804,0.259161621332
23522,0.531086802483,0.735333800316,0.971150517464
1123,0.942779958248,0.664861798286,3.99603557587
5603,-0.155956834555,0.441883504391,-0.551539182663
51569,-0.582959473133,-0.653098344803,2.89143228531
55699,-0.651804685593,-1.52651023865,-0.138572126627
2624,-0.0914805829525,-0.87778878212,-0.410499036312
8204,-2.04881310463,-0.626439571381,0.435957342386
9133,-1.38362634182,-1.48114407063,0.0638543069363
10921,0.307500302792,-1.36172366142,-0.620900034904
51742,-0.533915519714,-0.444169312716,1.5475975275
2954,0.326041042805,-0.42502707243,-1.60008013248
27244,1.55793595314,-0.215427085757,-0.239358961582
23013,-1.04516112804,0.810866355896,-0.715771079063
8050,0.268957674503,-0.680733799934,-0.249736309052
79961,-0.247628957033,-0.589558959007,-0.382432937622
2017,-0.696020245552,-0.345786750317,-0.553439021111
55148,-0.00438645482063,-0.298928469419,1.98234701157
960,-1.31583678722,0.638550937176,0.394051223993
10451,-0.58272922039,0.39847406745,-0.200934097171
57406,0.942944645882,0.805689513683,0.327833652496
51719,-0.0160776078701,1.47465777397,-0.239303290844
7074,1.63525366783,-1.18072855473,-0.700627088547
10059,-1.21978092194,-0.479014903307,0.356515109539
51071,0.431931644678,0.261498034,-1.34898710251
5796,0.332017660141,-0.225989922881,1.25656235218
55008,-0.686949193478,-1.23713362217,-1.46158075333
23597,-1.21048843861,-0.289739251137,-0.531113624573
8869,0.198960199952,0.307238548994,-0.842209637165
8727,0.427093058825,-0.641566753387,-0.390902429819
63874,-0.364554017782,1.75728130341,-0.654024779797
8821,0.708761453629,-0.44608527422,-0.58468657732
57178,-0.63582611084,-0.629887640476,-0.0367000102997
5468,-0.908088564873,-0.991825282574,0.375547349453
10557,-0.164749667048,1.37895965576,-1.6622941494
831,0.609651446342,-0.386791110039,0.348095655441
9531,-0.89686524868,0.113178253174,-0.690731406212
2767,0.367368996143,1.32655370235,0.548405766487
1861,-0.791744172573,-0.423002511263,0.870716392994
10165,0.767605662346,-0.570668876171,1.55182790756
7106,-0.240088537335,0.388795375824,-0.197491779923
2908,0.47207224369,-1.07944095135,-1.52218079567
57761,0.994639933109,0.7466391325,-0.420785039663
23338,0.283173680305,1.69915819168,-0.281125485897
7852,1.2685559988,0.836874544621,-0.025407359004
55033,0.0757174938917,-1.81786346436,-1.08029997349
57019,-0.806558728218,-0.748540282249,-0.129189968109
91949,0.169944703579,-4.72789382935,0.455007880926
84617,-0.350649654865,-0.864580988884,-0.749531507492
25,0.128819733858,0.833015918732,0.394977867603
899,0.792424321175,0.302693456411,0.531476914883
79850,0.154029652476,-0.841737031937,-1.17712509632
51466,0.60680949688,0.465453952551,1.92426085472
2852,0.107068262994,0.624132692814,0.494565069675
55837,-0.545041978359,-1.42653214931,-1.1943167448
2131,0.38220050931,0.00162488222122,-5.7402100563
5427,-0.121848195791,-0.385189592838,-0.441496610641
25966,1.07386422157,1.22460234165,0.441742837429
55608,0.611672878265,-0.644169926643,-0.841211557388
1662,0.450270831585,1.68013119698,-1.34340059757
9702,0.372149139643,-0.0637664943933,-1.58873581886
11031,-1.08979380131,0.242791622877,-0.109089903533
10057,-0.563329219818,1.46605122089,-0.0855989605188
5985,-0.101677566767,0.568292379379,-1.12388038635
3280,0.56480884552,-0.347970575094,1.27906942368
55958,0.645991623402,0.565447211266,-0.693781375885
51465,0.0497555695474,0.866872668266,1.39150834084
2542,0.372001975775,0.0246476233006,0.0925134271383
10641,0.614754498005,0.527785658836,-0.759229958057
11137,-0.120402038097,1.15393209457,0.37185177207
9842,0.441053628922,0.136797040701,0.399269044399
10493,0.522267341614,0.0950210541487,-0.363877236843
10112,0.0332073718309,0.334235548973,-1.02683436871
1001,0.0421582460403,0.164074748755,-0.646363377571
23635,1.3680794239,2.36433696747,1.99218833447
29916,1.44027876854,-0.621661245823,2.65637969971
2810,0.230129376054,0.857872009277,0.700484991074
5993,0.133501514792,-1.33194839954,-0.184821337461
11142,-0.32886326313,-0.146714046597,-1.31380093098
79187,0.0532174669206,0.673901379108,0.411198377609
51382,-1.20020747185,-1.61363351345,-0.792101085186
8318,-0.614212810993,0.872920393944,0.785724103451
9695,1.13372838497,0.25617903471,-0.948417663574
9712,-0.0143126398325,-0.492494493723,-0.867568731308
64943,0.320596963167,-0.706946492195,-2.40820980072
9738,0.233435660601,-1.02816200256,-1.35430777073
6793,-0.190511718392,0.250681638718,0.822809755802
7358,-0.366535663605,-1.15878677368,0.163175359368
58472,0.841730713844,0.86491549015,-0.465030133724
50865,0.708920300007,1.85503602028,-0.147920817137
23200,0.353796929121,0.836340665817,0.510914444923
51293,0.493132293224,1.11508095264,0.446537017822
10962,-0.254815459251,-0.662535071373,0.0894683673978
10153,0.182518541813,-0.048520565033,-0.478804081678
874,-0.785373210907,0.222914204001,-0.0553185641766
