rid,CPD003_MCF7_6H:BRD-A76229785-001-01-0:10,CPD003_MCF7_24H:BRD-A76229785-001-01-0:10,CPD003_PC3_6H:BRD-A76229785-001-01-0:10,CPD003_PC3_24H:BRD-A76229785-001-01-0:10
5720,-0.562300026417,0.744057774544,0.71144169569,-0.501900017262
466,0.298500001431,0.0941354259849,-0.695245146751,0.304850012064
6009,-0.189050018787,1.08854174614,-0.0618716441095,-0.131949990988
2309,0.283199995756,-0.668207287788,-0.615163445473,-0.368950009346
387,-0.259750008583,1.07898318768,-0.283805578947,0.0467000007629
3553,0.399150013924,-0.502302765846,-0.10157649219,0.765149950981
427,1.66735005379,-0.044052131474,-0.760286569595,0.125650003552
5898,0.538749992847,0.0679068416357,-0.122918628156,0.500699996948
23365,-0.0256000012159,1.10206866264,-0.620522499084,-0.680350005627
6657,1.39195001125,-0.682055354118,-0.600883245468,0.129200011492
5054,-0.226850003004,-0.470180243254,-0.477850586176,0.0989499986172
3108,0.358299970627,0.36178150773,-1.00759887695,-0.0638999938965
1950,1.29205000401,0.364792853594,0.0753764808178,0.671000003815
351,-0.404349982738,-0.933035671711,-0.0054831430316,0.972699999809
4846,-1.29275000095,0.760954201221,0.431711375713,0.804049968719
1452,-0.0432499945164,0.539593935013,0.609622716904,-1.91819989681
4776,1.05470001698,-1.44510829449,-0.772302389145,-0.447849988937
6908,-0.27064999938,0.964578449726,0.965943574905,-0.390299975872
672,-0.623899996281,-0.0157277565449,0.488166242838,0.525950014591
5710,0.00784999132156,-0.00487963110209,-0.1162904948,0.594150006771
2115,0.29414999485,-0.119810797274,-0.676973760128,0.23480001092
7015,1.16409993172,-0.982291936874,0.202059358358,0.154600009322
8726,-1.17300009727,1.13356840611,-1.14307332039,-0.667200028896
2185,1.52705001831,-1.21752202511,-0.482885986567,0.492750018835
3315,-0.185849994421,-0.715653777122,0.520169317722,0.141599997878
5289,1.48944997787,0.842717707157,-0.551178216934,-0.815899968147
868,3.44510006905,0.649305522442,-0.31589692831,0.39414998889
1677,-0.548849999905,-0.0801992192864,-0.351159632206,-0.112700007856
7043,0.386649996042,-0.000852980650961,-0.710415363312,-0.255550026894
5613,0.549950003624,-0.749731004238,-0.698973894119,0.20799998939
595,-0.233400002122,0.499749451876,-0.434178501368,-0.671850025654
4793,0.312449991703,0.0614560991526,-0.244228631258,0.153300002217
2736,-0.246500000358,-0.110448598862,0.0494152009487,0.237649977207
5290,0.142599999905,-0.440772354603,-0.559002399445,0.055300001055
6194,-4.96439981461,0.0730693265796,-0.790543735027,0.200749993324
1676,0.971099972725,-0.390668004751,-0.920116186142,0.0908499807119
23512,0.373649984598,0.199262827635,-0.390689790249,-0.120499998331
148022,0.784950017929,0.554848909378,-0.110648609698,-0.0759499967098
1906,1.17299997807,-1.19100499153,0.176903754473,0.124149993062
8878,-0.489650011063,0.241669118404,-0.84176415205,-1.56865000725
3091,-0.735050022602,-0.886324167252,0.405551075935,0.294550001621
5743,7.90924978256,-0.805932939053,4.62942171097,0.442700028419
5321,0.545300006866,-0.653190612793,-0.373751103878,0.0327499993145
4144,0.489099979401,-0.798911273479,-0.45277261734,0.677000045776
1981,-0.225749999285,0.074814863503,-0.501670360565,0.722649991512
695,0.515850007534,1.76114082336,0.170160546899,0.674499988556
10398,0.86804997921,-0.199087157845,-0.65999174118,0.420900017023
5708,-0.0559499971569,-0.707883775234,-0.63715082407,-0.00034999998752
1213,-1.91349995136,0.782754778862,-0.504525721073,-0.547049999237
226,0.536249995232,-0.044449262321,-0.309759050608,-1.31349992752
6777,0.149450004101,-0.0914532840252,-1.45095324516,0.436800003052
2113,1.33815002441,-0.84271556139,-0.848028659821,0.506200015545
3329,-0.433699995279,0.18375466764,1.24056208134,-0.213899999857
1050,-0.0484499931335,0.247166410089,5.97626686096,0.335850000381
9491,0.55245000124,-1.27880823612,-0.0678338855505,-0.282299995422
22926,-1.05215001106,-0.157039672136,0.251250773668,0.123799994588
5899,-0.070199996233,1.59588623047,-0.652606189251,-0.286549985409
5467,1.40285003185,0.795685708523,-1.39631223679,-0.653550028801
6774,1.81704998016,0.0762905701995,0.447502344847,0.347350001335
1788,-0.193599998951,-1.4017765522,-0.234027177095,0.190699994564
5921,5.01160001755,1.35872626305,-0.18329295516,-0.135700002313
5721,-0.786300003529,0.176595628262,0.770564317703,1.08885002136
2263,1.83910000324,-0.819415032864,4.32271623611,0.0413499996066
808,0.755849957466,-1.48259663582,-0.663539886475,-0.0130499973893
30001,-0.090950012207,1.14281344414,-0.402501910925,-0.0138500034809
348,0.523999989033,-0.47527679801,-0.0281004905701,0.413049995899
30849,0.0379999950528,-0.452004641294,-0.692220330238,0.776600003242
1454,1.13575005531,-0.849959909916,-0.499335587025,-0.14880001545
6500,2.80874991417,0.390836417675,-0.18970169127,4.09189987183
5627,-0.337249994278,-0.0642937421799,-0.0135692507029,0.0349999964237
5715,-0.419550001621,0.744505047798,0.0341655239463,-1.14225006104
4791,9.34659957886,-0.0181910544634,-0.195642143488,1.02964997292
56924,4.88644981384,0.883111953735,0.621916413307,0.427550017834
2690,2.04680013657,0.479749381542,5.73273181915,-0.514050006866
1019,-1.3803999424,1.13226151466,0.111771732569,0.774599969387
51422,-0.175549998879,0.290300488472,0.000235557556152,-1.62109994888
5788,-0.660349965096,-0.792811453342,0.0408983081579,1.56989991665
6709,-0.568050026894,0.0257419925183,-0.00698912143707,-0.463200002909
1277,-0.274399995804,1.69427192211,-0.584902048111,0.626399993896
993,0.431699991226,0.0721570700407,0.174672156572,0.00974999368191
7157,-0.0775499939919,-0.677412688732,0.81877887249,-0.998149991035
1958,0.622699975967,0.914682865143,0.288859903812,0.848950028419
4582,-1.39284992218,-0.031447045505,1.83410489559,0.0805999934673
9212,0.642999947071,-0.432075053453,-0.38941386342,0.554050028324
8440,1.92379999161,0.258470803499,0.852848351002,1.07450008392
6790,0.230950027704,0.659676909447,0.603176832199,-0.225200012326
8851,-0.00644999742508,0.61178445816,-0.651853978634,-0.086100012064
2534,0.929600000381,-0.249366030097,-0.534230589867,-0.47230002284
4893,-0.470950007439,0.588035643101,1.35233342648,-0.453949987888
665,3.30080008507,0.683219850063,-1.07865178585,-0.587650001049
4313,0.435599982738,-0.898821651936,-0.553164482117,0.374399989843
1022,-0.658349990845,0.248347014189,1.48757767677,0.0573999993503
5880,-0.52270001173,1.26678848267,-0.0988748148084,1.03049993515
3162,0.333750009537,1.03646600246,0.579599380493,-0.315750002861
1282,1.00094997883,0.010408943519,-0.318616122007,0.109549999237
3383,0.977850019932,-0.146613180637,0.689069986343,-0.00625000149012
727,0.856249988079,-0.450057983398,-0.170103386045,-0.454649984837
4792,0.171300023794,0.997579813004,0.128430008888,0.243749976158
4794,1.00220000744,-0.243550390005,-0.736100912094,1.81614995003
902,0.857199966908,-0.404057443142,-0.0818726867437,0.15964999795
8091,1.43040001392,-0.694232881069,-0.551108360291,-0.51014995575
3486,1.31984996796,0.664306521416,0.409753024578,-0.194799989462
10818,0.447200000286,-0.528447628021,0.759480476379,-0.0130999982357
3454,0.912400007248,-1.16622376442,-1.10816645622,0.00190000236034
4282,-0.989250004292,-1.05008363724,0.0905946940184,-0.430900037289
1605,-0.585399985313,0.971945941448,-0.725242137909,-0.320749998093
10644,-0.0332999825478,0.649633407593,-0.295140773058,-0.330700010061
2065,-0.745849967003,-0.0993961840868,0.0975175797939,0.64509999752
8321,1.19475007057,-0.785951435566,-1.11540687084,1.16659998894
8503,0.4266500175,1.00473749638,-0.0295680314302,-0.181049972773
7027,-2.90579986572,0.110949032009,0.654764652252,-0.321850001812
6850,0.980849981308,-1.07270896435,0.819895505905,-0.433649986982
1978,-1.01380002499,0.202385500073,0.635432839394,-0.0193500220776
896,-0.272849977016,-0.563188910484,-0.203316599131,-1.08735001087
5777,0.472849965096,0.341837435961,0.415508151054,0.374700009823
1846,1.07685005665,0.0991440713406,0.182728499174,0.228350013494
5925,-0.0840999931097,0.0133614502847,-0.128471761942,0.251749992371
142,1.38030004501,0.390081316233,0.674035668373,1.40175008774
1021,-0.94470000267,1.15754973888,0.250303268433,-0.0516999997199
5699,0.0554000139236,-0.492444097996,0.2459346205,0.104049995542
8061,1.18044996262,-0.742062687874,0.229191720486,0.419200003147
1870,1.68330001831,-1.11121332645,-0.270040124655,-0.148399978876
1398,-0.638499975204,0.0857282727957,-0.305918335915,-4.60225009918
3312,-0.204099997878,0.875689387321,0.844182133675,-0.0259000062943
891,1.0366499424,-0.0576932951808,-4.5251493454,0.474150002003
4775,0.204549998045,-0.666143417358,-0.580855250359,3.3750500679
5111,-1.60070002079,0.613009154797,-0.189659565687,0.257400006056
5696,1.47759997845,-0.58877235651,0.871588945389,-0.232700005174
5588,0.73425000906,-0.615414381027,1.45854711533,0.0146499946713
6839,0.0361000001431,-0.04822627455,1.59697389603,-0.0139499902725
329,0.309549987316,-0.22871991992,0.495188266039,0.498399972916
5058,0.543150007725,-2.49027013779,-0.040936768055,0.01755002141
998,-0.496500015259,0.294026046991,0.422126501799,0.25309997797
9134,-0.624000012875,0.307478219271,-0.272105753422,0.462700009346
6616,0.294400006533,-0.448279947042,0.811718702316,0.217649996281
5223,-0.745350003242,0.673180162907,0.166241824627,-1.516299963
4690,0.518949985504,-0.494032293558,-0.531291723251,-1.33704996109
958,1.19589996338,-1.25689208508,-0.518928527832,0.610400021076
1616,-0.437249988317,-0.562471687794,-0.477650046349,-0.989899992943
991,-4.66295003891,0.175237238407,-5.667989254,-0.250349998474
6347,0.234400004148,-1.34257340431,-0.209973052144,-0.199149996042
6714,1.45829999447,1.2804942131,-0.318107396364,-0.654250025749
652,1.03369998932,-1.00929427147,0.931488037109,0.307099997997
4331,0.323700010777,0.741361796856,-0.00255793333054,-0.678500056267
7099,1.86430001259,-0.969991207123,0.226241469383,0.501299977303
10320,0.753149986267,0.396771520376,-0.334477722645,-0.809050023556
2042,1.10070002079,-0.866133630276,-0.824167490005,0.684549987316
843,1.81799995899,-0.991270303726,0.293076455593,0.208599999547
840,3.70270013809,0.741037130356,0.681992530823,0.388099998236
7048,1.29834997654,0.254052013159,0.161495238543,0.618250012398
4851,1.0624499321,-0.219687074423,-0.775879263878,-0.108850002289
6464,0.555649995804,-1.0281689167,0.2471999228,-0.00685000419617
23410,0.627699971199,0.439393490553,-0.694905757904,3.02535009384
54205,-0.479399979115,0.32097452879,-3.65463852882,0.356150001287
2770,4.25600004196,-0.446280956268,-0.246288403869,0.797349989414
80204,0.475499987602,0.11279708147,0.949794650078,0.99304997921
4208,1.4021499157,-0.00728386547416,1.21530008316,1.27260005474
1845,-0.47159999609,-0.340876549482,-1.23926615715,-0.373950004578
23368,0.991500020027,0.012221865356,0.0368013828993,1.17234992981
5583,1.12690007687,0.232050046325,0.035043746233,0.21360000968
8900,0.820849955082,1.00757026672,0.140531271696,-1.0719499588
581,1.05209994316,-1.03951156139,-0.207824230194,0.699599981308
6193,1.90070009232,0.904851973057,-0.551702737808,0.354999989271
6622,1.04139995575,-0.969181060791,0.838551938534,0.138300001621
11261,0.123200029135,0.0546116307378,0.602519571781,0.811100065708
6696,1.30634999275,0.481417804956,-1.16565382481,-0.436149984598
8312,1.81949996948,-0.416871994734,-0.100175097585,0.457249999046
835,7.96010017395,0.718257367611,0.686814188957,0.172800034285
8324,0.341600000858,0.396542221308,0.288263827562,0.514999985695
1848,1.7391500473,-1.83517003059,-1.15590381622,0.22705000639
154,0.977999985218,-0.439163357019,1.63196396828,0.949000000954
4312,0.519749999046,-0.581481397152,0.213683441281,-0.308950006962
994,-0.843450009823,0.346170127392,-0.448115557432,-0.343649983406
2048,0.0223499834538,0.335661441088,0.653406858444,-0.857499957085
1111,2.03655004501,0.467444390059,0.622685313225,0.444399982691
5154,0.31020000577,0.892859458923,-1.44970548153,-0.998149991035
2920,-0.235650002956,1.2133718729,0.292877823114,0.467999994755
3122,0.974099993706,-0.361223042011,0.925063610077,0.269950002432
2769,0.620299994946,-1.6858278513,-0.768375277519,-0.0302999913692
5900,1.07929992676,0.550436258316,0.697682261467,0.568350017071
6304,0.922800004482,-0.214878812432,0.33077159524,-0.19200001657
5211,0.384700000286,0.493304550648,-0.996996164322,-0.715749979019
2886,-0.130249992013,-0.740578114986,-0.0658486038446,-0.0291500017047
9261,-0.216049998999,-1.25910711288,1.67667841911,0.759450018406
8569,0.762199997902,-1.18513596058,-0.966543734074,-0.0502000004053
3303,-1.40439999104,0.358188837767,0.651187777519,0.464949965477
5331,1.44070005417,0.235077157617,1.29888486862,1.66005003452
5347,-1.68445003033,0.231567114592,-0.498075783253,-0.222399994731
4638,0.808599948883,0.0880548879504,0.285079747438,1.56365001202
2264,0.764950037003,1.94306349754,1.25758814812,1.12875008583
1029,0.864699959755,1.02473688126,0.248976871371,-0.615499973297
1027,-1.41214990616,0.526532828808,0.831632196903,-0.621949970722
2597,0.00034999998752,0.0,-0.000109512569907,-0.00034999998752
55847,-0.17619997263,-0.796705782413,-0.444053471088,-0.0354500114918
25803,0.139250010252,-0.235252231359,-0.782611608505,0.433950006962
3480,-1.39244997501,-0.806468784809,-0.600808143616,-0.928900003433
2946,0.991750001907,-0.395356893539,-1.26275539398,-0.298299998045
9517,-0.37760001421,0.776837646961,-0.627438664436,-1.20780003071
25987,0.294649988413,1.0473382473,-0.395968645811,-0.767449975014
23670,0.766100049019,1.61404061317,1.97096014023,0.627599954605
11182,1.50359988213,0.266160190105,0.0404427647591,-1.31975007057
2146,-0.112950026989,1.01383006573,0.680702447891,-0.447649985552
3385,-0.500549972057,0.683031022549,-0.449971497059,-1.08859992027
5261,-0.372049987316,-0.00606568343937,-0.498364001513,0.196799993515
10765,0.842750012875,0.361715108156,-0.331257164478,-0.0832499861717
25839,-0.349400013685,0.9712677598,0.608456611633,-0.965450048447
4172,0.936299979687,0.91466486454,-0.0663974583149,1.04094994068
23161,0.395999997854,-1.27060747147,-0.281979799271,-0.515450000763
10298,0.214200004935,0.262266308069,0.726277470589,-0.176649987698
1802,0.735249996185,0.366366654634,0.0696610361338,-0.236950010061
58533,-0.179899990559,-0.36270865798,0.384682118893,-0.810600042343
147179,0.46250000596,-0.172665089369,0.879794478416,-0.448049962521
29937,0.682449996471,0.350674629211,0.555296123028,-0.976549983025
6184,0.113249987364,-0.565379977226,-0.555841565132,0.338599979877
9854,0.378250002861,0.321545422077,0.609297633171,0.33630001545
2553,-0.348600000143,1.0099722147,0.675143420696,-0.087650001049
5440,-0.202999994159,-0.106594212353,0.315289080143,0.430849999189
54623,0.791350007057,-0.241909846663,-0.468818992376,0.694250047207
9533,-2.99779987335,-0.0478968918324,0.320368349552,-0.123600006104
8607,-0.576499998569,-0.161603316665,-0.167822092772,-0.15434999764
207,-0.0700500011444,1.23283076286,0.697357177734,0.831799983978
26054,0.738900005817,0.104267835617,-0.018381819129,-0.568700015545
10682,0.297849982977,-1.02820527554,-0.0929174497724,-0.319200009108
8573,-0.357650011778,1.86546111107,0.635792255402,-0.684799969196
23378,-0.324349999428,0.525606691837,0.0719420909882,-0.421649992466
8553,3.39549994469,0.249767705798,-1.09461164474,-0.140200003982
622,-0.885349988937,0.260337412357,-0.443059623241,-0.307500004768
9467,-0.667299985886,0.425008177757,-0.489871382713,0.96875
5525,-0.437050014734,1.23556041718,-0.330242097378,-1.43114995956
256364,-0.0458000004292,-0.488787144423,-0.164856210351,0.22254998982
332,-0.989499986172,0.272352039814,0.272898733616,-0.634500026703
2058,-0.492800027132,0.159863501787,-0.0263619124889,-0.67334997654
7849,-0.850399971008,-0.0161723420024,-0.0220120251179,0.177799999714
23244,0.63069999218,0.444222301245,0.115508817136,-0.0716499835253
7494,-0.364100009203,0.57435554266,5.26346254349,-0.740999996662
4836,0.697000026703,-0.312124818563,-0.836434721947,-0.2337000072
23647,-0.593699991703,0.388150691986,0.753676176071,-1.06034994125
10617,0.290849983692,-0.0858254432678,-0.0424946174026,4.73675012589
2184,-0.783699989319,0.755401074886,-0.26819139719,0.311100006104
5355,-1.12454998493,0.366725564003,-0.248286873102,-0.612300038338
6659,0.176999986172,-0.549751222134,-0.201784968376,-4.02734994888
7016,0.019650042057,-0.920602500439,-0.6357614398,-1.68569993973
90861,-1.37239992619,0.529657006264,-0.457436949015,-0.671649992466
10670,0.258149981499,-1.50693535805,-1.75448274612,-0.095450013876
79071,0.799800038338,-0.985205113888,-0.0843576937914,1.02830004692
64746,-1.12809991837,0.939259767532,0.529975771904,-1.05715000629
5366,-1.20585000515,-0.30860877037,0.71319693327,-0.259649991989
11344,0.100150004029,0.0254986807704,0.896692216396,0.480500012636
10013,-0.460649996996,-0.305297970772,0.474175602198,-0.0386500060558
5829,0.588199973106,0.132332876325,0.738229632378,-0.522249996662
5257,-0.226150006056,0.868823885918,0.442342013121,-0.380600005388
22794,-0.0971999913454,0.655037343502,0.690833568573,0.658450007439
9761,-0.54240000248,-1.1258648634,-0.574388384819,-0.545500040054
23326,-0.948849976063,-0.426263451576,0.216127753258,-0.0977999866009
10972,-0.851099967957,0.783576607704,-0.176913663745,-0.519400000572
10523,0.27895000577,0.531829416752,0.69166636467,0.395749986172
79090,3.04944992065,-0.377932161093,5.34014320374,0.158050000668
27032,0.493149995804,0.403150856495,-0.274838238955,-0.444649994373
9097,0.45609998703,-0.876429975033,-0.250953733921,0.779100000858
10513,2.87859988213,0.0340160243213,5.30632591248,0.239449992776
1891,-0.0926000028849,0.468363702297,-0.451591253281,0.505400002003
3066,0.066949993372,0.906750917435,0.485800087452,-0.204950019717
9801,-0.224649995565,0.0778183266521,0.992395401001,-0.973749935627
1459,0.713999986649,-0.256206780672,0.242039322853,-0.754850029945
9703,4.68615007401,0.440102219582,-0.732146501541,-0.452250003815
10606,-0.888749957085,1.37791526318,-0.300664514303,-0.682850003242
1017,-0.370499968529,0.921925246716,0.186671376228,-0.0266000032425
9813,0.812349975109,-0.237551167607,-0.306632250547,-0.314949989319
7485,-0.959050059319,0.501962125301,5.61697864532,0.0565499998629
2109,-0.935699999332,-0.0233700741082,0.574862599373,-0.60229998827
23271,0.543799996376,-0.333993047476,0.58915668726,0.708500027657
9915,0.351900011301,-1.51657223701,-0.164163783193,-0.146499991417
9552,0.679149985313,0.655766665936,-0.49312761426,0.642899990082
93487,0.290399998426,0.415528088808,0.394092708826,-0.221549987793
2956,-1.03690004349,0.0125531712547,-0.00299994647503,0.763249993324
11065,-0.18275000155,0.261278986931,-0.368792593479,0.532799959183
9653,5.13175010681,-0.830761790276,-0.41517919302,-0.176900029182
200081,-0.634999990463,-0.533029079437,-0.350000083447,-0.315649986267
3337,-1.67439997196,0.420439362526,0.704092383385,0.197299987078
11073,2.54010009766,-1.10590040684,-0.585476160049,0.240599989891
23,0.0388000011444,-0.624086081982,1.46499586105,0.330550014973
5641,-0.154599994421,0.173360988498,0.800517559052,-0.667050004005
8720,0.894749999046,0.186956360936,-0.170643031597,0.977649986744
10782,0.349700003862,0.107724562287,0.792149066925,-0.301699995995
25932,-1.21659994125,0.151262611151,0.413097113371,-0.130950003862
3028,-0.29105001688,-0.184803649783,0.556930065155,-0.542500019073
6804,0.0269500017166,-0.261029422283,-0.181668430567,-1.04040002823
890,-0.492250025272,0.524560332298,-0.23729801178,0.0586999990046
6390,-2.91514992714,0.350574165583,0.470437765121,-0.433050006628
4303,0.840300023556,-0.223342359066,0.76326662302,0.406300008297
10953,-1.19499993324,0.589719355106,0.81332218647,-0.941499948502
22889,0.539000034332,0.00699872709811,0.0831415951252,-0.19889998436
3098,-3.56850004196,0.8805103302,-0.292595624924,-0.607200026512
11044,-0.153250008821,-1.52132976055,-0.892220854759,0.0528500005603
8985,-0.738299965858,-0.13289527595,-0.256812274456,-0.324200004339
66008,0.625599980354,0.574097931385,1.23036050797,-0.168249994516
9217,-0.635899960995,-0.307731747627,0.408687978983,0.769599974155
701,0.720499992371,-0.392961770296,-0.310180783272,0.695249974728
6182,-0.00270000007004,0.361900895834,0.196145355701,-0.00034999998752
4860,0.0337499976158,0.355221629143,0.0382128022611,-0.693350017071
7398,-1.37164998055,0.0815305113792,0.351993560791,1.77635002136
6117,-1.73480010033,0.879913330078,0.513191461563,0.148649990559
23588,0.297500014305,0.231668934226,1.19509506226,0.178249999881
949,-1.49175000191,0.523095786572,0.503374516964,-0.316199988127
7168,-1.37539994717,-0.471412450075,1.12996709347,-1.1807500124
9375,-0.584599971771,0.0542332604527,-0.777954936028,0.236900001764
4927,-0.624449968338,1.29497277737,0.0100545212626,-0.506049990654
2523,1.19659996033,-0.853709280491,-0.768579185009,-0.193100005388
58497,2.79984998703,0.364810734987,0.00951384007931,-0.236599996686
6856,-1.3572499752,0.857550084591,-0.23755350709,0.493600010872
26036,-0.489000022411,0.553314507008,0.382241904736,-0.33030000329
10206,0.375,-0.774216592312,-0.129043132067,0.0311999991536
25793,1.26794993877,-0.344371080399,0.277585566044,-0.84090000391
55556,-0.0294499993324,0.740022361279,-0.92776465416,-0.259499996901
3978,0.015050008893,0.730419695377,0.923120081425,-0.539299964905
10681,0.738700032234,1.35393404961,-0.56224155426,-0.709749996662
3638,-2.43740010262,0.063023082912,-0.822879195213,0.74279999733
8349,0.777199983597,-0.721611618996,-0.321700513363,0.615299999714
6275,0.295199990273,0.834175050259,0.638113021851,-0.0902999937534
3895,0.0194500088692,-0.108355626464,-0.940514922142,-1.8288500309
392,0.823549985886,-0.547494769096,-0.300892412663,0.835950016975
9170,0.480299979448,-1.42250084877,0.738773465157,0.159700006247
80347,-1.06150007248,-0.337856531143,-0.0382211096585,-0.581550002098
23300,-0.824200034142,0.238148719072,-0.57973754406,-0.0830500125885
836,1.26020002365,-0.770407140255,-0.534240543842,0.169750005007
11188,-0.671599984169,-0.0572632960975,1.03004336357,-0.145400002599
10898,0.407000005245,1.58325910568,0.440668106079,-0.4742000103
9276,-0.123450011015,0.366326928139,0.297212064266,-0.19739998877
1647,0.0418500006199,0.351058393717,0.291678965092,0.568399965763
10285,-2.93309998512,-0.0846414119005,0.468747466803,0.939199984074
23386,-0.663299977779,-0.826045751572,0.372244417667,-0.997550010681
3156,0.591899991035,0.168457552791,-0.151661917567,-0.366900026798
10237,-0.0563999973238,0.771282851696,0.696464300156,-1.52425003052
7077,3.01765012741,-0.854404389858,-0.686462402344,-0.613999962807
11157,-0.376200020313,1.42313289642,1.01155292988,0.237949997187
22908,-0.689899981022,1.34096860886,1.36598408222,0.598549962044
10915,-0.0630999803543,0.411073803902,0.50397002697,-0.388749957085
9897,0.889999985695,-0.793808281422,-0.652420163155,0.27199998498
1759,0.118200004101,0.148874714971,0.711248159409,-0.0109999999404
54541,-0.379250019789,-1.4974168539,-0.253996968269,-0.331250011921
211,0.228349998593,-0.269105017185,-0.325361102819,-0.246250033379
5048,0.986750006676,-0.385134071112,-0.524025976658,0.306100010872
84722,0.0575499981642,-1.9967559576,0.444740533829,0.693099975586
29890,0.543250024319,0.565599620342,-0.455995738506,0.689899981022
9868,0.237400010228,-0.355622678995,-0.891793370247,-0.487399965525
873,-0.148000001907,1.30918598175,0.334247708321,-0.296900004148
5580,-0.377449989319,-0.685534775257,0.94772207737,0.30214998126
3725,-0.0396999940276,-1.12963247299,-0.258713781834,1.38604998589
23585,-0.0213500261307,0.112169422209,1.13784146309,-0.207249999046
51097,-1.41304993629,0.299338430166,0.310880452394,0.437849998474
1831,-0.829750001431,-0.106357909739,-0.610643923283,-1.04379999638
7020,0.619049966335,-0.864932835102,-0.32878190279,-0.290250003338
55893,-0.0010000000475,-0.829346239567,-1.13105821609,0.0126999989152
6944,0.878250002861,1.13227593899,-0.976918697357,-0.465099990368
22883,0.483999997377,0.648773431778,-1.62504816055,0.0513000003994
5601,0.243149995804,-0.347981363535,0.903946936131,0.408649981022
10775,-0.269499987364,1.07597792149,1.11328029633,1.45035004616
4780,0.890849947929,0.290611445904,1.78620576859,0.64880001545
10904,0.914600014687,1.26475906372,0.317085802555,0.291150003672
9917,0.508199989796,0.079042442143,0.640955746174,0.276800006628
1399,-1.57494997978,-0.424915224314,-0.870139420033,0.788749992847
24149,-0.0976000130177,-0.246654719114,-0.0929815173149,2.03239989281
2222,-0.879799962044,0.609781265259,0.27241179347,0.111400008202
10131,0.351100027561,-0.105681292713,0.343515276909,-0.0221500098705
2958,0.121799997985,1.13799870014,0.226920261979,0.445650011301
9650,0.0916500091553,0.0999267175794,-0.525207996368,-0.398350000381
7319,-0.632050037384,0.861493766308,0.190532550216,0.256449997425
4817,0.0578500032425,-0.875703990459,-0.615791618824,0.175950005651
9143,-1.6616499424,0.757104694843,3.49693274498,1.43694996834
10494,2.02204990387,-1.17755448818,0.960451364517,1.46490001678
55324,-4.1672000885,-0.234032809734,0.574065566063,0.0379499793053
23149,1.25150001049,-0.776655197144,-0.620948493481,-0.759149968624
9943,-1.12419998646,-1.07251906395,-2.7826397419,-0.36905002594
6599,-0.605949997902,-0.529993414879,-0.248578026891,-0.411750018597
51031,-0.671200037003,-0.475672453642,0.219083249569,-0.227250009775
3566,1.59185004234,-0.960821509361,-0.938431501389,0.198349997401
3815,0.748449981213,-0.151096761227,-0.743191957474,0.524999976158
8624,0.173200011253,0.312950998545,0.675926089287,1.1033500433
27346,-0.985249996185,-1.94145750999,-0.3979626894,-0.113549992442
10489,1.30634999275,-1.60462868214,0.778894245625,1.58859992027
26128,2.48884987831,0.0530843213201,-0.991478681564,1.26259994507
79921,-0.172049999237,-0.446320414543,0.450662255287,0.779049992561
55746,-0.033649995923,0.155778497458,0.366633117199,-0.116050004959
23636,-1.17820000648,0.725853323936,-0.219526648521,-0.47800001502
10892,-0.509949982166,3.3143415451,0.6672976017,1.21885001659
10652,-0.0725999996066,0.66552823782,0.508341193199,-1.02834999561
11004,-1.31344997883,0.74397200346,0.349330157042,0.654649972916
23530,2.94274997711,0.551570892334,0.24541887641,-0.52974998951
8826,0.488150000572,0.471252113581,0.62145280838,-0.103149995208
3308,0.574750006199,-0.853771805763,0.635808229446,0.193949997425
7153,-1.16565001011,0.689356446266,0.549534261227,0.648100018501
11041,0.00115000084043,-2.28952527046,0.253111302853,-0.50879997015
6342,-0.762849986553,0.588068723679,1.18652963638,-0.237700000405
5883,0.62650001049,0.258952736855,0.138336271048,0.348199993372
10589,0.118400000036,-0.269348353148,0.870740771294,-0.918699979782
5110,0.221499994397,0.175447627902,-1.08835101128,-0.116650000215
4609,-1.25769996643,0.0508784763515,-0.299198806286,-0.785099983215
5423,0.878900051117,0.813022017479,-0.0739503949881,0.0867999941111
1070,-0.841300010681,0.444068580866,0.677340269089,0.141499996185
10051,-1.57410001755,0.514150381088,0.00516024976969,0.0343999862671
6603,-0.0649499893188,0.415250241756,0.386537432671,-0.621950030327
9019,-0.512049973011,0.470859080553,-0.0377905257046,-0.124550007284
10969,-3.9960000515,0.487705886364,-0.460130691528,-0.404350012541
9797,3.43009996414,1.45410132408,2.84998631477,4.90040016174
4043,0.166050001979,-0.251322925091,0.064974412322,-0.422199994326
9519,-0.207700014114,0.53475278616,1.31241869926,1.07665002346
8480,-0.171900004148,-0.367885798216,1.05533742905,0.473499983549
983,-1.04394996166,-0.267316251993,0.387395590544,-1.01429998875
10559,0.422250002623,-0.359171450138,0.196819096804,0.60119998455
8508,-1.25119996071,0.697937011719,0.938233613968,-0.175949990749
9275,2.09964990616,0.677585303783,0.765436410904,-0.214749991894
8914,-1.15164995193,-0.108355998993,0.51511824131,0.556599974632
54505,-0.408800005913,0.690925419331,-0.28907930851,0.567499995232
6919,0.722549974918,-0.188133731484,0.145459741354,1.05970001221
2274,-0.37064999342,0.23043499887,0.236240699887,-0.599849998951
2288,-0.00034999998752,-0.937941670418,0.000280712090898,0.214499995112
7994,-0.93900001049,-0.752973377705,0.64312338829,-0.00094997882843
4216,-0.767300009727,0.822847783566,1.17400217056,-0.197750002146
7538,0.31479999423,-0.0617773421109,0.144815474749,-0.0884000062943
3628,0.333150029182,0.256477177143,1.5171405077,-0.29264998436
2037,0.0188000202179,0.639531373978,0.765088498592,0.423850029707
2771,-0.712249994278,-0.42406514287,-1.59899902344,-0.590799987316
7264,-0.649850010872,-2.41490411758,0.39568439126,-0.394250005484
1786,-0.000650000059977,-0.351191043854,0.0362344048917,0.542699992657
5873,0.815450012684,0.0226170588285,0.864953517914,0.41685000062
780,-1.577450037,0.310189694166,1.55271196365,0.627300024033
9926,-0.0263499990106,-0.590959906578,0.701430559158,0.903349995613
8446,1.67790007591,-0.327034890652,-0.793163657188,-0.284399986267
7159,0.245550006628,-0.64601957798,-0.265965789557,-0.641149997711
1026,-0.348250001669,-1.88840961456,-0.734293222427,-0.190950006247
7082,0.223550006747,0.234670951962,-0.643758177757,0.27349999547
10058,-0.491950035095,1.08986854553,-0.00502943992615,-0.948449969292
10797,-1.41954994202,-0.0152331013232,-0.185638517141,-0.514900028706
11230,0.234050005674,-0.041599445045,-0.702794551849,1.16464996338
30836,-0.934100031853,-0.197217911482,0.210441976786,-0.827600002289
27336,-0.197750002146,-0.429963618517,0.906024694443,0.587749958038
9918,1.12335002422,-1.03095579147,0.00129152834415,-0.136199995875
79073,0.00205001235008,0.221906796098,1.02481675148,-0.0886999964714
9688,0.331450015306,0.114124178886,0.329032182693,-0.149900004268
23659,0.0733000040054,0.660794556141,0.716892838478,-0.394250035286
8396,4.72055006027,1.79321157932,5.87068462372,-0.816349983215
23077,1.10800004005,-0.900672137737,0.207092761993,0.329949975014
10857,-0.884700000286,0.857349038124,0.171564072371,0.0473499968648
16,-0.368900001049,0.0400630682707,0.174172624946,0.108100011945
2817,0.0193499922752,0.1984154284,-0.102500781417,0.921599984169
60528,-0.137400001287,-0.995564341545,1.20724928379,0.209649980068
5359,-0.0702499970794,0.29586404562,0.215270683169,0.0851000025868
1514,-1.13709998131,0.431272804737,-0.89923119545,-0.42515000701
1509,0.0137000009418,-0.256651610136,-0.50304287672,-0.683700025082
9181,0.640349984169,0.109838932753,1.38068723679,0.176649987698
3611,-0.474600017071,-1.10200560093,0.196877777576,0.0274000000209
4783,-0.843800067902,0.692216098309,0.640802323818,-0.132400006056
10123,1.61339998245,-0.93074131012,-0.172339767218,0.142699986696
8895,-0.380400002003,0.181126073003,0.111936658621,0.581749975681
9805,-1.87880003452,0.633438766003,0.680047094822,0.883350014687
4125,-0.304650008678,-0.120610803366,-0.341314405203,0.0748500078917
1635,-0.936550021172,0.652438759804,1.04070866108,0.416149914265
4154,-1.39230000973,-0.270678162575,-0.0312362313271,1.25444996357
26292,-0.861800014973,-0.0981876850128,0.186400309205,-0.197699993849
5770,0.408349990845,-0.384153991938,-0.800384163857,0.305800020695
25874,-0.559599995613,0.442529350519,0.185536563396,-0.165300011635
11319,-0.519899964333,0.141285434365,1.85965073109,0.338499993086
1153,-0.15474998951,-0.98164743185,0.270911693573,0.822550058365
11098,-0.614799976349,0.0255087837577,0.267585217953,-1.46525001526
8974,0.0647999942303,-0.10215459764,-0.022893384099,-1.26405000687
533,-0.969250023365,0.435783416033,0.421460211277,0.143099963665
823,0.570500016212,-0.175494104624,-0.352936059237,-1.27614998817
6812,-1.35095000267,0.750069439411,0.0254279822111,-0.921599984169
3693,-1.63954997063,0.496805310249,-0.359371960163,-0.451800018549
4891,-0.913249969482,-0.412550568581,-0.45102289319,0.999350011349
10954,0.311500012875,0.1442142874,0.512978196144,-0.659300029278
5909,-0.0654499977827,-0.345236510038,0.529995560646,-0.159400001168
9221,-0.46044999361,-0.656105399132,-0.428604483604,-0.583500027657
847,0.888799965382,-1.90768241882,0.612330436707,-0.814350008965
11072,-0.625599980354,1.21359443665,1.02761793137,-0.495950013399
10221,1.3952999115,-0.108506940305,-0.366652399302,-0.351750016212
7158,0.806200027466,-0.749578118324,0.304610639811,0.371699988842
8678,-1.03020000458,0.12225895375,0.508288443089,-0.235849991441
11014,-1.41464996338,1.31835818291,-0.767264246941,-0.193200007081
1994,-1.57389998436,0.754103660583,-0.323532104492,0.835099995136
3482,1.21560001373,-0.310702949762,0.58614808321,0.938300013542
25976,1.12144994736,-0.39654904604,0.460608124733,-0.0399000346661
10491,-0.622249960899,0.0509684719145,0.944509625435,0.295249998569
51053,-0.537499964237,-0.167057171464,0.906765222549,-0.12444999814
9267,-0.871649980545,1.15570759773,-0.887320160866,0.592100024223
5547,-0.390599995852,-0.125814810395,0.27842181921,-0.305199980736
6597,-3.50999999046,0.309091717005,0.133927047253,0.313499987125
5836,0.699999988079,0.162805050611,-0.278019547462,0.370200008154
6118,0.276149988174,-0.552805840969,0.373059391975,-0.613749980927
2961,0.362450003624,0.705577373505,0.231910765171,0.0360000133514
310,-0.480700016022,0.867790102959,0.118145167828,0.883100032806
7296,-0.977900028229,0.655496656895,-0.551607608795,1.277099967
1429,-0.136450007558,0.334505975246,0.0285960920155,0.0539500117302
2548,-1.45519995689,1.43080306053,0.394133269787,-1.13384997845
6499,0.347299993038,0.352207094431,0.77440148592,-1.66089999676
642,-0.966549992561,-0.0733639746904,-0.338675439358,0.894500017166
23076,-1.30870008469,0.651600062847,0.668691277504,0.110900014639
10099,-0.64335000515,0.828225135803,-0.397236257792,-1.16065001488
9817,0.608299970627,0.132942169905,0.971663177013,-1.00479996204
9126,0.718699991703,-0.01010812819,0.0568471774459,0.364300012589
3930,-0.342200011015,0.863031864166,0.0621776878834,-0.269800007343
10450,0.310100018978,-0.389761447906,0.101520329714,-0.552150011063
54386,-0.436450004578,0.0823269039392,-0.637280464172,1.10374999046
664,-1.16420006752,0.922683894634,-0.409662604332,0.138399988413
596,0.199399977922,-0.530412137508,-0.544621050358,0.056450009346
10180,-0.59065002203,-0.707073748112,0.0616003721952,-0.7853500247
1445,-0.929949998856,-0.0689928233624,0.676381468773,-0.00980000197887
230,-0.478249967098,0.211876273155,-0.630988240242,-0.403149992228
9246,0.397099971771,-0.709127247334,-0.356436043978,0.131150007248
5092,-0.536749958992,0.187174633145,0.840036392212,0.752099990845
23463,0.411900013685,0.878893911839,-0.45210018754,-0.0510500073433
10007,1.45989990234,0.761135101318,1.20939683914,0.045500010252
4925,0.427300006151,1.31390357018,1.37105631828,0.11930000782
6251,0.0213499963284,0.806902766228,-0.448282450438,1.00309991837
5782,-0.334899991751,-0.0100666545331,0.159125253558,-0.330550014973
5106,0.84525001049,-0.530270040035,-0.114702410996,0.289449989796
2673,-0.173500031233,0.126723513007,0.431473135948,-0.0859000086784
644,-0.58134996891,0.989413619041,0.30471354723,1.54925000668
6284,-0.883249998093,0.564160525799,0.318006932735,0.990599989891
4605,0.550750017166,-0.637710690498,0.00505718588829,0.294849991798
6810,0.355800002813,-0.343476295471,0.829787909985,-0.195150017738
54499,-0.815500020981,0.239894166589,0.513572216034,-1.08399999142
11007,0.379750013351,-0.317680507898,-0.383722245693,-0.62215000391
1643,-1.57889997959,-0.26978251338,1.06915652752,0.0767500028014
25805,-0.876550018787,-0.0267757605761,0.265839964151,0.254449993372
3033,-0.0388500094414,1.62656378746,0.100260660052,0.818300008774
2745,0.549700021744,-0.23429132998,-0.365590929985,0.325549989939
9961,2.11349987984,-1.05031967163,0.777013838291,0.468449980021
3925,-0.183899998665,0.0224190466106,1.21496033669,0.313500016928
2582,0.310000002384,0.702713906765,1.70397853851,0.202199995518
5792,-0.690050005913,-1.15591156483,0.222953751683,0.0744000002742
5236,-0.0239999890327,0.187466293573,0.106022462249,0.36470001936
4016,3.64514970779,0.988482773304,0.10317863524,-0.42175000906
4651,-0.969599962234,0.593403160572,2.53674578667,1.0678999424
3988,0.362749993801,0.223715111613,-0.447672903538,0.499350011349
26227,-0.105250000954,0.0188339278102,0.367166399956,-0.152599990368
7982,0.718249976635,0.672454535961,0.11293707788,-0.486000001431
3551,4.54409980774,-0.134645551443,-0.606205999851,0.413949996233
5108,-0.336599975824,0.761263012886,-0.518036961555,-0.472799986601
8870,-0.110599994659,0.51602768898,-0.820997059345,-0.333550006151
2195,0.172850012779,-0.260130554438,0.122778564692,0.197750002146
8731,1.48714995384,1.96327698231,-0.364848196507,-1.16480004787
1956,-0.375949978828,0.0344513133168,-0.0424181520939,-0.0371999889612
10276,-0.335749983788,-1.26495194435,0.0518087781966,0.651100039482
1666,-0.455799996853,0.276525527239,1.53338599205,0.0896999835968
4864,0.398100018501,0.163984283805,-0.188337355852,0.0288999974728
4232,0.664250016212,-1.0491412878,-0.399834185839,-0.206850007176
5050,-0.51004999876,0.181768864393,-0.0557373911142,-0.908300042152
813,0.0537000000477,0.394455492496,-0.649906873703,-1.06974995136
3964,0.210400000215,0.120504923165,0.119847595692,0.214500010014
26020,0.00655001401901,-0.038726337254,0.867224633694,0.0875499993563
481,0.204300001264,0.901758551598,-0.571045577526,-1.01345002651
5019,-0.0483000017703,-0.120622672141,0.357947766781,-0.536800026894
291,-2.44379997253,0.868438839912,-0.0118198208511,-0.38844999671
10973,-1.25355005264,0.00778676196933,-0.914585590363,0.687950015068
9697,0.987200021744,-0.483056008816,-0.671697616577,-0.700250029564
5831,0.495800018311,-0.230197548866,0.739489674568,-0.779449999332
8202,-0.8450999856,-0.533537745476,-0.151629596949,0.510150015354
57804,0.356900006533,-0.00543120317161,-1.34056997299,-0.456449985504
5566,-0.119649998844,-0.253227651119,1.07938313484,0.258599996567
57149,-0.430350005627,0.242696374655,-0.124598957598,-1.191650033
7416,1.32354998589,0.670998990536,-0.65297549963,-0.994449973106
10174,-1.31415009499,0.469530791044,1.14883804321,-0.558849990368
6676,-0.551750004292,0.598427474499,1.59407639503,0.658550024033
8884,0.637949943542,1.64975595474,1.00539052486,-2.84879994392
5997,1.84574997425,2.2975165844,-0.781616747379,-0.49849998951
57147,0.246200025082,1.07460033894,1.36211895943,-0.261550009251
6909,0.17515000701,-0.387830764055,0.352672994137,-0.649999976158
9093,0.000699999975041,-0.827746331692,-0.196564659476,-0.814350008965
23142,1.30489993095,0.334764450788,-0.245851621032,-0.652599990368
8444,-0.189050003886,-0.980336844921,1.01619839668,0.246599972248
11232,-0.209049999714,-0.0772332474589,0.858684182167,0.0
27095,-1.01835000515,1.10928046703,0.233523994684,-0.172450006008
10732,0.409749984741,-0.254552572966,-0.669584870338,-0.61669999361
23029,-0.399500012398,0.107218042016,-0.155210256577,0.0573499947786
9270,-1.11465001106,0.353459268808,1.14806783199,-0.239350005984
47,0.0504499971867,1.05708396435,0.0991336852312,-0.429250001907
5889,-0.238499984145,-0.34898468852,0.589591681957,0.801050007343
8243,0.17405000329,-1.67804443836,-9.6607208252,0.291150003672
10730,0.291599988937,1.06728196144,1.02367722988,0.200249999762
30,0.683800041676,-0.260326355696,-0.187105447054,1.30349993706
7466,1.26884996891,0.265112936497,-0.393572300673,-0.710950016975
89910,0.317299962044,-0.937882900238,-0.159912422299,1.67980003357
56654,-0.0155500024557,-1.16674315929,0.100866802037,-0.701250016689
501,1.21914994717,0.413321077824,-0.375312566757,-0.0844499915838
5438,0.203199997544,-0.348123937845,1.32958185673,-0.514149963856
26993,0.682950019836,0.811224937439,-0.217187792063,-0.555800020695
55111,-0.254500001669,-0.0174258537591,-1.15265083313,0.0825500041246
8520,-0.678849995136,0.0767631679773,0.320077866316,0.250400006771
10146,-0.933949947357,0.616050302982,-0.0729757547379,0.768450021744
7165,0.353249996901,0.25880125165,-0.656363129616,1.43389999866
55011,-0.602850019932,-0.287365287542,-0.401070356369,-1.75475001335
6461,0.560199975967,-0.960029304028,0.170809596777,0.228849992156
10813,-0.573949992657,-0.672744631767,-0.172664374113,0.588750064373
80746,-0.760749995708,0.484526723623,0.93983399868,0.539499998093
10434,-0.7132999897,0.464924901724,-0.480141103268,-0.382149994373
5607,0.240050017834,-0.215934574604,1.15899670124,0.215000003576
22827,-0.61234998703,-0.160942554474,-0.0352336354554,0.286300003529
51635,-0.640200018883,0.497178822756,1.10304307938,0.15364998579
84159,2.83450007439,-0.348067998886,-0.286462366581,-0.616100013256
3508,1.64725005627,-0.0410268306732,-0.602541744709,1.87874996662
84890,-0.89509999752,1.19991898537,1.09398555756,0.371749997139
79600,0.57465004921,0.697997391224,1.31422472,-0.388450026512
8574,0.287000000477,0.200496807694,-0.0921701565385,-1.34170007706
5529,1.69690001011,-1.25504767895,1.91545176506,0.77555000782
3909,-0.0209999680519,-0.33136934042,1.43409693241,1.44359993935
9637,-0.234700009227,0.475725710392,0.939584553242,-1.1210000515
8518,-0.261749982834,0.253357172012,0.673837780952,0.572700023651
6443,0.379150003195,-0.289919167757,0.149191379547,-1.0897500515
58478,-0.211400002241,0.44781896472,-1.26290917397,-0.711800038815
4850,0.684050023556,0.356126397848,-0.255533009768,-0.020249992609
23210,-0.174800008535,0.505124926567,0.741073250771,-1.19330000877
54733,-2.38445019722,-0.254781424999,-0.0285099484026,-0.425749987364
55129,-0.901700019836,0.31872355938,-0.315889447927,-0.7105499506
10273,0.000300000014249,0.0,-0.222955927253,-0.27555000782
572,-1.61109995842,-0.141682818532,-5.43635082245,0.243050009012
5716,-0.142750009894,0.860095381737,-0.568746685982,-0.575299978256
22841,1.45035004616,-0.387896835804,-0.457407712936,0.538349986076
2356,-1.4415500164,0.111668758094,0.345255583525,-2.36260008812
6050,-0.507499992847,0.520291805267,0.913440346718,0.724800050259
64422,0.116950005293,0.470939218998,-0.837526798248,-0.743750035763
8837,-0.348300009966,0.316043376923,0.334693729877,3.55499982834
55127,-0.13354998827,0.0135708842427,0.905272722244,2.50740003586
23335,1.7404500246,-0.183357417583,0.838033914566,0.407550007105
10270,0.618750035763,2.71227288246,0.543599784374,-0.386050015688
6509,0.748449981213,0.252770543098,-0.238469958305,0.0513999983668
83743,0.348349988461,0.895188689232,-0.428870230913,1.15590000153
6772,1.58124995232,0.881739735603,-0.0412697046995,1.66900002956
22887,-1.05229997635,0.822310686111,0.356759250164,-0.0992000102997
51001,1.65884995461,-0.0282888263464,0.837305724621,0.741199970245
26511,0.746899962425,-0.498679548502,0.181049197912,0.708700060844
7874,-0.990650057793,0.583146214485,0.36533331871,-0.658450007439
51070,0.205799996853,-0.981179356575,-0.0512593612075,-0.265349984169
1738,-0.196700006723,0.735532641411,0.678248643875,0.044650003314
3416,0.584450006485,0.619705796242,-0.806326270103,-0.917100071907
9128,0.700650036335,0.250710606575,-0.0142140090466,1.31784999371
9833,0.027949988842,0.359434813261,0.125178471208,0.44185000658
4088,-0.920199990273,0.212182641029,0.147686868906,-0.0904500186443
5018,-0.703800022602,0.612746953964,0.467265248299,-0.373050004244
51375,-2.09434986115,-1.0488474369,-2.71873140335,0.78409999609
55038,-0.167999997735,-0.122926324606,0.338468939066,1.24979996681
23061,-0.608600020409,0.339124321938,0.864843130112,0.983599960804
64428,1.46064996719,-0.755601286888,0.0359704494476,-0.114149987698
11325,-0.699800014496,0.268679916859,-0.376314550638,0.490649998188
9641,0.818349957466,-0.321715772152,0.460286080837,0.31970000267
23038,0.433899998665,-0.363229870796,0.194413095713,-0.0816499888897
57048,0.382349997759,0.0722956135869,-0.393246591091,-0.430450022221
94239,0.672500014305,-1.09725892544,-0.0139554850757,1.46755003929
51203,-0.232849985361,0.335179597139,0.531656742096,0.00884999893606
388650,-4.99765014648,-0.185447499156,0.366478383541,0.294550001621
23039,0.284150004387,0.4206353724,0.616876959801,0.522799968719
55179,0.453850001097,0.338454186916,0.527096986771,-0.62944996357
5827,-0.546800017357,-0.0779156982899,0.049216017127,-0.443550020456
10245,0.746600031853,-3.19321274757,-0.232341244817,-0.265799999237
6813,0.547699987888,-0.0146728828549,-4.52288627625,-0.784600019455
3251,-0.865649938583,0.157029852271,0.356101483107,0.103650003672
23212,-0.233449995518,1.48674821854,0.861691117287,0.0737999975681
23536,-0.0656999945641,-0.879025399685,0.0877941250801,0.253849983215
51282,-1.22000002861,-0.279795050621,-0.427809506655,0.617050051689
10227,0.713900029659,0.512418150902,0.229435220361,-0.0724000036716
50813,-0.154150009155,0.183115497231,1.66067576408,0.270700007677
51024,-1.76690006256,-0.172568663955,0.854080319405,0.361099988222
53343,0.543300032616,-0.243981137872,0.457127988338,-0.29469999671
1465,-0.698350012302,0.703708350658,-0.331428915262,0.38069999218
79006,-0.862499952316,-0.84856325388,0.440304160118,0.218499988317
6988,-0.0735500007868,0.377236157656,0.988322615623,-0.252499997616
11011,0.154449999332,-0.189951151609,0.538647115231,0.110399991274
23325,-4.44269990921,0.181339755654,-6.01073026657,0.371549993753
10049,-0.0690500065684,-0.356941014528,-0.497847437859,0.978699982166
3157,-0.678949952126,0.108448930085,-0.130538880825,-1.44789993763
200734,0.484600007534,-0.502282559872,0.3722692132,-0.133599996567
9053,-0.123000010848,2.45167255402,-0.0604812502861,0.718449950218
79094,1.12314999104,-1.48668015003,-0.593345463276,0.744249999523
2778,0.147849991918,-0.0987048521638,-0.245454877615,-0.637600004673
54881,1.17170000076,0.341391950846,-0.361034244299,0.441150009632
54807,0.896549999714,-0.29829365015,0.448168039322,1.35564994812
323,0.961050033569,-0.369870185852,-0.581573843956,0.865600049496
26001,-1.44409990311,-0.438130587339,0.566853404045,-2.0788500309
10190,-0.0306999981403,0.538817644119,0.0933273732662,-2.85135006905
9686,-1.22145009041,0.371381014585,0.442101895809,0.380750000477
54915,-0.371399998665,0.844632267952,-0.271902441978,-1.17855000496
23658,0.253100007772,-0.012833558023,0.376469433308,-0.552999973297
7750,-0.637099981308,-1.48943722248,-1.02824676037,0.368400007486
79643,-0.078749999404,-0.102068684995,0.411665707827,-1.15875005722
9488,0.384549975395,2.04103589058,0.796863436699,0.610199987888
11200,-1.39240002632,0.503746449947,0.788705825806,-0.660449981689
65057,0.879899978638,-2.23932361603,-4.21538257599,-0.126949995756
6832,0.0738500058651,-0.237057417631,-0.336610734463,0.210350006819
23131,0.228650003672,0.603079736233,0.436897277832,-0.568899989128
10776,-0.924749970436,0.640610098839,-3.09792327881,0.293249994516
6253,0.91914999485,-1.04933571815,-3.59231042862,-0.0484499931335
79716,1.21119999886,-0.0843566581607,1.22155308723,0.401199996471
29978,-3.61899971962,0.4661026299,3.97919940948,0.399349987507
9988,0.990900039673,-1.52919566631,-0.182594895363,-0.118550002575
10845,0.31970000267,1.20904350281,0.383353978395,3.44685006142
54957,0.0852999985218,-0.359327077866,1.14013123512,0.512099981308
79170,2.29274988174,-0.331300407648,-0.276329755783,0.0618500113487
10610,0.703999996185,0.248606145382,-0.902165174484,0.651950001717
128,-0.0402000024915,-0.125292301178,1.26865589619,1.12755000591
51026,-1.42050004005,0.80677574873,-0.0778138563037,-0.0630000010133
5498,0.970899999142,-1.1135392189,-0.748835623264,0.0754500031471
124583,-0.347549974918,0.298785150051,-0.328211218119,0.490599989891
9455,0.054200001061,0.253197401762,0.288044154644,-0.177000015974
1212,-1.29194998741,1.37414944172,-1.06092345715,-0.556999981403
5255,-0.140799999237,0.89533919096,0.144904702902,0.466750025749
9448,-0.532450020313,0.0492879524827,-1.0933713913,-0.0403499901295
9924,-0.702499985695,-0.525522768497,-0.564117789268,0.178949996829
5480,-0.0153000019491,1.21708762646,-0.438593864441,-0.524949967861
1983,1.00849997997,-0.351362854242,-0.28420317173,-0.457800000906
56889,0.818050026894,-0.282181769609,-0.218647181988,0.669300019741
79080,1.40285003185,0.139445826411,-1.02785515785,0.244049996138
9016,0.282700002193,-1.32965373993,-0.642889380455,-0.700450003147
6915,2.54410004616,-0.758570313454,0.239024072886,-0.962949991226
9709,0.0611499845982,0.950977444649,0.654003560543,-0.547550022602
116832,1.09065008163,1.21491920948,-0.382023900747,0.673699975014
670,-2.7063999176,-0.141509488225,0.428879320621,0.893750011921
7867,-1.21939992905,0.0427666045725,-0.505431771278,-0.528699994087
79143,-0.373549997807,-0.653479039669,-0.773200690746,-0.781650006771
11284,-0.234299987555,0.407079488039,0.332250982523,-0.337300002575
23443,1.26429998875,-0.649286568165,0.269869983196,-0.144899994135
51599,-0.579949975014,-2.65549778938,-0.155227005482,0.14880001545
5927,0.432150006294,0.140553295612,-0.183201342821,-0.584550023079
55793,2.81284999847,-1.11117565632,0.0732632577419,-0.0322999991477
5867,0.162699997425,2.13456583023,-0.0311963930726,0.204450011253
7866,-1.46219992638,0.244211688638,-5.70143508911,-0.0029000043869
25825,-0.162699997425,0.17665708065,-0.000620700418949,-0.446999996901
4067,0.417549997568,-0.296974301338,0.337570458651,1.02780008316
51015,-3.41454982758,0.537319779396,-0.0688328444958,0.771350026131
5891,0.412900000811,-0.790249705315,1.27936923504,-0.557749986649
3300,-0.62215000391,0.725718677044,-0.886969029903,0.66755002737
64781,0.935649991035,-0.354827702045,-0.884712159634,0.894150018692
51056,2.13014984131,-0.471626341343,-0.752585172653,-0.00670000910759
8550,-0.579249978065,-0.278482019901,-0.696112990379,-0.384149998426
50810,0.449549973011,0.959188759327,-0.793857455254,0.122499987483
23011,1.09560000896,0.474244594574,-0.182618796825,0.159450009465
11168,-0.332949995995,1.38007640839,0.965050280094,-0.608349978924
1385,0.958000004292,0.587582051754,0.0263426713645,0.828549981117
10150,0.418700009584,0.45722040534,-0.672664403915,0.967450022697
29763,-1.44414997101,1.44302392006,1.62691938877,2.11199998856
9112,-0.130500003695,-1.67295575142,0.295876383781,0.691950023174
23499,0.741950035095,0.864766538143,-1.28074944019,-1.20684993267
85236,-0.117949999869,0.52789247036,0.0713272094727,-0.00600001215935
5096,-0.748450040817,-0.436528980732,0.403762221336,-0.676150083542
55620,0.105650000274,0.120186880231,0.624145686626,-0.711249947548
5373,0.273350000381,-0.106746345758,-0.382381975651,-0.384000003338
51170,1.49360001087,-0.556317687035,0.857915639877,0.594349980354
54850,1.42339992523,0.00599289685488,-0.524153053761,0.565649986267
80349,-0.759199976921,0.481914252043,0.430492162704,0.220299988985
355,-0.210599958897,0.840291261673,0.0650028884411,-0.476549983025
1062,0.734099984169,-0.560795545578,1.72676992416,-0.702650010586
8804,0.0596500039101,1.4189043045,0.248401895165,-0.145899996161
80758,-3.27030014992,0.738662838936,0.0105733256787,-1.84259998798
375346,0.471650004387,-0.276972591877,-0.270531445742,1.07369995117
51385,0.107600003481,-0.711048662663,0.023704521358,-0.266200006008
55748,-1.48514997959,0.769203543663,-0.198017507792,0.138300001621
10318,0.894749999046,-0.153705224395,-0.72704064846,-0.569599986076
54681,1.13419997692,0.416234225035,1.2435002327,-0.959200024605
7905,1.42209994793,1.02947795391,-0.124002605677,-1.30239987373
28969,1.7459499836,0.341204375029,-0.226143628359,-0.656350016594
10668,-0.0638500154018,-0.0576724074781,0.489602267742,0.079549998045
51005,0.0760500133038,-1.18251669407,0.141258612275,1.12949991226
8800,0.536499977112,-0.710337102413,-0.277026534081,-0.0755999982357
54438,0.991250038147,-0.779502868652,-0.0470730513334,-0.214149996638
55825,0.999549984932,-0.226439863443,0.00990073382854,-0.775449991226
8835,1.8043500185,-0.0768193006516,-0.731379270554,0.212949991226
64429,-0.0637499988079,0.0623023547232,-2.46483302116,-4.88840007782
3682,-7.165599823,-0.23922367394,0.252139002085,0.810299992561
10329,0.00255000591278,0.77961575985,1.41332602501,0.335500001907
27109,3.33120012283,0.857330203056,1.47250676155,0.128749996424
51335,0.0172000080347,0.453072309494,-1.01229059696,-0.622400045395
3202,0.911099970341,1.27942490578,1.63276779652,-0.129700005054
2896,-0.109850019217,-0.536274313927,0.593262434006,-0.653300046921
79902,-4.94885015488,-0.824190557003,0.153894171119,-0.186049997807
29083,-0.63244998455,-0.568993031979,-3.32483577728,0.371200025082
5747,0.286650002003,0.568242549896,-0.0837181359529,0.0933499932289
22905,0.620149970055,-0.893451035023,0.0754226446152,0.509499967098
63933,-0.391499996185,0.259696483612,-0.101872742176,-0.512750029564
9847,-0.00299999862909,0.878194391727,0.656721711159,-0.320300042629
51021,0.0813499987125,-0.678879499435,0.37558311224,-0.861249983311
8996,-4.6810503006,-0.369363933802,-0.613197743893,-2.43684983253
7376,1.58270001411,0.771301090717,0.455823868513,-0.278200030327
5357,-1.06904995441,2.33238434792,-0.499959886074,0.909749984741
56940,-0.416249990463,0.459135949612,0.886442661285,-0.992650032043
6195,-0.308250010014,-0.00724056456238,0.355441391468,0.131750002503
1633,-1.4618999958,0.654812455177,-0.81889295578,-0.323350012302
23321,0.730599999428,-1.34779155254,0.19680146873,0.270999997854
51160,0.224250003695,-0.654356777668,0.963540673256,0.263799965382
55604,0.343299984932,-0.990670263767,-0.237298280001,0.077899992466
2063,-4.58759975433,-0.547673940659,0.307909369469,1.32934999466
54512,0.259299993515,-0.548332452774,0.448427855968,-0.683449983597
9124,1.12569999695,-0.330423653126,-0.174613326788,-1.25574994087
79174,0.22800001502,-0.913349568844,-0.0187522713095,-0.38220000267
23223,0.406399995089,-0.203796073794,-1.38597559929,0.464599967003
39,0.208000004292,-0.391850531101,0.123037770391,0.982450008392
57215,0.635850012302,1.02297246456,-0.63878762722,-0.916249990463
1052,0.69754999876,-0.752617835999,-0.700824856758,0.554899990559
23139,0.658399999142,-0.754957377911,-0.47659599781,-0.985900044441
79947,0.447450011969,-0.683801531792,0.54937171936,0.348949998617
4616,-1.37900006771,-0.157869666815,-0.17967531085,-2.51114988327
9710,0.150899991393,-0.539825797081,-0.346321225166,0.727849960327
6990,-0.303499996662,1.3269469738,-0.401528775692,0.727599978447
29082,-0.98710000515,-0.357896149158,0.60030412674,0.895599961281
9670,0.0715499818325,-1.44230210781,0.0554814189672,-0.171050012112
81533,0.730550050735,-0.650991141796,0.294200599194,-0.196850001812
10525,-0.275750041008,-0.350913107395,1.28589057922,-0.370299994946
2353,-0.701700031757,-0.332059860229,0.848011136055,0.086850002408
57192,1.0896500349,0.331327825785,0.538849234581,-0.016999989748
3398,-0.0822499990463,0.855586707592,0.20576235652,1.10414993763
3775,0.919899940491,0.529786229134,-0.63657617569,-0.421649992466
26064,-0.252149999142,-0.0684690326452,0.34580463171,0.308200001717
29103,-1.40155005455,0.111055403948,0.944007158279,1.35619997978
3206,1.14385008812,-1.42761468887,-1.61353874207,1.05795001984
1500,-2.02360010147,-1.30963528156,-1.7953248024,-2.210750103
7690,0.28900000453,-0.473389565945,0.140063211322,0.449850022793
29911,-1.31089997292,-0.841661393642,0.528199970722,-1.06840002537
2064,-0.340749979019,-0.105146050453,-0.746574044228,-0.360249996185
65123,-0.0112999677658,0.0628304928541,-0.519513309002,-0.0672499984503
5986,0.695450007915,-0.134414315224,-0.126903489232,1.75364995003
85377,0.79549998045,0.408586084843,0.426572263241,0.441149950027
9903,0.875450015068,0.818885803223,1.34832119942,-0.38710001111
7088,-2.6141500473,0.237081602216,-2.39673924446,-0.469799995422
22796,0.419350028038,-0.809913933277,0.779148101807,-1.28839993477
51116,-0.165249988437,0.553651511669,-0.16818639636,0.815299987793
54442,-0.274599999189,0.25215446949,0.238367214799,0.239800006151
10695,0.45119997859,-0.117247901857,-0.071979701519,0.204999983311
102,0.257300019264,0.0982620567083,0.417788267136,-1.19539999962
965,1.33489990234,1.2494931221,1.37477087975,0.237149998546
3800,1.05659997463,-0.44522151351,4.35279130936,0.351799994707
10362,-0.652099967003,0.143488943577,-0.0823545902967,0.267100006342
5300,0.498799979687,0.52083325386,0.359120041132,0.647050023079
8270,-0.122299998999,0.142504572868,0.319461524487,-0.956750035286
27242,0.824400007725,-0.395265847445,0.259687036276,1.30929994583
9928,-0.826449990273,-0.827553749084,-0.036031614989,0.0502000153065
1534,-1.42204999924,1.40113580227,-0.655245363712,0.818450033665
5654,0.64494997263,-0.340171337128,1.9262868166,1.68804991245
10810,2.73434996605,2.65929555893,-0.0441806800663,-0.954249978065
7105,-0.873250007629,0.840224802494,0.616612434387,0.51550000906
23014,-3.37190008163,-0.745494306087,-0.955554366112,-1.13770008087
55012,0.200699985027,0.216997981071,-1.81080245972,-0.840149998665
2887,1.38415002823,0.12295191735,-0.052466340363,-1.31180000305
9183,0.206350013614,1.1087988615,0.814949631691,-0.0583499968052
11151,1.29290008545,-0.145631164312,-0.241817384958,0.922950029373
7511,0.961949944496,-0.30654245615,0.83185428381,0.0139499902725
10046,0.885349988937,0.0713029801846,-0.45286822319,4.39580011368
1829,1.04305005074,-0.274824053049,-0.012805246748,-0.414449989796
11000,0.919299960136,1.69299972057,-0.449246644974,0.0694999992847
976,-0.721450030804,0.128452688456,-0.0397390909493,-0.544200003147
3597,0.161049991846,-1.31878960133,0.285353183746,-0.59994995594
178,1.00180006027,-0.144672811031,0.0252283364534,2.44120001793
2625,0.499599993229,0.298613488674,-0.352299869061,0.805750012398
6119,0.0459000021219,-0.0827732980251,-0.429669559002,-0.48860001564
26136,-4.06130027771,-1.58881938457,-5.87120628357,0.581950008869
6697,-0.896700024605,-0.852339625359,0.682861804962,0.653199970722
5971,1.58140003681,0.793960094452,-0.0820074528456,-0.63765001297
22934,-0.481600016356,-0.485630720854,0.0662578940392,-0.236499994993
9289,0.0452999919653,-0.727136313915,1.60577690601,0.544099986553
4931,0.464049994946,-0.99659705162,0.367340534925,-0.215250000358
4200,-0.681599974632,0.8126693964,-0.942724823952,-0.237350001931
93594,0.648699998856,1.36414694786,-0.200845688581,-1.70685005188
5982,-0.0201500002295,-0.00457942951471,0.0454329848289,0.398650020361
26520,-1.54589998722,-0.178246587515,-4.00986289978,0.737150013447
4998,0.16969999671,-1.13061344624,-0.299592792988,0.604200005531
10038,-0.515950024128,0.17986407876,0.181162953377,0.0980499982834
60493,0.617149949074,1.28711032867,0.481671154499,0.724999964237
51495,1.02339994907,0.086841262877,-0.75087594986,0.0130000039935
4482,0.331499993801,0.345290184021,-0.155329808593,0.517650008202
23224,4.75635004044,0.581910252571,-0.804888129234,0.895000040531
9690,-0.77245002985,0.744710803032,-1.50794196129,-0.230599999428
80212,0.37294998765,-0.199425593019,0.0641290619969,-0.375450015068
29928,-0.506299972534,0.485111951828,0.749647855759,0.570950031281
22809,0.0155000090599,0.0195217691362,-4.48302316666,0.509050011635
50814,0.212149977684,0.0785405114293,1.81954264641,-0.580099999905
55256,-0.0942000076175,0.629570484161,-0.262810945511,-1.31085002422
56997,0.0683499872684,0.262743890285,-0.302864968777,0.384400010109
81544,0.0990500003099,-0.700432598591,0.165682524443,-0.477649986744
6894,-0.313300013542,-0.0965495705605,-0.481174051762,1.89639997482
64080,-0.17705000937,3.21422123909,0.139276623726,0.0415999889374
55818,0.115199998021,0.355831116438,0.444353342056,-0.287050008774
637,0.872900009155,-1.68592631817,0.0543802082539,1.80324995518
22823,0.61755001545,-0.498939573765,0.0341953337193,0.334199994802
5287,0.709800004959,0.398643404245,0.431769967079,0.731099963188
91137,-1.13249993324,0.740023434162,-0.515955328941,0.953500032425
23097,-0.904099941254,0.88760048151,0.541261315346,-0.585349977016
9851,0.913950026035,1.66916739941,-1.14113283157,0.336400002241
23522,1.02884995937,-0.944074749947,-0.951111614704,0.178799986839
1123,0.231150016189,-0.289454489946,0.505975246429,-0.139699995518
5603,0.598850011826,-0.594266951084,0.34818020463,-0.323449969292
51569,-0.387050002813,-0.231635823846,-0.214921280742,0.666700005531
55699,-0.865400075912,-1.10106384754,1.12809967995,1.00440001488
2624,-0.302550017834,0.260482311249,0.359379976988,0.965799927711
8204,1.22969996929,0.14130115509,-0.154671043158,0.297849982977
9133,-0.678900003433,0.00935993529856,0.90527433157,0.719649970531
10921,-4.86030006409,2.00796318054,-0.519843697548,0.923900008202
51742,-0.739600002766,1.40012645721,-0.675867080688,1.65680003166
2954,-0.0417499989271,0.00873848050833,-0.343773782253,-0.170000001788
27244,0.586000025272,0.397862613201,-1.03557896614,0.714549958706
23013,0.0653999969363,0.332408100367,-0.194656312466,0.740299999714
8050,0.0123499929905,2.10127782822,0.285221040249,-0.358000010252
79961,0.556450009346,0.822313547134,-0.462681233883,0.528950035572
2017,0.946349978447,0.164662376046,-0.975005924702,0.914499998093
55148,-0.810249984264,-0.680231153965,0.348442047834,-0.810699999332
960,-0.202549993992,0.268589228392,0.368592470884,-0.436100006104
10451,0.528149962425,0.434547841549,1.32105278969,0.387750029564
57406,-0.0527999922633,-0.54979133606,-0.236598417163,5.29010009766
51719,0.12460000813,0.234110668302,0.792166173458,0.61384999752
7074,-0.295700013638,0.122802123427,0.320139914751,-0.0522000007331
10059,-0.765149950981,-2.748265028,-0.667672514915,-0.299549996853
51071,0.158450007439,-0.446073293686,-1.90093445778,1.38094997406
5796,0.772050023079,-0.691211402416,-0.340781003237,-0.277100026608
55008,0.306600004435,-2.09264469147,0.652408838272,0.308099985123
23597,-1.10025000572,-0.0364101119339,0.480598419905,0.201499998569
8869,1.39925003052,-0.201902151108,-0.0153992921114,0.843950033188
8727,3.03690004349,0.455488145351,1.08970808983,-0.463599979877
63874,1.10654997826,-0.192327082157,1.28482747078,-0.495299994946
8821,0.510699987411,0.331658065319,0.689415514469,-0.344049990177
57178,0.449750006199,-0.210560411215,1.52081882954,0.564500033855
5468,1.70990002155,0.345213204622,1.37580657005,-2.46269989014
10557,-0.0194000005722,0.449748724699,-0.0351014137268,0.208049982786
831,0.549899995327,-0.582437634468,0.8302693367,-2.21375012398
9531,0.434450000525,-1.64716756344,0.728014349937,0.480049997568
2767,-0.317200005054,0.88483697176,0.185292094946,0.29644998908
1861,1.04414999485,0.304224193096,-0.227852344513,0.141449987888
10165,-0.592550039291,0.286673724651,-0.652010977268,-0.283950001001
7106,0.171250000596,-0.209444493055,0.424486607313,-0.394400000572
2908,0.607949972153,0.0500762462616,0.484352171421,0.217850029469
57761,0.404399991035,-2.1973195076,0.123481884599,-0.0355000048876
23338,0.581499993801,0.145999968052,1.10275042057,0.211550012231
7852,0.90775001049,2.199644804,-0.366308033466,0.319100022316
55033,0.51810002327,1.60807549953,0.00631968677044,1.7743999958
57019,-0.044650003314,-1.83442759514,1.05270838737,-1.26010000706
91949,0.282200008631,-0.888178706169,1.00363278389,0.184599995613
84617,-0.784999966621,-0.116953335702,-0.417061179876,1.18355000019
25,-0.398350000381,-1.49699473381,0.548735141754,0.681850016117
899,0.116599991918,0.501763880253,0.040264159441,-0.482050001621
79850,1.17630004883,-0.32443895936,0.0825788751245,0.572200000286
51466,0.809000015259,0.540246844292,0.140675455332,-0.605849981308
2852,2.04699993134,-0.9251537323,0.0417379587889,0.637950003147
55837,-1.1249499321,0.404177069664,-0.458731293678,-0.443100005388
2131,0.683749973774,-1.66284656525,0.97184753418,0.311399996281
5427,0.131849989295,1.213935256,2.31503415108,-0.291949987411
25966,0.902449965477,-0.485023230314,1.13668477535,0.0767500400543
55608,-0.442000031471,1.27224719524,0.552302002907,0.855700016022
1662,0.823249995708,-0.0175060331821,0.452157616615,0.164049997926
9702,0.563000023365,-0.826181590557,0.509742021561,0.135149985552
11031,-1.19079995155,-2.65143871307,-0.393421053886,0.428600013256
10057,0.282299995422,0.413133174181,1.25896561146,-0.498200029135
5985,-1.84140002728,-0.306498855352,0.723180532455,-1.56714999676
3280,0.329349994659,0.263822376728,0.371142596006,0.766250014305
55958,0.90600001812,-0.603323161602,-0.878765523434,-0.123699992895
51465,2.1086499691,0.050255484879,-0.350696027279,0.282449990511
2542,0.877899944782,-0.779345691204,0.595673441887,0.566950023174
10641,0.55110001564,-1.07954919338,-2.94704151154,-0.98685002327
11137,0.323949992657,0.587133049965,0.399378120899,-4.72399997711
9842,0.562550008297,-1.22070074081,-0.332340955734,0.175350010395
10493,-0.974900007248,-0.0181480478495,0.0674372911453,-0.546400010586
10112,-3.10830020905,0.248191133142,1.25512492657,-0.143600001931
1001,-0.0774499922991,-1.13283121586,0.308392852545,-0.0283499993384
23635,2.51355004311,0.316784858704,-0.589975774288,0.142100006342
29916,-0.312999993563,0.0645232349634,0.452632367611,-0.54984998703
2810,-1.68274998665,-1.09015882015,0.303502291441,-1.00174999237
5993,-0.264849990606,-1.38250601292,-1.45731329918,0.340399980545
11142,0.166549995542,1.4268206358,1.3474843502,0.55814999342
79187,-0.0900999978185,-0.550372600555,0.127701640129,0.374099999666
51382,-0.108750000596,0.206969022751,0.271528691053,0.170550003648
8318,1.06494998932,-0.0606516599655,0.109521895647,-0.56719994545
9695,0.365150004625,-0.317884922028,1.10878252983,-0.231799989939
9712,-0.107900008559,-0.213700935245,-0.248039543629,0.428300023079
64943,0.574249982834,0.165984272957,0.394672214985,0.134550005198
9738,-0.933499991894,-0.128586038947,2.50534701347,0.0483500026166
6793,0.262700021267,-0.281616479158,0.449510991573,0.570200026035
7358,-1.76510000229,0.362561374903,-0.851544976234,-0.961950004101
58472,4.70690011978,-0.515477955341,-0.796671509743,0.512600004673
50865,-0.0185500085354,0.842037320137,0.0550122410059,-0.544250011444
23200,0.147349998355,-0.809697151184,0.339119523764,0.92199999094
51293,0.368849992752,0.520510554314,-0.12490940094,-0.386799991131
10962,-0.155499994755,0.924972355366,-0.341258794069,0.422850012779
10153,0.333950012922,0.336957842112,1.4966711998,0.712650001049
874,1.11779999733,0.879014313221,0.19972717762,0.056799992919
