rid,CPD003_MCF7_6H:BRD-M98379218-001-03-6:10,CPD003_MCF7_24H:BRD-M98379218-001-03-6:10,CPD003_PC3_6H:BRD-M98379218-001-03-6:10,CPD003_PC3_24H:BRD-M98379218-001-03-6:10
5720,0.912100017071,-0.00117478519678,-0.137199997902,-0.0124999880791
466,-0.379649996758,-1.43376672268,0.107549995184,-0.307699978352
6009,1.13919997215,-0.0249763280153,0.365049988031,0.768950045109
2309,0.15189999342,0.187564283609,0.671100020409,-0.354699999094
387,0.815050005913,0.449236571789,-0.359899997711,1.18114995956
3553,-0.428499996662,-0.556717514992,-0.0889999866486,0.298950016499
427,0.48480001092,-0.399076759815,0.588600039482,0.014200001955
5898,-0.122299991548,-0.558014333248,-0.424400001764,-0.977450013161
23365,-1.10905003548,0.152093410492,1.48245000839,-0.539250016212
6657,1.64094996452,-0.431256055832,1.56620001793,-0.141399994493
5054,2.422549963,0.135716021061,-0.192100003362,1.6061000824
3108,-0.177650004625,-0.451016515493,0.84500002861,0.299699991941
1950,-0.0824500024319,0.288457602262,0.278750002384,0.437299966812
351,-0.521399974823,-0.00467382092029,-0.79834997654,-0.369599997997
4846,-0.464600026608,-0.155060768127,-0.415900021791,-0.144199997187
1452,-0.276499986649,-0.530545055866,-0.14755000174,-1.26570010185
4776,-0.127000004053,-0.326153039932,1.53914999962,-0.440849989653
6908,0.881449997425,0.570772588253,0.144749999046,0.714699983597
672,-0.921450018883,-0.830907762051,-0.0655499994755,-0.170700013638
5710,-0.00710000004619,0.352348446846,0.699949979782,-0.318149983883
2115,5.07649993896,-0.15496776998,0.152050003409,-1.21430003643
7015,0.465849995613,-0.237390786409,1.23135006428,-0.483999997377
8726,-0.607400000095,0.169661447406,-1.15549993515,0.579999983311
2185,0.159449994564,-0.554636240005,1.88199996948,-0.435900002718
3315,-0.756099998951,-0.121528185904,-0.310100018978,0.00034999998752
5289,1.06980001926,-0.674339950085,1.0978000164,-0.927600026131
868,-0.292450010777,-0.128758877516,0.226149976254,0.382550001144
1677,0.460099995136,0.145245909691,-0.124300003052,-0.668699979782
7043,-0.498649984598,-0.352807253599,0.231849998236,-0.309199988842
5613,0.0352999866009,-0.443627268076,0.385999977589,4.17009973526
595,-0.314999997616,0.942745804787,-0.569350004196,0.683950006962
4793,0.385100007057,0.139798924327,0.247699990869,0.812800049782
2736,-0.659799993038,-0.404888749123,1.0419999361,-0.633999943733
5290,0.659600019455,0.141848742962,2.16195011139,-0.508499979973
6194,-1.03464996815,-0.801986932755,-3.98990011215,-0.436800003052
1676,0.0380000025034,-0.509774684906,0.475500017405,0.189700007439
23512,-0.498750001192,0.319103896618,-0.242250010371,0.234949991107
148022,-0.121749997139,1.15031719208,0.170899957418,0.0926500111818
1906,-0.330200016499,-0.131292656064,0.293399989605,-1.72399997711
8878,0.318549990654,-0.253774523735,-0.570250034332,-0.0130499899387
3091,-1.01845002174,0.194583281875,-1.68615007401,-0.0868999958038
5743,-0.230549991131,0.371120333672,0.159850001335,0.273550003767
5321,0.549349963665,-0.315619766712,-0.493600010872,-0.6019500494
4144,0.286000013351,0.0253558754921,0.724900007248,-3.06415009499
1981,0.26914998889,0.859857559204,0.177499979734,2.06334996223
695,-1.60095000267,-0.293118625879,0.526399970055,1.16385006905
10398,0.774899959564,-1.44323611259,-0.335700005293,0.218350023031
5708,0.559849977493,0.330466896296,-0.516700029373,-5.09205007553
1213,-0.286699980497,0.375581800938,-1.3586499691,1.20070004463
226,-0.081949993968,0.923519968987,-1.02499997616,0.491750001907
6777,1.41324996948,-0.291161328554,1.55380010605,-0.117100000381
2113,0.236849993467,-0.834332585335,-0.499949991703,0.313600003719
3329,-0.813449978828,0.943551063538,-2.34455013275,0.701800048351
1050,0.402249991894,0.0661336481571,0.913550019264,-0.388900011778
9491,-0.11439999938,-0.102026730776,1.20205008984,-0.445049971342
22926,-0.908500015736,-0.103786185384,0.698100030422,1.4837501049
5899,1.14474999905,0.469002217054,0.525400042534,0.828750014305
5467,0.336349993944,0.0883813947439,1.05754995346,0.736799955368
6774,0.270999997854,-0.796401262283,-0.68314999342,-0.465449988842
1788,-0.00879999995232,-0.58024007082,0.123950004578,-0.118999987841
5921,10.0,0.337637335062,-0.63220000267,-0.405100017786
5721,0.370000004768,-0.377618610859,-0.474949985743,-1.61634993553
2263,0.32800000906,0.275309145451,1.40645003319,-0.015399992466
808,-2.25480008125,0.675795674324,1.51109993458,0.290849983692
30001,0.8804500103,0.94790750742,0.679799973965,0.602699995041
348,0.58654999733,0.113663107157,1.2865499258,0.147799998522
30849,0.221100002527,0.41412076354,0.255650013685,0.359050035477
1454,-0.347900003195,-0.343638122082,0.808300018311,0.662299990654
6500,-0.463750004768,-0.198866426945,-0.0381500124931,3.34170007706
5627,-0.337249994278,-1.08992934227,4.51195001602,0.378400027752
5715,0.246450006962,-0.0147024095058,-0.772599995136,0.511250019073
4791,4.41155004501,-0.988591313362,3.99004983902,-0.526450037956
56924,5.0,-0.362922072411,-1.10654997826,-0.0805499851704
2690,-0.00935000181198,0.177960678935,0.513400018215,0.601249992847
1019,-0.796849966049,0.386115461588,-2.28999996185,0.239700004458
51422,0.319499999285,0.176219671965,-0.884100019932,0.519499957561
5788,-0.327749997377,-0.783563613892,-0.611499965191,-0.641650021076
6709,-0.501850008965,1.13817584515,-0.106999993324,-0.263249993324
1277,-0.00474999845028,-0.00206288695335,-0.108700037003,0.502950012684
993,-0.499500006437,1.13620352745,-0.210599988699,-1.21020007133
7157,0.472299993038,0.818319618702,0.77429997921,-0.905650019646
1958,-0.381999999285,-0.602479875088,0.529399991035,-1.07080006599
4582,-1.11804997921,0.778533220291,0.603649973869,4.58400011063
9212,0.212799996138,0.0142976045609,0.862600028515,-0.322699993849
8440,1.57284998894,-0.726580321789,-0.273650020361,0.289750009775
6790,-0.282150030136,0.291852980852,0.154800027609,0.722899973392
8851,1.13065004349,-0.232704758644,-0.770550012589,0.611649990082
2534,0.661549985409,-0.484365165234,0.985249996185,-0.257950007915
4893,1.07155001163,0.739410161972,1.89384996891,0.469799995422
665,-0.0238000154495,-0.355535656214,-1.97495007515,-0.00139999389648
4313,0.279300004244,-0.250899344683,0.394950002432,-0.457850009203
1022,-0.0305999964476,-0.999642133713,0.572600007057,-1.63914990425
5880,2.26675009727,-0.915805220604,-0.0766500234604,1.66355001926
3162,-0.348850011826,0.529813766479,-0.129000008106,-0.151950001717
1282,0.220850020647,-0.0247594565153,0.182500004768,-1.15304994583
3383,-0.356299996376,-0.054597094655,0.587249994278,-0.519349992275
727,0.0388000011444,-0.658946871758,0.995149970055,-0.241750001907
4792,0.509199976921,1.23079478741,-0.0708000063896,1.53754997253
4794,-0.721149981022,-0.521622955799,1.32585000992,-0.522599995136
902,-0.231499999762,-0.18124204874,-0.106600016356,0.474099993706
8091,-0.0379500091076,-0.215517818928,-0.912100017071,0.400050014257
3486,0.194799989462,-1.42866778374,-0.519749999046,-0.353850007057
10818,-0.165700003505,-0.448740065098,1.13120007515,-0.230650007725
3454,-0.637199997902,-0.248312264681,1.33859992027,-0.262199997902
4282,-1.45455002785,-0.350819051266,-1.98365008831,-0.543799996376
1605,0.529599964619,-0.0319511294365,-2.18689990044,-1.00574994087
10644,3.58794999123,0.284323394299,0.602550029755,-0.0304499864578
2065,-0.901149988174,0.748553752899,-1.08019995689,-0.589450001717
8321,0.356900006533,-0.440788596869,0.747200012207,-0.502049982548
8503,0.140399992466,-0.275944173336,0.789399981499,-0.678550004959
7027,0.0944499969482,1.10436820984,0.31559997797,0.575199961662
6850,0.559450030327,-0.236501783133,1.43939995766,-1.21319997311
1978,-0.869750022888,-0.077928185463,-0.851649999619,0.4579000175
896,-1.19214999676,0.116221964359,-1.00964999199,-0.474949985743
5777,0.10585000366,0.183879733086,0.551499962807,-0.591099977493
1846,0.497850030661,-0.551626861095,-0.355450004339,-0.449750006199
5925,0.0461999922991,0.294396698475,1.98039996624,-0.284999996424
142,0.820399999619,0.128897473216,-1.39495003223,1.54875004292
1021,0.0959500074387,-0.50457572937,-1.00670003891,0.459149986506
5699,0.174300000072,0.515460729599,0.536399960518,-1.28995001316
8061,0.466700017452,-0.487660527229,-0.341150015593,-0.113049998879
1870,0.523849964142,0.104364648461,0.930950045586,0.158950001001
1398,-0.638499975204,0.182438850403,-1.83834993839,1.02419996262
3312,0.548399984837,-0.103582426906,-0.637549996376,-0.0668000131845
891,0.570550024509,-0.805817604065,0.304949998856,0.221450001001
4775,-0.070650011301,-0.110255256295,0.493100017309,2.5460498333
5111,-0.20870000124,-0.0471698604524,-3.21160006523,0.9646499753
5696,6.0609998703,-0.799123167992,0.248000025749,-0.329699993134
5588,0.422749996185,-0.428636550903,0.474750012159,-0.159000009298
6839,0.0476000010967,1.44249773026,-0.884750008583,0.0482000038028
329,-0.412250012159,-0.636703968048,-0.331999987364,0.327849984169
5058,0.40000000596,-0.147731304169,0.612500011921,-0.285399973392
998,0.249650001526,0.807052850723,1.87739992142,0.318949997425
9134,-0.283649981022,0.130922049284,0.0424499809742,-0.311699986458
6616,0.299049973488,-0.109120562673,1.54285001755,0.377449989319
5223,0.765600025654,0.111665338278,-0.514500021935,-3.13000011444
4690,-3.84839987755,-0.364089667797,0.0456500053406,0.781100034714
958,0.372799992561,-0.284367144108,1.01250004768,0.106599986553
1616,-0.06495000422,-0.39943048358,0.219099998474,0.0248500108719
991,-4.99830007553,0.601518929005,-0.301200002432,0.336899995804
6347,0.0918000042439,-0.353265494108,1.90394997597,-0.197849988937
6714,-0.102600000799,-0.0448306798935,0.193499982357,0.425650000572
652,0.56225001812,-0.149254232645,1.15820002556,-0.498250007629
4331,0.576300024986,0.0685583055019,-1.29855000973,0.231149971485
7099,0.432550013065,-0.670019388199,0.391900002956,4.3654999733
10320,-0.743149995804,-0.799226403236,0.346149981022,-0.347299993038
2042,-1.03359997272,0.129907175899,-0.734549999237,-0.605350017548
843,0.034200001508,-0.334896862507,0.945950031281,1.55324995518
840,-0.513549983501,0.5061814785,-1.96909999847,1.36284995079
7048,0.0499499961734,0.317594796419,-0.97545003891,0.896999955177
4851,-0.184400007129,0.388362467289,0.377649992704,0.167950004339
6464,-0.0909499973059,-0.0825209021568,0.692749977112,1.00095009804
23410,0.71130001545,0.53985440731,0.437599986792,0.126899987459
54205,0.293149977922,-0.208279713988,-1.03979992867,0.620050013065
2770,-0.00980000197887,-0.399280995131,0.832299947739,-0.0979499965906
80204,-0.631150007248,-0.426304221153,0.498649984598,-0.737949967384
4208,0.454450011253,-1.37591147423,0.834750056267,-0.267650008202
1845,0.800799965858,0.332031577826,-0.355650007725,0.710749983788
23368,0.415549993515,0.473197728395,1.11969995499,-0.237699985504
5583,0.911400020123,0.220893144608,-0.325800001621,0.355800002813
8900,0.420399993658,-0.973841369152,0.754499971867,-1.45175004005
581,0.617650032043,-0.315074652433,0.42745000124,-0.919250011444
6193,1.38800001144,-0.543479442596,1.30555009842,-0.0365000069141
6622,0.54984998703,-0.269650757313,1.67270004749,0.41479998827
11261,-0.890600025654,-0.417591452599,-0.74564999342,4.24274969101
6696,0.103849999607,0.185030221939,-1.10879993439,0.0634500011802
8312,1.08780002594,-0.433108299971,0.91455000639,0.161250010133
835,-0.404899984598,1.69505310059,-0.678699970245,0.388000011444
8324,1.17309999466,0.217879205942,1.22480010986,1.27635002136
1848,0.251150012016,-0.57278239727,-0.696750044823,-0.64745002985
154,0.437550008297,-0.0279556959867,-0.769349992275,-0.335150003433
4312,0.898249983788,-0.414387285709,-0.61930000782,-0.256900012493
994,0.725600004196,-0.298773378134,-0.309249997139,-0.260250002146
2048,0.805750012398,-0.0900824815035,0.102450013161,-1.42724990845
1111,-0.235949993134,-0.769607305527,-0.527400016785,-0.390799999237
5154,-0.919649958611,0.124905258417,-0.928849995136,-0.168550014496
2920,-0.443450033665,-0.394900262356,-0.848600029945,0.975350022316
3122,0.386600017548,0.159900769591,2.17814993858,0.0148499906063
2769,-0.366400003433,-0.874343454838,-0.755150020123,-0.242700010538
5900,-0.21590000391,-0.3359195292,1.18449997902,-2.77929997444
6304,-0.99715000391,0.43246358633,7.61350011826,2.7157998085
5211,-0.22744999826,-0.117191515863,0.486400067806,0.564599990845
2886,-0.702099978924,0.162626862526,1.4673999548,-0.0314499884844
9261,-0.56500005722,0.0380741357803,1.00014996529,1.03110003471
8569,0.183099985123,-1.060131073,1.04885005951,-0.201649993658
3303,-0.789749979973,-0.0120313027874,-1.69505000114,0.538149952888
5331,0.38710001111,0.420102417469,-0.161900043488,-0.287800014019
5347,-0.108249992132,0.584085822105,0.0244500041008,2.09859991074
4638,-0.128299981356,-1.43922567368,-1.34430003166,-0.114549994469
2264,-0.709399938583,0.774906516075,0.0818500220776,0.807950019836
1029,0.176650002599,0.40921151638,0.778800010681,0.21265001595
1027,-1.19040000439,0.194567859173,-0.6236500144,0.880200028419
2597,0.00034999998752,0.221498712897,-0.000699999975041,-0.00034999998752
55847,0.633199989796,0.434550583363,-1.05065000057,-0.0877999663353
25803,-0.926150023937,0.484612584114,0.468449980021,0.898400008678
3480,-0.755100011826,0.65277081728,-0.160449996591,-0.397800028324
2946,-0.144799947739,0.834513068199,0.584850013256,0.147599995136
9517,0.368200004101,0.559585094452,0.147099971771,0.236450001597
25987,0.2337000072,0.0266449302435,-0.073500007391,-0.171900004148
23670,0.855299949646,1.09168088436,-0.297949999571,0.169099986553
11182,-0.26780000329,0.15016284585,-0.162850007415,-0.653800010681
2146,0.555700004101,0.0450410395861,-0.743250012398,0.69010001421
3385,0.0879999995232,-0.118814200163,-1.0326499939,0.0176999866962
5261,-0.914849996567,0.112432688475,0.861949980259,-0.120449990034
10765,0.895249962807,-0.250658035278,0.946300029755,-1.34494996071
25839,-0.4103500247,0.202736109495,0.34145000577,-0.865200042725
4172,-0.0463500022888,-0.543051123619,0.0588499978185,-0.569050014019
23161,0.0672000050545,0.398809850216,0.690600037575,-0.166449993849
10298,0.104850001633,-0.496274471283,0.973150014877,0.562900006771
1802,1.21360003948,-0.276147454977,1.01730000973,-0.646349966526
58533,0.122749999166,-1.0636934042,-0.287699997425,-0.515499949455
147179,-0.627499997616,0.14564910531,0.0446999669075,-0.448599994183
29937,-1.52550005913,-1.25055980682,-0.713300049305,-0.505500018597
6184,0.949750006199,0.496391624212,-1.45794999599,-0.878849983215
9854,-0.475299984217,0.508750677109,-0.209850013256,0.00654998421669
2553,1.01244997978,0.882514178753,0.0678499639034,-0.480150043964
5440,0.00689999992028,-0.635941326618,-0.53845000267,0.85664999485
54623,0.352649986744,-0.656293809414,0.0838000178337,-0.0934000015259
9533,0.519699990749,0.113592386246,1.95755004883,-0.0137500017881
8607,0.429650008678,0.379569262266,0.257050007582,0.517250001431
207,-0.283949971199,0.179573953152,-1.32155001163,-0.932000041008
26054,0.0110499858856,-0.561971008778,0.75049996376,0.196350008249
10682,0.113699987531,0.999497830868,-0.645449995995,-0.177649974823
8573,0.815899968147,0.223455950618,0.276050001383,0.443650007248
23378,-0.0387499928474,-0.903805375099,1.0053999424,-0.0716499984264
8553,-0.81844997406,0.121243000031,-0.268550008535,1.00530004501
622,-0.596349954605,0.642070174217,-0.488900005817,0.261999994516
9467,-1.05149996281,-0.132020249963,0.444049984217,0.778549969196
5525,0.797549962997,0.595202445984,-0.0726500153542,0.585950016975
256364,0.21795001626,0.760432124138,-0.845999956131,-0.938799977303
332,-0.131700009108,0.421657204628,-0.456600010395,-0.319649994373
2058,0.46614998579,0.727446556091,-0.667449951172,0.0773999989033
7849,4.77524995804,-0.473339706659,0.658150017262,0.104549996555
23244,1.48004996777,-1.74027872086,0.00150000303984,-1.40964996815
7494,0.16969999671,0.325204491615,-1.17780005932,-0.045550018549
4836,0.134599998593,-0.221576973796,1.15600001812,0.562900006771
23647,0.209549993277,0.434401333332,-0.107850015163,0.0630500018597
10617,-0.404399991035,-0.109609559178,-1.63225007057,0.154650002718
2184,-0.0758499950171,-0.375504553318,-1.38150000572,0.321999996901
5355,3.39560008049,-0.400943189859,0.778100013733,0.643400013447
6659,0.260250031948,0.750907063484,-0.454400032759,-0.554549992085
7016,0.422949999571,-0.093713581562,-1.17165005207,0.395699977875
90861,-0.536650002003,1.52979469299,0.444849997759,0.268000036478
10670,0.90575003624,-0.402692377567,1.08994996548,0.0758000016212
79071,0.37650001049,-0.176414012909,1.05669999123,-1.25164997578
64746,-0.544849991798,-0.174292162061,-1.61979997158,0.670850038528
5366,0.537900030613,-0.803009152412,0.75569999218,-1.0448499918
11344,-0.0670499950647,0.1566760391,-1.10374999046,0.303900003433
10013,0.680950045586,0.200272887945,-1.68795001507,4.3982000351
5829,0.719500005245,0.278241872787,0.00135000003502,0.285349994898
5257,0.280499994755,-0.216715276241,2.35339999199,-0.305849999189
22794,1.04244995117,-0.73846244812,-0.649450004101,0.12935000658
9761,1.01974999905,0.940767645836,-0.751450061798,0.645249962807
23326,-0.422250002623,-0.144022464752,-1.91524994373,0.728100001812
10972,0.819549977779,0.0594438761473,-0.460450023413,0.386999964714
10523,0.67175000906,0.481060296297,-0.228599980474,0.0847000181675
79090,2.34850001335,-0.557132959366,3.2758500576,-0.117150068283
27032,1.45329999924,-0.810334384441,1.17680001259,-0.439249962568
9097,-1.66719996929,-0.529638111591,1.48049998283,-0.179499998689
10513,0.385800004005,-0.422483175993,-0.41455000639,-0.367900013924
1891,-0.0733500123024,-0.552891910076,1.53159999847,-0.732299983501
3066,0.58939999342,-0.635785877705,-0.437650024891,-0.327050000429
9801,-2.29594993591,1.13460958004,-1.39844989777,-0.136449992657
1459,-0.20300000906,0.220922410488,0.795949995518,-0.504549980164
9703,-0.296499997377,0.618600606918,-0.256349980831,0.112499982119
10606,-0.606600046158,0.270148843527,-1.16989994049,0.934749960899
1017,0.39509999752,0.0952942743897,0.882050037384,0.330350011587
9813,-0.473500013351,-0.274455070496,1.47210001945,-0.999149978161
7485,-0.0413500070572,0.845926344395,-0.539350032806,-0.262799978256
2109,-0.184300005436,0.937477707863,-1.32825005054,0.0755999982357
23271,-0.154249995947,0.0211237668991,1.60089993477,-1.02049994469
9915,-0.141149997711,0.0977855101228,0.623600006104,-0.0870000123978
9552,-0.834450006485,-0.628055334091,0.634700000286,-0.697200000286
93487,0.376549988985,-1.08401167393,-1.72580003738,-0.187299996614
2956,0.483449995518,0.846100568771,0.559499979019,1.3710000515
11065,0.234050005674,1.84388482571,0.157249987125,-0.753049969673
9653,0.165400013328,-0.454410552979,0.47885003686,-0.425249993801
200081,0.0196999907494,-0.313570261002,-1.47239995003,0.173350006342
3337,-1.19675004482,0.384289205074,-0.863950014114,-0.358500003815
11073,1.50055003166,-0.528587818146,0.521099984646,-0.188249975443
23,0.712000012398,-0.334297895432,1.1249499321,-0.955000042915
5641,0.777450025082,-0.07488322258,-0.363950014114,0.814750015736
8720,-0.0304000005126,0.121704101562,1.75274991989,-0.947950005531
10782,1.97045004368,-0.42596668005,0.102499999106,-0.504949986935
25932,0.134700000286,0.903587758541,-1.91645002365,-0.736550033092
3028,0.828350007534,0.508888721466,-1.02530002594,-0.334949970245
6804,0.431750029325,0.283296763897,-0.0956999659538,-1.39730000496
890,0.877750039101,0.512518584728,0.101499989629,-0.152049988508
6390,0.206699997187,1.13507127762,-2.5108499527,-0.175300002098
4303,4.57364988327,-0.382497340441,-0.404299974442,-0.0420500040054
10953,-0.148699998856,1.22059810162,-0.18029999733,0.366600006819
22889,-0.153800010681,-0.0191276818514,-0.226649984717,-0.203299999237
3098,0.685000002384,0.293883442879,-0.589550077915,0.572550058365
11044,0.655349969864,0.142301410437,0.993799984455,0.0711999982595
8985,-0.376049995422,-0.86772030592,-1.19725000858,-4.75615024567
66008,0.421199977398,-0.52042889595,-0.865450024605,-0.806450009346
9217,0.861799955368,-0.526964664459,0.0641499757767,0.494499981403
701,-0.887099981308,-0.0240250341594,1.27015006542,-0.314250022173
6182,-0.00170000002254,0.196671158075,-1.85014998913,0.173700004816
4860,0.240249991417,-0.132393583655,-0.369799971581,-1.17614996433
7398,-1.05690002441,0.653948664665,-1.9101998806,5.81785011292
6117,-1.57800006866,0.725817203522,-1.34034991264,0.305599987507
23588,0.0645999908447,0.0364552997053,0.0628999993205,2.18484997749
949,-1.90175008774,-0.568919062614,-0.43700003624,0.710349977016
7168,-3.00974988937,-0.324975907803,-1.52600002289,-0.0528500080109
9375,0.385699987411,0.658020973206,-0.62524998188,-0.233750000596
4927,0.478699982166,0.217388987541,-0.498100042343,0.791800022125
2523,0.0159499943256,-0.671173214912,1.21004998684,-0.787600040436
58497,-0.180000007153,-0.331153541803,0.124400004745,-0.993499994278
6856,-0.626800000668,0.236082553864,-0.376450002193,1.20469999313
26036,0.529699981213,-0.226202070713,0.182450011373,-0.865400016308
10206,-0.272100001574,-0.224130302668,1.17645001411,-0.393050014973
25793,-0.321150004864,-1.1278976202,-0.318899989128,-0.233200013638
55556,0.184850007296,-0.134571075439,0.183299988508,-0.752449989319
3978,0.452800005674,0.730313658714,0.51734995842,0.336649984121
10681,0.440849989653,-0.283558785915,0.635150015354,-1.19525003433
3638,-0.0851500034332,-0.417895853519,1.30769991875,0.0676499977708
8349,0.410599976778,-1.14119875431,1.57245004177,-0.210850000381
6275,-0.736999988556,-0.465108990669,-0.0349499881268,-1.20500004292
3895,-0.0457999967039,0.287021696568,-1.1318500042,0.485799998045
392,0.736299991608,0.273549556732,0.682250022888,-0.762799978256
9170,0.210199996829,0.285957574844,0.226150006056,-1.93674993515
80347,-0.306749999523,0.0260325670242,0.189649999142,0.328800022602
23300,0.25389996171,-1.08265566826,-1.24919998646,0.6929500103
836,0.936399996281,-0.317454069853,0.401999980211,-0.745750010014
11188,-0.463400006294,-0.289688646793,0.266499996185,-0.172399997711
10898,0.625299990177,0.021732326597,0.583850026131,-0.917599976063
9276,1.05200004578,0.238218918443,-0.32699996233,0.347900003195
1647,0.527750015259,-0.407715916634,1.32819998264,0.465050011873
10285,-0.317600011826,-0.173248708248,-0.567450046539,-0.402000010014
23386,1.36934995651,-0.769439458847,-0.19185000658,-0.401150047779
3156,0.421499997377,-0.069477006793,1.139950037,-0.336299985647
10237,0.705350041389,-0.99383187294,-0.495099961758,-0.200800001621
7077,2.73215007782,-0.729303002357,1.96989989281,-1.13150000572
11157,-0.600499987602,0.0855610817671,-0.191700011492,0.888300001621
22908,0.461449980736,-0.173095330596,-1.38034999371,-0.150650009513
10915,0.734049975872,-0.0912974923849,-0.251750022173,1.00634992123
9897,0.568949997425,0.151246637106,0.356449991465,0.0295000076294
1759,-0.350149989128,-0.230403244495,0.350149989128,-0.828649997711
54541,-0.0156500004232,-0.259670615196,-0.490500032902,-0.00459998846054
211,0.0666500031948,-0.482861757278,0.121950000525,-0.923750042915
5048,0.689800024033,-0.355612099171,0.927299976349,-0.11265000701
84722,-0.403849959373,0.206726685166,0.495049983263,0.641149997711
29890,0.00679998099804,0.193425223231,1.04170000553,0.395349979401
9868,-0.558600008488,0.0641821920872,0.0256000012159,0.324499994516
873,0.447950005531,0.421350955963,-0.55680000782,-0.445299983025
5580,0.665399968624,0.496504843235,0.265900015831,-0.189150005579
3725,-0.354600012302,0.380300909281,0.553799986839,-0.288349986076
23585,0.00554999709129,-0.743879795074,-1.22940003872,-0.70039999485
51097,-0.34035000205,0.152653381228,-1.71535003185,0.519999980927
1831,-0.32279998064,0.202527925372,-0.810950040817,-0.808099985123
7020,0.334349989891,-0.762756347656,0.926450014114,-0.128850013018
55893,-0.334450006485,0.475005209446,2.02799987793,-2.10204982758
6944,-0.392700016499,-0.116129055619,0.387750029564,-0.221600025892
22883,0.517699956894,-0.489625155926,1.38335001469,-0.409799993038
5601,1.22049999237,-0.15597987175,1.01355004311,-1.42144989967
10775,-0.344999998808,-0.201984703541,0.310199975967,-0.647950053215
4780,0.281899988651,-0.436425864697,1.26865005493,-0.909899950027
10904,0.356750011444,0.422513961792,0.114200003445,-0.042999997735
9917,1.1821000576,-0.49156332016,1.28159999847,-0.893050014973
1399,-0.697100043297,-0.0820396840572,1.07105004787,0.427949994802
24149,0.575049996376,0.311849802732,0.343450009823,-0.0747500360012
2222,-0.473750025034,-0.162480473518,-0.154100000858,-0.110850006342
10131,0.236349999905,-0.439590364695,0.601949989796,0.0244500041008
2958,0.883350014687,-0.464962661266,0.218299999833,-1.33719992638
9650,-0.524500012398,0.104115590453,0.77555000782,0.245099961758
7319,0.0144500136375,0.303992807865,-1.02614998817,0.172550022602
4817,0.150650009513,0.0735015571117,1.25900006294,0.0361000001431
9143,3.90605020523,-0.045958712697,0.159799993038,0.848800003529
10494,1.26845002174,-0.353855341673,-0.329199999571,-0.257949978113
55324,-0.650200009346,0.447081267834,-1.38265001774,0.472699999809
23149,-0.301099985838,0.401375502348,0.100850000978,0.438300013542
9943,1.87315011024,-0.607992529869,-0.312350004911,0.371499985456
6599,3.94325017929,0.664141237736,-0.359599947929,0.333800017834
51031,-0.0295000001788,0.337616503239,-0.714949965477,0.551400005817
3566,0.179750010371,-0.48775357008,0.993999958038,-0.201000005007
3815,3.08125019073,0.0865419954062,2.31465005875,-0.56945002079
8624,0.543300032616,0.59842222929,-1.33515000343,0.649100005627
27346,0.699800014496,0.669743657112,-0.520799994469,-0.691049993038
10489,0.592849969864,0.437097281218,0.790549993515,-0.734950006008
26128,1.06505000591,-0.169521450996,-0.795149981976,1.19105005264
79921,0.0989499986172,-0.309719890356,0.52245002985,0.13069999218
55746,0.760749995708,0.383457034826,0.0372000038624,-0.363199979067
23636,-0.792500019073,0.875414311886,-1.32344996929,0.471149981022
10892,0.0652000010014,0.153955996037,-0.430200010538,0.778450012207
10652,0.66814994812,1.2342581749,-0.480650007725,0.0460999980569
11004,-1.01059997082,0.0482124164701,-1.37105000019,-0.108849987388
23530,-0.39025002718,0.161763325334,-0.316650003195,0.22650000453
8826,1.10010004044,-0.311343491077,2.78665018082,0.263900011778
3308,0.48109999299,-0.0974048376083,1.00495004654,0.33679997921
7153,-0.795050024986,0.51110547781,-0.936200022697,0.194099992514
11041,0.190050005913,0.27010974288,-0.330699980259,-0.169750005007
6342,0.986649990082,-0.0990250110626,0.485300004482,0.323500007391
5883,0.132649987936,0.48275834322,0.0537499785423,0.765699982643
10589,-0.0367500036955,0.0466989129782,-1.19774997234,-2.09409999847
5110,-0.499950021505,0.499034255743,-1.70624995232,0.0491500198841
4609,-0.296249985695,-0.569909691811,-1.65744996071,0.667500019073
5423,0.986350059509,0.35703086853,0.753000020981,1.16914999485
1070,0.60095000267,-0.427973330021,-1.6142001152,-0.161650002003
10051,-0.166150003672,0.437309861183,-1.46399998665,0.535650014877
6603,-0.217449992895,-0.0338482111692,-0.75830000639,0.746649980545
9019,-1.19009995461,0.465860903263,-1.69644999504,0.123649984598
10969,-0.75854998827,1.37109518051,-1.21939992905,0.757499992847
9797,-0.579800009727,0.301323890686,-1.72525000572,1.09895002842
4043,-0.957149982452,0.157164230943,-1.09574997425,-0.293999999762
9519,0.116950020194,0.16063208878,-1.82325005531,0.0660500004888
8480,0.434350013733,-0.313290596008,-0.536249995232,0.0306000001729
983,-0.493499964476,-1.00753331184,-1.78365004063,-0.0508999973536
10559,0.682600021362,0.271080672741,1.39524996281,-0.705950021744
8508,-0.555500030518,0.718962132931,-1.27724993229,-0.0731500014663
9275,-1.01080000401,-0.267042636871,0.0364499986172,-0.659350037575
8914,0.148449987173,0.595353484154,0.901299953461,-0.47619998455
54505,0.720899999142,0.281245172024,2.70849990845,-0.604550004005
6919,-0.222949996591,-0.629415035248,0.612550020218,-0.649899959564
2274,0.633650004864,0.0447944104671,-1.01320004463,0.202549993992
2288,-0.00065000000177,-0.408178210258,0.00034999998752,-0.240649998188
7994,-0.796299993992,-0.64910697937,0.435750007629,0.111800000072
4216,0.216150000691,0.0328035950661,-0.932949960232,-0.0591000020504
7538,0.218950003386,-0.891436934471,1.88964998722,-0.282249987125
3628,0.355749994516,-0.961202085018,-0.262499988079,-0.915950000286
2037,3.46364998817,-0.20797252655,-1.66824996471,2.15584993362
2771,-0.800599992275,0.88586550951,0.117849975824,0.688000023365
7264,-0.69244992733,0.132502242923,-1.2390999794,0.516700029373
1786,0.0,0.252307534218,0.742250025272,-0.336899995804
5873,0.910149991512,-0.732635557652,1.44179999828,-0.510949969292
780,0.175450012088,-0.32254254818,1.02820003033,0.0361000001431
9926,0.23710000515,-0.726808607578,-0.76139998436,-0.122550010681
8446,-0.322750002146,-0.274220943451,0.317350000143,0.142199993134
7159,1.46130001545,0.921357035637,-0.155299991369,0.533500015736
1026,-0.556100010872,0.371441036463,-1.32655000687,0.317750006914
7082,0.00720000267029,-0.20589774847,0.494700014591,0.872949957848
10058,-2.235049963,0.4591114223,-0.607699990273,-1.72850000858
10797,-0.895650029182,0.204258531332,-1.81760001183,-0.097999997437
11230,-0.963349997997,0.196106791496,-0.672349989414,1.87995004654
30836,-0.290149986744,0.269884109497,-1.17370009422,0.271649986506
27336,-0.609200000763,0.586560964584,1.45125007629,0.22135001421
9918,-0.164049997926,0.526233315468,1.10564994812,-0.676949977875
79073,0.683499991894,0.378960460424,-0.376150012016,0.0863499939442
9688,3.13944983482,0.272257745266,-0.848999977112,0.756900012493
23659,0.0201000012457,-0.547897934914,0.148550003767,-0.463200002909
8396,4.86985015869,0.203649118543,-0.340500026941,0.299099981785
23077,-0.192800015211,-0.96604847908,0.548099994659,-2.24965000153
10857,0.938600003719,0.895188033581,-0.863049983978,0.547800004482
16,-0.0721500068903,-0.144635722041,0.592000007629,-0.540600001812
2817,-1.35749995708,-0.436695754528,0.853100001812,0.26234999299
60528,0.831550002098,0.439593970776,0.00065000000177,-0.256200015545
5359,-1.15680003166,-0.526334166527,-0.11179998517,0.858399987221
1514,0.462150007486,0.358273953199,-0.126200005412,-0.0943999886513
1509,-0.550999999046,-0.184232100844,-0.477899998426,-1.17320001125
9181,0.58930003643,0.395656347275,0.514500021935,-0.520200014114
3611,-0.152150005102,-0.248043745756,-0.368149995804,-0.477500021458
4783,-0.406549990177,-0.96693944931,-0.130050003529,0.0942000150681
10123,0.276099979877,-0.80955529213,1.57015001774,0.357500016689
8895,0.0907499939203,0.0236260443926,-0.00270000007004,1.25620007515
9805,0.369750022888,-0.845617949963,-0.804500043392,0.48299998045
4125,0.0386500358582,0.855148077011,-0.731849968433,0.120899990201
1635,-0.133650004864,0.303438842297,0.0454999804497,1.47655010223
4154,-0.354000002146,1.66933083534,-0.76985001564,0.508050024509
26292,-0.859349966049,-0.145854756236,-1.06229996681,-0.320450007915
5770,0.324150025845,0.0108281373978,0.926050007343,0.256599992514
25874,0.517449975014,-0.0485665462911,0.26234999299,0.479249984026
11319,0.901300013065,-0.528794646263,-0.00770000368357,-0.235750004649
1153,-1.12265002728,-0.0796476006508,-1.32800006866,0.251850008965
11098,0.40419998765,0.820997476578,0.698849976063,0.425700008869
8974,2.38560009003,-0.673752486706,-0.297699987888,-0.220449984074
533,-0.775949954987,0.492186665535,-2.49335002899,0.659550011158
823,-0.0311500057578,0.938820958138,0.662649989128,-0.76265001297
6812,4.8045501709,0.867781043053,-1.31500005722,0.0266499966383
3693,-0.536850035191,0.620902121067,-1.00425004959,0.178750008345
4891,0.31305000186,-0.805943965912,1.01725006104,-0.355749994516
10954,-0.480549991131,0.581975460052,-0.440249979496,0.669550001621
5909,0.378850013018,0.407549202442,0.383650004864,-0.0916000008583
9221,0.658200025558,0.62555128336,-0.438399970531,0.264149993658
847,0.10339999944,-0.93300652504,0.0782500058413,0.368450015783
11072,-0.182649999857,-0.166139513254,0.632300019264,-0.226600006223
10221,-0.294649988413,-1.12811684608,-0.104149997234,0.301999986172
7158,-0.256049990654,0.414240062237,-0.532199978828,0.382899999619
8678,0.778450012207,-0.1065107584,0.858900010586,0.338349997997
11014,-1.37325000763,0.296128809452,-1.23204994202,-0.172649994493
1994,-0.550799965858,-0.0887557864189,-0.620199978352,1.03180003166
3482,-0.681299984455,0.021308042109,0.153499990702,-0.570399999619
25976,-0.676950037479,0.132425621152,-1.22165000439,-0.099849998951
10491,-1.47880005836,-0.316408634186,-0.927649974823,0.209200009704
51053,-0.314099997282,-0.775192320347,-0.0179499983788,0.730549991131
9267,0.82389998436,0.139445647597,-0.889550030231,0.775049984455
5547,-1.12800002098,-0.103271529078,0.153499960899,0.486149996519
6597,-0.345400005579,0.146614223719,-1.00290000439,-0.14904999733
5836,0.42610001564,0.0742855444551,-0.516499996185,0.0461499989033
6118,0.584599971771,0.123444654047,0.931500017643,-0.802799999714
2961,-0.584249973297,-0.321137070656,0.0076499953866,0.59610003233
310,-0.627200007439,0.343812793493,-0.0907500013709,0.404049992561
7296,-0.0232999920845,-0.476257562637,-0.652949988842,-0.379299998283
1429,0.760250031948,-0.20653539896,-0.935549974442,0.255650013685
2548,-0.597150027752,0.125830769539,-1.52925002575,0.58544999361
6499,-0.150200009346,-0.159706145525,-0.226449966431,-1.05560004711
642,-1.28984999657,0.475197970867,-1.38234996796,0.475699990988
23076,-0.544250011444,0.767735719681,-1.67089998722,0.778550028801
10099,0.259900003672,1.09983241558,-0.871950030327,0.51599997282
9817,0.324249982834,0.440409481525,-0.508400022984,-1.0991499424
9126,-0.407099992037,-1.03462159634,0.803299963474,0.0958000123501
3930,-0.478899985552,-0.785139203072,-1.57365000248,-1.14639997482
10450,1.28725004196,-0.202842175961,1.34029996395,0.00190000236034
54386,0.319000005722,0.766151785851,-0.265450000763,0.460500001907
664,-0.321599990129,0.138924568892,-1.25425004959,0.0556500032544
596,0.51289999485,-0.451645612717,1.65505003929,-0.332100003958
10180,0.00104999914765,0.215531229973,0.604600012302,-0.239149987698
1445,-0.478500008583,0.316175639629,-1.14739990234,-1.71484994888
230,0.124549984932,-0.157735943794,0.045450001955,0.513249993324
9246,-1.13890004158,-0.173192113638,-0.348599970341,-0.751600027084
5092,0.466749995947,-0.881123006344,-0.472699999809,0.398100018501
23463,0.775950014591,0.510833919048,-1.13944995403,0.563400030136
10007,0.224900007248,-0.346653491259,-0.0076000019908,-0.407350003719
4925,-0.481350004673,-0.330443412066,-0.373399972916,-1.00010001659
6251,0.34090000391,-0.40563750267,0.872449994087,-0.920650005341
5782,1.46239995956,-0.235077992082,-0.711850047112,0.448300004005
5106,0.0125000029802,-0.583500385284,0.629050016403,0.173299998045
2673,-0.95265007019,0.648684859276,-0.204199999571,0.280299991369
644,-0.0129499956965,0.0817657113075,-1.36199998856,-0.447899997234
6284,-0.756250023842,-1.00979435444,-0.601549983025,-0.350549995899
4605,1.5014500618,1.30057907104,0.141100004315,1.07730007172
6810,0.628650009632,-0.0732967406511,-0.144699990749,-0.915749967098
54499,0.915750026703,0.146451950073,-0.163649976254,0.204249978065
11007,0.901049971581,-0.267038881779,-0.85070002079,-0.114349991083
1643,-0.193449988961,0.390270829201,-1.06949996948,0.414399981499
25805,0.131949990988,-0.356743335724,-0.604550004005,0.966799974442
3033,0.07270000875,0.507096886635,-0.915150046349,-0.113599985838
2745,0.742449998856,-0.751915872097,-0.369700014591,-0.0680500119925
9961,-0.0848000049591,-0.350954025984,-0.197099998593,-0.233049988747
3925,0.724950015545,-0.0407838523388,-0.712449967861,-1.22105002403
2582,1.60759997368,-0.499737769365,-1.44385004044,-1.05390000343
5792,0.178200006485,0.413475811481,0.1507999897,-0.260500013828
5236,1.94830000401,-0.51164829731,-0.313549995422,0.879649996758
4016,-0.634350001812,0.451698154211,-1.22029995918,-0.841600000858
4651,-0.352100014687,-0.221093386412,-0.701300024986,0.602149963379
3988,-0.543049991131,-0.488096177578,-0.763999998569,1.68369996548
26227,-0.291900008917,-0.198029994965,-0.740499973297,1.1642999649
7982,0.492250025272,0.630619823933,-0.187550008297,0.473800033331
3551,0.430849999189,0.302962958813,0.556599974632,0.498950004578
5108,-0.406449973583,1.19135379791,-1.37279999256,-0.0205000042915
8870,0.918849945068,0.426032632589,-0.93130004406,0.462200015783
2195,-1.84545004368,0.76716452837,1.70770001411,-0.757500052452
8731,0.273250043392,0.254045546055,-1.44200003147,-0.366100013256
1956,0.192599996924,-0.0272255539894,-0.695749998093,0.107099995017
10276,-0.0812999978662,-0.187367960811,-0.885300040245,0.551550030708
1666,-0.487850010395,-0.120284363627,-0.0248499959707,-0.995350003242
4864,-1.00134992599,-0.721640110016,-0.215600013733,-0.420399993658
4232,0.439099997282,0.118089340627,0.606800019741,-0.174300014973
5050,-4.42759990692,0.456859499216,0.522150039673,-0.199149996042
813,0.404199957848,0.0560590326786,-0.597900032997,0.0623500011861
3964,-1.31439995766,-1.09219002724,0.609899997711,-0.216550007463
26020,0.291449993849,0.404725939035,-0.86259996891,-1.53785002232
481,0.985199987888,0.406728625298,-0.0713500380516,0.0220500230789
5019,0.451799988747,0.232423827052,-0.653550028801,0.709499955177
291,-2.54294991493,-0.0986037105322,-0.768800020218,-0.389750003815
10973,-0.412150025368,-0.447805941105,-0.369800001383,0.0187999904156
9697,-0.0271499976516,-0.100626341999,0.394500017166,-0.518649995327
5831,-0.450550019741,0.499250590801,-1.42140007019,-0.0804499983788
8202,-0.414950013161,-0.296408474445,0.117100000381,-0.506600022316
57804,1.26190006733,0.0555739700794,0.185350000858,-1.46259999275
5566,0.26029998064,-0.193725317717,0.690250039101,-0.57959997654
57149,-1.20604991913,-0.12200563401,-0.541999995708,0.700850009918
7416,0.429899990559,-1.05684387684,-0.104000002146,2.28984999657
10174,-1.19499993324,0.59420222044,-0.853399991989,-0.279150009155
6676,1.08759999275,0.86969691515,-1.04400002956,0.608900010586
8884,-3.86959981918,0.478131175041,0.600750029087,-0.537349998951
5997,-0.065299987793,-0.318163633347,-1.40160000324,0.605000019073
57147,0.893899977207,-0.645251572132,-0.950800001621,-0.480449974537
6909,0.579400002956,0.47024589777,-0.00485000014305,-0.202749997377
9093,0.000699999975041,-4.87557554245,0.00034999998752,-0.454699993134
23142,0.312650024891,-0.0238147079945,0.940899968147,0.0592500120401
8444,0.569400012493,-0.718330144882,-0.341199994087,0.153149962425
11232,0.286849975586,-0.217633396387,-1.40460002422,0.224150002003
27095,-0.871899962425,-0.558483958244,-0.581449985504,0.130899995565
10732,-1.41189992428,0.436596930027,0.335100024939,-0.262750029564
23029,-0.121649980545,-0.281198263168,-0.0730499923229,0.229000002146
9270,-0.262149989605,0.502329111099,-2.15904998779,0.355650007725
47,0.437000006437,0.273365348577,0.388450026512,0.67175000906
5889,0.450900018215,-0.0103879272938,0.868950009346,-0.794849991798
8243,-0.0135499835014,-0.777933239937,0.505549967289,0.049950003624
10730,4.74130010605,0.833674490452,4.45345020294,0.610949993134
30,1.39794993401,1.44872546196,-0.734399974346,3.12820005417
7466,0.0991000086069,0.0803789496422,0.278549998999,-0.485599994659
89910,0.266099989414,-0.758535206318,0.757250010967,0.0741000026464
56654,-0.168650001287,-2.6370408535,-0.92919999361,0.609600007534
501,0.329300016165,1.13334989548,0.0427999794483,0.743099987507
5438,-4.81470012665,0.296831965446,-0.635200023651,-0.118299990892
26993,0.215049996972,-0.121801227331,0.727349996567,-0.500450015068
55111,1.70424997807,0.0239316225052,-0.64904999733,0.403199970722
8520,-0.149250000715,0.0137698948383,-1.59220004082,0.591150045395
10146,0.0399000048637,-0.593396186829,-1.0637999773,0.526350021362
7165,-0.525049984455,-0.614916741848,-0.283299982548,-0.471699982882
55011,0.194849997759,-0.690518856049,0.129400014877,0.5013499856
6461,-0.00874999165535,0.461175173521,0.613749980927,-0.106199994683
10813,0.787250041962,0.212079286575,0.355199992657,-0.64099997282
80746,0.695749998093,0.145168632269,0.190550014377,-0.0965999960899
10434,-0.106999993324,-0.156441763043,-1.30404996872,0.238350003958
5607,-0.744700014591,-0.1952714324,0.949550032616,-0.922299981117
22827,-0.0519500076771,-0.269341647625,0.000699999975041,0.717299997807
51635,-0.13030000031,-0.903072834015,-0.351249992847,-0.477200031281
84159,-0.483599990606,0.120626270771,0.862150013447,0.267349988222
3508,-0.0435499846935,0.561976492405,0.131500005722,-0.568349957466
84890,-0.357749998569,0.341259717941,-1.39744997025,0.878600001335
79600,0.231549978256,-1.31429946423,1.43470001221,-0.168399989605
8574,0.330700010061,-3.11740660667,0.0288000106812,-0.259050011635
5529,0.3912999928,-0.403751254082,0.373899996281,0.426550000906
3909,0.236650004983,0.487914383411,-0.295399993658,0.329950034618
9637,0.0402999967337,0.412756115198,1.21430003643,-0.24644997716
8518,1.04850006104,1.100897789,-0.241750001907,-0.331699997187
6443,0.922399997711,0.0840107724071,-0.973749995232,-0.187600001693
58478,-0.235249996185,-0.0634685605764,-0.291800022125,1.09789991379
4850,-0.152799993753,2.88596796989,-0.02634999156,3.96009993553
23210,-4.68865013123,0.118712425232,-0.618149995804,-0.165049999952
54733,0.492049992085,-0.212802708149,0.611299991608,0.292999982834
55129,-0.741250038147,0.95063328743,-1.49580001831,1.93454992771
10273,0.00034999998752,-0.22186358273,0.0010000000475,-0.00034999998752
572,-0.738450050354,-0.0453644320369,-1.35839998722,0.140699982643
5716,-0.436350017786,-0.535724639893,-0.699499964714,0.716949999332
22841,0.100649982691,-0.437383472919,-0.686049997807,0.221550017595
2356,-0.616750001907,0.0883331149817,0.09865000844,0.614899992943
6050,-0.472999989986,0.444848150015,0.514850020409,-3.9161002636
64422,-0.185650005937,0.187313348055,0.220049977303,0.501900017262
8837,-0.638849973679,0.606855809689,-0.30529999733,-0.097550034523
55127,-0.0259499996901,0.164562404156,2.15759992599,-0.696000039577
23335,0.597150027752,-1.03821659088,0.104199998081,-0.581900000572
10270,-0.876350045204,0.562477231026,-0.0418000221252,-1.00400006771
6509,-0.117299996316,0.425990819931,0.521149992943,0.0676999986172
83743,-0.167899996042,0.665551841259,-0.421700000763,0.237200006843
6772,-0.366500020027,0.237138673663,-0.27429997921,0.959349989891
22887,-0.585600018501,0.373374432325,-1.20845007896,0.667999982834
51001,-0.629500031471,-0.238757416606,-0.729799985886,-4.96894979477
26511,0.5950999856,-0.540444016457,0.171749994159,0.383899986744
7874,-0.725250005722,0.504472851753,-0.639200031757,5.90820026398
51070,-0.233850002289,-0.0668196082115,-0.201799988747,-0.26914998889
1738,-0.527899980545,-0.839322328568,-1.15729999542,1.37409996986
3416,0.35355001688,0.713798284531,0.052150003612,-0.0273499973118
9128,0.165700003505,-2.14743041992,-1.07379996777,-0.231949999928
9833,0.677100002766,0.313520848751,-0.254599988461,0.677799999714
4088,-1.47595000267,-0.490936607122,-0.904549956322,0.668249964714
5018,-0.357600003481,-0.174318388104,-1.86014986038,0.641999959946
51375,-1.82779991627,-0.349784165621,-4.39055013657,-0.456999987364
55038,0.510900020599,0.815375089645,0.992049992085,0.905149936676
23061,1.28430008888,0.742302298546,0.127649992704,-1.19830000401
64428,-0.0514500066638,-0.239055141807,1.95704996586,-0.602249979973
11325,0.177699998021,1.1790407896,-0.92484998703,-0.384450018406
9641,0.777899980545,-0.578457593918,0.560450017452,4.85209989548
23038,3.49090003967,0.119578100741,-0.619650006294,-0.392049998045
57048,-0.278100013733,0.599715590477,0.931450009346,-0.0366500020027
94239,0.545750021935,0.343409836292,0.155900001526,-0.358049988747
51203,-0.280250012875,-0.709178030491,0.808350026608,0.0919499993324
388650,0.0680999979377,0.2202591151,0.792299985886,-0.605750024319
23039,-0.323300004005,1.14117741585,-0.947299957275,3.20729994774
55179,0.569249987602,0.108338207006,0.553099989891,0.62944996357
5827,1.17270004749,0.130730256438,0.607999920845,0.504050016403
10245,2.14424991608,-0.316829204559,-0.0239499807358,0.139400005341
6813,-0.816399991512,0.526976644993,-0.629400014877,0.143700003624
3251,-0.583500027657,0.439186871052,-0.3791000247,2.12014985085
23212,0.110000014305,0.601670145988,-0.661450028419,0.12729999423
23536,0.293449997902,-0.492486536503,1.40799999237,0.425999999046
51282,-1.04290008545,0.124444514513,-0.000900030136108,1.76139998436
10227,-0.667800009251,-0.458469569683,-1.1549500227,-2.27095007896
50813,0.224399998784,0.151417687535,-0.28149998188,2.5625
51024,0.394699990749,-0.674291074276,-0.209250003099,-1.11189997196
53343,-0.0316999852657,1.13133525848,0.841449975967,-0.782150030136
1465,-0.120899997652,0.463124036789,-0.234299987555,0.173649981618
79006,-0.851999998093,0.464152693748,-0.183250069618,0.994850039482
6988,0.399600028992,-0.771637797356,-1.20409989357,-0.747699975967
11011,0.440149962902,-2.23268151283,1.00660002232,-1.17044997215
23325,0.373549997807,-0.896074533463,-0.332699984312,-0.0431999973953
10049,-0.292750000954,-0.186231344938,0.252399981022,0.441900014877
3157,-0.628600001335,-0.198814809322,-1.78914999962,-0.322750031948
200734,-0.588199973106,-0.204245775938,1.45619988441,-0.550300002098
9053,0.551599979401,3.15418219566,0.820500016212,-2.07144999504
79094,0.46850001812,-0.109073601663,0.888749957085,-0.942749977112
2778,0.172899991274,0.730456054211,-0.194400012493,-3.98495006561
54881,-0.154899999499,1.5058940649,-0.222350001335,1.18219995499
54807,-0.156199991703,2.71428990364,0.156049996614,-0.108850002289
323,-0.21305000782,-0.0391946062446,0.487350016832,-0.0957500040531
26001,-0.801900029182,0.103390291333,-5.17834997177,-1.12409996986
10190,-1.24070000648,-0.35721540451,-0.825250029564,0.448199987411
9686,0.463349997997,-0.174072474241,-0.222949981689,0.087049998343
54915,0.145850002766,0.541015982628,-0.420599997044,0.783999979496
23658,-4.91639995575,0.0165986269712,-1.4742000103,0.372600018978
7750,-0.231600001454,-1.30820858479,-1.21950006485,0.19494998455
79643,-0.685750007629,0.188840717077,-0.0806500017643,1.35644996166
9488,0.664399981499,-0.467223256826,0.342900007963,0.115599989891
11200,-0.503449976444,0.348951905966,-1.07550001144,5.30529975891
65057,-0.235900014639,0.0346407592297,0.45640000701,-0.246349990368
6832,-0.0864499956369,-0.14749366045,0.411300003529,0.281500011683
23131,2.45945000648,-0.358660131693,2.92770004272,0.0628499984741
10776,-0.637799978256,-0.387153327465,-1.01199996471,0.535800039768
6253,0.462799996138,0.179917141795,0.717399954796,0.270300000906
79716,-0.193399995565,0.185982972383,1.32465004921,-5.23544979095
29978,-0.0282000005245,0.0118124783039,-0.502049982548,-4.47039985657
9988,0.977099955082,1.60831773281,0.268850028515,-0.765050053596
10845,3.09730005264,1.20037293434,-0.399649977684,-1.28969991207
54957,0.173700034618,-1.10629367828,1.06710004807,0.297500014305
79170,1.31610000134,-0.524739265442,0.967700004578,-0.47104999423
10610,0.344550013542,-0.292598724365,-0.0163000077009,5.38420009613
128,-0.0519500076771,-0.320184081793,-0.229550004005,0.0295500010252
51026,-1.28244996071,-0.284261703491,-1.94544994831,0.839900016785
5498,0.847500026226,-0.533201515675,0.467599987984,0.557600021362
124583,-0.285799980164,-0.00430442392826,-0.755050003529,0.0566999986768
9455,0.793399989605,0.173650279641,1.14590001106,-0.625150024891
1212,-0.385850012302,-2.88836407661,-0.723899960518,-4.31539964676
5255,0.19089999795,0.651807188988,1.23989999294,0.404799997807
9448,0.180849999189,1.18958854675,-0.0433500409126,1.32080006599
9924,-0.0756999999285,1.24073886871,5.44374990463,-0.588850021362
5480,0.348749995232,0.383950710297,-0.92040002346,-0.154399991035
1983,0.688250005245,-0.0345812737942,-0.957249999046,0.892249941826
56889,0.110150009394,-0.37150105834,0.230899989605,-2.33529996872
79080,0.497650027275,0.170297503471,0.475300043821,0.403849989176
9016,0.937200009823,0.029417693615,-0.426149994135,2.1955499649
6915,0.182600021362,0.000918529927731,0.688850045204,1.35529994965
9709,0.717100024223,-0.640305817127,1.39244997501,0.8083999753
116832,-1.04604995251,0.585562169552,-1.09769999981,-0.117699995637
670,-5.63185024261,0.274790108204,0.458050012589,-0.702900052071
7867,-0.470200002193,-1.15944588184,0.503899991512,0.192499995232
79143,-0.572700023651,-3.02715444565,-0.242000043392,0.0534500032663
11284,-0.254299998283,-0.17456433177,-0.927349925041,0.195599973202
23443,-0.30529999733,0.987994015217,-0.859750032425,-0.636000037193
51599,-0.352100014687,0.263723820448,0.670549988747,0.0930499732494
5927,0.645900011063,-0.560601115227,-0.204850003123,-0.946650028229
55793,-0.153650000691,-0.529766499996,-0.846400022507,0.112750001252
5867,-0.0469499975443,0.53986531496,0.234599992633,0.192550003529
7866,-0.203050002456,0.500587165356,-0.970350027084,1.56980001926
25825,-0.240549996495,0.86326777935,-0.544700026512,0.371450006962
4067,1.56975007057,1.49642205238,0.0973000004888,1.5161999464
51015,-4.47389984131,0.202668696642,-0.299300014973,-0.448449999094
5891,3.42175006866,0.335544526577,0.529250025749,-0.501249969006
3300,-0.850600004196,0.507169008255,-1.01254999638,-0.0327499955893
64781,0.206000000238,0.685330033302,0.274599969387,-0.0318999886513
51056,0.120799988508,-0.417666554451,0.329750001431,-0.0919499993324
8550,-0.506699979305,-0.148543953896,-0.446599990129,0.542350053787
50810,0.257149994373,-1.2361600399,0.0905499979854,5.59014987946
23011,0.515399992466,-0.189765527844,0.37760001421,0.276399999857
11168,0.988249957561,0.178012475371,-0.906350016594,-0.186500012875
1385,-0.292500019073,-0.111287921667,0.724900007248,0.191150009632
10150,-0.673200011253,-0.31517598033,-1.32104992867,0.269950002432
29763,0.969550013542,0.373541116714,-0.283100008965,0.315250009298
9112,0.814800024033,0.391523450613,0.13560000062,0.580349981785
23499,-0.576300024986,0.369333982468,-2.13870000839,0.285799980164
85236,0.294100016356,0.239855334163,0.280250012875,-0.945050001144
5096,0.540750026703,0.0896867886186,0.438650012016,1.26959991455
55620,-0.381549984217,0.52556592226,-0.287849992514,1.67490005493
5373,0.396149992943,-0.162092804909,0.918200016022,-0.940250039101
51170,2.59634995461,-0.406694948673,1.73699998856,-0.81200003624
54850,-0.126850008965,-0.03036583215,0.359599977732,-0.317149996758
80349,-0.528500020504,-1.23232042789,-1.22084999084,4.86170005798
355,-0.714349985123,0.816423118114,-0.740399956703,0.165200009942
1062,0.382250010967,0.678592920303,0.437349975109,-0.776999950409
8804,0.286149978638,0.228754341602,-0.675649940968,1.32994997501
80758,0.176049992442,1.00335597992,-2.29250001907,-5.0204501152
375346,0.595499992371,-0.147718533874,1.27149999142,-0.0321500003338
51385,0.887349963188,-0.277745842934,0.26550000906,0.903949975967
55748,-0.654250025749,1.27120172977,-1.78139996529,0.395600020885
10318,-0.322449982166,0.122486576438,-3.41494989395,-0.32824999094
54681,0.541900038719,-0.0631429553032,0.134249985218,0.372750014067
7905,-0.475899994373,-1.0097823143,-0.735400021076,0.367250025272
28969,0.590749979019,-0.360789239407,-0.520900011063,-0.691849946976
10668,-0.466049998999,-0.25018659234,-1.41600000858,0.383199989796
51005,-0.137850016356,-0.0583601370454,-0.157599925995,0.556450009346
8800,0.365850001574,1.27509188652,1.48600006104,0.051550000906
54438,0.0623000003397,0.0113654434681,0.266399979591,-1.43954992294
55825,1.07730007172,-0.0369786024094,1.59070003033,1.46800005436
8835,0.0929999947548,0.344903945923,1.43804991245,0.428799986839
64429,-1.83949995041,-0.0865023210645,0.568250000477,-0.76734995842
3682,-4.09715032578,-1.19761562347,-2.00215005875,-5.70834970474
10329,0.909799993038,0.872860014439,-0.113349996507,0.328600019217
27109,-0.896499991417,-0.0759890526533,-0.90155005455,1.07174992561
51335,-0.746349990368,-0.238177090883,0.221199989319,0.847550034523
3202,-1.24205005169,-0.348079562187,-1.06220006943,-0.624899983406
2896,-2.08260011673,-0.228271156549,-1.24125003815,0.450199991465
79902,-3.04255008698,0.266700774431,0.229750037193,0.379700005054
29083,0.39335000515,-0.174846664071,-1.64569997787,0.243850007653
5747,0.567300021648,-0.306559920311,0.514750003815,0.256549984217
22905,-0.996850013733,3.15577125549,1.88170003891,-0.907099962234
63933,-1.20665001869,-0.0654185116291,-0.077899992466,-0.103199988604
9847,-0.726700007915,0.17289210856,-2.08159995079,0.641799986362
51021,-4.91980028152,1.08393311501,-0.327050030231,-0.25260001421
8996,-4.45555019379,-0.962446570396,0.8791000247,-0.46099999547
7376,-0.297399997711,-0.536115586758,0.787299990654,0.370350003242
5357,-3.95360016823,-0.219105541706,-1.79264998436,-0.0229999944568
56940,-1.53170001507,-0.242372721434,-0.294549971819,-0.646600008011
6195,-0.184550002217,0.0244213342667,-2.37709999084,-0.202149987221
1633,-0.98299998045,-0.620026826859,-0.559799969196,2.79909992218
23321,0.00155000016093,-0.00470045208931,0.827400028706,0.408050000668
51160,0.18054997921,-1.31831157207,-0.90389996767,-0.20949998498
55604,-0.838899970055,-0.858600258827,-0.137449979782,0.209849983454
2063,0.0711999982595,-0.43813598156,-0.0323500037193,-0.110249996185
54512,0.0380999967456,0.0181415900588,-0.292850017548,0.195100009441
9124,-0.171250015497,-0.32040053606,-0.0191999971867,1.63170003891
79174,-1.74804997444,0.102123081684,1.90180003643,-0.49200001359
23223,-1.23989999294,-0.908184826374,-2.98275017738,-0.602649986744
39,-0.288300007582,-0.345353722572,1.30074989796,-0.11305000633
57215,-0.0651999861002,-0.00625133514404,0.306150019169,-4.10680007935
1052,-0.238900005817,-0.513580620289,0.524850010872,-0.694999992847
23139,1.0896999836,-0.0847546160221,0.35205000639,-1.24905002117
79947,0.516849994659,-0.415891766548,0.600849986076,-0.324850022793
4616,-1.75464999676,0.135098353028,0.0430499911308,0.000699996948242
9710,0.249749958515,0.646820545197,0.314750015736,-0.711349964142
6990,-0.065299987793,-0.374138325453,-0.962949991226,0.322899997234
29082,-0.503549993038,-0.113829493523,-0.929649949074,-0.675050020218
9670,-0.422949999571,-0.015810251236,0.652400016785,-0.162849992514
81533,-0.0927499979734,-0.456013083458,0.467649996281,-0.574549973011
10525,0.181850016117,-0.20340937376,1.00959992409,-1.08100008965
2353,0.933250010014,-0.197757348418,0.557999968529,0.574150025845
57192,-0.0584999993443,0.0680770576,-0.59424996376,-0.0643000006676
3398,-0.8925999403,0.965897679329,-1.0012999773,0.03615000844
3775,-0.42049998045,1.12416553497,0.0922000035644,1.53024995327
26064,0.0189000070095,-0.369508802891,0.993149995804,-0.157450005412
29103,0.0878000035882,-0.952136099339,-0.70759999752,0.579399943352
3206,-0.10284999758,0.245503172278,-1.51209998131,0.568650007248
1500,0.359699994326,-0.624038934708,1.29369997978,-0.435400009155
7690,1.31284999847,0.532277643681,0.446099996567,-0.312949985266
29911,0.39589998126,0.820489645004,-0.300550013781,-0.411000013351
2064,0.163299992681,0.54719209671,-0.898850023746,0.133399993181
65123,-0.462399989367,-0.0919873863459,-0.321150004864,-0.104649990797
5986,0.332599967718,1.34605026245,1.85450005531,-0.773150026798
85377,0.107250005007,0.744135081768,0.671149969101,-0.113650001585
9903,-0.920349955559,-0.2927698493,-0.970550000668,0.029149979353
7088,-0.140699997544,1.17594373226,-1.09334993362,0.0960500016809
22796,-0.830349981785,-1.64907848835,-2.19324994087,-0.841099977493
51116,-0.134800001979,-0.195637315512,-0.202199995518,0.764649987221
54442,0.12199999392,0.399197280407,0.453100025654,0.589850008488
10695,-0.102699995041,-0.778166234493,1.65810000896,-0.124800026417
102,1.24349999428,2.78360319138,1.7146500349,0.535299956799
965,0.475250005722,0.0397108197212,-0.0835500061512,0.106300011277
3800,0.180199995637,-0.223743349314,0.687399983406,-0.486249983311
10362,-0.00334999710321,-0.788533568382,0.064099997282,-0.285100013018
5300,-0.291500002146,0.415677040815,-5.09809970856,-0.704249978065
8270,0.00874999165535,0.444325238466,-0.304099977016,1.78005003929
27242,0.35205000639,-0.088696539402,-0.0913999974728,0.143999993801
9928,0.240200012922,-0.539776206017,-1.0434499979,-0.0112500041723
1534,-2.12669992447,0.741019964218,0.292849987745,-1.31994998455
5654,0.12444999069,-0.437338322401,-0.972699999809,-0.343699991703
10810,2.58855009079,0.278284817934,0.533299982548,-0.309149980545
7105,-0.549250006676,-0.414661049843,0.417850017548,1.07564997673
23014,0.478100001812,0.0542022287846,0.73115003109,0.0606999993324
55012,-0.376300007105,-0.3778039217,-1.36399996281,-1.15390002728
2887,-0.37349998951,-1.03137814999,0.759350001812,-0.266350001097
9183,0.200500011444,-0.125210240483,0.736799955368,-0.158299997449
11151,-0.0145000070333,-0.0798763483763,0.71924996376,-1.17525005341
7511,1.9783500433,1.18079614639,0.829699993134,1.12960004807
10046,-1.54089999199,0.203348845243,-0.470499992371,0.261649996042
1829,0.265100002289,0.0217843353748,0.624099969864,-0.722649991512
11000,0.387499988079,-0.73091173172,0.185849994421,-0.809749960899
976,-0.0303499996662,0.556230306625,2.54120016098,0.0305500030518
3597,0.110500000417,0.355297207832,1.55990004539,0.683150053024
178,0.329850018024,-0.176628515124,0.738700032234,1.32700002193
2625,-1.21305000782,0.754443407059,1.02489995956,0.112999990582
6119,-0.189750000834,0.644423723221,-0.117049962282,1.01394999027
26136,-4.04900026321,-0.420899361372,1.48730003834,-0.0331499874592
6697,-0.0968500003219,0.471468985081,-1.92910003662,0.0702999979258
5971,0.596050024033,-0.0818105265498,-0.376049995422,-0.439450025558
22934,0.92895001173,0.578034281731,0.269599974155,-0.107149988413
9289,-0.0146000087261,-0.15567727387,1.10500001907,-1.1060500145
4931,-5.06150007248,0.530345916748,1.27885007858,-0.705999970436
4200,1.49709999561,-0.761953115463,0.376550018787,0.395700007677
93594,0.424750030041,0.1377273947,-0.000149998813868,0.607250094414
5982,-2.95574998856,-0.259920179844,1.02230000496,0.43440002203
26520,-0.340399980545,-0.276931226254,-0.000699999975041,-0.167549997568
4998,0.365449994802,0.124924108386,-0.289700031281,-0.58085000515
10038,0.661800026894,0.749992132187,-0.41249999404,0.34224998951
60493,-0.534200012684,0.7981300354,1.8749499321,0.398299992085
51495,-0.104550004005,-0.203877165914,1.23405003548,0.253149986267
4482,0.26289999485,-0.193985059857,5.40549993515,-0.736649990082
23224,1.40345001221,1.50749659538,-0.0141499936581,0.527249991894
9690,0.00730001926422,-1.53182315826,-1.09599995613,0.590599954128
80212,0.344799995422,0.211764842272,-0.611199975014,1.36049997807
29928,0.33654999733,-0.447299808264,-0.215049996972,-0.384850025177
22809,0.627550005913,0.48975482583,0.805000007153,-0.069000005722
50814,1.13205003738,0.222466856241,-1.24494993687,0.453450024128
55256,0.531300008297,-0.267890304327,-0.675599932671,0.486600011587
56997,-0.920300006866,0.0427896082401,-0.279850006104,-0.148699998856
81544,0.556750059128,-0.949561715126,0.0276999995112,-0.539149999619
6894,-1.75489997864,-0.344036340714,0.769749999046,0.648600041866
64080,-0.216900005937,-0.11711551249,2.61669993401,0.101800024509
55818,0.24430000782,-1.37349963188,-1.08185005188,-0.441150009632
637,-3.13599991798,0.458297371864,1.05325007439,-0.800750017166
22823,0.605650007725,0.278087586164,-0.00354999303818,0.0725000053644
5287,-0.496950000525,0.317290782928,-0.00595000013709,-0.352799981833
91137,-0.627699971199,0.71943873167,0.0800999999046,0.474550008774
23097,0.619850039482,0.888495266438,-0.283399999142,1.16980004311
9851,-0.449649989605,-0.314098477364,0.286349982023,-0.502099990845
23522,0.238600000739,-0.027783729136,-0.84224998951,0.198949992657
1123,0.0946500003338,0.346173286438,3.15750002861,0.3070499897
5603,-0.931399941444,0.259545147419,-0.114250004292,0.22570002079
51569,-0.11479999125,-1.11993503571,-0.344449996948,0.909150004387
55699,0.293249994516,0.200800895691,-0.741349995136,0.594399988651
2624,-0.0764999985695,0.516450166702,0.744849979877,0.0963499844074
8204,-0.0897499993443,-0.501536309719,-0.680400013924,1.67900002003
9133,0.33449998498,-0.226665601134,-1.38199996948,0.116599991918
10921,0.3382999897,0.640900492668,-0.798899948597,-0.0561500042677
51742,-0.889050006866,0.0965589880943,0.25055000186,1.67210006714
2954,0.903000056744,-0.960807561874,1.11185002327,0.897500038147
27244,0.514049947262,0.169462382793,0.629249989986,-0.234450012445
23013,0.686200022697,-0.0557954087853,-0.735499978065,-0.25854998827
8050,0.125450000167,-0.575622320175,0.233750000596,-1.16775000095
79961,1.47614991665,-0.263117194176,0.106299996376,-0.325900018215
2017,-1.33170008659,-0.107980206609,-0.857100009918,1.79739999771
55148,-0.00494998693466,0.227383926511,-0.952250003815,0.876049995422
960,-0.0175999999046,0.00605446100235,-0.0776000022888,0.621399998665
10451,1.49884998798,-0.686272263527,1.1629999876,1.06910002232
57406,-0.385850012302,-1.00792694092,5.16440010071,-0.17484998703
51719,0.230250000954,0.231110915542,0.417150020599,0.696300029755
7074,-0.791949987411,-0.23343527317,-1.20615005493,2.51565003395
10059,-1.3465000391,-1.60204946995,-0.768299996853,-0.286100029945
51071,0.879050016403,0.381418645382,1.0095000267,1.67180001736
5796,0.510399997234,-0.161048442125,1.05930006504,-0.623099982738
55008,-0.110949993134,-0.171579271555,-0.711400032043,-0.225449994206
23597,0.32769998908,-0.590513527393,-1.50170004368,0.767350018024
8869,0.741949975491,0.0386691242456,1.46020007133,-0.71565002203
8727,-0.64954996109,0.0970973074436,-1.37819993496,0.213499993086
63874,4.92525005341,-0.728494882584,0.0193500518799,-1.0720000267
8821,1.55065011978,1.30521655083,2.13385009766,0.83754992485
57178,-0.645150005817,-0.190671622753,-0.156949996948,-0.54540002346
5468,-0.834949970245,-0.325224667788,-0.876150012016,0.404649972916
10557,-0.447999984026,0.887703120708,-0.355349987745,-0.180099993944
831,0.0935499966145,0.15547990799,0.218050003052,0.387499988079
9531,0.0434999987483,0.314640372992,0.170700013638,0.740599989891
2767,-0.200100004673,0.153468579054,0.103049993515,1.24990010262
1861,0.838099956512,-0.0529617071152,1.32149994373,-1.03174996376
10165,0.661850035191,0.0481298938394,0.760200023651,1.71860003471
7106,0.44960001111,-0.0377547591925,-0.388249993324,0.999899983406
2908,4.80765008926,2.80843472481,0.155649989843,0.622099995613
57761,0.196649998426,0.0829149857163,0.653100013733,-0.593400001526
23338,-0.686549961567,0.107189655304,-1.53559994698,1.01584994793
7852,0.0768499970436,-0.127007931471,1.25699996948,-0.413249969482
55033,-0.794899940491,-0.357318997383,-1.52625000477,0.430500000715
57019,0.641799926758,-0.000573843717575,-0.0346499979496,0.398000001907
91949,-0.500200033188,-0.745252549648,0.962700009346,-0.712000012398
84617,0.945299983025,-1.95650422573,-0.651950001717,0.0815999805927
25,-2.78935003281,-1.78770816326,0.738099992275,0.210099995136
899,-0.0338499993086,1.04165971279,0.0617499947548,0.17515000701
79850,-0.588199973106,-0.311949759722,-2.76265001297,0.0887500047684
51466,-0.235249996185,-2.00363373756,-1.1808000803,0.375149995089
2852,-0.617150008678,0.331733614206,1.12820005417,-0.308099985123
55837,0.637949943542,0.457241803408,1.91540002823,0.791299939156
2131,0.270199984312,-0.0151120983064,0.287400007248,0.255849987268
5427,0.903299987316,0.0368195697665,-0.854950010777,0.444599986076
25966,0.488700002432,0.0918567255139,-0.0659999847412,0.253749996424
55608,2.33665013313,0.672027468681,1.55725002289,0.191500008106
1662,-0.494199991226,0.250068426132,-0.516350030899,0.161699995399
9702,-0.542999982834,-1.28689491749,1.55379998684,0.165100008249
11031,-0.265100002289,-0.641685009003,-0.434850007296,-0.450549989939
10057,-0.201450005174,0.841576755047,-0.641799986362,-0.770999968052
5985,-1.57835006714,0.493205338717,0.0276499986649,-0.533299982548
3280,-0.234650015831,-0.111471369863,0.468349963427,1.92180001736
55958,-0.133599996567,0.299297869205,2.01399993896,-0.432300001383
51465,-0.0579499974847,0.408382296562,1.68184995651,-0.29154998064
2542,1.11849999428,0.98373234272,-0.164349988103,0.117899999022
10641,-0.0460000038147,0.329027354717,0.924450039864,-1.10714995861
11137,-0.436899989843,0.118081510067,0.80419999361,0.0903500020504
9842,-0.397050023079,-0.115064896643,0.588849961758,-1.09475004673
10493,0.400900006294,1.03929781914,-0.285899996758,1.12485003471
10112,0.774649977684,0.593969583511,-0.109749913216,0.678799986839
1001,1.73400008678,0.240786194801,0.274349987507,-0.209499999881
23635,-0.438199996948,0.0494760684669,0.958999991417,0.298249989748
29916,0.492699980736,-1.00631844997,0.120300002396,1.79945003986
2810,-1.14359998703,-0.60573142767,-0.856949985027,-0.780599951744
5993,0.541949987411,0.517759978771,-0.812900006771,0.74145001173
11142,0.361499965191,0.634854853153,0.690900027752,0.227249994874
79187,0.149149999022,-0.690316915512,0.163899987936,0.782800018787
51382,0.90189999342,-0.336474657059,-0.541350007057,0.433950006962
8318,-0.267450004816,0.292150557041,1.77974998951,-0.785549998283
9695,-0.142699986696,0.0984081923962,0.371650010347,-0.274800002575
9712,-0.204899996519,0.0311684161425,-0.879400014877,1.31700003147
64943,0.859700024128,-0.577237606049,-0.156300008297,-0.279650002718
9738,0.465750008821,0.544034600258,0.214450001717,3.0981502533
6793,0.645449995995,0.102710470557,-0.246450006962,0.340999990702
7358,-5.15460014343,0.150884255767,-0.134000003338,-0.0611000061035
58472,4.6437997818,0.505661606789,1.04844999313,-0.113349996507
50865,-0.457199990749,1.22373712063,-0.0350999981165,2.34389996529
23200,0.350600033998,-0.545017421246,1.14125001431,-0.659049987793
51293,0.566150009632,-0.876648902893,-0.98400002718,-0.352449983358
10962,0.417699992657,-0.210360407829,-1.50419998169,0.48425000906
10153,0.714099943638,-0.631823301315,0.402900010347,-0.402150005102
874,0.749100029469,-0.0415865853429,0.257300019264,-0.330799996853
