rid,NMH001_FIBRNPC_6H:BRD-K79134921-001-01-2:10,NMH001_FIBRNPC_24H:BRD-K79134921-001-01-2:10,NMH001_NEU_6H:BRD-K79134921-001-01-2:10,NMH001_NEU_24H:BRD-K79134921-001-01-2:10,NMH001_NPC_6H:BRD-K79134921-001-01-2:10,NMH001_NPC_24H:BRD-K79134921-001-01-2:10
5720,-0.0894500017166,0.607800006866,0.3934674263,0.0220590680838,0.287509977818,-0.502199947834
466,0.776350021362,0.403699994087,-1.47279500961,0.243607893586,1.18920660019,0.10747499764
6009,-0.627649962902,0.944399952888,0.209087565541,0.479746997356,-0.95242702961,0.368624985218
2309,0.609899997711,-1.04404997826,0.402309536934,0.464981913567,-0.107344225049,-0.14647500217
387,-0.287599980831,1.15880000591,0.644505679607,-0.208679661155,0.157739892602,0.351875007153
3553,-0.747949957848,-0.873399972916,-0.265249550343,0.071525990963,-0.55540651083,0.0714749991894
427,0.385549992323,0.272200018167,0.701911985874,-0.150352954865,0.163575470448,0.348874986172
5898,0.309599995613,-2.75149989128,-0.164892941713,0.105772219598,0.672848045826,-0.028174996376
23365,-0.889349997044,0.207300007343,-0.0961568281054,0.701765954494,1.66813135147,0.508825004101
6657,-0.395399987698,-0.290000021458,0.921910583973,0.771956562996,-0.249169021845,0.376175016165
5054,0.482450008392,-0.448549985886,-0.0445536077023,0.190757587552,-0.155916571617,-0.366100013256
3108,-0.91369998455,-0.456449985504,-0.144130706787,-0.838658571243,-0.829983472824,-0.340700000525
1950,-0.644800007343,0.662050008774,-0.56709498167,0.165439337492,-0.739070177078,-0.260075002909
351,0.132700011134,0.138000011444,-0.000276961975032,0.00180485984311,0.110238149762,0.16400000453
4846,-0.220299988985,0.394050002098,0.268215298653,-0.229822054505,0.554946184158,0.394549995661
1452,-0.0439499914646,0.402099996805,0.470383167267,0.79787504673,0.366853773594,-0.447150021791
4776,-0.410449981689,-0.566100001335,0.179013729095,0.706716775894,-0.836033344269,-0.137749999762
6908,0.570199966431,0.504400014877,0.553433835506,0.486136734486,0.659027516842,0.222899988294
672,0.887699961662,0.0978499948978,0.840008378029,0.576250851154,0.565053164959,0.519275009632
5710,0.705250024796,0.0810000002384,0.154526397586,0.799049794674,0.345505982637,0.299924999475
2115,0.0414500012994,-0.965999960899,-0.206330254674,0.255892515182,1.39661073685,-0.368425011635
7015,-0.702399969101,-0.760349988937,0.00498881936073,0.396938741207,-0.391023099422,-0.0960249975324
8726,-0.300749987364,-0.37160000205,-0.849877238274,-0.60035443306,0.937725901604,-0.209124997258
2185,-0.756299972534,-0.548600018024,-0.331787496805,0.092793494463,-1.36290311813,-0.165824994445
3315,-0.193349987268,-0.332349985838,-0.0277281329036,0.169916838408,-0.920377850533,-0.0904249995947
5289,-0.384549975395,0.923950016499,-0.498222261667,-0.0667856782675,-0.947765767574,0.598824977875
868,0.33544999361,-0.595749974251,0.212165236473,0.123018823564,0.250007987022,0.295275002718
1677,-0.525150001049,-0.0474999845028,0.0407854095101,0.0826608687639,-0.0300326943398,0.823150038719
7043,-0.00130000710487,-0.877200007439,0.131763026118,0.521289229393,-0.18984939158,-0.0171499997377
5613,-0.431249976158,-0.417299985886,0.110327616334,0.358805924654,-0.973082721233,0.240549996495
595,0.627149999142,0.28464999795,0.668242812157,0.605898737907,4.51810216904,0.0670250058174
4793,0.858099997044,0.405699968338,1.946585536,1.15139555931,-1.25802743435,-0.190375000238
2736,-0.235700011253,-0.0914499983191,0.236731648445,0.492166012526,0.177255883813,0.373724997044
5290,-0.502399981022,-0.71179997921,-0.321820676327,-1.10917675495,-1.0179131031,0.0482750087976
6194,0.838549971581,-0.186550021172,-1.98048317432,0.00239978427999,0.261112868786,-0.0166999921203
1676,-1.11284995079,-0.703750014305,-0.188103362918,0.624434649944,-0.297140836716,0.17144998908
23512,-0.262300014496,-1.24959993362,0.779063105583,0.675909936428,0.68392765522,-0.296374976635
148022,-0.242750003934,-0.0297999978065,-0.348757922649,0.0209878236055,-0.672871828079,-0.264699995518
1906,-0.374850004911,-0.316950023174,0.746004521847,0.244900316,-0.150589615107,-0.0733500123024
8878,-0.206300005317,0.669350028038,0.179503291845,0.210530489683,-0.102224521339,0.0438999831676
3091,-1.08329999447,-0.724999964237,-0.247725352645,0.0429163575172,0.389607518911,0.475275009871
5743,-0.364299952984,-0.749949991703,0.0175103247166,-0.148192942142,-1.01558697224,-0.409225016832
5321,-0.352950006723,-0.753000020981,-0.284254431725,-0.000594924436882,-0.879674732685,-0.271224975586
4144,-0.023550003767,0.237949997187,0.679876685143,0.36550194025,0.913362979889,-0.0210999846458
1981,0.539349973202,1.02555000782,0.268273741007,-0.134068801999,-0.0876426696777,0.815174996853
695,-0.214149981737,0.904500007629,-0.142178028822,-0.453160196543,-0.228111386299,0.418924987316
10398,1.65694999695,0.877499997616,-0.525492191315,0.35474935174,0.557129025459,0.652725040913
5708,-0.942799985409,0.6820499897,0.108610898256,-0.0233186092228,1.46146833897,-0.472425013781
1213,0.490299999714,0.909199953079,0.564103603363,0.131194680929,0.546983599663,-0.55827498436
226,0.977249979973,-0.243950009346,1.23530650139,-0.029330233112,0.135191515088,0.269074976444
6777,1.06994998455,0.0567500293255,-0.266288995743,0.174645110965,0.773823976517,0.554749965668
2113,0.0381000041962,0.122000001371,-3.99102210999,-0.487451910973,-0.355262726545,0.65177500248
3329,1.08050000668,0.554499983788,-0.0952177196741,0.500928401947,1.43500602245,0.630075037479
1050,-0.259750008583,-0.585099995136,0.0642570629716,0.576333880424,-0.724986374378,2.67372512817
9491,-0.428550004959,-0.514050006866,0.0996960252523,0.305031955242,-1.02537250519,-0.200324997306
22926,-1.78764998913,0.486399978399,0.451685070992,0.118302993476,0.237735167146,-0.00975001230836
5899,-0.295099973679,0.986000001431,-0.635291814804,-0.878596365452,0.0284938868135,0.0865750014782
5467,-0.0218499898911,-0.696750044823,0.350429832935,0.0928570330143,-0.138577714562,-0.34647500515
6774,-0.238050013781,-0.290700018406,0.327009558678,0.75922703743,-0.361324191093,0.330249994993
1788,0.0112500041723,-0.794900000095,0.471392124891,0.58406496048,-0.586365818977,-0.228375002742
5921,-0.446700036526,1.51764988899,-0.0718005895615,0.113096892834,0.655192494392,-0.0166750065982
5721,-0.421249985695,0.485350012779,-0.139970138669,0.225529894233,-1.08434057236,0.216049998999
2263,-0.579999983311,-0.69420003891,-0.3277592659,0.0969072878361,-0.933617830276,0.0441499948502
808,-0.813950002193,-1.04780006409,-0.193402782083,-0.472163319588,-0.822556376457,0.0641750097275
30001,1.20354998112,0.438450008631,-0.0641797482967,0.357933878899,4.79196214676,0.786925017834
348,2.31905007362,0.0984999537468,0.745002031326,-0.534129142761,-0.93213057518,0.304550021887
30849,-0.948449969292,-0.128999993205,1.44890713692,0.117102228105,0.843284964561,-0.153699994087
1454,-0.563549995422,-1.52114999294,0.00119652133435,0.00179046369158,-1.31438863277,-0.206299990416
6500,0.452899992466,-0.0380499958992,1.481107831,0.510503768921,0.549418926239,-0.503800034523
5627,0.599349975586,-0.115749999881,0.604139328003,0.66698884964,0.136807605624,0.0987749993801
5715,0.0159500092268,0.678249955177,-0.877484619617,-0.554916441441,0.553201973438,0.327599972486
4791,3.81870007515,0.391249984503,3.19919538498,-0.151685535908,2.95318293571,0.217524975538
56924,-0.337249994278,0.0964500010014,3.50924944878,-0.47530606389,4.37099313736,0.292750000954
2690,2.5272500515,-1.20745003223,-0.851599931717,-0.054677605629,-0.916846871376,-0.248350009322
1019,0.475899994373,0.251800000668,1.12901306152,0.0643773823977,0.531336426735,0.359649986029
51422,-0.803849995136,0.612250030041,-0.339118987322,-0.540266752243,-0.452376425266,0.258949995041
5788,-0.551800012589,-0.52009999752,-0.230347305536,-0.164252132177,-1.53786587715,0.0764249712229
6709,0.710700035095,0.409449994564,-0.0204460024834,0.0989030003548,1.6352865696,0.0683249980211
1277,0.184799998999,0.809599995613,-0.0427773892879,0.666447401047,-0.0902203321457,0.317749977112
993,-0.159500002861,0.0092000067234,1.06472682953,0.510641634464,1.0096231699,0.621649980545
7157,1.29764997959,0.00210000574589,0.115440517664,-0.0786751359701,0.705938756466,-0.00457499921322
1958,0.464699983597,0.427399992943,0.803993761539,-0.0955976247787,0.292076706886,0.327874988317
4582,0.420350015163,0.0250000357628,1.04410529137,-0.521445631981,0.311246871948,0.850899994373
9212,-0.591949999332,-0.319549977779,-0.336679190397,-0.274625986814,-0.159277588129,0.235350012779
8440,0.610650002956,1.50599992275,-0.0148060116917,-0.181878447533,0.809875845909,-0.310624986887
6790,-0.00595000386238,0.155749991536,1.88251876831,0.0706574097276,0.321486949921,0.187550008297
8851,3.15100002289,0.422749996185,0.155050188303,0.410833001137,0.524343490601,-0.369225025177
2534,0.441750019789,0.810400009155,0.707678556442,0.614285290241,0.848306357861,-0.181750014424
4893,0.0512999892235,-0.476399987936,-0.719326019287,-0.142704591155,0.245838671923,0.654375016689
665,0.401499986649,-0.323850005865,0.232265427709,0.531825184822,0.367784202099,0.223749995232
4313,0.2024500072,0.257000029087,-0.433877259493,-1.72780704498,0.309577763081,-0.135575026274
1022,-0.248050004244,0.833150029182,0.464826345444,-0.461340755224,-0.509933590889,-0.283474951982
5880,1.07939994335,0.471500009298,-0.307435363531,-0.0955642014742,0.347942560911,0.301850020885
3162,0.331900000572,-0.0769500434399,-0.296799719334,0.538608014584,0.0690862312913,0.0756250098348
1282,0.979099988937,0.669950008392,-0.082114353776,-0.264630287886,0.597784757614,-0.63615000248
3383,-1.47630000114,-0.849750041962,0.302183747292,2.7269051075,-0.717453181744,0.0574250072241
727,-0.775200009346,-0.42509996891,-1.03661501408,-0.0526155419648,-0.758748412132,-0.320100009441
4792,0.617949962616,-0.546049952507,0.184008508921,-0.219830602407,-0.662914693356,-0.141350001097
4794,-0.793399989605,-0.462650001049,-0.839087724686,-0.306344240904,-1.05109095573,0.0592500120401
902,0.256949990988,-0.412800014019,-1.08697021008,-0.258495986462,-0.834482610226,-0.621625006199
8091,2.10000014305,0.599900007248,0.448735654354,-0.116802856326,1.04987847805,0.110349997878
3486,-0.75879997015,0.767300009727,-0.470490455627,0.284814327955,0.133789926767,0.327549993992
10818,-0.341850012541,-0.457000017166,0.260260492563,0.51032859087,0.137490183115,0.133599996567
3454,-0.801599979401,-0.721899986267,-3.56270909309,-0.27219119668,0.287230372429,-0.243800014257
4282,0.277150005102,0.34145000577,0.34142485261,-0.0472382083535,0.840984106064,0.513449966908
1605,-1.16954994202,0.328150004148,1.01266896725,0.479282438755,0.710334658623,0.0734749883413
10644,0.226150006056,-0.641749978065,1.79374432564,0.681307673454,0.809454321861,-0.00632499158382
2065,-1.1617000103,0.857800006866,0.235613137484,-0.033212620765,-1.40116477013,0.0879999920726
8321,-0.620249986649,0.0650499910116,-0.136502921581,0.00853807013482,-0.620631635189,-0.263375014067
8503,-1.09049999714,-1.34185004234,0.76719635725,0.441084384918,0.865995824337,0.300899982452
7027,1.16620004177,0.769800007343,-0.231911689043,1.45739662647,0.683859050274,0.906025052071
6850,-0.989399969578,-0.0875000059605,-0.16317409277,-0.0753418877721,-0.815721273422,0.235999971628
1978,0.559849977493,0.170600011945,0.809356451035,0.53043794632,-0.0153188034892,-0.0508500039577
896,0.631099998951,-0.395799994469,0.982979893684,0.267726421356,0.63762229681,0.42037498951
5777,0.154699996114,0.607349991798,0.848215699196,-0.867373585701,-0.125131845474,-0.198150008917
1846,-0.706600010395,-0.188850000501,0.30684581399,0.331511855125,0.830816030502,-0.159749999642
5925,-0.0984999984503,-0.231450021267,0.50524443388,0.28330680728,0.000558311119676,-1.08949995041
142,0.280650019646,0.613649964333,1.20872545242,1.20942103863,1.12908351421,0.179850012064
1021,0.557900011539,-0.0710000023246,0.335904926062,-0.336826831102,0.65228253603,0.698749959469
5699,1.10749995708,1.66865003109,-2.07400488853,-1.03550183773,0.422344744205,0.287325024605
8061,0.0715999975801,-0.00809998810291,-0.092637591064,-0.422957926989,-0.293962478638,-0.0868750065565
1870,-1.00339996815,-0.079449981451,-0.672586143017,0.705744028091,2.12313818932,2.96305012703
1398,1.51340007782,0.221699997783,1.19497001171,0.877127766609,0.406515538692,0.253324985504
3312,0.416999995708,-0.211949974298,0.082884311676,-0.415890008211,1.01874434948,0.48995000124
891,0.0694999992847,0.556749999523,-0.21785363555,-3.46956133842,-2.61094665527,0.392374992371
4775,0.0863499939442,0.231200009584,0.858466863632,0.434507787228,3.24103784561,-0.00274999439716
5111,0.215299993753,-4.92360019684,0.057861879468,-0.00908207893372,-0.408556938171,-6.53110027313
5696,0.476750016212,0.331799983978,-0.774933695793,-0.815418601036,-0.319362729788,-0.136324986815
5588,-0.44580000639,4.57450008392,0.0709075555205,-0.36134749651,-0.553477704525,1.52559971809
6839,0.076700001955,4.8438000679,0.448881775141,0.84034627676,0.273182958364,-0.0708000063896
329,0.322699993849,0.998649954796,0.211887136102,1.91028833389,0.00428736209869,-0.384499996901
5058,0.519999980927,1.03090000153,0.234840899706,0.21090246737,3.95665097237,0.0550500079989
998,1.20994997025,0.545050024986,0.296558648348,-0.310294449329,0.457641482353,1.0455249548
9134,-1.02294993401,0.0133000016212,-0.174962744117,0.44729077816,-0.385320097208,-0.238799989223
6616,-0.624949991703,-0.095450013876,0.273634046316,0.241502702236,2.10123276711,0.32037499547
5223,-5.02440023422,0.208000004292,0.732568621635,0.716372609138,0.480060189962,0.171375006437
4690,-5.16354990005,-1.42394995689,0.175602063537,-0.332085430622,0.544356107712,-0.387775033712
958,-0.636049985886,0.427749961615,-0.444845914841,-3.57891917229,-1.1107865572,0.0257250070572
1616,-0.285950005054,-0.155349969864,-0.193826377392,0.113574370742,-0.863482713699,-0.874024987221
991,0.307799994946,-4.91109991074,-0.215381503105,0.789899587631,-1.58004319668,-0.421199977398
6347,-0.133100003004,-0.642849981785,-1.08819496632,-0.182589411736,-1.01180028915,0.373750001192
6714,0.499950021505,-0.645749986172,1.23242282867,1.25829315186,1.27780067921,0.717100024223
652,-1.08859992027,0.0589000023901,-0.348419964314,0.275507479906,-0.391996562481,-0.0875750035048
4331,0.396299988031,-1.48760008812,-0.395218968391,0.569238305092,0.266882836819,-0.138775005937
7099,1.23280000687,-0.233400002122,-0.891313791275,-0.386936634779,0.132558047771,0.322800010443
10320,-0.27199998498,-0.689800024033,-0.535931825638,0.497068375349,-1.32319319248,-0.45324999094
2042,-0.821150004864,-0.0260500013828,0.06232496351,0.686161160469,0.894726455212,-2.24472498894
843,-0.932999968529,-0.131500005722,-0.263991355896,-0.298746109009,0.288106918335,-0.588024973869
840,-0.0538000017405,-0.243300005794,-0.330992698669,1.91406095028,0.140348151326,0.111000001431
7048,1.13399994373,1.0164000988,-0.201098755002,0.509479880333,-0.27193069458,0.0272500254214
4851,-0.285449981689,3.28760004044,-0.785424470901,-0.181514635682,1.13957095146,0.0512999966741
6464,-0.646950006485,-0.859050035477,-1.22030329704,-0.632345795631,-1.04513847828,0.160624995828
23410,-0.154700011015,-0.215449988842,-0.276317954063,0.800743699074,0.0949091166258,2.3240249157
54205,0.145249992609,-0.26164996624,-0.182031989098,-0.139176726341,-0.227806210518,-0.317449986935
2770,0.73884999752,-0.761200010777,0.19851231575,0.108592063189,0.737942099571,-0.372375011444
80204,-0.412000030279,0.287400007248,-0.774090647697,-1.01777625084,2.69960188866,-0.248225003481
4208,-0.668749988079,0.841250002384,0.140362024307,-0.315499663353,-0.494833052158,-0.170825004578
1845,0.860399961472,-0.0996000170708,-1.8243252039,-0.515073359013,0.125622808933,-0.640950024128
23368,-0.344299972057,-0.355800002813,0.1169911623,0.980577945709,-0.201299145818,0.0763000100851
5583,-0.451900005341,-0.425749987364,-0.95571833849,-0.268851667643,-0.67277097702,-0.0756999999285
8900,0.084399998188,0.193100005388,-1.61163592339,0.153093546629,-0.680137217045,-0.0720249861479
581,-0.331250011921,-0.977499961853,-0.196668714285,0.271193385124,0.43049454689,0.538749992847
6193,0.032950013876,0.0225000083447,0.703889250755,1.59270107746,0.569060444832,0.163424998522
6622,-1.16085004807,0.834850013256,0.503383100033,0.278455853462,-2.42265915871,-0.106299996376
11261,0.794049978256,-0.0719500035048,0.53682744503,0.0244014114141,0.0857114642859,-0.237500011921
6696,0.00909999758005,5.50584983826,0.163147121668,-0.233281806111,-0.0655333325267,-0.47025001049
8312,3.25335001945,0.417750000954,0.23418071866,0.312466263771,-0.172770172358,2.00990009308
835,0.327600002289,-0.0246499925852,0.385702222586,0.229865372181,0.730673253536,-0.0566499829292
8324,-0.0769000053406,2.85440015793,-0.488926649094,0.432682394981,0.153464704752,2.16884994507
1848,-0.120100006461,0.215750008821,0.203974604607,1.03436338902,0.328136771917,1.35872495174
154,-0.0493499971926,-0.778449952602,-1.69815826416,-0.306301116943,-0.0221569389105,2.22112512589
4312,-0.516550064087,1.19459998608,-0.314521372318,0.154892802238,-0.902231812477,-0.0768750011921
994,0.925500035286,1.39614999294,0.576661586761,-3.58403277397,-1.77432751656,0.462324976921
2048,-0.52120000124,4.66275024414,0.398542821407,-0.148748785257,1.19691944122,0.167775005102
1111,0.0489999949932,-0.355899989605,-0.396505355835,0.839212536812,-0.194263398647,0.0797500014305
5154,0.446949988604,-0.216099992394,1.40289902687,0.65257781744,-0.000284671783447,0.880974948406
2920,-0.563700020313,-0.856000006199,0.174636602402,0.729679048061,-0.0241587460041,-0.850799977779
3122,-0.594699978828,0.321249991655,-0.80704754591,1.16361784935,-0.0596680641174,-0.125700011849
2769,-0.376049995422,-0.581600010395,-0.128171652555,0.897203326225,1.11177635193,-0.222949996591
5900,0.483150005341,-0.45094999671,-0.786647379398,0.234354108572,0.0106111466885,-0.302074998617
6304,2.29185009003,-0.481700032949,-0.0319551415741,-0.720073640347,1.29903864861,0.114675015211
5211,0.460249990225,3.75419998169,0.745747447014,0.553983330727,0.911112844944,2.54879999161
2886,-0.589450001717,-1.07564997673,-1.40484333038,-0.173931747675,-1.04508912563,-0.636675000191
9261,0.322849988937,0.417600005865,0.588133692741,-0.302036941051,-0.00594742596149,-0.282149970531
8569,-0.185900002718,-0.474150002003,0.102550163865,0.164922893047,-0.559277117252,-0.4259750247
3303,1.05190002918,0.00365000218153,-0.848746716976,-0.0949545577168,-1.00173163414,2.32997488976
5331,-0.516049981117,-0.104399979115,-0.0544275641441,-0.703252434731,0.658865511417,0.110025018454
5347,-0.333449989557,0.362299978733,1.36686348915,0.253438919783,-2.69213962555,0.419825017452
4638,0.359449982643,-0.0321500003338,0.228077411652,-1.00990855694,1.22697901726,0.260650008917
2264,1.24889993668,-0.154200002551,-0.412941157818,0.386047333479,-0.563153743744,2.21037507057
1029,1.18099999428,-0.498300015926,-0.246327728033,-0.236414730549,0.327559709549,1.24957501888
1027,1.37300002575,0.694800078869,-0.0158928129822,0.422173678875,0.826696932316,0.0675999969244
2597,0.00065000000177,0.0,0.000143178913277,-0.000878960301634,-0.00026877244818,-0.000499999965541
55847,-0.437049984932,-0.452399998903,-0.32927057147,0.341654419899,-0.302892327309,-0.121799990535
25803,-0.50695002079,-0.538949966431,-0.314418882132,0.0676803961396,-0.13526904583,0.254700005054
3480,-0.353899985552,0.704800009727,0.854870557785,0.499290674925,0.83486109972,-0.749275028706
2946,0.0707500055432,-0.14564999938,0.391960859299,-0.79492264986,-1.60030961037,-0.288724988699
9517,0.935950040817,0.634350001812,0.863014101982,-1.15152680874,0.873966574669,0.793049931526
25987,0.0557499974966,0.245599985123,0.587718784809,1.43584561348,0.463049381971,-0.216499969363
23670,0.919600009918,0.20094999671,-0.259559601545,-0.0497383475304,0.844808876514,-0.651400029659
11182,-0.280449986458,-2.02075004578,0.0157913714647,-0.183853060007,1.35609388351,-0.141650006175
2146,-1.29595005512,0.537699997425,0.130163878202,-0.48779553175,-0.438544273376,-0.417074978352
3385,0.950999975204,0.0102000012994,-0.090346172452,0.424244731665,0.501828074455,0.431600004435
5261,-0.548150002956,-0.826950013638,-0.222725242376,0.657647788525,-0.898958027363,0.41207498312
10765,0.444549977779,-0.959850013256,0.318758547306,0.228543326259,0.979666292667,0.13587500155
25839,0.0517000034451,1.18114995956,1.07530653477,0.203416615725,0.854616999626,0.10925000906
4172,0.197649985552,0.8492000103,-1.15745985508,0.222163408995,0.325872093439,0.63987493515
23161,-0.82104998827,-0.285949975252,-0.0331449508667,-0.108449310064,-0.603630721569,-0.282649993896
10298,-0.758949995041,0.375549972057,-0.540283024311,-0.602354109287,0.582138001919,-0.0818750038743
1802,-0.0106000006199,-0.146700009704,1.63763785362,4.33663415909,0.547516465187,-0.247474998236
58533,0.310399979353,-0.456250011921,0.367486834526,0.576190531254,0.19282104075,-0.532975018024
147179,0.472149968147,-0.364050000906,-0.350225538015,-1.15504658222,0.522822499275,-0.701649963856
29937,0.473500013351,-0.138249993324,-0.349536836147,-0.817275762558,0.0373071841896,0.21489995718
6184,0.60790002346,-0.498400002718,0.307437568903,0.0970602035522,1.15529716015,-0.256224989891
9854,0.617449998856,-1.4142999649,0.0187315642834,-1.4042121172,-0.475044518709,0.551174998283
2553,0.0735999941826,0.553749978542,0.223335191607,-0.0213062614202,0.267790466547,0.50322496891
5440,-0.747149944305,-1.19609999657,-0.412225484848,-0.797626137733,-1.25733685493,0.243174999952
54623,-0.338450014591,-0.224999964237,0.162937089801,0.156272828579,0.361530125141,0.307125002146
9533,-0.350549995899,-0.913800001144,-1.09192335606,-1.09445357323,-1.09052932262,-0.591300010681
8607,-0.139249995351,-0.0898499786854,1.04772245884,-0.266492545605,-1.64614582062,-0.344850003719
207,-0.752349972725,-0.46489995718,0.742131888866,0.497328877449,1.10442900658,-0.178524971008
26054,0.181900009513,0.350349962711,-0.394070267677,0.455226302147,0.603660106659,-0.013675019145
10682,0.406400024891,0.101399995387,1.19778978825,0.389402151108,0.644146382809,0.0285250023007
8573,1.44879996777,0.689900040627,0.178450018167,-0.21088090539,1.01840162277,-0.0295750126243
23378,-0.413399994373,-0.895250082016,-0.569561362267,-0.227981418371,-0.894852280617,0.178975015879
8553,-0.23219999671,0.0503500103951,1.23030388355,0.466796040535,0.0747358202934,-0.00577498227358
622,0.23180000484,-0.951700031757,0.668618619442,0.836280286312,-0.840799927711,-0.225749984384
9467,-1.49170005322,0.10484996438,-0.198336571455,-0.881417393684,-0.504915177822,-0.115774989128
5525,0.251399993896,0.391900002956,-0.0562480650842,-0.0573994517326,-1.47250545025,-0.340050041676
256364,0.00755000114441,0.227450013161,1.2533261776,3.65768408775,-0.473615139723,0.182325020432
332,-0.133249998093,-0.00910000503063,0.231498405337,0.635453164577,0.783783555031,-0.0877999961376
2058,0.690649986267,1.43194997311,-0.0390831530094,-0.534111857414,-1.01062321663,-0.395399987698
7849,0.142949998379,0.165299996734,-1.19790482521,-0.390595138073,3.73689174652,0.281199991703
23244,0.73425000906,1.30075001717,0.0537710934877,-0.124053433537,-0.154393613338,0.314250022173
7494,2.69799995422,-0.258799999952,3.57457637787,0.168065264821,0.125328212976,0.340275019407
4836,-0.303200006485,-0.879849970341,-0.91399461031,-0.0973098576069,0.106292814016,-0.370575010777
23647,0.367599993944,-0.0748499929905,0.321909844875,-0.132731050253,0.0867842137814,-0.248774975538
10617,-0.0271500051022,-0.268649995327,0.882605433464,0.15354116261,0.238613516092,-0.281549990177
2184,0.0207499861717,0.308999985456,1.27463161945,1.01528573036,0.73530626297,0.666999936104
5355,0.171349987388,0.290350019932,-0.227512732148,-0.0638713687658,-0.991116285324,0.25490000844
6659,1.00294995308,-0.100450009108,0.160254761577,0.00273724994622,1.53076696396,0.424549996853
7016,-0.333899974823,0.407700002193,-0.101830482483,-0.476688802242,-0.224251583219,-1.24177491665
90861,0.54255002737,-0.0497500002384,3.2118704319,0.564659059048,0.201640829444,0.542800009251
10670,-0.168050006032,-0.355549991131,-0.941111326218,-0.0495695695281,-0.24920719862,-0.517599999905
79071,-0.985100030899,0.214300006628,-0.518921732903,-0.743451178074,0.469227820635,-0.167074978352
64746,0.504299998283,0.00394999980927,-0.139706254005,0.851321399212,1.83279013634,-0.0753500163555
5366,-0.504850029945,-0.463949978352,-0.2766507864,-0.554101765156,-0.16980470717,0.442550003529
11344,0.430649995804,0.967900037766,-0.043036788702,0.204685628414,-0.0717214047909,0.482350021601
10013,1.54914999008,0.423750013113,0.480388790369,0.274198681116,0.441667050123,0.294225007296
5829,-1.10514998436,-0.408950001001,-0.00139520899393,0.000970931781922,-1.32913327217,-0.461975008249
5257,-0.0894500017166,1.13985002041,0.0871848762035,-0.7484126091,0.307491868734,-0.419600009918
22794,-0.301149994135,-0.229850009084,-0.469778448343,-1.53158962727,0.558007538319,-0.813825011253
9761,0.620500028133,-0.141699969769,0.0635058805346,0.00812993943691,0.765894889832,-0.70015001297
23326,0.872349977493,-0.574599981308,-0.000184046628419,0.00250621186569,1.50106561184,0.346399992704
10972,0.563449978828,0.999400019646,0.676520526409,1.37135398388,0.942422091961,0.845600008965
10523,-0.043799996376,0.0813999921083,0.919282972813,0.00473473966122,1.09648513794,-0.654049992561
79090,2.70700001717,-0.0474499762058,0.629508316517,0.322366565466,-0.997782230377,-0.215725004673
27032,-1.35265004635,0.713950037956,-0.935148477554,-1.48951876163,-0.868284225464,-0.558200001717
9097,-0.637950003147,0.656149983406,-0.979329884052,-0.499045759439,-0.923498034477,-0.415674984455
10513,0.552999973297,-1.39639997482,0.690095484257,-0.0570499449968,3.28071331978,-0.429875016212
1891,-0.828949987888,-0.446200013161,0.26845318079,-0.0622649341822,-0.716910123825,0.321899950504
3066,-0.0696000009775,-0.0446000099182,-0.196739882231,-0.0804851949215,0.614517152309,-1.62552499771
9801,0.942300021648,-1.35940003395,-0.560035228729,0.493389964104,0.0474204644561,0.0147750079632
1459,-0.664250016212,-0.369949996471,-0.700518131256,-0.358425378799,-0.915694713593,-0.173900023103
9703,0.699200034142,-0.548749983311,0.204270631075,-0.258500576019,0.779459238052,0.135674983263
10606,-0.615299999714,0.300799995661,-0.726283371449,-0.413393318653,0.753068387508,-0.197124987841
1017,-0.19525000453,0.123249977827,0.0560723282397,-0.464279830456,-1.02636432648,0.156825006008
9813,-1.02660000324,0.084399998188,-0.428117036819,0.222824364901,-0.100569576025,-0.567224979401
7485,0.225649982691,0.673049986362,-0.673703312874,-0.271007955074,0.329998910427,-0.289225012064
2109,1.17820000648,0.352200001478,0.0343849286437,0.376464426517,0.0276649743319,0.967225015163
23271,-0.399900019169,-0.126049995422,-0.160755380988,0.0413589589298,-0.847868561745,0.236850008368
9915,-1.22084999084,-0.610949993134,-0.00169235025533,0.000917625147849,-0.710272789001,-0.321974992752
9552,0.0481999963522,-0.143399998546,-0.22687754035,-1.45504558086,-0.33408793807,0.0598750114441
93487,0.232850000262,0.002950001508,-0.0658786594868,0.127267822623,1.86761724949,1.12504994869
2956,0.872750043869,0.561950027943,-0.556559801102,-0.0861633718014,0.0454539954662,0.17677500844
11065,1.63099992275,-0.135349988937,0.37840461731,0.486771345139,0.785128951073,-0.121275000274
9653,-0.912850022316,0.270150005817,-1.06508040428,-0.604790091515,1.36832594872,0.21007502079
200081,0.536050021648,-0.301649987698,0.723109602928,0.402683436871,1.28081381321,0.0317750126123
3337,0.414099991322,-0.311049997807,-0.0398921407759,0.25575068593,0.104806505144,0.220924973488
11073,-0.602200031281,-0.285700023174,0.374769300222,-0.716501116753,0.141186058521,-0.240725010633
23,-1.11334991455,0.457100003958,-1.02500069141,-1.22772359848,0.0675932615995,-0.0432249903679
5641,-0.40959995985,0.703850030899,-1.16260623932,-0.279255926609,0.479132980108,1.46017503738
8720,-1.66380000114,5.55044984818,-0.385549455881,-0.152924597263,-0.566417574883,-0.645649969578
10782,-0.0566500015557,-0.224849998951,0.115981921554,-1.12233972549,-0.729244410992,-0.192725017667
25932,0.670899987221,1.57085001469,0.340118348598,0.446822345257,-0.0473945587873,-0.0398250073195
3028,0.314799964428,-0.0954499989748,0.556094050407,-0.109814688563,0.493902623653,-0.428000003099
6804,-0.794199943542,0.561049997807,-0.746568322182,-1.85388803482,-0.671804845333,-0.620700001717
890,0.194399982691,0.160799995065,0.401806712151,0.619666039944,0.503745794296,-0.174974992871
6390,0.847350001335,-0.16384999454,0.941689074039,0.0431955419481,0.538726687431,0.331974983215
4303,0.913800001144,-0.480899989605,0.505684137344,-0.732132852077,-0.0853527784348,-0.756150007248
10953,0.87349998951,0.281699985266,3.36534643173,4.52245426178,0.701721310616,-0.106049992144
22889,0.163249999285,-0.793049991131,0.267081916332,0.0892678797245,-0.70909100771,0.319975018501
3098,0.294750005007,0.281150013208,0.914245605469,-0.523308813572,0.632581651211,0.398350000381
11044,-0.535549998283,-0.55780005455,-0.097852922976,0.0531465187669,-0.666263997555,0.0198500156403
8985,0.109299987555,0.795100033283,-0.0251132864505,0.341100633144,0.0899166762829,-0.219150006771
66008,1.7595500946,-0.338550031185,-0.173422679305,-1.04969131947,0.603750765324,0.348125010729
9217,-0.114700004458,1.75025010109,-0.502858102322,0.0108182504773,0.0417427830398,0.774924993515
701,-0.93079996109,-0.181600004435,-1.14438664913,-0.0503694266081,-1.38930952549,-0.0973749905825
6182,0.333849996328,-0.0391000062227,0.34075704217,0.337646156549,0.011256441474,0.20392498374
4860,0.435950011015,0.769699990749,0.812250375748,0.407239258289,0.0189015418291,-0.50432497263
7398,0.488750010729,0.495000004768,-0.433636069298,-0.109611146152,0.844520449638,0.372075021267
6117,0.735149979591,0.793249964714,0.34172180295,-0.398657053709,0.924057126045,-2.24052500725
23588,0.651450037956,0.184699982405,-0.563479661942,-1.44766354561,0.00257360935211,0.117375001311
949,-0.590149998665,1.35239994526,0.111962750554,-0.815390706062,-0.829852104187,0.097100019455
7168,0.577250003815,0.404799997807,0.541007816792,0.414198070765,-0.138555392623,-0.691074967384
9375,1.03044998646,0.222899973392,-0.279519736767,0.0411490723491,0.162192612886,-0.181274995208
4927,-0.87944996357,0.280400007963,0.537180483341,-0.248178258538,0.710502505302,-0.343050032854
2523,-0.724649965763,-0.679600000381,-0.346345543861,-0.486549198627,-1.11966764927,0.199099987745
58497,-0.847050011158,-1.31015002728,0.057626247406,-0.742983400822,-0.250299632549,-0.0323500186205
6856,-0.334250003099,1.45819997787,-0.574303507805,-0.944535017014,0.168281197548,0.0267000198364
26036,-0.764899969101,1.47654998302,0.414358884096,-0.443705946207,-0.439195454121,0.158825010061
10206,-0.969799995422,-1.11640000343,-1.18693971634,-1.59882366657,-0.36441937089,-0.245325013995
25793,0.870700001717,0.490150004625,0.393727213144,-0.251643508673,-0.114496707916,-0.528299987316
55556,-0.615649998188,-0.386649996042,3.96363687515,-0.433249115944,1.04960584641,0.799000024796
3978,1.25,0.81274998188,0.525975883007,0.47041234374,0.903499305248,0.374850004911
10681,-0.302049994469,1.54559993744,-0.0377513170242,-0.417224347591,0.0244630277157,-0.0824500024319
3638,0.169799998403,-0.688099980354,-0.548389554024,0.0757463127375,-0.837597191334,-0.309924989939
8349,-0.930850028992,-0.0767500028014,-0.122465446591,-0.0457915961742,-1.23670101166,0.203699991107
6275,-0.40704998374,-1.06369996071,0.852635741234,-0.106657721102,-0.107861548662,0.134400010109
3895,0.000100016593933,0.0487000048161,-0.586956977844,-0.668680667877,-0.394131541252,-0.204450011253
392,0.874300003052,0.643649995327,-0.118769913912,0.283508479595,0.00569459795952,-0.194049999118
9170,-0.711650013924,0.771350026131,0.25472766161,-0.352514326572,-3.08713436127,-0.290674984455
80347,1.05229997635,-0.004399985075,0.822600483894,-0.0256936326623,1.38284277916,0.0025000013411
23300,0.28639999032,-0.672049999237,0.303192675114,-0.137620508671,0.75835776329,-0.864349961281
836,-0.9646499753,-0.316249996424,-0.52204310894,-0.281401634216,-0.111604824662,-0.479824990034
11188,0.298500001431,1.0449000597,0.0765676647425,-0.568129360676,0.606692671776,-0.478249996901
10898,-0.787800014019,-0.938899993896,0.431380271912,-2.88289403915,-0.659737706184,-0.970849990845
9276,-0.320450007915,0.967649996281,-0.0294909402728,-0.840933024883,-0.183160007,-0.820775032043
1647,-0.0908000171185,-0.0250999927521,-0.468553245068,-0.535146474838,-1.30891370773,-0.231700003147
10285,-0.85640001297,0.0788500010967,0.213862001896,0.501945614815,-1.24297177792,-0.0601249933243
23386,0.261049985886,0.115250006318,-0.775047421455,-0.239995017648,0.738913476467,-0.113624997437
3156,-0.679449975491,-0.987850010395,-0.159294083714,0.728197813034,0.702134132385,-0.125450000167
10237,-0.0773499980569,-0.0531000010669,0.35752877593,0.20081409812,0.166984587908,-0.280524998903
7077,0.397549986839,-0.0472999960184,-0.632060170174,0.291597276926,-0.642870664597,0.518199980259
11157,0.782099962234,0.848249971867,0.779214203358,0.287182956934,0.851408541203,0.0735500007868
22908,0.281399995089,2.27559995651,-0.370401710272,-0.805692791939,-0.137907043099,-0.0209249854088
10915,0.801800012589,2.05150008202,0.346520394087,-0.346813499928,0.800907254219,-0.0823249816895
9897,0.327399998903,-0.291999995708,0.20588439703,0.8230265975,-0.550535082817,-0.204824984074
1759,0.235900014639,0.383650004864,0.463187336922,-0.536824345589,0.197575226426,-0.594524979591
54541,0.401050001383,0.388099998236,0.541448175907,-0.17789748311,-0.558417022228,-0.66927498579
211,0.415999978781,-0.383449971676,-0.0706906691194,0.275358378887,-0.275775194168,0.419849991798
5048,-0.138199985027,0.287100017071,0.0500775873661,0.163516148925,-0.525952041149,-0.670850038528
84722,-0.658200025558,-0.673249959946,-0.212391734123,-0.0106846094131,-0.599746584892,-0.473024994135
29890,0.448900014162,0.668449997902,-0.983623027802,-0.0256905574352,-0.787732839584,0.621549963951
9868,-0.316000014544,0.750500023365,0.840642929077,-1.57575345039,0.362915456295,0.682299971581
873,0.221749991179,-1.0543500185,-0.225271418691,-0.170042738318,-1.05094671249,0.417325019836
5580,0.344700008631,0.699750006199,-0.781316876411,-0.860070943832,-1.59322166443,0.242074996233
3725,-0.63170003891,1.24334990978,-0.223437413573,-1.48457932472,-0.773678541183,-0.225599989295
23585,0.947100043297,0.8804500103,0.461259633303,0.607200741768,0.265259504318,-1.0698748827
51097,0.420350015163,3.66374993324,0.762531995773,0.44164031744,0.249004393816,-0.115150004625
1831,-0.841300010681,-0.460700005293,0.765081167221,0.215820431709,-0.0389411151409,-0.181825011969
7020,-0.601599991322,-0.278249979019,-0.197699010372,0.612288057804,-0.479915291071,0.377150058746
55893,-0.313749998808,-1.02110004425,-0.129948720336,-0.188946679235,-0.600275754929,-0.217549994588
6944,-0.102650016546,-1.02069997787,0.814523100853,0.280514389277,0.265643179417,-0.34659999609
22883,0.451350003481,0.779150009155,0.176075696945,-2.25105452538,0.203582018614,-0.6636749506
5601,-0.0671000182629,0.665950000286,0.130455210805,-0.798281788826,-0.524853229523,0.0259000062943
10775,-0.0115000009537,0.211899995804,-0.539053082466,-0.841752707958,-0.0384850054979,-0.247899979353
4780,-2.04084992409,0.0776000022888,-0.621780395508,-0.0752510204911,0.0274433419108,-0.206149965525
10904,0.283100008965,1.23839998245,0.181720867753,-0.0548036545515,0.546093761921,-0.307325005531
9917,-1.37774991989,1.27925002575,-0.149895340204,-0.846773326397,-0.824976742268,-0.104525007308
1399,0.0690499842167,-1.47749996185,-0.606177210808,0.463228642941,-0.98897343874,0.0134000014514
24149,0.0448499917984,-0.215999960899,-2.13383889198,-0.412898570299,-0.280508518219,-0.0268249604851
2222,-0.211999982595,-0.00325000286102,0.528525650501,0.421802341938,0.113013148308,0.129050016403
10131,0.279599994421,-0.53075003624,-0.226605340838,-0.252557784319,0.0370345562696,-0.603474974632
2958,0.0375000238419,1.23180007935,-0.814382910728,-0.759796202183,-1.20375645161,0.0451250076294
9650,-0.718450009823,-0.70710003376,-0.754152178764,0.216912016273,-1.08355891705,-0.0268500018865
7319,0.222649991512,1.69254994392,0.0219469219446,0.09147554636,0.136822551489,-0.194324985147
4817,-0.706999957561,-0.196000009775,-0.346713483334,-0.140399724245,-1.07848167419,-0.249874979258
9143,2.58389997482,-1.29874992371,-0.0177491754293,-1.04283094406,0.0272018611431,0.645274996758
10494,0.555000007153,0.439500004053,0.133660539985,0.190921157598,0.044706877321,0.168324962258
55324,0.771000027657,-0.284949988127,0.0878918468952,0.135383412242,0.867287933826,-0.242974981666
23149,-1.27075004578,-0.469700008631,-0.408839225769,0.10627707094,0.195711120963,-0.35125002265
9943,-0.945199966431,0.69319999218,0.364999890327,0.496771365404,0.400213271379,0.0541000068188
6599,0.42735004425,1.3995000124,0.72525125742,0.439370453358,0.866560220718,-0.117474980652
51031,0.100200004876,0.686850011349,0.547282040119,-0.224006444216,0.676791787148,-0.631799995899
3566,-1.23000001907,-0.465349972248,-0.0772036239505,0.402113467455,-0.746602594852,0.131374999881
3815,-0.059249997139,-0.987850010395,-0.181412607431,-0.640751838684,-1.27271449566,-0.0541000068188
8624,1.03030002117,0.779199957848,0.129024490714,-0.334669828415,0.585648357868,-0.00270001590252
27346,0.176750004292,-0.195449993014,0.0397171936929,0.361643791199,0.702128767967,0.617174983025
10489,0.0583000034094,1.5515499115,0.0931492894888,0.561227858067,0.485146641731,1.08532500267
26128,-0.255649983883,-0.0972999930382,0.111408382654,-0.839121699333,0.0906073153019,0.236349999905
79921,0.634599983692,-0.909900009632,0.19088563323,0.670241951942,-0.455721497536,-0.0427749976516
55746,-1.48335003853,-0.193249985576,-0.794652938843,-0.511453211308,-0.206762269139,-0.011000007391
23636,0.333900004625,0.126300007105,0.755095481873,0.172667756677,0.752721428871,0.146624997258
10892,0.5325999856,-0.47855001688,-0.0907034873962,0.250854074955,0.0431128069758,-0.231350004673
10652,0.409500002861,-3.39890003204,0.712600648403,0.392432928085,0.88053894043,-0.351000010967
11004,0.0510000064969,0.556500017643,0.0993286669254,0.0165639817715,0.482863634825,0.277399986982
23530,0.686299979687,0.276050001383,-0.481612443924,-1.1190520525,-0.171577811241,0.0439250096679
8826,-1.23099994659,0.0521000027657,-0.0877154320478,-0.143634349108,-1.46099162102,-0.0678249970078
3308,-0.966699957848,-0.891399979591,-2.03783202171,0.00205312110484,-2.29421305656,0.126149982214
7153,0.200850009918,1.33089995384,-0.292046070099,-0.144417703152,-0.308009624481,0.264574974775
11041,0.38615000248,0.529750049114,0.78695255518,0.447028756142,0.318342417479,0.0821249932051
6342,0.188749998808,0.685600042343,0.686576962471,-0.0214409530163,0.666329979897,0.537450015545
5883,-0.0371499955654,0.37349998951,0.235142618418,0.260376930237,0.950495421886,0.258724987507
10589,0.208599984646,0.340049982071,0.399806141853,0.209271252155,0.0126565098763,-0.0387500077486
5110,0.662999987602,-0.136500000954,0.406969964504,0.420391470194,0.301830291748,-0.209050014615
4609,0.591499984264,0.546899974346,0.219200596213,-0.838306009769,-0.791726529598,-0.326150000095
5423,-0.660049974918,-0.662450015545,-0.549237370491,-0.839961409569,-0.0352805927396,-1.25325012207
1070,0.192900002003,-0.706800043583,0.150058627129,0.687368154526,0.158946558833,0.142349988222
10051,-1.95620012283,0.327650010586,0.644736051559,0.496844738722,0.855198562145,0.146624997258
6603,-0.228800013661,-0.0302499979734,-0.607885479927,-0.779418706894,3.83880257607,-0.301550000906
9019,0.829400002956,-0.119500011206,0.466298133135,-0.0963462218642,1.40660059452,-0.494725048542
10969,1.24625003338,-0.468900024891,1.24394357204,0.740250110626,0.922250986099,0.082574993372
9797,0.455149978399,-0.455899983644,0.10069591552,0.373545765877,0.515197575092,0.10744997859
4043,0.578400015831,-0.188749998808,0.692422628403,0.797107040882,0.134847059846,0.172874987125
9519,2.04680013657,0.90909999609,1.04590177536,0.160934180021,-0.385547608137,-0.200750008225
8480,0.272650003433,0.546949982643,0.084922067821,0.0231838338077,0.0770100131631,-0.111025005579
983,0.16360001266,-0.108300000429,-0.104755587876,0.895537853241,-0.407273352146,-0.199424996972
10559,-0.728999972343,0.49975001812,-0.750843644142,-0.14963157475,-0.137244433165,-0.273350000381
8508,0.293200016022,-0.0778499990702,0.242587327957,-0.326409608126,0.371522605419,0.178850010037
9275,0.00454999506474,-0.719900012016,-0.20319750905,-0.401340603828,0.778845071793,-0.377100020647
8914,-0.647799968719,-1.93545007706,0.0015857219696,-0.621705055237,0.0570913553238,-2.00114989281
54505,1.0340000391,0.74564999342,-0.310340166092,0.0925719067454,-0.0508671104908,-0.198125004768
6919,-1.18089997768,0.321650028229,0.171365439892,-0.604577720165,-0.375161886215,-0.379850000143
2274,-0.089949965477,0.419449985027,0.406847953796,3.12742090225,-0.00296752899885,-0.0202750116587
2288,-0.00034999998752,-2.75390005112,-0.00164595944807,0.000939003424719,-0.551818370819,-0.00757499970496
7994,0.0740500092506,-0.538650035858,-0.0502235144377,0.105755873024,-0.0157093703747,0.190974995494
4216,0.507799983025,1.48294997215,0.231071531773,-1.30126690865,0.611656606197,0.137099996209
7538,0.105349987745,1.52149999142,-0.292863965034,-0.781410217285,-1.25380349159,-0.248575001955
3628,0.579999983311,0.752999961376,-0.540613770485,-1.00115478039,-0.326508671045,-0.500225007534
2037,0.289299994707,0.000699996948242,0.290773719549,0.689971983433,0.650615811348,0.18747498095
2771,0.765149950981,0.5013499856,0.874775111675,0.205887451768,-0.40035828948,0.365050017834
7264,1.07494997978,1.14779996872,0.0835730805993,0.589468955994,0.587398350239,0.575924992561
1786,-0.665350019932,-0.55134999752,-0.00209456984885,-0.000217625114601,-0.536662042141,-0.539350032806
5873,-1.4469499588,-0.200650006533,-0.788426458836,-0.874377727509,1.54301512241,0.0984749794006
780,-0.731000006199,-0.688350021839,-1.26128554344,-0.228348121047,-0.417752623558,0.18642501533
9926,0.284350007772,1.46825003624,-0.343366265297,-0.136123821139,0.31767013669,0.731999993324
8446,-0.0171499997377,0.122200012207,0.423212319613,0.282364040613,-0.170222252607,-0.283899992704
7159,-0.316500008106,-0.284749984741,0.108520023525,0.192220434546,0.675432920456,0.112199991941
1026,1.17199993134,0.28979998827,0.663714826107,0.179530084133,-0.196612745523,0.516349971294
7082,-0.964499950409,0.250750005245,-0.319415152073,-1.03848695755,-0.347195357084,0.320199996233
10058,0.790800035,0.773549973965,-0.154733210802,-0.636165499687,-0.435083985329,0.173199996352
10797,0.642050027847,-1.1183000803,-0.128292351961,0.0381640903652,0.412756294012,0.270474970341
11230,1.02204990387,-0.518700003624,0.67207878828,0.48586961627,0.939556479454,-0.181275010109
30836,-1.1046500206,0.0029000043869,0.733067989349,0.201951056719,0.0741577446461,-0.138974994421
27336,-0.652050018311,0.132399991155,-0.000926163513213,0.00185767468065,0.177770018578,0.187325030565
9918,-0.955349981785,-0.314249992371,-0.757134735584,-0.677988171577,-0.846564769745,-0.449225008488
79073,0.893949985504,-0.137749999762,-1.47104287148,-0.556250274181,-0.215752691031,0.454699993134
9688,0.561500012875,-0.0133499503136,1.10754656792,0.277654409409,0.474941045046,0.405099987984
23659,0.352400004864,0.138049989939,-0.351945906878,-0.877604544163,-0.0280561372638,-0.495374977589
8396,-0.06004999578,1.17890000343,0.31277063489,-0.118695542216,0.621931314468,-0.148524999619
23077,-0.498950004578,-0.0147000104189,0.130021572113,-1.649959445,-1.53339624405,-0.0819499790668
10857,0.854749977589,0.301499992609,0.000987917534076,-0.00051067530876,0.735231518745,-0.316749989986
16,-0.10364998877,0.655050039291,-0.363840341568,0.076818190515,-1.29704225063,0.200500011444
2817,-0.315699994564,0.266550004482,-0.23997206986,0.710608839989,2.40552806854,0.426025032997
60528,0.168849989772,0.425300002098,-0.366101682186,-0.0949788689613,-0.471849262714,0.771600067616
5359,-0.947849988937,1.55700004101,-0.425940930843,-0.499600857496,-0.0989440232515,-0.182050004601
1514,0.210850000381,1.37195003033,1.22577786446,-1.07923352718,0.392463207245,0.185525000095
1509,0.902949988842,-0.00364997982979,0.796505868435,0.522647500038,-0.0555855929852,0.0315249860287
9181,0.512499988079,0.339100003242,0.36159619689,0.18732739985,1.02750480175,-0.147175014019
3611,-0.0615999996662,-0.751100003719,1.76288509369,-0.0594040192664,-0.430444538593,-0.680350005627
4783,-0.341849982738,-0.0143999904394,0.335679739714,1.18650996685,-0.644926071167,-0.165275007486
10123,1.32494997978,0.0261999964714,0.0688417702913,0.143302768469,-0.81555378437,-0.237049996853
8895,1.15804994106,-0.0609999895096,-0.317401826382,0.465511113405,0.0203057825565,0.0684000104666
9805,0.207800000906,0.141350001097,0.0105096101761,1.02117133141,0.962720632553,-0.791699945927
4125,0.798600018024,0.285149991512,0.398877710104,-0.562941789627,0.467596232891,-0.103525012732
1635,0.345200002193,2.13359999657,-0.237880706787,0.129493713379,0.421743750572,-0.30940002203
4154,0.831200003624,0.758800029755,-0.817661821842,0.346936941147,-0.0768625587225,-0.82762503624
26292,0.341150015593,0.86259996891,3.91260790825,0.420583456755,-0.313374042511,0.317050009966
5770,-0.616599977016,-0.262950003147,-0.0976434871554,0.121225483716,0.0197771191597,-0.343674987555
25874,-0.640450000763,0.172900006175,0.472085416317,0.853744029999,-0.685208678246,-0.416000008583
11319,-0.994599938393,1.57099997997,-0.64815223217,-0.662106752396,-0.9555529356,-0.00165000557899
1153,1.82570004463,0.138550013304,-0.372445046902,-0.128700911999,0.0196986794472,-0.0552250146866
11098,1.34049999714,-0.153949975967,0.3726978302,0.16711512208,0.847264528275,-0.333049982786
8974,0.389800012112,0.831699967384,-0.486187160015,-0.176926285028,-1.59175610542,0.652875006199
533,0.855049967766,-0.185400009155,0.576157093048,0.389603704214,0.330670535564,0.223574995995
823,-0.590600013733,-0.358850002289,-0.376714348793,-0.449676215649,-1.25277423859,-0.114150002599
6812,0.41914999485,1.50534999371,0.770411431789,0.95956403017,0.454520940781,-0.453325033188
3693,0.64880001545,-0.561699986458,0.107056878507,0.342653036118,0.768112897873,-0.149999991059
4891,0.0204999893904,0.857999920845,-0.199401065707,-1.2401317358,-0.738769173622,0.0278000086546
10954,0.440600007772,-0.589200019836,-0.0649648457766,0.13905775547,-0.16583392024,0.0624499991536
5909,-0.586750030518,-0.0728499889374,0.432883948088,0.680800497532,0.338437855244,-0.35217499733
9221,-0.0516500025988,0.628749966621,0.654022097588,0.438195884228,0.797763884068,0.185625001788
847,-1.13665008545,-0.976750016212,0.281679362059,0.488372474909,0.0483026206493,-0.404100000858
11072,-0.865849971771,0.457349956036,-0.753316640854,-0.897984206676,0.48455876112,0.29632499814
10221,-0.475749999285,-0.354000002146,0.404166400433,0.382177531719,-0.644275009632,-0.157399997115
7158,0.683550000191,1.31560003757,-0.342128515244,0.791615843773,-0.23582136631,0.300299972296
8678,-0.254249989986,0.943400025368,-0.659880161285,-0.268123686314,-0.393665939569,0.532124996185
11014,0.31479999423,0.565649986267,0.936091780663,-0.0302660912275,0.240762367845,0.103100001812
1994,0.387849986553,-0.997799992561,0.340330302715,0.644587516785,3.52914857864,0.00962500274181
3482,-0.47729998827,0.00180000066757,0.211934834719,-0.464906096458,-0.666404902935,-0.498575001955
25976,0.314749985933,1.86199998856,-0.609710335732,-0.163910418749,0.0943965837359,0.147099971771
10491,0.451600015163,0.873899996281,0.0964883640409,-0.591301143169,0.702172040939,0.39825001359
51053,-0.196749985218,-1.48189997673,-0.326506793499,-0.00167840579525,-0.0198430269957,-0.46427500248
9267,0.239899992943,0.00839996337891,-0.0292466580868,0.281043171883,0.441982626915,-0.443599969149
5547,-0.104550004005,-0.227200001478,0.112069785595,-1.34913408756,-0.294646263123,-0.329199999571
6597,0.728000044823,-0.104699984193,0.394848257303,-0.418281823397,0.707579672337,-0.192249983549
5836,0.505200028419,-0.502299964428,-0.400248944759,-0.791191995144,-1.12662935257,-0.0394749939442
6118,-0.230200007558,-0.661899983883,-0.732481956482,-0.439323753119,-0.564022421837,0.208474993706
2961,0.228350013494,-0.556200027466,-0.224330753088,-0.62835931778,-0.962738037109,-0.240924954414
310,1.00249993801,0.387199997902,0.894809007645,-0.182127058506,0.422977924347,-0.266024976969
7296,0.69445002079,1.3438000679,-0.0958369076252,-0.558414399624,-0.00912352837622,-0.225775003433
1429,0.3138499856,1.4265999794,0.229364335537,-0.0714292228222,-0.325263142586,0.539475023746
2548,1.09704995155,-0.325599968433,0.802981257439,0.200494900346,1.2648537159,-0.0333999991417
6499,1.60105001926,-0.376949995756,1.12870454788,-0.27470433712,0.215491533279,0.352074980736
642,1.07015001774,1.20744991302,0.628536581993,0.185591250658,0.33405315876,0.291499972343
23076,0.604700028896,0.306849986315,0.619326472282,-0.63611638546,1.14183783531,0.00522501766682
10099,0.716799974442,-0.901000022888,1.02149927616,0.76856648922,0.7548609972,0.100949987769
9817,-0.450549989939,-0.404799997807,0.337947756052,-0.693953335285,0.288272738457,0.377250015736
9126,-1.32389998436,-0.554250001907,-0.0299193039536,-0.519446074963,-0.30181145668,-0.68029999733
3930,0.20094999671,0.700850009918,0.742622315884,-0.246768847108,-0.457964330912,-0.252525031567
10450,0.0516999959946,-0.415299981833,0.368961066008,-0.608998656273,0.526929140091,-0.0132000036538
54386,0.0286999978125,0.0137999951839,0.227289482951,0.104566141963,0.988263785839,-0.26344999671
664,-0.0332999825478,-0.148200005293,-0.507887661457,-0.552419781685,-0.257227897644,-0.028650008142
596,-0.264649987221,-0.104550004005,-0.61160337925,-0.657530426979,0.182853609324,0.0464250147343
10180,0.710500001907,-0.0899999886751,0.523041248322,-0.613979101181,-0.451162457466,-0.417474985123
1445,-0.0825999975204,0.321749985218,1.05217623711,-0.0187826007605,0.457005679607,0.8396499753
230,-0.311649978161,0.523750007153,0.907645463943,-0.128414779902,0.519832670689,0.645974993706
9246,-0.850149989128,-1.3029999733,-0.347937911749,-1.06384384632,-0.636861145496,-0.415749967098
5092,-0.663650035858,1.53905010223,0.862852036953,-1.01287341118,0.0863056331873,0.0327999889851
23463,0.492900013924,1.02794992924,0.388972550631,-0.529610514641,0.576574862003,-0.073250003159
10007,0.2174000144,-0.0596999973059,0.223840773106,0.619881570339,-0.584144234657,-0.144350022078
4925,0.394449979067,0.299700021744,-0.185325458646,0.0716968998313,0.122480526567,-0.344725012779
6251,-0.304049998522,0.150300011039,-0.494682520628,-0.201066583395,-0.818837225437,0.603150010109
5782,0.625400006771,0.0250000059605,-1.47741901875,-0.368581354618,0.622462689877,-0.738399982452
5106,1.21885001659,0.871050000191,-0.385620713234,0.213140591979,-1.09942877293,0.562549948692
2673,0.0601499974728,1.01625001431,1.22184109688,-0.403093010187,-0.522274851799,1.19157493114
644,0.285100013018,1.5447499752,0.271649420261,-0.141257703304,-2.02243185043,0.636349976063
6284,0.729599952698,-0.622650027275,0.581622481346,1.00240063667,0.64322412014,0.272875010967
4605,-0.935849964619,-0.445949971676,-0.674322366714,-0.480186790228,0.372413158417,0.494325011969
6810,-0.307950019836,0.722500085831,-0.179579168558,-0.372977077961,-1.0672403574,0.349174976349
54499,0.931749999523,0.439049988985,0.898477852345,-0.0203418508172,1.2489477396,-0.0754499956965
11007,0.340799987316,0.461350023746,1.38647258282,-1.15159571171,0.88430583477,0.631274998188
1643,0.792199969292,0.0679000020027,1.38029170036,-0.117027528584,4.06271791458,0.143700003624
25805,0.019999999553,2.641299963,-0.138318508863,0.862547874451,-0.2422760427,0.764050006866
3033,1.16524994373,-0.552399992943,-0.00175668299198,0.495898842812,-0.236375570297,-0.00935000181198
2745,0.0217999964952,0.801300048828,0.325871527195,-0.247537136078,-0.644631206989,0.0221999883652
9961,0.614549994469,-0.591800034046,0.252436518669,0.84352183342,-0.592374801636,-0.55579996109
3925,-0.965200006962,0.257349997759,0.51792794466,0.603885054588,-0.272316813469,0.493925035
2582,0.132799997926,0.850499987602,0.211602255702,-0.498083770275,-0.0029105246067,0.374399989843
5792,-1.32920002937,-0.589450001717,-0.432562172413,-0.329754561186,-0.888996958733,-0.373374998569
5236,0.0429999828339,0.640349984169,-0.314164459705,-0.665068626404,-0.841059267521,0.0865500122309
4016,0.68514996767,0.0797500014305,-0.187903359532,0.152326181531,2.45828533173,-0.341925024986
4651,-0.477850019932,-0.0584999993443,2.95928263664,-0.495611429214,0.385726332664,-0.264400005341
3988,0.17159999907,-0.332749962807,0.111258387566,0.475214838982,-0.0919893831015,-0.315974980593
26227,-0.261649996042,-0.0566499829292,0.403684914112,0.129815489054,0.412305563688,-0.261624991894
7982,-0.0344000011683,0.793799996376,0.168980151415,-0.235205709934,0.148933291435,0.717649996281
3551,-0.362700015306,0.144649997354,-0.46307605505,-1.41562080383,-1.19161009789,0.165775030851
5108,0.852550029755,0.294349998236,1.18879437447,1.26599216461,0.0701001957059,0.276199996471
8870,0.00939998030663,-0.0610000006855,-0.42243257165,-0.522814154625,0.526678621769,0.143600001931
2195,0.722400009632,-0.141550004482,0.600048959255,0.17174397409,0.190275609493,0.0676250010729
8731,0.27064999938,0.492599964142,0.233850836754,-0.596307933331,0.706264615059,-0.547299981117
1956,0.13560000062,1.06844997406,0.359970033169,-1.10776054859,-0.0373011082411,0.537625014782
10276,-0.585099995136,-0.435849994421,0.33224517107,0.468824237585,0.126669541001,-0.281949996948
1666,0.624000012875,-0.487599998713,0.346875071526,0.623753547668,0.497772663832,0.159675002098
4864,0.222099989653,-0.603999972343,0.0585913211107,-0.0892329066992,-0.227238625288,0.274675011635
4232,-0.913850009441,-0.14904999733,-0.000598936807364,0.000999784213491,-0.743774414062,0.00297498703003
5050,0.054299980402,-0.380400002003,0.213011816144,0.000452290521935,0.965862214565,0.38124999404
813,0.426200032234,0.374949991703,-0.217320904136,0.361466139555,-1.71820402145,0.109399989247
3964,-1.66879999638,-0.937649965286,-0.0733578503132,-0.269718706608,-0.941115856171,-0.355599999428
26020,0.493950009346,-0.0623999983072,0.231368839741,-0.683636784554,0.644493401051,0.183599993587
481,0.647400021553,0.294800013304,0.644096195698,0.0814370438457,0.140035748482,-0.238175019622
5019,0.267199993134,-0.289449989796,1.36930298805,-0.40659853816,0.0308686569333,-0.344325006008
291,-0.105399996042,-0.924149990082,-1.39593529701,-0.13389262557,-0.6122636199,-0.398124992847
10973,-0.741600036621,0.603850007057,0.676463723183,-0.308861255646,0.281062275171,-0.357225000858
9697,-0.488700032234,0.631299972534,0.417823761702,-0.200967133045,0.159121870995,0.0520249903202
5831,0.0850500017405,0.442600011826,0.384466767311,-0.631575942039,0.443533778191,-0.287000030279
8202,-0.0158500000834,0.0780000090599,-0.433456659317,-0.191075459123,-0.603435635567,0.710775017738
57804,-0.427050054073,-0.276749998331,0.0523308701813,0.128486275673,-0.840230226517,0.150424987078
5566,0.0432499945164,-0.0425499975681,-0.00109203159809,-1.90298521519,0.146606624126,0.0878000035882
57149,0.925599992275,-0.490800023079,0.257220745087,0.754978120327,1.20775318146,-0.230975031853
7416,1.2595499754,0.652700006962,0.632228732109,2.0717048645,-1.20908427238,0.331900000572
10174,1.29285001755,-0.0822500064969,0.921669244766,0.227864444256,-0.843704164028,0.26574999094
6676,-0.853200018406,0.462700009346,1.52432954311,-0.607105135918,-0.471917301416,-0.398299992085
8884,0.47230002284,-0.738150000572,-0.422802597284,-0.178559526801,0.832656502724,0.137950003147
5997,-0.0500999987125,0.930149972439,0.79174041748,-0.26335221529,0.679290115833,0.00955000519753
57147,0.439649999142,-0.250400006771,-0.404076457024,1.13394153118,1.74095249176,0.680249989033
6909,-0.945050001144,0.52680003643,-0.866659104824,0.7733694911,-0.234077706933,1.26199996471
9093,0.000999999931082,0.219850003719,0.000195527318283,-4.51580905914,-2.68513560295,-3.10695004463
23142,-0.475749999285,0.185000002384,0.511395514011,0.455701649189,-0.399347931147,0.608200013638
8444,-0.632249951363,1.32929992676,-0.175793617964,0.0292201898992,-0.130901038647,0.879400014877
11232,0.786049962044,-0.68465000391,0.309145092964,0.043811134994,-1.59328079224,-0.0311999991536
27095,0.259450018406,0.223099991679,0.301950126886,-0.336412996054,1.76345956326,-0.0368250012398
10732,-1.09039998055,-0.661499977112,0.762255728245,-0.115929141641,0.322488218546,0.765349984169
23029,1.06359994411,0.941049993038,0.524287104607,1.23868858814,1.18917095661,0.831600010395
9270,-4.61100006104,0.444449990988,-4.53337240219,-0.60638833046,0.202321201563,0.647024989128
47,0.316200017929,0.214600011706,0.73439604044,0.760863602161,0.458575427532,-0.350675016642
5889,-0.5950999856,-0.601599991322,0.103296339512,0.467453956604,-0.681097507477,-0.0720749944448
8243,-2.15310001373,0.286000013351,0.254818618298,0.530850589275,4.20493841171,-1.0903249979
10730,5.0,-0.203500002623,-0.258687674999,0.565092146397,-0.35158854723,0.0568749904633
30,0.515900015831,-0.179650008678,-0.0788941681385,-0.0885546505451,-0.532043576241,0.73835003376
7466,0.783800005913,-0.428399980068,-0.4457269907,-0.318464040756,0.651834011078,0.0781999900937
89910,0.329549998045,0.154950007796,-0.271656990051,-0.231096088886,0.846930861473,0.227249994874
56654,0.902800023556,0.200249999762,0.205136984587,0.351368963718,0.407233893871,0.754149973392
501,0.667199969292,-2.64089989662,-0.322825044394,-1.48877561092,0.163681834936,-0.0705500096083
5438,0.783800005913,-0.485050022602,0.476680338383,0.563043415546,-0.405815094709,-0.0855750143528
26993,0.865400016308,0.268849998713,0.483719199896,0.223024532199,0.129287213087,0.472750008106
55111,-0.29905000329,-1.63415002823,-0.316939562559,-0.472834616899,0.879889845848,0.0308249890804
8520,0.568899989128,-0.166050001979,-0.374862939119,1.57611179352,0.686356425285,-0.614149928093
10146,0.82365000248,-1.32019996643,-0.0631415992975,-0.0848251730204,-0.0404833555222,-0.0817000120878
7165,0.340050011873,-0.289299994707,-0.0236184448004,-0.588950514793,0.180793613195,0.414074957371
55011,-1.41560006142,-0.863499999046,-2.1922659874,-2.11591005325,-0.631861925125,-0.305674999952
6461,-0.232149988413,-0.364749997854,-0.372793674469,0.00109738565516,-1.09420108795,-0.168749988079
10813,-0.192849993706,0.282200038433,0.925405144691,-0.274989336729,0.0565038658679,0.894724965096
80746,-0.138049989939,-0.791850030422,-0.161256209016,1.96067607403,-0.155145704746,0.0497749894857
10434,-0.393799990416,-0.4225499928,0.0876765847206,1.60385346413,0.906890690327,-0.314375042915
5607,0.456149995327,0.162000000477,-0.666549921036,1.4618973732,0.497017145157,-0.209850013256
22827,-4.80039978027,0.287149995565,0.128031030297,0.000617655226961,0.642643094063,-2.1991250515
51635,1.02604997158,1.04104995728,0.0616979748011,2.86823606491,0.428759217262,0.0928500071168
84159,-0.716150045395,-0.155650004745,0.0904653221369,1.23138582706,0.194236338139,0.00255000591278
3508,-0.482849985361,-0.431850016117,0.0716505944729,0.756461620331,0.353479921818,-0.475299954414
84890,0.884649991989,-0.0516999959946,1.57242107391,-0.00980752706528,0.956634700298,-0.261675000191
79600,0.243749991059,-0.135700017214,-2.21549129486,-0.300365328789,0.21860191226,0.0887250006199
8574,0.405099987984,0.0724000036716,0.814312517643,0.332366734743,0.749211370945,0.188300013542
5529,-0.255999982357,0.57515001297,-0.212905526161,-0.380345523357,0.350526839495,-0.499025017023
3909,4.55194997787,4.61334991455,-0.654435515404,1.02757430077,0.276769340038,0.385850012302
9637,0.283250004053,-0.23219999671,0.350651353598,-0.240295633674,1.15140807629,0.320275008678
8518,3.6021001339,2.05800008774,0.495442926884,1.07604861259,-0.459475040436,0.323925018311
6443,-0.39200001955,0.154000014067,1.25819861889,0.408652901649,1.87566161156,0.269774973392
58478,0.104550004005,0.740249991417,-1.97380578518,-3.90854310989,0.440847814083,0.421175003052
4850,-0.37760001421,-0.576699972153,0.269345939159,-0.20085889101,0.257272064686,-0.531550049782
23210,0.443250000477,0.422350019217,-0.169559910893,-0.90621137619,-3.6311943531,-0.42677500844
54733,1.04830002785,-1.53684997559,0.384134560823,0.118250995874,1.39289844036,0.0950749963522
55129,0.284000009298,0.0443499982357,-0.455031663179,0.532821297646,2.21472406387,-0.219250008464
10273,0.00065000000177,0.00034999998752,-0.03809344396,0.00017425356782,1.47701621056,-0.752825021744
572,-4.13785028458,0.0467000007629,-1.93953132629,0.299847483635,0.659981071949,0.717525005341
5716,-0.112449973822,0.347699999809,0.300803780556,0.675748109818,2.632117033,-0.873024940491
22841,0.0846000015736,1.35625004768,-0.388037741184,-0.380790472031,1.6532933712,-0.557299971581
2356,-3.96264982224,-0.0195499993861,-0.78989481926,-0.302483260632,0.944442510605,-0.0298749804497
6050,0.74555003643,1.27505004406,0.300795376301,-0.678648531437,-0.298142969608,0.237425014377
64422,-0.111499994993,-0.464749991894,1.67441940308,0.994325757027,0.231974795461,-0.698875010014
8837,-0.739149987698,0.577299952507,-0.300997078419,-0.0691517144442,-0.167057573795,-0.306249976158
55127,0.212999999523,-0.396950006485,0.612935364246,0.460429251194,-0.108099296689,1.89927506447
23335,-1.09905004501,0.850649952888,-2.56985783577,-0.697834730148,1.35413277149,-0.498900026083
10270,0.947699964046,0.919999957085,1.26738667488,0.797581672668,0.706310868263,0.125699996948
6509,-0.388249993324,0.557999968529,0.214842692018,0.299246788025,0.707044541836,1.48199987411
83743,-0.348299980164,-0.268099993467,0.670910656452,-0.434855520725,-0.503904402256,-1.13794994354
6772,0.920099973679,1.4959499836,0.687433004379,-0.166801720858,-0.190035656095,-0.463800013065
22887,1.04585003853,3.98259997368,1.35635924339,-0.337649792433,1.06968510151,-0.396575003862
51001,-2.02384996414,-0.44960001111,0.128131181002,0.186791926622,-0.141668602824,-0.56694996357
26511,-1.62619996071,-0.79439997673,0.381517529488,1.01984393597,-2.40860652924,0.00552500039339
7874,0.380400002003,-0.022750005126,0.592010080814,-0.266790479422,0.746802806854,0.285849988461
51070,-0.123299986124,-0.457500040531,0.151257202029,0.482292324305,1.09070420265,0.42757499218
1738,3.14974999428,0.120049983263,-0.110184490681,-0.815471053123,1.50352239609,-0.142825007439
3416,-1.16910004616,1.52460002899,-0.653887033463,-0.0638923496008,0.474754631519,0.289925009012
9128,0.44494998455,0.5800999403,-0.265993744135,-0.468605786562,0.505231738091,0.274325013161
9833,-0.814900040627,0.927150011063,-0.744741797447,-0.655708730221,0.0337090790272,0.252099990845
4088,-0.0179000198841,0.381849974394,0.667769253254,0.427677720785,0.134520053864,0.131825000048
5018,0.936900019646,0.685500025749,0.0689986944199,0.630696058273,0.27125659585,-0.262599974871
51375,-2.4118001461,-0.300849974155,0.00203966302797,-0.0329607352614,-0.269007593393,0.102724999189
55038,-0.301799982786,-0.178499996662,-0.150731950998,2.39240860939,0.633326113224,0.348249971867
23061,0.954150021076,0.973900020123,-0.114801466465,0.216165482998,0.307126253843,1.15065002441
64428,-0.72469997406,-0.750149965286,-0.420313149691,-0.0476690530777,-0.638215303421,-0.436549991369
11325,1.29110002518,0.0609499812126,-0.287324339151,0.322842776775,1.03742396832,0.064800016582
9641,0.0483000017703,-0.235499992967,-1.28262758255,-0.495056390762,2.18415379524,2.81119990349
23038,0.0118499994278,1.87864995003,2.16343355179,-0.111171901226,0.27933883667,0.873800039291
57048,-0.632400035858,1.98825001717,0.152971684933,-0.0931543558836,0.481398165226,-0.0377499908209
94239,-0.748800039291,-0.49509999156,0.0590876340866,-0.814750313759,-1.14834749699,0.546975016594
51203,-0.592100024223,-0.28875002265,-0.807891428471,-0.396064907312,-0.719976842403,0.0256999880075
388650,-0.539399981499,-0.350699990988,0.00135540321935,-0.00224158749916,-0.923545002937,-0.45845001936
23039,0.810649991035,0.271049976349,0.483188599348,0.807111978531,0.371836751699,-0.136999994516
55179,0.122400015593,0.158950030804,-0.23183453083,0.220171704888,-0.748849213123,-0.247075006366
5827,0.435550004244,-0.770500004292,0.375738531351,1.01375734806,1.32847940922,-0.0273749828339
10245,2.56230020523,0.20554998517,-0.30116558075,0.264215052128,0.435938447714,-0.497600018978
6813,0.738999962807,0.30110001564,1.30263352394,1.42520368099,-0.609686434269,1.10482501984
3251,0.496899992228,1.20134997368,0.194663673639,-0.0734990760684,2.33186745644,1.91350030899
23212,-0.620350003242,0.134100005031,-0.33614680171,-0.449873566628,-0.251521229744,-0.309849977493
23536,-0.491149991751,0.190600007772,0.0184583514929,-0.888047575951,1.58479595184,0.447649985552
51282,0.669299960136,-1.11129999161,0.78665792942,0.560219943523,-0.816868782043,-1.87285006046
10227,-0.670750021935,-0.0712499916553,1.06991291046,-0.402010023594,0.468801736832,0.048299998045
50813,-2.31554985046,1.55715000629,-0.523641765118,-1.03892958164,0.0807912796736,-0.042475014925
51024,0.135499998927,0.654299974442,0.0582359880209,-0.873597860336,-1.30196666718,0.625800013542
53343,0.441749989986,0.32674998045,0.538021504879,0.513433098793,-0.675733685493,0.291225016117
1465,0.476900011301,-3.49690008163,0.186850190163,0.299943953753,-2.0667090416,0.38789999485
79006,0.482649981976,0.41274997592,0.186684325337,1.48461818695,0.414888948202,0.388450026512
6988,0.714550018311,-0.0270499959588,1.04642939568,-1.08641266823,-0.028425514698,0.240125015378
11011,-0.35045003891,-0.00244998931885,-0.113866463304,-0.996660888195,-0.644554018974,0.605599999428
23325,-0.250450015068,1.28514993191,-0.17435285449,0.0439724326134,-0.462388515472,0.27680003643
10049,-0.62450003624,0.563950002193,-0.536038458347,0.168000206351,-0.951025605202,0.0532999932766
3157,0.42950001359,-4.08839988708,0.000893060467206,-0.0010382658802,0.00026877244818,0.0
200734,-0.830000042915,-0.106349997222,0.0386034920812,-1.08950531483,-0.949659943581,-0.29527503252
9053,-0.965449988842,-4.38199996948,-0.311860501766,-0.316749572754,-0.479077041149,-0.298624992371
79094,0.717549979687,-0.850600004196,-0.632951378822,0.385373145342,-1.19198954105,-0.0781749933958
2778,0.360500007868,-4.57810020447,0.126926586032,0.000421162607381,0.064858533442,0.354099988937
54881,0.375999987125,0.0436500012875,0.468112379313,0.0961606502533,-0.359742164612,-0.359849989414
54807,-0.956050038338,0.176099985838,0.24417719245,0.582772254944,0.132409393787,1.74320006371
323,-0.404049992561,-0.591449975967,-0.636085510254,0.341688960791,-0.365976780653,0.310049951077
26001,-0.459599971771,5.01844978333,0.795848369598,-1.19010567665,-0.166009560227,-0.969824969769
10190,0.300900012255,-0.906300008297,-0.190349161625,0.420433282852,-3.54733991623,0.333774983883
9686,0.54340004921,0.722199976444,0.0311452299356,0.584193587303,1.36281490326,-0.331024974585
54915,0.446749985218,2.70495009422,2.20350146294,0.707283437252,1.342207551,-0.0669749975204
23658,0.642050027847,0.0938499942422,0.614101886749,0.244916275144,1.07514286041,0.119624972343
7750,-0.449050009251,-0.380349993706,-0.465744763613,-2.48587226868,0.0808341503143,-0.166449993849
79643,0.604750037193,-0.475849986076,0.779479146004,-0.103926531971,1.07522726059,0.119724988937
9488,0.580399990082,0.627799987793,-0.69655162096,-0.342176049948,-1.2260311842,-0.114575006068
11200,0.409900009632,0.714699983597,-0.658914625645,-0.352095872164,1.4995803833,0.172450006008
65057,-0.897049963474,0.266799986362,0.145756989717,0.653566598892,-2.52199053764,-0.248900011182
6832,0.451449990273,0.0494000315666,-0.365990042686,-0.0592506192625,-0.44618666172,-0.106825001538
23131,-1.11444997787,1.90744996071,0.607633054256,-0.440017223358,-0.0969672873616,-0.184550002217
10776,0.989600002766,0.194200009108,0.521740078926,0.507495999336,0.747253119946,-0.235000014305
6253,-1.22780001163,0.0270500034094,-0.000613412936218,0.171885192394,-0.619270026684,-0.13832500577
79716,-4.00740003586,0.105700001121,0.392024606466,0.249878615141,-0.832253873348,-1.20620012283
29978,-5.31090021133,0.00730000436306,-0.145505040884,8.24742984772,0.399504005909,1.98852491379
9988,-0.0269000008702,-2.65059995651,0.314541727304,0.662727594376,-1.76332247257,-0.396425008774
10845,0.188400030136,1.31529998779,-1.57916545868,-1.31450676918,-0.205940783024,0.86682510376
54957,-0.912299990654,1.17199993134,-0.0490953698754,-0.876422166824,-0.175931453705,0.065575003624
79170,0.173849999905,-0.345450013876,-0.529283761978,-0.675158500671,-1.15738654137,-0.117099992931
10610,-1.04170000553,-0.612049996853,4.26574087143,0.377523690462,-0.875610411167,0.322849988937
128,0.996299982071,0.641650021076,1.06734716892,0.718353271484,1.26269173622,-2.52232503891
51026,0.368799984455,-0.454400002956,-2.03894281387,0.0588573440909,-0.236142158508,0.139699995518
5498,0.454400002956,-0.856199979782,-0.355767607689,0.278526484966,-0.825555980206,-0.633374989033
124583,0.736400008202,-0.342099964619,0.620835840702,0.12766776979,0.638489127159,0.51277500391
9455,-1.08854997158,-0.0869999974966,-1.28537869453,-0.72821944952,-0.224325016141,0.0574999973178
1212,0.407099992037,0.10609999299,0.387817323208,2.16886353493,-0.732973635197,-0.126049995422
5255,-1.03314995766,-0.819300055504,-0.297837495804,-0.127950847149,-0.840611696243,0.645125031471
9448,1.03184998035,0.648599982262,-0.305191189051,0.119007885456,-0.620365262032,0.255600005388
9924,1.40024995804,1.38199996948,-0.107966981828,-0.43527340889,0.564505517483,0.250824987888
5480,0.58134996891,-2.44479990005,-0.279277980328,0.0048615578562,0.839273571968,4.95792484283
1983,0.710400044918,-1.53229999542,-0.726124942303,1.12947893143,-2.38382744789,-1.54835009575
56889,0.0618499815464,-4.53429985046,0.00824823975563,0.461035192013,-0.188258230686,-0.0451750010252
79080,-0.914399981499,0.0499000102282,-0.944376111031,0.117195591331,-1.26780080795,-0.428449988365
9016,-1.61465001106,0.00149999558926,-1.33843183517,0.0822327956557,-0.381527155638,0.0440000034869
6915,-1.18254995346,-1.03310000896,-0.593536257744,0.73557716608,-0.73047721386,-0.277499973774
9709,0.324800014496,1.08739995956,-0.998593091965,-0.317116826773,2.29538822174,0.447674959898
116832,0.572100043297,-0.530600011349,0.215964734554,0.747369885445,0.625847518444,-0.177075028419
670,-0.777249991894,-2.28474998474,0.16230994463,-0.158174812794,-3.35486555099,-0.0587749779224
7867,-0.230650037527,0.64335000515,-0.625945568085,0.802626252174,0.364148557186,-0.463199973106
79143,-0.218450009823,-0.189500004053,-0.0460467785597,-0.586275458336,-0.748522460461,-0.341174960136
11284,0.322350025177,-0.268649995327,0.625338792801,-0.260062307119,0.927866220474,1.15910005569
23443,-0.135700002313,1.23854994774,-1.34527564049,0.0620750002563,-0.787548303604,2.75157499313
51599,-0.791350007057,-0.475350022316,-0.452416360378,2.36029243469,-0.342036217451,-0.24849998951
5927,0.344050019979,-0.27555000782,0.573658764362,0.866323947906,0.833402037621,0.0227750018239
55793,0.0168000012636,0.761350035667,-0.17266073823,-0.603976666927,0.502230167389,0.312225013971
5867,-0.0294499993324,2.15715003014,1.43467545509,1.21185088158,-0.187095329165,-0.370175004005
7866,0.283450007439,-4.24499988556,-0.446499407291,-0.171903729439,0.786314725876,-0.0760000050068
25825,0.624950051308,-1.39409995079,-0.487619638443,0.220589399338,-0.848128259182,-0.471550017595
4067,-0.0212500095367,-0.879400014877,-1.10668540001,-0.388270944357,-0.386926412582,-0.34957498312
51015,-0.914649963379,-0.395850002766,-0.052662178874,0.122226640582,-0.0878134220839,-0.263175010681
5891,0.199249982834,0.281599998474,-0.8709897995,-0.244325771928,-1.61639046669,-0.0667499899864
3300,1.18850004673,-1.48944997787,0.458764672279,0.634752988815,0.886402130127,0.0771749988198
64781,0.146300002933,0.333050012589,-0.521431386471,0.78558588028,-0.0943095460534,0.929899990559
51056,0.149700000882,0.105150006711,-0.559097886086,0.813585340977,-0.0519141107798,0.0393249988556
8550,-0.682299971581,-0.893049955368,-0.311080753803,2.30519127846,-0.147927820683,-0.665950000286
50810,-0.235350012779,5.19075012207,-0.562017500401,-0.11297377944,2.48933315277,-0.0464750081301
23011,0.636299967766,0.0337499976158,-0.934392094612,0.541465818882,-0.262977361679,0.67334997654
11168,-0.269649982452,1.54359996319,0.00492835789919,0.371381133795,-3.45823717117,0.0427500084043
1385,-1.24105000496,0.369450032711,-1.3722525835,0.526657342911,0.337604224682,-0.26415002346
10150,0.222250014544,-0.846700012684,-0.466310203075,0.234292864799,-0.342962086201,-0.714725017548
29763,-0.600000023842,0.262399971485,-0.972916841507,0.730960547924,-0.995852530003,0.0932500064373
9112,-0.165300011635,2.11574983597,0.278802990913,-0.383440822363,1.21949863434,-5.10500001907
23499,0.146450012922,1.54400002956,0.527232468128,-0.731945514679,0.643285810947,0.145925015211
85236,0.580000042915,0.101599991322,-0.351629018784,-0.648659348488,0.7451415658,-0.35404998064
5096,-0.331799983978,1.03910005093,0.337206482887,-0.358327537775,-0.0640220269561,0.188099980354
55620,0.0907000005245,-0.298450022936,-0.682407557964,0.266972780228,-0.268551081419,1.56502497196
5373,-0.872850000858,-1.41479992867,-0.0422118939459,-0.0835150554776,-0.825524866581,-0.524500012398
51170,1.51664996147,0.337000012398,-0.169441848993,1.54528462887,0.160505771637,-0.671974956989
54850,0.168949991465,-0.642449975014,-0.536869049072,0.553356826305,-0.784766554832,-0.0296000018716
80349,0.166950002313,0.634400010109,0.350881665945,0.190324440598,1.05140995979,0.0874500051141
355,0.740550041199,0.854650020599,-0.399253427982,0.135399132967,-0.13578940928,-0.278225004673
1062,-1.08749997616,0.371299982071,0.0417251735926,1.41149544716,0.533542752266,0.763674974442
8804,-0.782899975777,-0.310050010681,-0.00248578935862,-0.449992090464,0.515654146671,0.0963249951601
80758,0.611799955368,-0.364800006151,-1.28734076023,0.47956174612,0.680449545383,-1.73585009575
375346,0.499699980021,1.6400500536,0.120378851891,0.310965925455,0.408912420273,0.754224956036
51385,1.12549996376,-0.644450008869,-0.180451333523,0.123350068927,-0.753769874573,0.934799969196
55748,1.27869999409,0.0347000062466,0.157120585442,0.268990129232,1.21793532372,-0.889350056648
10318,0.376650005579,-0.540250003338,0.0603039488196,1.00418066978,0.342849493027,-0.046075001359
54681,0.477200001478,0.376550018787,0.625245630741,-0.521871447563,1.17694973946,-0.820625007153
7905,-0.0419999957085,-0.192899987102,1.82875037193,-0.601782739162,-0.511595129967,0.125750005245
28969,1.34979999065,-0.377400010824,0.188811466098,0.424319207668,2.79467964172,0.371474981308
10668,0.245199993253,0.441349983215,0.3278195858,0.947876095772,0.114293456078,0.0654750093818
51005,-1.76630008221,1.29525005817,0.0298247896135,-0.337965190411,0.484339654446,-0.135550007224
8800,-0.730199992657,3.85840010643,-0.436816453934,-0.469075351954,-0.9449852705,-0.1066750139
54438,-0.983500003815,-0.230700001121,1.45537567139,2.92161130905,-0.787890911102,-0.0849250257015
55825,-0.247050002217,-0.685249984264,-0.527914643288,0.014906886965,0.258012086153,0.0016999989748
8835,-0.185450017452,-0.852150022984,-0.582333803177,-0.158836022019,-0.741364359856,-0.18900001049
64429,-1.97775006294,-4.72060012817,-0.171653300524,-0.503051161766,0.137709826231,0.0962500050664
3682,-4.43114995956,-0.23164999485,-1.98294949532,0.226170599461,-4.8848361969,0.672274947166
10329,-0.0356499999762,0.76810002327,-0.578515529633,-0.382792145014,0.105018123984,0.192199990153
27109,0.957199990749,-0.797850012779,1.02296841145,1.16341114044,0.870949447155,0.381900012493
51335,0.551200032234,-0.0377999842167,0.156336992979,0.0572751499712,1.27576565742,0.324624985456
3202,1.84200000763,-0.4728500247,-0.363534212112,-0.595598757267,-0.248515635729,0.0202749967575
2896,0.554700016975,-0.70275002718,1.07468438148,0.0961464941502,0.737340688705,-0.280749976635
79902,0.0927999913692,-0.051049977541,-1.74787330627,0.634049355984,-3.60752129555,0.473349988461
29083,-1.49259996414,-0.723600029945,-0.256609857082,-0.38029140234,0.175604313612,0.275625020266
5747,0.0110499858856,-0.182449966669,-0.411716103554,-1.40433883667,-1.6509052515,0.734075009823
22905,-0.536050021648,-0.90625,-1.02408468723,-1.05739700794,1.66315412521,-0.0639250129461
63933,4.04335021973,0.0079500079155,1.28030025959,0.803185939789,1.41583943367,-0.130000010133
9847,-0.327650010586,0.570849955082,0.0486430749297,0.419881463051,0.642446994781,-0.666650056839
51021,0.453750014305,-4.67174959183,0.815547823906,0.657040834427,0.387814283371,-1.43019998074
8996,-1.4579000473,-0.762799978256,-0.59196805954,-0.468015789986,-0.380405306816,0.107024997473
7376,-0.392499983311,-0.184799998999,0.696408390999,-0.0270347520709,-0.917017638683,3.34877490997
5357,-1.06840002537,-0.405599981546,-0.163575410843,-1.26746368408,-0.476067483425,-0.205500006676
56940,0.309599995613,-0.0905999988317,0.0580308884382,0.0862699821591,0.52093565464,-0.546424984932
6195,-0.997699975967,4.83465003967,-0.186299651861,-0.351198405027,0.76406878233,0.692900002003
1633,1.05804991722,0.066949993372,1.71928703785,1.05535960197,0.799054205418,0.38250002265
23321,0.293949991465,-3.19029998779,0.0381598770618,-0.00208320538513,-1.72853815556,0.479925006628
51160,0.509350001812,-5.40990018845,-0.00468166172504,-0.456833332777,0.604912519455,-0.428975015879
55604,1.02110004425,3.54309988022,0.654905557632,0.329981684685,-0.0445933267474,0.703575015068
2063,0.485199987888,-0.247449994087,-0.0349697172642,0.784773826599,-0.241226226091,0.802974998951
54512,0.808349967003,-0.855000019073,-0.0759471654892,-1.68995308876,0.0412609130144,0.327349990606
9124,1.78740000725,-0.312700033188,0.991989791393,0.513691842556,-0.0821624100208,-0.469875007868
79174,-0.0188999995589,-0.538150012493,0.120930776,-0.0450605452061,0.519453585148,-0.0328749865294
23223,2.27230000496,1.00564992428,-0.186487406492,-0.627384364605,-0.49466586113,-0.0166999697685
39,-0.177300006151,-5.19794988632,0.224083438516,0.203193843365,0.873134851456,0.40202498436
57215,-0.0943499952555,-0.615949988365,-0.732307612896,-0.15052010119,-0.109439700842,-0.489550024271
1052,1.35589993,0.521600008011,-0.502747952938,-0.105366155505,-0.883234918118,-0.189824998379
23139,0.129449993372,1.84685003757,0.172655686736,-0.63521361351,2.51036858559,0.0479499995708
79947,-0.331499993801,-0.45664998889,-0.465156555176,-0.630118489265,-0.625317394733,-0.160299986601
4616,-0.489099979401,-2.00755000114,-0.333575099707,1.24007678032,-0.87131023407,-0.0715750008821
9710,-0.443349987268,-0.312799990177,-0.775284051895,-0.0487194769084,0.0356711819768,-0.571025013924
6990,0.17515000701,-0.41479998827,-1.78452718258,-1.36314177513,0.260974675417,0.174974992871
29082,-0.542150020599,0.508900046349,-0.0349236950278,-0.688641905785,-0.268221378326,0.381449997425
9670,-0.651350021362,-0.625149965286,-0.725911915302,-0.0225501209497,-3.82741427422,-0.391899973154
81533,-0.717700004578,-2.06765007973,-0.381616353989,0.0105574168265,-0.290474563837,0.0690750032663
10525,-0.683950006962,0.0500999987125,0.73888283968,-0.0834807381034,-1.06010615826,0.178774997592
2353,-0.975600004196,-0.66865003109,-0.994837641716,-0.614468216896,0.0364952981472,-0.559125006199
57192,0.321299999952,-0.6304500103,-0.203201636672,0.90679359436,2.54987692833,-0.72595000267
3398,0.684800028801,-0.327250003815,0.359685152769,2.32801222801,1.39454627037,0.723625004292
3775,0.100699998438,-0.078350007534,-0.214383214712,-0.128377631307,-0.143416553736,0.239775002003
26064,-0.992649972439,0.86905002594,-0.177922785282,-0.00392715865746,-4.41828775406,-0.668599963188
29103,-0.315999984741,-0.406100004911,-0.30558013916,0.408029437065,-1.11978065968,0.709749996662
3206,0.0886999964714,-0.117349982262,-0.727674484253,-0.330596774817,2.41055393219,-0.12247505784
1500,-0.228749990463,-0.546000003815,-0.481529414654,-0.23380947113,-0.601696968079,-1.53607499599
7690,0.968549966812,-0.413100004196,0.408222734928,-0.583166658878,1.12898290157,0.222800001502
29911,-0.961700022221,1.25620007515,-1.49965035915,-0.390079289675,0.306659042835,-0.401625007391
2064,-0.85095000267,0.0458000004292,-0.0591009221971,0.0398266203701,0.963022708893,0.254774987698
65123,-0.569500029087,0.197149991989,0.837299287319,0.504988908768,1.70264101028,0.0495250076056
5986,-0.213699996471,-0.348900020123,-0.83887308836,-0.024398304522,-0.0288351774216,-0.0736000090837
85377,0.040600001812,0.305649995804,0.667587280273,-0.128621518612,0.273484885693,-0.253600001335
9903,1.63890004158,0.386750012636,0.170861393213,-0.404634237289,0.383158624172,-0.160400003195
7088,1.59065008163,0.158500000834,1.13376092911,0.858320236206,0.297885686159,0.289700001478
22796,-0.951499998569,-0.615549981594,0.320151537657,-0.667972266674,-0.253839850426,-0.0299999862909
51116,-0.296199977398,-0.212999999523,-0.332559943199,3.76788854599,0.0149926096201,0.779475033283
54442,-0.138999998569,0.0438999980688,0.314677119255,-0.662716448307,3.04656076431,-0.541324973106
10695,-1.38505005836,-0.888350009918,-1.12421524525,-2.11436247826,0.152648225427,0.772074997425
102,-0.0974499955773,0.518149971962,0.108704790473,-0.489081740379,-0.0477531552315,0.293099999428
965,0.939499974251,0.410199999809,-0.471601188183,-0.960235357285,2.22614598274,-0.476599991322
3800,-0.809000015259,-0.291099995375,0.301009327173,0.546821415424,0.698930621147,1.42812514305
10362,0.566550016403,0.472400009632,0.608254432678,-3.54796719551,0.38107830286,0.0865249931812
5300,-0.721949994564,-0.451099991798,0.361339867115,-0.84853041172,0.372582882643,0.378650009632
8270,-1.33089995384,-0.724349975586,-0.130141600966,0.0908995270729,0.27807945013,0.962125062943
27242,-5.3779001236,0.0284499991685,-0.308379679918,-0.498051017523,-2.70351648331,0.33152499795
9928,0.41060000658,0.316199988127,0.27846160531,-1.24849379063,0.872961938381,-0.264274954796
1534,0.680100023746,0.715450048447,-0.372564017773,-0.106592804193,-0.49844199419,-0.420225024223
5654,0.48425000906,0.270449995995,0.726564764977,0.940273284912,0.343573510647,-0.500800013542
10810,-0.246000006795,0.477800011635,0.376899927855,0.529922664165,0.122083999217,-0.328875005245
7105,-0.480349987745,-0.334199994802,-0.0621107965708,-0.674198806286,-0.891849517822,-0.442974984646
23014,0.39904999733,0.38560000062,-0.236442863941,0.529121100903,-2.97160172462,0.310675024986
55012,1.2405500412,0.547250032425,1.71317851543,-0.0935672521591,0.16814160347,0.229175016284
2887,0.136899992824,0.17484998703,1.15639579296,-0.989222109318,-0.370028108358,-0.123299993575
9183,-0.238949984312,0.416850030422,0.0196334719658,-0.703310310841,0.6456553936,-0.176224991679
11151,-0.383249998093,0.694050014019,-0.0675076693296,0.75115686655,-1.06740665436,-1.40992498398
7511,0.283950001001,0.209450006485,1.10472249985,0.208566606045,1.81416165829,-0.147574990988
10046,0.045500010252,5.60379981995,-0.0978572368622,-0.594554185867,0.685772776604,-0.310000002384
1829,-1.13840007782,-0.177999988198,-0.289915531874,-0.0929629802704,-0.823727190495,-0.147974997759
11000,0.0714499950409,-0.448350012302,-2.34121775627,-0.110276326537,-0.934363901615,-0.0747750103474
976,0.503949999809,0.193750008941,0.0702146589756,0.166393741965,0.768997073174,-0.363099992275
3597,-0.868999958038,-0.636200010777,-1.34161221981,-0.0790268406272,-0.855165719986,-0.379275023937
178,-0.605400025845,4.13644981384,0.0751866102219,-1.07038807869,-0.946256995201,2.03220009804
2625,-0.541249990463,-0.0655000060797,-0.926721870899,0.891318976879,2.00185704231,0.33167502284
6119,0.302950024605,-0.570100009441,0.221721574664,-0.358363479376,1.08941257,-0.137924998999
26136,-0.621950030327,-0.73290002346,-1.40076375008,-0.901691257954,-1.16949856281,-0.170049980283
6697,0.385850012302,0.884850025177,-0.00641392171383,-0.433150708675,-0.410916924477,-0.0673500001431
5971,0.0676500052214,4.62785005569,-0.194710224867,0.440133631229,-0.334883034229,2.16297507286
22934,0.777199983597,-0.5625,-0.0298634786159,0.0687340945005,-0.518265247345,0.55802500248
9289,-0.276749998331,0.294900000095,-0.254750937223,-0.148017734289,0.922528147697,-0.250524997711
4931,-0.574849963188,-0.165150001645,0.000274600606645,-0.000712981098332,-0.423284560442,-0.346774995327
4200,0.256699979305,0.344550013542,1.60221266747,0.805227458477,0.130269140005,-0.0817499756813
93594,-0.705950021744,2.37284994125,-1.52356469631,-0.509702444077,-0.232617110014,1.03870010376
5982,-0.783149957657,1.34144997597,-0.435601651669,-1.33652186394,0.561187982559,0.114599987864
26520,-1.53499996662,-4.89279985428,0.289809286594,0.269938439131,0.522064566612,0.0290250070393
4998,-0.875849962234,-0.30680000782,-0.164115205407,-1.44745922089,-1.00920879841,-0.986075043678
10038,0.0131999999285,0.424199998379,0.552573204041,0.0217177197337,0.197154507041,-0.101200014353
60493,0.909600019455,0.833899974823,0.00929139181972,-0.524042129517,-0.398602038622,0.343750029802
51495,-0.548550009727,0.219650000334,-0.65956890583,0.913351893425,0.122488833964,-1.60055017471
4482,-0.115049988031,1.27250003815,-0.420070111752,0.978059589863,1.10302865505,0.631900072098
23224,0.542100012302,0.862049996853,0.541925311089,-1.82319140434,0.0182494223118,0.511425018311
9690,0.336250007153,0.73014998436,0.231854647398,-1.66366255283,0.112591989338,-1.33714997768
80212,-0.44185000658,-2.35860013962,-2.1459851265,0.215044498444,0.829488754272,0.000799991190434
29928,0.464850008488,-1.06809997559,0.128923669457,0.191637173295,0.191166564822,0.145799994469
22809,0.62374997139,-3.06554985046,-0.631519317627,0.232785195112,0.234111845493,0.249650016427
50814,-0.438100010157,0.33544999361,0.45277684927,-0.444717854261,0.162215620279,0.33257496357
55256,0.774800002575,0.563149988651,0.954705715179,-0.22370646894,0.203445136547,-0.109100013971
56997,0.832400023937,5.19094991684,0.526419103146,-0.544873297215,0.635924577713,2.90209984779
81544,-0.358049988747,0.0129500031471,0.522297382355,1.20602679253,-0.761567294598,0.862900018692
6894,0.022699996829,0.54825001955,0.427385866642,-0.513689279556,-1.2424325943,-1.09067499638
64080,-0.498149991035,-0.258399993181,-1.06485533714,-0.0721871331334,0.883831739426,-0.486149996519
55818,0.145050004125,0.113850027323,0.00964565575123,0.246415689588,-0.014038965106,-0.159950003028
637,-0.413900017738,-0.389099955559,-0.900505959988,-0.770859777927,-0.93645966053,0.241525009274
22823,-0.562900006771,0.638999998569,0.510928869247,0.518491268158,0.162757486105,0.315075010061
5287,-0.551800012589,0.0839000046253,0.694195568562,0.436289578676,0.819323480129,0.482800036669
91137,1.06900000572,0.323399990797,-0.197868168354,0.334960639477,-0.697341859341,0.852624952793
23097,0.173449993134,0.561649978161,0.297618567944,-0.0970858708024,-0.0432232320309,-0.565750002861
9851,0.976549983025,0.202300012112,-0.297943234444,-0.0955562964082,-0.380014926195,-0.332325011492
23522,0.707949995995,1.96799993515,0.564884364605,0.569435715675,0.0912326350808,-0.891825020313
1123,-1.38610005379,-0.329699993134,-0.788142263889,0.196111664176,-0.702861309052,0.0677000209689
5603,0.771700024605,-0.073449999094,-0.192472487688,-0.442682802677,1.28850924969,0.128974989057
51569,0.470200002193,-0.248699992895,-0.372150152922,1.0487331152,-0.45433306694,-0.251049995422
55699,0.319999992847,1.53069996834,-0.451077520847,-1.37198150158,-0.838044524193,0.0316000133753
2624,-0.3274500072,3.96510004997,-0.559009671211,0.0139417275786,-0.33215790987,-0.0861750096083
8204,-0.128800004721,0.176350012422,0.0435648486018,-0.127246275544,-2.5589029789,0.778299927711
9133,0.065850019455,0.747699975967,1.85291659832,-0.408347070217,-1.65046727657,0.178974986076
10921,-0.211099997163,-0.49849998951,-1.22337043285,-1.45211219788,-2.1637635231,-1.82622504234
51742,-0.035000000149,1.03680002689,0.583715081215,-0.111159093678,0.0463314503431,-0.150625020266
2954,-0.406900018454,-1.03705000877,0.42254832387,2.21717333794,-0.855924427509,0.14942497015
27244,0.167300000787,0.301649987698,-0.469456076622,0.28404378891,0.730981111526,0.645749986172
23013,-0.239749997854,0.38244998455,0.502947747707,-1.06394982338,-3.73113751411,-0.296224981546
8050,-0.315300017595,0.336600005627,-0.111197501421,-0.760704517365,0.155362442136,-0.200899988413
79961,-0.446299999952,-0.407299995422,-0.666351139545,0.675258934498,0.070706307888,0.233275011182
2017,0.513999998569,-0.201199993491,0.476250559092,-0.21010620892,0.621210217476,-0.217224985361
55148,-0.0864999964833,0.637550055981,0.203031986952,-0.837841510773,0.728014528751,0.651975035667
960,-0.414250016212,0.602599978447,-0.187728375196,-1.25663721561,-1.0999301672,-0.241775006056
10451,-0.675999999046,-0.626950025558,-0.836757898331,0.155257105827,0.802789211273,-0.293500006199
57406,-0.945749998093,-0.984300017357,-1.36762905121,0.402124136686,-0.466045200825,0.420724987984
51719,0.294099986553,-0.395200014114,-0.00953521579504,0.021720290184,1.35101675987,-0.430924981833
7074,-0.518300056458,-0.0703499987721,1.08866667747,-0.472094714642,0.6731133461,-1.85517501831
10059,-0.107150003314,-0.120000004768,-0.658939599991,0.0392412170768,-0.784937381744,-0.251424968243
51071,-2.53964996338,0.0658999979496,-1.0377215147,-1.93790483475,-0.323548913002,0.0477000027895
5796,-0.967999994755,-2.71364998817,-0.186947196722,-0.025453524664,-0.766074359417,-2.62817502022
55008,-0.104249998927,1.59879994392,-0.41513428092,-0.698702394962,0.551156640053,0.337200015783
23597,-3.02489995956,0.0285999923944,1.07269203663,0.0683234035969,0.497855186462,-0.0159500036389
8869,-0.383200019598,0.0131500065327,-0.408998161554,-0.107096850872,0.363259971142,0.311224997044
8727,0.101200014353,0.216600000858,1.26906490326,0.314579337835,0.471447378397,0.0737749785185
63874,1.73064994812,1.36170005798,-0.156632661819,-0.380055069923,0.344358682632,0.407099992037
8821,-0.723249971867,-0.116800002754,-0.698251485825,-0.487472057343,1.87843084335,-0.225200027227
57178,0.168049991131,-0.518949985504,0.00337723246776,0.272758841515,0.851000547409,-2.16234993935
5468,0.0947000086308,0.681050002575,-0.125515162945,0.541858494282,-0.295662641525,-0.474049985409
10557,0.756899952888,-0.653699994087,-0.120407477021,-0.0901612490416,-0.0138996839523,0.296225011349
831,-0.162349998951,-0.443399995565,-1.40910243988,-0.117629982531,-1.0952218771,-0.981000065804
9531,0.863900005817,0.366249978542,-0.506247580051,0.487013757229,1.13122010231,0.864274978638
2767,-0.0368499979377,0.415399998426,-0.858905076981,-0.161626830697,0.050952591002,-1.76047503948
1861,0.244800001383,0.566349983215,-2.08969855309,-0.647197306156,-0.691744923592,1.20494997501
10165,-0.229849994183,-0.266099989414,0.550755500793,0.422950029373,0.302521139383,0.764400005341
7106,0.240549996495,-0.214549958706,0.425243884325,0.402373880148,1.1652276516,-0.0274000167847
2908,-0.409250020981,0.907800018787,-0.274623811245,-0.836028337479,-0.396494299173,2.18205022812
57761,-0.960099995136,-1.08805000782,-0.597764253616,-0.559928357601,-0.588312447071,0.0749750137329
23338,0.192149996758,0.613250017166,-0.723367512226,-0.0816843509674,-0.465452253819,-0.433775007725
7852,-0.75,-0.843549966812,0.440969079733,1.1518214941,0.962440133095,0.00932499021292
55033,0.711099982262,-0.0846000015736,-0.241007298231,0.127227663994,0.839343070984,0.0268749967217
57019,1.08800005913,0.500500023365,0.0576160252094,0.45810842514,0.374686896801,0.511075019836
91949,-0.127250000834,0.493250012398,0.294737696648,-0.0795263946056,-0.0941193550825,-0.242949992418
84617,-0.180599987507,-4.30905008316,-0.322422504425,-0.590423643589,0.781310498714,0.261175006628
25,0.929649949074,-0.38379997015,0.339213937521,0.438269764185,0.622050404549,0.337825000286
899,0.251850008965,0.0586000084877,2.20762419701,0.909935712814,0.545647740364,-0.653950035572
79850,-0.0825999975204,0.796399950981,0.768394649029,0.984801888466,1.14505398273,0.649924993515
51466,-0.471300005913,0.116999998689,0.316062808037,0.205379158258,0.60346353054,-0.206974983215
2852,0.0573000013828,-0.542699992657,0.568288743496,-0.706072688103,2.72302889824,-0.300800025463
55837,0.0313000008464,0.557749986649,-0.129339814186,1.55231797695,0.568420469761,1.35157501698
2131,0.0379999876022,-0.132250010967,-0.00276866741478,-0.0742764249444,-0.0656273588538,-0.402125030756
5427,-0.738200008869,0.374099999666,-1.03687858582,0.0375973731279,1.5789000988,-0.25707501173
25966,0.364050000906,0.592450022697,-0.00871622189879,-0.998425424099,-0.400616943836,-0.501600027084
55608,-0.326599985361,-0.526299953461,-0.116720877588,-0.753756761551,0.171318739653,-0.483200013638
1662,0.240849986672,0.804399967194,0.994025170803,-0.439649045467,-1.8650226593,0.147650003433
9702,0.192049995065,-1.49915003777,-0.292876660824,0.218487218022,-1.18095755577,0.0988499969244
11031,0.359349995852,-0.716150045395,0.0627039149404,0.386683940887,-1.05224728584,-0.11099999398
10057,-0.778999984264,0.859449982643,-0.315712809563,-0.72823625803,1.18279612064,-0.256749987602
5985,-1.22994995117,0.110150009394,-0.420245677233,-1.6268093586,1.16525781155,-0.176550000906
3280,-0.504700005054,0.439950019121,0.210314944386,0.268114358187,0.341691792011,-0.315399944782
55958,-1.30239999294,0.587250053883,-0.248695939779,-0.219575285912,0.0868566632271,-0.601224958897
51465,0.96565002203,0.93725001812,-0.287720143795,0.515389919281,-1.54139697552,0.48449999094
2542,-1.06550002098,0.103749997914,-0.256288826466,-0.477752476931,1.59180772305,-0.112549975514
10641,-0.602450013161,0.130350023508,-0.476335734129,0.56898355484,0.197524756193,-0.892675042152
11137,-0.249000012875,-0.700450003147,0.807447612286,-1.52064728737,0.345735132694,0.00987499766052
9842,0.252700001001,-0.961950004101,0.00246816244908,0.0687551721931,-0.688878595829,-0.455574989319
10493,1.65269994736,0.618200004101,0.569178342819,0.3716134727,0.676889419556,-0.864899992943
10112,0.827749967575,1.13524997234,0.293087691069,2.16141653061,0.316664040089,-0.210649996996
1001,-0.252399981022,1.36925005913,-0.979774534702,-1.44350254536,0.116953313351,0.554474949837
23635,-0.880850017071,-0.0998999997973,0.490005612373,-0.349690645933,-1.37103700638,-0.0801499783993
29916,0.473299980164,-0.280900001526,0.457192152739,0.0468350760639,0.912281215191,1.48839998245
2810,-1.08480000496,0.431249976158,-0.109485223889,0.0532356202602,0.630510687828,-0.845724999905
5993,0.726549983025,0.597000002861,-0.0656517297029,-0.232141241431,0.268726199865,-0.200174987316
11142,0.0333000011742,-0.45894998312,-0.476095855236,-0.790696561337,0.0282029956579,-0.253024995327
79187,-0.488150030375,-0.497550010681,-3.03050875664,-2.49783372879,-0.882164061069,-1.01122510433
51382,-0.626450002193,1.17780005932,-0.0379739701748,-0.235736697912,-0.771172225475,-0.365449994802
8318,-0.627599954605,-1.15050005913,-0.0107522336766,0.405767321587,-1.01788437366,-2.41662502289
9695,-0.593150019646,0.438600003719,-0.890311062336,-0.45480465889,-1.05496478081,-0.32037499547
9712,-0.472450017929,0.0685000047088,0.62488591671,-0.0807295143604,2.27913832664,0.25352498889
64943,0.685800015926,1.62950003147,0.112978771329,-0.48307749629,0.704919040203,0.161875009537
9738,-0.17919999361,1.15655004978,0.793508648872,-0.115570813417,-0.672120988369,-0.399699985981
6793,-1.15810000896,-0.179849997163,0.75020223856,0.912432074547,-0.295025706291,0.3450999856
7358,0.73064994812,-0.589249968529,-4.18981456757,-0.268514335155,-0.0329147689044,0.185050010681
58472,-0.306899994612,0.46305000782,0.422288894653,0.875009417534,-0.424101293087,0.0698499828577
50865,-1.73325002193,-3.60554981232,1.38749670982,1.57518815994,-0.24525539577,0.362575024366
23200,-0.533100008965,-0.549400031567,0.00500353053212,-0.680066466331,-1.37047040462,-0.214175015688
51293,-0.83394998312,-0.511950016022,0.784473776817,0.330058246851,1.01960897446,-0.322200000286
10962,0.432000041008,0.70174998045,-0.13385912776,0.449557602406,0.464185446501,-0.359725028276
10153,-0.98189997673,1.38804996014,-0.530888438225,-0.60995131731,2.18057060242,-0.00952499359846
874,0.473849982023,0.27009999752,0.436533510685,-0.897740721703,-0.421068876982,-0.160775005817
