rid,ERG011_VCAP_6H:BRD-K87112191-001-02-9:10,ERG011_VCAP_6H:BRD-K87112191-001-02-9:2,ERG011_VCAP_6H:BRD-K87112191-001-02-9:0.4,ERG011_VCAP_24H:BRD-K87112191-001-02-9:10,ERG011_VCAP_24H:BRD-K87112191-001-02-9:2,ERG011_VCAP_24H:BRD-K87112191-001-02-9:0.4
5720,-0.216649994254,-0.4700999856,1.42385005951,0.0585746020079,0.150715619326,-0.35040935874
466,0.564749956131,0.621150016785,-0.198850005865,-0.487650752068,-0.380474627018,-0.0224750116467
6009,0.851850032806,0.709900021553,0.364449977875,-1.10410630703,-0.631045937538,-0.633880078793
2309,1.91054999828,2.33445000648,1.08204996586,3.57470607758,2.34290194511,1.30210363865
387,0.423449993134,0.376550018787,0.740400016308,-0.841878712177,-0.30543923378,-0.572225689888
3553,-0.490549981594,-0.382699996233,0.226999998093,1.03801476955,0.755188345909,0.96924507618
427,0.532899975777,0.278349995613,0.491900026798,0.289148688316,0.719579935074,0.403854757547
5898,1.07134997845,0.898000001907,0.345100015402,-0.476099938154,0.220954060555,0.0812028050423
23365,1.23965001106,1.05830001831,-0.49564999342,-0.535199165344,-0.576019525528,0.101681284606
6657,-0.829699993134,-0.821449995041,-0.473099976778,0.594271302223,0.565865278244,0.843105375767
5054,0.0514000058174,-0.175699993968,-0.55604994297,-0.215169578791,-0.544980287552,-0.135326474905
3108,1.16729998589,0.610650002956,3.22774982452,0.621084749699,-0.00342616438866,-0.654677867889
1950,-0.28900000453,-0.872200012207,-0.304399996996,0.50225353241,0.0562562346458,-0.326349079609
351,0.674499988556,0.674499988556,0.0586999952793,-0.184698536992,0.518689572811,0.146426022053
4846,0.627099990845,0.169600009918,0.465649992228,2.60754084587,-0.416224718094,1.42682540417
1452,1.05465006828,0.96305000782,0.67509996891,0.199588090181,0.020112901926,0.78635764122
4776,-0.683349967003,-0.329649984837,0.0997000038624,1.12228441238,0.387525320053,0.835703074932
6908,1.37634992599,0.563050031662,-0.579999983311,-0.213472396135,-0.492096990347,-0.448414325714
672,0.314300000668,0.440299987793,0.359200000763,-1.55196034908,-0.708113670349,0.248614013195
5710,0.96145004034,-4.32789993286,0.88529998064,-0.378669023514,-0.782387077808,0.243743211031
2115,-0.450450003147,-0.207549989223,-0.00639998912811,-0.0231625288725,-0.550545394421,-0.130908966064
7015,-0.572049975395,-0.259750008583,0.0856000036001,1.63252210617,1.05323565006,2.54503941536
8726,0.335950016975,-0.392250001431,-0.380549997091,-0.930510103703,-1.0444034338,-0.770630061626
2185,-0.78100001812,-0.38924998045,-0.658599972725,1.22854995728,0.484875589609,0.642817914486
3315,0.479449987411,1.29780006409,0.225699990988,0.845672726631,-0.345523267984,-0.168505057693
5289,2.1726500988,0.402350008488,0.743250012398,-0.878940463066,-0.492909371853,0.542844831944
868,2.11805009842,1.32165002823,1.46290004253,1.45247232914,0.319242954254,0.675577759743
1677,-1.1290500164,-0.516149997711,-0.045450001955,-0.385932803154,0.570942759514,0.17478980124
7043,-0.778550028801,-1.09165000916,-0.154249995947,-0.104885332286,-0.209850907326,0.00791507214308
5613,-0.659600019455,-0.282550007105,-0.582650005817,1.07682585716,0.251857757568,0.720463335514
595,1.06470000744,0.264100015163,0.834499955177,-0.687864303589,-0.342119842768,0.102815374732
4793,-0.012800000608,0.143050000072,-0.488450020552,0.431155025959,-0.32275429368,-0.394477367401
2736,-0.417999982834,-0.102749995887,0.349000006914,0.655482053757,1.96046829224,0.67522495985
5290,0.0533499717712,0.0972999930382,-0.215800002217,0.873141884804,0.617970883846,1.2093963623
6194,0.0,0.0,-0.996200025082,-1.39501237869,0.0,0.0
1676,-1.04165005684,-0.238749995828,0.0779500007629,0.965000033379,0.997630476952,1.16368496418
23512,-0.233750000596,-0.0448500066996,0.024549998343,-2.57047796249,-1.38259589672,-0.877783000469
148022,-0.539499998093,-0.7174000144,-0.199649989605,-0.585262775421,-0.693450808525,0.138386905193
1906,-0.214300006628,0.0262999981642,0.371749997139,0.784820973873,-0.425037205219,-0.0522667728364
8878,0.251699984074,-1.18145000935,-0.174199998379,0.035608112812,-0.399270534515,0.081114038825
3091,0.627699971199,-0.00119999796152,-1.29664993286,-0.140560626984,-0.00846379995346,0.0773280262947
5743,-0.0796499997377,1.71105003357,2.4646999836,0.0931252092123,-0.209785714746,0.304286360741
5321,-0.271750003099,-0.276650011539,-0.0470499992371,1.13552999496,0.770782589912,0.68927115202
4144,-2.59489989281,-1.5204000473,-0.858150005341,0.195725589991,1.58980429173,1.4742692709
1981,-0.650049984455,-1.36345005035,-1.28605008125,-0.942597448826,-0.563712835312,-0.316757500172
695,0.0848999992013,-0.0996999964118,-0.352500021458,-0.382571995258,-1.60484075546,-0.835876226425
10398,-0.638000011444,-1.37890005112,-0.149649992585,-0.19030110538,0.546333432198,0.21772621572
5708,-0.130350008607,0.134700000286,0.57389998436,-1.64262914658,-2.47996592522,-0.914781093597
1213,-0.270900011063,0.127749994397,0.244800001383,-2.34459924698,-1.2788939476,-1.04667949677
226,-0.27429997921,-0.156499996781,-1.41805005074,-1.03061139584,-0.928206920624,-0.218524366617
6777,-0.0798000395298,-0.0713999867439,-0.71875,-0.0201322026551,6.11839389801,-0.29617986083
2113,-1.09899997711,-0.488950014114,0.119800001383,0.91325455904,0.281811416149,0.0672487542033
3329,-0.173700004816,0.236349999905,0.252649992704,-1.88576388359,-0.562493085861,0.21659077704
1050,-1.10045003891,-0.79515004158,-0.492700010538,-0.927008152008,-0.0212102085352,0.275061130524
9491,-0.707849979401,0.428350031376,-0.11455000937,0.736531853676,0.241372853518,0.851559042931
22926,-0.0774000138044,0.14050000906,0.525900006294,-0.848541200161,0.233791187406,0.209215298295
5899,0.502950012684,-0.999350011349,-1.23239994049,0.468670725822,-1.13283634186,-0.71456605196
5467,0.428000003099,-0.0928499996662,-0.483499974012,0.815573811531,0.830252945423,0.0269690454006
6774,-0.614100039005,-0.182949990034,0.272599995136,2.81277036667,-0.345312893391,0.0821283310652
1788,-1.15374994278,-0.522699952126,-0.0205000042915,1.37016391754,0.690627157688,0.948437690735
5921,1.32325005531,1.108700037,0.0874499976635,-0.219422891736,-0.336961060762,0.085551224649
5721,-1.40304994583,-1.05815005302,-0.85389995575,-1.45231962204,-1.81304323673,-2.01406550407
2263,-0.936349987984,-0.874949991703,-0.494799971581,0.991672515869,0.128702297807,0.668845772743
808,-0.428399980068,-0.637300014496,0.0659999847412,0.355626732111,0.96350467205,0.414127469063
30001,1.42184996605,0.918700039387,-0.15030002594,0.595194101334,-0.139338448644,0.634208679199
348,-0.525600016117,-0.383599996567,0.0467500016093,1.52176213264,1.67545843124,0.682848095894
30849,0.152150005102,-0.712849974632,-1.00915002823,-1.02555239201,-1.07705974579,-0.755687534809
1454,2.93914985657,2.49185013771,-0.0235500000417,0.920141339302,0.456773221493,0.922196686268
6500,1.12384998798,0.799899995327,0.668500006199,-0.845565676689,-0.709067821503,0.403772473335
5627,-0.337249994278,-0.911299943924,2.17309999466,-0.0885814204812,2.9955303669,0.0536023229361
5715,0.731199979782,-0.0140499994159,0.266799986362,1.53653097153,-0.229619473219,-0.295551478863
4791,-0.7757999897,0.0726000070572,0.649200022221,0.676275610924,3.65388298035,0.443243384361
56924,0.380100011826,-0.0621999800205,0.606950044632,-0.568983435631,-0.513662457466,-0.066566683352
2690,-0.49430000782,-0.512699961662,-0.259999990463,-0.28732419014,-0.697189807892,-0.522410750389
1019,-0.00319999828935,-0.306149989367,-0.130999997258,-0.931110262871,-0.075662791729,-0.0245791524649
51422,-0.364349991083,-1.19825005531,-1.13650000095,0.872860848904,0.906231164932,0.657835245132
5788,-1.29645001888,-0.95710003376,0.191199988127,0.449573725462,0.163705796003,0.474235504866
6709,-0.909999966621,-0.805599987507,-1.23940002918,-1.42587077618,-0.986437141895,-0.0986841842532
1277,-0.472199976444,-0.24604998529,-1.6834000349,1.44503235817,1.15364277363,-0.144388884306
993,-1.67299997807,-1.38220000267,-1.76125001907,-3.41198444366,-2.62152051926,-2.74620723724
7157,-0.0220499932766,0.551450014114,0.0222999751568,-1.10673069954,-0.0665609538555,0.868756771088
1958,-0.831700026989,0.527999997139,4.98369979858,0.636716067791,0.870149254799,0.0757015645504
4582,1.08120000362,5.31430006027,-0.700850009918,-1.3392547369,0.513999521732,-0.783497571945
9212,0.0444499999285,-0.92585003376,0.694149971008,-0.406621962786,-0.110715657473,0.379342079163
8440,-0.196350008249,0.536100029945,0.425549983978,-0.0739663243294,-0.247559219599,0.25270986557
6790,-0.206699997187,0.545849978924,0.565450012684,-3.68036913872,-1.34477448463,-1.46293079853
8851,0.270200014114,0.723250031471,-0.0352499932051,-0.606675863266,-0.22980889678,0.212772548199
2534,0.541599988937,-1.19830000401,0.736249983311,0.296226084232,0.631303608418,-0.104591742158
4893,-1.06640005112,-0.351899981499,0.0136000011116,0.230121001601,0.167068898678,1.06219446659
665,-0.100749991834,0.13229995966,0.659850001335,-0.267591953278,-0.199432760477,0.127296596766
4313,-1.15180003643,-1.08640003204,-0.223250001669,0.815382361412,0.257594078779,1.1507165432
1022,2.34159994125,2.06220006943,0.663500010967,0.159996598959,0.964767336845,-0.988308548927
5880,0.00699999928474,0.261400014162,1.03355002403,-0.272252351046,-1.04623162746,-0.153281956911
3162,2.65245008469,-0.716000020504,0.462700009346,-0.0985069870949,1.27416658401,1.31233239174
1282,-0.585799992085,-0.370000004768,0.0403499901295,0.510193109512,0.795285999775,0.123070389032
3383,-0.0716999992728,2.95705008507,3.23720002174,1.32423400879,0.785343587399,5.20063304901
727,-0.17745000124,0.407499969006,0.407400012016,-0.625289440155,-0.688384652138,-0.414723575115
4792,-2.00609993935,-1.20694994926,-0.679900050163,-0.793187379837,-0.354774355888,0.335166931152
4794,-0.519900023937,-0.633450031281,-0.682649970055,3.67905831337,0.678521811962,0.40970402956
902,-0.592899978161,-0.613499999046,-0.815649986267,1.10608041286,0.538075625896,0.754970133305
8091,-0.65499997139,-0.094600006938,-0.254299998283,0.0788172781467,0.892783045769,0.742008388042
3486,-8.82330036163,-4.20650005341,-2.1983499527,-7.88729381561,-3.19043111801,-2.73235678673
10818,-0.698099970818,-0.871200025082,0.238200008869,-0.177959665656,0.496716022491,0.304876923561
3454,-1.0040500164,-0.146399989724,0.403600007296,1.52988100052,1.19523000717,0.608689069748
4282,1.04480004311,0.444049984217,0.972300052643,-1.7646715641,-0.384323477745,-0.40164193511
1605,-1.03104996681,-0.682799994946,-0.462799996138,-1.88089108467,-1.31384813786,-0.614140212536
10644,-1.24035000801,-1.03419995308,1.93634998798,0.976780533791,2.13877797127,0.735011458397
2065,0.140699997544,0.382849991322,-0.281400024891,-0.413407385349,-0.330932408571,-0.140390485525
8321,-0.700250029564,-0.346200019121,-0.121449992061,1.05743062496,1.32184016705,-0.23934596777
8503,-0.982400000095,-1.4049500227,-1.98710012436,-0.962616503239,-2.25573062897,-0.802096128464
7027,-0.775499999523,0.17159999907,-0.759250044823,-0.436339497566,0.430590629578,0.828435599804
6850,-0.95710003376,-0.018200000748,-0.0755000039935,0.445361971855,0.879222631454,0.834249436855
1978,-0.74975001812,-0.819000005722,-0.788500010967,-2.28460097313,-1.70462656021,-0.702867925167
896,0.0135000050068,-0.710500001907,-0.67175000906,-0.610401690006,-1.19180715084,-2.0762348175
5777,0.248999997973,0.702000021935,1.02345001698,1.50177681446,0.733418703079,0.225801572204
1846,0.212849989533,1.41884994507,1.1250500679,2.70026397705,2.74359369278,2.24239826202
5925,1.5830000639,-0.242499992251,-0.328099995852,-2.22353649139,-1.07807457447,-0.492433577776
142,-1.54909992218,-0.659200012684,-0.73140001297,-1.71096420288,-0.523224234581,-0.588445782661
1021,-1.16719996929,-0.242399990559,-1.1249499321,-0.10705909878,0.119851112366,-0.529138684273
5699,-2.2093000412,-2.01604986191,-2.32804989815,-0.579205751419,-0.477690756321,-0.331379026175
8061,-0.73014998436,0.0198500156403,1.35539996624,0.756820321083,0.127665638924,-0.856524765491
1870,-0.458350002766,-0.52144998312,-0.756299972534,1.22127246857,0.0726760923862,0.58275359869
1398,1.05025005341,1.01610004902,-1.37825000286,0.598684549332,0.300403833389,0.669321477413
3312,-0.849099993706,-0.785750031471,-0.835250020027,-0.908159375191,0.217756181955,0.500605881214
891,-0.0658499971032,-0.338599979877,-4.16810035706,0.750533223152,0.502007126808,0.347387135029
4775,-0.0586999952793,-3.71110010147,0.00485002994537,1.37816905975,0.724964499474,0.57377910614
5111,1.03094995022,0.713649988174,0.548500001431,-2.86252903938,-1.44497680664,-0.512277901173
5696,-0.0753500163555,0.858250021935,0.458099991083,0.226055309176,0.621802210808,-0.116549909115
5588,-0.491649985313,-0.0810999944806,0.331849992275,0.883808612823,0.902441561222,0.186652079225
6839,0.714299976826,-0.160149991512,0.101300001144,-1.75052595139,-0.594103515148,-0.385878831148
329,1.53595006466,0.990549981594,-2.19009995461,0.502417325974,-0.460136473179,-0.223322466016
5058,0.0122500061989,-0.406150013208,6.30270004272,0.878034949303,0.636556148529,-0.0455208271742
998,0.213899999857,0.0453000068665,0.0524500012398,-1.26031005383,-0.780380964279,-0.266646802425
9134,-1.86699998379,-0.350549995899,0.09129999578,-1.22704875469,0.222228854895,0.122080795467
6616,4.31869983673,-0.270200014114,4.69445037842,1.63663721085,0.239327862859,-0.0337710119784
5223,-0.240950003266,-0.19010001421,-0.496850013733,-2.02480006218,-1.47780585289,-0.951163291931
4690,-0.436899960041,0.794950008392,0.988900065422,0.864451229572,0.79350656271,0.809262096882
958,-0.937150001526,-0.834399938583,0.310050010681,0.658789992332,0.634139478207,0.189702093601
1616,-0.00545001029968,-0.756200015545,0.45894998312,1.05298435688,0.899538218975,-1.13295221329
991,0.93774998188,1.03750002384,1.24685001373,-2.81413435936,-1.60973107815,-0.937501132488
6347,-0.612200021744,-0.965999960899,-0.987350046635,3.58983039856,1.35146951675,1.49435305595
6714,-0.520600020885,-0.568300008774,0.0653000026941,-1.32322204113,-0.775822520256,-0.0445272773504
652,-0.709450006485,-0.792600035667,0.11819999665,0.799961924553,0.568381428719,-0.204008668661
4331,0.586899995804,-0.507399976254,0.813149988651,0.0501392930746,0.494198054075,0.115303620696
7099,1.91005003452,-0.33370000124,-0.502699971199,0.218006446958,-0.723269820213,-0.0497481934726
10320,-0.637549996376,-0.571000039577,-0.401250004768,0.554206311703,0.159416615963,0.120914414525
2042,-0.599799990654,-0.513700008392,-1.57410001755,0.729979515076,0.962770819664,0.828701257706
843,-0.470749974251,-0.339450001717,0.22499999404,0.820970654488,0.349958717823,-0.233345925808
840,0.863499999046,0.598800003529,0.537000000477,0.162585914135,0.402746170759,0.411282479763
7048,-1.66384994984,-0.29154998064,0.128350004554,0.375086337328,-0.136151880026,-1.46172571182
4851,-0.333800017834,-0.75744998455,-0.789700031281,0.731513142586,0.256583452225,0.424311637878
6464,-0.830199956894,-0.721850037575,-0.350349992514,1.91262602806,0.932093918324,1.03418016434
23410,-0.130649998784,-0.250449985266,0.143449991941,0.536050021648,0.311614900827,-0.250447630882
54205,0.0120500000194,-0.21645000577,-0.475399971008,-0.625151753426,-1.30336523056,-0.647584140301
2770,0.810899972916,-0.0459500029683,0.851800024509,-0.291548162699,-0.422495603561,-0.157536894083
80204,-1.25839996338,-0.389900028706,-0.535250008106,0.467905193567,-0.456526398659,0.172790154815
4208,-1.56260001659,-0.400549978018,-0.622749984264,0.728721499443,2.57013750076,-0.236350804567
1845,-1.96144986153,-0.630050003529,-2.01915001869,-0.111521624029,-1.09804010391,-2.51503968239
23368,-1.03139996529,-0.932399988174,-0.925050020218,1.10266649723,2.22394752502,0.362161576748
5583,0.923749983311,0.0148999989033,0.430950015783,0.375355035067,0.00372466444969,0.474815279245
8900,1.46280002594,0.961400032043,0.124749988317,0.254509806633,0.758243262768,0.72161000967
581,-1.05235004425,-0.0389500111341,0.221300005913,2.35806155205,0.951710641384,0.911142528057
6193,1.56595003605,1.65434992313,-0.292149990797,0.63020670414,1.04278934002,0.624108076096
6622,0.676200032234,0.783249974251,0.927100002766,1.05360603333,1.37614226341,0.0816296637058
11261,0.524700045586,0.306050002575,0.186749994755,0.568677067757,0.282641381025,-0.452596336603
6696,-0.540600001812,-0.274649977684,4.80730009079,-0.0551079213619,-0.0370793938637,-0.853642225266
8312,-0.786450028419,-0.825999975204,-1.00584995747,0.410504817963,0.468938291073,0.186736062169
835,-0.0325499996543,0.376600027084,-0.479399979115,-0.294442564249,0.226735085249,0.177203372121
8324,-0.181749999523,0.913449943066,0.871399998665,0.229542940855,0.362392902374,-0.797040343285
1848,-0.902249991894,-0.473800003529,-0.318549990654,-0.0741196870804,-0.317437112331,0.391091376543
154,-0.136900007725,-0.385450005531,0.458950012922,0.181493639946,0.679321885109,-0.103266090155
4312,-0.749599993229,-0.625299990177,1.13100004196,1.30711638927,0.411979049444,0.68548387289
994,0.467800021172,-2.69374990463,-2.72394990921,-2.02873921394,-2.20331478119,-5.53819131851
2048,-1.47915005684,-1.29104995728,-0.632149994373,0.151745527983,-0.978176951408,-0.664089500904
1111,-0.492200016975,-0.88814997673,-0.0419000089169,-0.0807017832994,0.814820885658,0.3061658144
5154,-0.712300002575,-1.00429999828,-0.185350015759,0.593533873558,0.0713601857424,0.782331109047
2920,0.361849993467,-1.5107499361,0.279700011015,-0.548945486546,0.00932213664055,0.714069724083
3122,-0.626399993896,-0.802500009537,-0.389849990606,0.85000115633,0.264904558659,0.132186502218
2769,-0.826200008392,-0.553600013256,-0.0951000154018,0.359310001135,0.725263774395,0.28217291832
5900,0.279949992895,0.664350032806,0.124649994075,1.29723381996,1.29746699333,1.16078805923
6304,0.274699985981,-0.456849992275,0.246749997139,1.43666148186,0.572354674339,-0.326662987471
5211,-0.0645499974489,-0.0529500022531,0.525449991226,1.21268594265,-1.35266828537,-0.199719235301
2886,-0.528750002384,-0.0982000082731,0.452199995518,1.06969845295,0.903572797775,0.968713700771
9261,0.147900000215,-0.817399978638,-1.2349998951,0.510064125061,-0.546900391579,-1.34560096264
8569,-0.495500028133,-0.703649997711,-0.0953999906778,0.945943713188,0.70212584734,0.374709874392
3303,-0.188749998808,-0.421649962664,-0.172049999237,0.881388664246,0.440685391426,-0.112762272358
5331,-4.82770013809,-4.8888001442,-3.86205005646,-1.88332891464,-1.5511932373,-1.11971104145
5347,0.506600022316,1.80750000477,0.959500014782,-0.752931952477,-0.289784222841,-0.18287396431
4638,-1.46554994583,4.51149988174,-0.0927999988198,-1.24877238274,-1.51882314682,-0.779646992683
2264,-0.897099971771,-0.71280002594,-1.53375005722,1.73354148865,1.76371467113,1.76743638515
1029,-0.181449994445,0.0703499987721,0.851999998093,0.404065996408,0.424194544554,-0.000451818108559
1027,2.15464997292,1.68019998074,1.38824999332,-0.936999738216,0.467187702656,0.271834552288
2597,-0.52380001545,0.570699989796,0.830649971962,0.0149013977498,0.346501201391,-0.634078264236
55847,2.63520002365,-0.501549959183,2.67985010147,0.0562184154987,-0.0789467990398,2.4976170063
25803,-0.664499998093,0.984449982643,1.7106000185,1.56363153458,3.16975855827,2.12131237984
3480,0.684249997139,-0.0123000144958,-0.747600018978,-1.36282539368,0.932950377464,1.78450262547
2946,-0.533050000668,-0.870299994946,0.366800010204,0.19486092031,0.838829338551,0.136174544692
9517,0.761999964714,0.980549991131,0.309300005436,-0.072077229619,-0.712802410126,-0.896892309189
25987,-1.34719991684,-0.588599979877,-0.160300001502,-2.08486795425,-1.83481276035,-1.26710748672
23670,2.52119994164,0.589850008488,0.4375,1.31668627262,-0.467698544264,0.246691018343
11182,-2.41464996338,-2.00559997559,-2.2881000042,-0.673974215984,-2.62075233459,-2.96223497391
2146,1.82595002651,-0.0769499838352,-0.311749994755,-1.50306618214,-1.60757100582,-1.01893150806
3385,-0.617299973965,0.211250007153,1.33665001392,-1.84940958023,0.259593397379,0.250730723143
5261,-0.57849997282,-0.760399997234,-0.762149989605,0.893822669983,0.941870629787,0.645213901997
10765,0.2704000175,0.9945499897,0.537400007248,0.789498090744,0.804166197777,0.528752505779
25839,1.89350008965,0.488799989223,2.57669997215,2.30941104889,0.419756442308,-0.0998825877905
4172,-0.826049983501,-0.127999991179,-0.827100038528,-1.47306966782,-0.193763077259,-0.191828340292
23161,-0.290899991989,-0.401000022888,0.155650004745,1.74589538574,0.135963261127,0.572293400764
10298,-0.147599980235,-0.0622999966145,0.191400006413,-2.02529573441,-1.85135734081,-1.1736420393
1802,-1.84949994087,-1.16470003128,-0.826449990273,-2.21403002739,0.624865174294,0.273066073656
58533,1.73414993286,0.930849969387,0.393299996853,0.162251144648,-0.610931694508,0.124812334776
147179,0.329549968243,-0.36804997921,-0.51390004158,1.5075366497,0.239444449544,-0.814988613129
29937,0.900950014591,0.589500010014,0.534000039101,1.09835779667,0.798039793968,0.815170884132
6184,0.0879999995232,-0.413700014353,-0.476249992847,-2.36610031128,-1.09989905357,-0.845753073692
9854,-0.618499994278,-1.19370007515,-0.631499946117,-0.732726275921,-0.910655736923,-0.6302921772
2553,-1.03645002842,-0.598200023174,2.68655014038,-0.434381335974,-0.558604240417,0.39706543088
5440,-0.150199994445,-0.378450006247,-0.608550012112,-0.107763379812,-0.204839333892,0.270814239979
54623,-0.387350022793,0.0744000077248,0.0166000127792,-0.0224674716592,-0.216725587845,0.60877931118
9533,-1.50995004177,-1.24384999275,-1.0706499815,0.460551291704,0.438803732395,0.70446062088
8607,-2.80119991302,-1.88065004349,-0.996549963951,-1.90169155598,-0.795838594437,-0.0132625252008
207,-0.503999948502,-0.766000032425,-0.656549990177,-0.0239977836609,0.0598569214344,-0.504653036594
26054,1.31340003014,0.329499959946,0.401699960232,0.686369776726,1.30107021332,1.06758081913
10682,0.455350011587,-0.0415499955416,-0.753450036049,0.704675972462,-2.22374248505,-1.59860992432
8573,0.689300000668,0.437599986792,0.076099999249,-0.323639392853,-0.819010734558,-0.944465637207
23378,-0.829749941826,-0.543949961662,4.34434986115,-1.81875371933,-0.487144827843,-1.00784695148
8553,-0.222900003195,-0.446550011635,-0.118450000882,0.0359894931316,-0.755367994308,-1.41310405731
622,0.668200016022,0.847999989986,1.08310008049,-0.909248292446,-0.200029730797,-0.193804830313
9467,-0.383799999952,-0.69779998064,-0.692200005054,0.955046117306,0.102840483189,0.367738872766
5525,0.547349989414,-0.280449986458,-0.353350013494,1.57157742977,0.48032951355,0.410731256008
256364,-1.20054996014,-1.35240006447,-1.19269990921,-0.250753283501,-0.262394756079,-0.260387539864
332,1.61925005913,1.18934988976,0.967800021172,-3.46440148354,-2.51695728302,-2.00012540817
2058,-0.235799998045,-0.154400005937,-0.826499998569,-0.381610393524,0.0869648978114,-0.290149688721
7849,1.12794995308,1.08399999142,0.713499963284,1.63117837906,1.62434339523,0.892918467522
23244,-0.344249993563,-0.466999977827,-0.376100003719,-0.504576444626,-0.247206866741,-0.234358757734
7494,-0.375750005245,-0.477849990129,-0.33394998312,-1.77953028679,-0.645428776741,-0.510447263718
4836,0.268299996853,-0.927399992943,-1.40280008316,-0.0794008523226,-0.524195730686,-0.5450283885
23647,0.374450027943,0.162250012159,-0.107249997556,0.216742932796,0.106272190809,-0.0623132884502
10617,1.21700000763,0.940199971199,0.68180000782,-2.05613946915,-1.68895244598,-0.891815304756
2184,-0.348900020123,0.0325000025332,0.603049993515,-1.54792118073,-0.311441093683,-0.157745286822
5355,-0.323449999094,-0.687099993229,-0.903599977493,1.28104925156,0.419709086418,0.618087828159
6659,-1.61694991589,2.77624988556,2.36024999619,3.53166031837,1.80411624908,0.995399177074
7016,-0.263999998569,-0.0484500005841,0.0236000008881,1.18392586708,0.197899654508,0.449914187193
90861,-0.80529999733,-0.397049993277,-0.436649978161,-0.942888140678,-0.64386510849,-0.159169137478
10670,0.520049989223,-0.0434500053525,-0.206900000572,-0.268302202225,-0.560459077358,-0.295846015215
79071,0.439050018787,-0.708150029182,-1.97720003128,-1.6015945673,-2.48824048042,-2.33830356598
64746,0.266800016165,0.465149998665,0.333550006151,-0.848568081856,-0.191032499075,0.333092331886
5366,-1.12575006485,-0.0688500106335,-0.0889999866486,0.366689145565,-0.0831883847713,0.445756793022
11344,0.582150042057,0.861250042915,-0.366900026798,0.234999537468,1.00251376629,-0.0504171960056
10013,1.33715009689,1.63214993477,1.24244999886,3.1024107933,0.297107815742,0.356708049774
5829,1.1250500679,1.09584999084,1.25154995918,2.45832157135,0.630718886852,0.814158797264
5257,0.475499987602,0.357050001621,1.23389995098,0.234848633409,0.81128513813,0.613438129425
22794,0.669250011444,0.630599975586,0.00589999556541,0.205657124519,0.689058899879,-0.488397181034
9761,-0.0517000108957,0.289949983358,-1.59835004807,-0.0424391627312,-0.985663473606,0.204665631056
23326,-0.393650025129,0.443750023842,0.180649995804,-0.145476490259,0.150101751089,0.261152386665
10972,0.492049992085,0.883900046349,0.133150011301,-0.44456166029,-0.0157209187746,1.23288345337
10523,-0.302249997854,-0.452349990606,0.587350010872,-0.750180542469,0.255703657866,-0.297692298889
79090,0.586099982262,0.953549981117,0.565850019455,1.23153686523,1.26796984673,-2.57850146294
27032,1.40425002575,1.16205000877,0.549099981785,-0.412799626589,-3.41443729401,-1.21034097672
9097,0.209299981594,-0.441249996424,-1.24064993858,-0.782297492027,-0.390733271837,-0.949806988239
10513,0.701799988747,1.06975007057,0.840199947357,0.619715809822,0.520916283131,0.204447731376
1891,0.0,0.50830000639,0.186749994755,-1.07376074791,-0.54919308424,-0.539600610733
3066,-0.160249993205,-0.627399981022,-0.80419999361,-2.07222032547,-1.19371795654,-0.81268030405
9801,-0.194649994373,-1.14754998684,-0.512549996376,-0.91076618433,-1.13404464722,-0.580363273621
1459,-0.145249992609,-0.169550001621,-0.445149987936,0.966734886169,1.05736231804,0.799161195755
9703,-0.522650003433,-0.0237499773502,-0.666750013828,-1.24612498283,-1.13182926178,-0.236825108528
10606,-0.113000005484,0.0589499920607,-0.43180000782,-1.02361142635,-0.204114675522,-0.284728825092
1017,-0.49644997716,-0.77429997921,-1.22025001049,1.23851215839,-0.089982457459,0.686581432819
9813,-0.141750007868,0.838750004768,1.08200001717,2.16118788719,0.573298871517,0.836018621922
7485,1.33459997177,1.0244499445,-0.40474998951,0.447783112526,0.233480170369,0.607202410698
2109,0.381300002337,0.694000005722,0.534700036049,-1.04034125805,-0.831109762192,-0.234819054604
23271,-0.738049983978,-0.0264500007033,-0.258749991655,0.868011951447,0.456458121538,1.08750069141
9915,-0.616050004959,-0.635599970818,0.100999996066,0.935612440109,0.507604956627,0.663809895515
9552,-0.250450015068,0.321299999952,-1.37469995022,0.356530815363,-0.306971698999,-0.333625912666
93487,0.402549982071,-0.124399997294,0.0458500012755,1.11788737774,0.716674685478,0.452800095081
2956,-0.599900007248,0.418949991465,-0.31479999423,-0.280992716551,0.530451774597,0.676512181759
11065,1.59720003605,0.760850012302,0.829749941826,-1.98180294037,-1.9939725399,-0.624711334705
9653,-0.253549993038,-0.920799970627,-0.530699968338,0.932522177696,0.932925879955,0.457144498825
200081,-0.0841499939561,-0.110649995506,-0.421599984169,-1.51018977165,-0.783452749252,0.0999368876219
3337,0.142199993134,-0.0704499930143,-0.341600000858,-0.0218284726143,-0.149403363466,-0.138883888721
11073,0.55680000782,0.67040002346,-1.31879997253,0.119301065803,0.434621840715,0.533892631531
23,-0.675449967384,1.5407500267,0.307749986649,0.871174573898,0.786836862564,0.3974789083
5641,0.966199994087,0.651849985123,-0.138349980116,1.49363780022,0.524047255516,0.964563846588
8720,0.37650001049,1.0447499752,1.12159991264,1.37676644325,2.17768359184,0.104905128479
10782,-0.35205000639,-0.350499987602,-1.08980000019,-0.119074083865,-0.183006882668,0.0452636778355
25932,1.48014998436,0.534550011158,-0.300350010395,1.0545604229,-0.537288665771,-0.600283801556
3028,-1.08980000019,-0.884450018406,-1.2186999321,-2.12070775032,-2.46993589401,-2.41538667679
6804,0.0265000015497,0.274800002575,-0.75235003233,0.807915508747,0.257598221302,0.386119186878
890,1.52795004845,1.5610499382,1.30375003815,-2.80688738823,-1.6017203331,-0.866133570671
6390,0.214600011706,0.364300012589,0.411599993706,-2.02047848701,-1.56696009636,-0.348530888557
4303,1.62510001659,1.88464999199,1.17704999447,2.34413027763,1.49462425709,1.25523817539
10953,-0.556949973106,-0.764199972153,-0.639699995518,-0.964160859585,-1.13917636871,-0.637071311474
22889,-0.969299972057,0.562950015068,-1.2200499773,1.36050891876,1.29547762871,1.62132191658
3098,-0.841300010681,-0.919250011444,-0.583449959755,-1.60933363438,-1.24028861523,-0.603218495846
11044,-0.970550000668,-0.824999988079,-0.077500000596,0.0104871094227,0.641788005829,0.591530561447
8985,-1.22879993916,-1.35989999771,-0.983399987221,-0.684870779514,-0.740926086903,0.578480601311
66008,0.936399996281,0.130349993706,1.35954999924,1.46145868301,-0.517760276794,-0.635324716568
9217,-0.234549999237,-0.0194000005722,-1.08259999752,-2.0208799839,-1.6525195837,-1.02217245102
701,-0.429349988699,-0.33164998889,-0.267999976873,1.05621623993,0.517892539501,0.172151237726
6182,-0.734200000763,0.0,-0.400750011206,-3.22566843033,-1.22553300858,-0.810661494732
4860,0.179000005126,-2.40694999695,-1.71990001202,-1.81803381443,-3.47346401215,-2.20307445526
7398,0.259299993515,0.387250006199,0.342500001192,-0.23574796319,0.631875693798,-0.0495524927974
6117,0.786799967289,0.510200023651,0.223949998617,-0.873517751694,0.224620476365,-0.0757984369993
23588,2.66634988785,2.20674991608,2.05060005188,1.45509684086,0.784894227982,1.28717553616
949,-1.3057500124,-3.38840007782,-0.912750005722,-1.76920902729,-1.73292410374,-3.14205932617
7168,-1.39365005493,-1.08235001564,-1.0556499958,-1.23348855972,-1.31458449364,-0.631754338741
9375,0.456049978733,0.160400003195,0.936849951744,-0.207404196262,-0.378879547119,0.282840520144
4927,-0.484150022268,0.372350007296,0.358449995518,-1.32338631153,-0.467428863049,-0.341448128223
2523,-0.51415002346,-0.781399965286,-0.181950002909,0.906822741032,1.0089507103,-0.101628005505
58497,0.902249991894,0.415650010109,-0.184150010347,-0.558212161064,0.348525166512,-0.437266528606
6856,1.35980010033,1.56334996223,1.6072499752,0.666433513165,0.322594076395,0.659294605255
26036,2.87199997902,1.71074998379,1.82834994793,0.707365214825,0.983380436897,-0.0663584768772
10206,0.290399998426,-0.380499988794,-0.0243000015616,2.26725840569,1.14882421494,0.768346190453
25793,1.24294996262,0.76415002346,0.276399970055,0.185631796718,0.0707944408059,-0.333228826523
55556,1.12839996815,1.18464994431,1.47574996948,-0.533372879028,-0.706758022308,-0.419507741928
3978,0.64335000515,0.623950004578,0.537299990654,0.0645523369312,0.345141470432,0.497119814157
10681,-1.04929995537,-0.536599993706,-0.266150057316,0.0886094421148,-0.753354310989,-1.39308667183
3638,2.07820010185,0.846349954605,0.200450003147,1.05402326584,-0.655835986137,-1.03604459763
8349,0.411049991846,0.398449957371,-0.141000002623,1.46206998825,1.04089260101,0.548866212368
6275,-1.08465003967,-0.308099985123,-1.37750005722,0.843089222908,-0.35344132781,-0.687853872776
3895,-0.227150008082,-0.336899995804,-1.13940000534,1.93881523609,-1.23128163815,0.904545426369
392,1.22630000114,-0.298150002956,0.794799983501,0.455053031445,1.31298947334,0.0881160497665
9170,-0.1134499982,0.102750003338,0.645499944687,0.66688233614,0.681736826897,0.942237496376
80347,-0.41424998641,-0.162949994206,-1.23374998569,-0.872529625893,-1.4226411581,-0.821250557899
23300,0.876200020313,0.589900016785,0.469600021839,0.266541689634,0.51605027914,0.568226635456
836,2.67425012589,0.264849990606,0.290950000286,0.539736270905,0.0870434343815,-0.697852611542
11188,0.145450010896,1.34144997597,1.19459998608,2.88286495209,3.01308059692,3.1992430687
10898,1.02120006084,0.15324999392,-0.917950034142,0.128132373095,-0.666280210018,-0.081904053688
9276,0.147349983454,0.665300011635,0.135699987411,-0.851311028004,-0.335053324699,-0.171722203493
1647,0.292750000954,-0.0966999828815,0.398900002241,1.61095786095,0.991911649704,1.09794378281
10285,-0.742649972439,-0.514850020409,-0.424250006676,-1.16408002377,-0.0332937687635,0.417965531349
23386,1.99234998226,0.959849953651,0.654699981213,0.588199853897,0.10401634872,0.278110206127
3156,2.75215005875,1.05050003529,0.738250017166,3.67650032043,0.189496070147,-0.495707541704
10237,0.178449988365,-0.468100011349,-1.19175004959,-1.41844570637,-1.72715592384,-0.990836501122
7077,-1.17739999294,-0.667800009251,-0.262049973011,1.38937389851,0.30874761939,1.2077485323
11157,0.00984999537468,0.0302500016987,0.425199985504,-1.92045164108,-0.449850469828,-0.483347445726
22908,0.706499993801,-0.066949993372,-0.204400002956,-2.45311903954,-3.73316192627,-1.773899436
10915,-1.32314991951,-0.760699987411,-0.767199993134,-1.45714020729,-0.327104926109,-0.107744395733
9897,-0.808099985123,-0.427300006151,0.448000013828,1.06572842598,0.716712474823,1.12648582458
1759,-0.115149997175,0.00439999997616,-0.549450039864,0.58356153965,-0.320087552071,-0.949233531952
54541,-2.01114988327,-0.810649991035,-0.0104499980807,-0.276016056538,-1.49378395081,-0.915165185928
211,-0.081200003624,-0.325699985027,-0.419250011444,0.46269351244,0.00162952765822,0.0985233485699
5048,-0.691499948502,0.0938999950886,-0.338950008154,0.255797117949,-0.46071049571,-0.774980664253
84722,0.471199989319,0.435499995947,-0.676400005817,0.49970728159,-0.210194960237,0.458405166864
29890,0.220899999142,-0.457200020552,-0.975550055504,0.959218084812,0.985255002975,0.655803024769
9868,1.01405000687,0.947849988937,0.904000043869,-1.56809461117,0.373738378286,-1.33751559258
873,-0.343299984932,-0.79825001955,-0.330200016499,-0.856230020523,-1.5110014677,-1.43955528736
5580,-1.49000000954,-0.525399982929,0.0656000003219,0.147514849901,-0.402317464352,0.300608754158
3725,0.835649967194,1.62264990807,0.287999987602,2.94620060921,1.52236366272,0.60332763195
23585,1.52415001392,1.2241499424,0.0574499964714,0.448256731033,-0.300327718258,0.379234999418
51097,-0.337149977684,0.794450044632,0.999799966812,-0.470221370459,-0.680523872375,0.948928892612
1831,0.26289999485,0.179550006986,3.08559989929,1.2035753727,1.0259771347,0.946940362453
7020,-0.287599980831,-0.394849985838,-0.0729000121355,0.984459757805,0.088737949729,0.57057851553
55893,-0.927549958229,-0.386049985886,0.463800013065,0.84093940258,1.14284288883,1.02460587025
6944,-0.6575999856,-0.59350001812,0.327999979258,0.799633920193,0.531573414803,0.803772449493
22883,1.21710002422,0.996150016785,0.667450010777,-1.87467908859,0.929733455181,0.502499222755
5601,-1.21979999542,-1.47790002823,-5.77199983597,-0.554227948189,-0.978324174881,-3.73374462128
10775,1.10490000248,0.729349970818,0.119350001216,-1.80645036697,-1.36408269405,-1.21007502079
4780,-0.0575999990106,-0.589499950409,-0.0235000103712,0.00364408129826,0.197744876146,0.691667795181
10904,-0.603549957275,-0.110899999738,-0.162249982357,-1.20453608036,-0.0389433205128,-0.42716640234
9917,-1.54154992104,-0.508249998093,-0.585150003433,-0.179855927825,0.483759105206,0.0225069150329
1399,-0.0381000041962,-0.762199997902,-0.483550012112,0.896600604057,1.23049736023,1.14343214035
24149,-0.149299994111,0.0258499979973,0.092099994421,0.66163790226,-0.0484921559691,0.473408490419
2222,1.34409999847,0.294799983501,-0.209800004959,2.48948979378,-1.22882497311,-1.48200035095
10131,-0.231949985027,0.279150009155,-0.130950003862,-1.32103419304,-0.255852609873,0.00620182231069
2958,-0.457249999046,-1.62435007095,-0.333449989557,-3.00971388817,-0.911347925663,-1.02143192291
9650,-0.277199983597,-0.629750013351,-0.275849997997,1.03681492805,0.210644006729,0.941045343876
7319,-0.16590000689,0.127749994397,0.630149960518,0.217688769102,-1.22436249256,-0.235834628344
4817,-0.686749994755,-0.721050024033,-0.151599988341,1.3742171526,0.816103696823,-0.0694439262152
9143,0.214599996805,-0.41685000062,2.3571498394,0.762088000774,1.13231909275,0.1059063375
10494,0.581049978733,-0.141599997878,0.0712999999523,-1.62328445911,-1.33902049065,-0.208112895489
55324,0.644400000572,0.752550005913,0.35229998827,-0.810835301876,-0.55696195364,-0.395552247763
23149,-0.422950029373,-0.525099992752,-0.122500002384,0.915714859962,1.95674657822,0.944367706776
9943,0.382300019264,0.699450016022,0.686549961567,0.268547534943,-0.135501042008,0.141046389937
6599,-0.45664998889,0.998300015926,0.143999993801,0.610270142555,0.84975707531,1.09712958336
51031,0.285099983215,0.301999986172,0.305150002241,0.97934949398,-0.122014030814,-0.0362889915705
3566,-1.17170000076,-0.19715000689,-0.222049981356,0.353066444397,0.578799545765,0.501343071461
3815,-0.937700033188,-0.219700008631,1.13420009613,-0.712888479233,6.52052354813,0.455349564552
8624,-0.145350009203,-0.484899997711,0.327199995518,-1.74258494377,-1.11889004707,-0.405510634184
27346,0.282550007105,0.326000005007,0.260450005531,0.493250876665,-0.18437705934,0.32852846384
10489,-1.84524989128,-0.557099997997,-0.64200001955,-0.100213624537,1.12172222137,0.400379627943
26128,0.247350007296,-0.00204999744892,0.313449978828,-0.907238721848,-0.694599449635,-0.368302971125
79921,1.22434997559,0.114250004292,0.20885001123,-0.137093052268,0.0202652961016,-0.0368010737002
55746,1.37240004539,0.80965000391,0.293149977922,-0.366932451725,0.0162408091128,0.767839789391
23636,-0.0269000045955,0.379549980164,0.186700001359,-1.76614022255,-0.613872110844,0.222411483526
10892,-0.179150000215,-0.924649953842,-2.07880020142,-0.7818557024,-2.08051228523,-1.31066799164
10652,1.74244999886,1.50499999523,1.56560003757,-0.549690246582,0.042581692338,-0.940422534943
11004,0.733650028706,0.541899979115,-0.151149988174,0.82409632206,0.0697704404593,0.411513090134
23530,-0.635850012302,0.748000025749,-0.141599997878,2.26490306854,1.25224769115,-0.728475213051
8826,0.423449993134,0.824249982834,0.976349949837,-0.204841375351,1.26214385033,0.944845557213
3308,-0.652899980545,-0.392749994993,-0.173000007868,0.735744833946,0.6264128685,0.621399760246
7153,1.17700004578,1.11055004597,0.896699965,-0.91408097744,-0.0162039101124,-0.00363095104694
11041,0.405849993229,1.27880001068,1.05795001984,-0.208255410194,0.554631769657,1.20945131779
6342,0.477649986744,0.323500007391,1.04089999199,-0.409803807735,0.185268372297,-0.835635185242
5883,1.73254990578,0.609349966049,0.309850007296,0.871235132217,0.206343188882,0.281141668558
10589,-0.587000012398,-0.898200035095,-0.288100004196,-1.41295993328,-1.18960285187,-1.12156558037
5110,1.93669998646,0.899899959564,0.488950014114,-1.68657660484,-0.924931287766,-0.773523151875
4609,-1.43029999733,1.04640007019,1.32850003242,0.150419428945,1.46138262749,1.04001331329
5423,0.515049993992,-1.80369997025,-0.963100075722,-0.6055123806,-0.574194550514,-0.784352004528
1070,1.58105003834,1.59579992294,0.481200009584,-0.310966849327,-0.604128956795,0.18313190341
10051,1.81709992886,1.6549500227,1.4700499773,-1.8159879446,-0.426637977362,-0.074380338192
6603,-1.58029997349,-0.821749985218,0.29650002718,-1.55310428143,-0.668013513088,-0.607331573963
9019,0.265249997377,0.264449983835,0.366400003433,-0.564945578575,-0.194340214133,0.0292738080025
10969,-0.24509999156,-0.24469999969,-0.00574999861419,-0.985050082207,-0.606157898903,0.0632531195879
9797,-0.288650006056,-0.253149986267,-0.655749976635,0.830795109272,-0.608402252197,0.0394348055124
4043,-0.190400004387,-0.218400001526,-1.77999997139,-0.185978412628,-1.30991208553,-0.00182467699051
9519,1.30269992352,-0.119450002909,-0.658149957657,-0.260349571705,-0.61512863636,-0.400919795036
8480,0.0123500004411,-0.447450011969,-0.410850018263,-1.02369046211,-0.761157572269,-0.155146986246
983,1.73150002956,1.13100004196,1.24884998798,-2.39652562141,-0.565749287605,-0.658502519131
10559,1.15269994736,0.372950017452,0.552500009537,2.29074573517,1.45127427578,0.672894835472
8508,1.08619999886,1.29340004921,0.429349988699,0.310624927282,0.825032353401,0.222288161516
9275,0.628049969673,-0.00860000401735,-0.774700045586,-1.04575562477,-1.39711678028,-1.29738175869
8914,0.0190000012517,-0.476550012827,-0.48244997859,-1.11580336094,-1.43511295319,-1.37806367874
54505,0.925150036812,0.230049997568,-0.189899981022,-0.872313439846,-0.563295543194,-1.33764672279
6919,1.80640006065,1.80640006065,1.04365003109,1.87716937065,1.8366663456,0.852336406708
2274,0.84475004673,3.21029996872,1.77784991264,0.00906472187489,-0.139733165503,-0.272409379482
2288,-2.04699993134,-2.22324991226,-0.130750000477,1.04918026924,0.425776124001,0.265301704407
7994,0.37190002203,0.324599981308,0.511450052261,0.334773004055,-3.05181527138,-0.168206632137
4216,0.252350002527,0.415099978447,0.281650006771,-0.335339128971,-0.693435549736,-0.345543980598
7538,-1.04445004463,-0.227600008249,0.81409996748,2.51705789566,1.25451552868,0.0819558054209
3628,-0.0569000020623,0.115549996495,-0.0683999955654,-0.203748047352,-1.50954413414,-1.25451481342
2037,0.55134999752,-0.0373500138521,-0.208749994636,0.210875272751,-0.612866640091,-1.0526175499
2771,1.04904997349,0.15419998765,0.955749988556,2.06366467476,0.098995834589,0.579519867897
7264,-0.903900027275,-0.536450028419,-0.0309000015259,-2.17056012154,-0.829725980759,-0.688364267349
1786,-0.817200005054,-0.364749997854,-0.152500003576,1.13179516792,0.800125539303,0.567299902439
5873,0.123850017786,-0.242049992085,-0.586199998856,0.454512476921,0.63288462162,-0.137455359101
780,-0.671100020409,-0.498500019312,0.107800006866,0.237650036812,1.33099722862,-0.115362286568
9926,-1.25774991512,0.17745000124,0.119400024414,-1.06174302101,-0.0330508872867,-0.375163823366
8446,-0.378100007772,-0.604400038719,-0.229400008917,0.847513318062,0.666209340096,0.349892437458
7159,-0.638750016689,-0.431749999523,-5.8438501358,1.05680084229,-0.126071631908,0.339284360409
1026,-2.21479988098,-4.07600021362,-3.25839996338,-2.13727092743,-3.84193468094,-1.61767530441
7082,0.608850002289,0.803499996662,0.380600005388,-0.150732800364,0.642402648926,-0.562113523483
10058,-0.742650032043,-0.105200007558,-0.694550037384,-5.64456939697,-3.4754447937,-1.4296400547
10797,0.646999955177,0.159350007772,-0.348600000143,-1.6840839386,-1.20078861713,-0.652815163136
11230,0.714100003242,-0.0752000063658,-1.33840000629,0.215052455664,-0.689457297325,-0.396023631096
30836,-0.661400020123,0.117100000381,-0.55579996109,-0.329700231552,0.50944429636,0.401381164789
27336,-0.389599978924,-0.500850021839,0.091350004077,0.877927064896,1.03029429913,0.348175674677
9918,-1.32085001469,-0.0586000010371,0.162300005555,0.633075118065,0.11546126008,0.099167495966
79073,-3.95165014267,-0.0800000056624,-0.660549998283,-1.41473472118,-2.08057808876,-0.769388496876
9688,1.04309999943,0.863700032234,-0.212049990892,-0.180350244045,-0.425703078508,-0.485073924065
23659,1.06455004215,-0.38869997859,-0.77404999733,-0.817288160324,-0.390071392059,-0.371384382248
8396,5.5029001236,0.78100001812,0.684850037098,0.470371544361,0.442687749863,0.615171968937
23077,1.43814992905,2.58955001831,2.65704989433,1.57490754128,0.311135590076,0.163422971964
10857,0.749400019646,0.927150011063,-4.20620012283,-0.738695323467,0.240528032184,-0.227349981666
16,0.334650009871,-1.92554998398,-1.5951499939,1.196164608,-0.44687512517,-0.706436216831
2817,0.214350000024,-0.449399977922,-0.67619997263,2.01145219803,4.96620845795,0.230964407325
60528,-0.576449990273,-0.996299982071,-1.51305007935,-0.940306425095,-0.574495851994,-1.34611809254
5359,0.00290000066161,0.991649925709,-0.0789499953389,0.26165753603,-0.0470961034298,0.836138665676
1514,1.81869995594,1.13384997845,0.326800018549,0.100738465786,-1.80831885338,-0.12385058403
1509,0.715299963951,0.628799974918,0.860000014305,0.811822772026,-0.212309807539,0.112729765475
9181,-0.648450016975,-0.443450003862,0.0851500034332,0.149041876197,-0.601017296314,-0.807629227638
3611,1.01804995537,0.478749990463,0.272599995136,1.36232328415,0.0585847496986,0.269926190376
4783,0.188400000334,-0.901499986649,-0.483799993992,0.00852489471436,-0.786023795605,-0.270892083645
10123,-0.659399986267,-0.537750005722,-0.378749996424,1.37121224403,0.41971963644,0.453612416983
8895,1.22600007057,0.865749955177,0.507050037384,0.389018893242,0.757753491402,-0.123926915228
9805,-0.527899980545,-0.923699975014,0.650749981403,-0.338776290417,-0.317259639502,0.0153578966856
4125,0.251850008965,0.433499991894,-0.502799987793,1.20439767838,1.34015500546,0.345618546009
1635,2.74009990692,1.48055005074,1.73755002022,2.51280808449,0.23684361577,0.151652440429
4154,0.181950002909,0.511299967766,0.298299998045,-1.41948771477,-0.730422019958,0.91232073307
26292,0.906899988651,0.464150011539,0.921100020409,-0.568959653378,-0.882747292519,0.0319908857346
5770,0.246350005269,0.284550011158,3.12315011024,-0.270077466965,-0.359648883343,0.438411772251
25874,1.38940000534,-2.16470003128,0.634000003338,0.568353950977,-1.25404930115,0.640848040581
11319,-1.09030008316,-0.309199988842,-0.306899994612,-0.89713537693,-0.873575687408,-0.0813125818968
1153,2.66269993782,2.07239985466,1.39479994774,1.1490008831,1.1641395092,0.46878194809
11098,-0.697850048542,0.29699999094,-1.0651999712,-1.05818939209,-0.874950408936,-0.220385432243
8974,1.91269993782,2.01845002174,1.40644991398,0.507722556591,1.68384587765,-0.47683134675
533,-0.59139996767,-0.758949995041,-0.906149983406,-0.725050330162,-1.01890230179,-0.720020532608
823,2.42880010605,0.750049948692,1.11065006256,1.83841347694,0.28927385807,0.681891441345
6812,0.602049946785,0.547850012779,0.111600011587,1.82977795601,0.0191175490618,0.505245566368
3693,1.13380002975,0.0493499934673,0.37729999423,-0.422562479973,-0.311188340187,0.278821527958
4891,-1.41635000706,-0.432249993086,-1.19254994392,1.43193626404,-0.58282315731,-1.33418500423
10954,0.829900026321,0.643199980259,0.598899960518,-0.586000323296,-0.516046047211,0.398233175278
5909,-5.95915031433,-2.37709999084,-1.5351998806,0.0801671147346,0.400914609432,0.417565524578
9221,-2.16225004196,-1.69304990768,-1.78955006599,-2.09884595871,-1.09340572357,-0.54959243536
847,0.36289998889,0.938499987125,1.55079996586,0.45505926013,-0.993718862534,0.663897633553
11072,-0.231249988079,-1.07134997845,-0.850300014019,-0.251567423344,-0.829112231731,-1.17056465149
10221,0.587699949741,0.119849994779,-0.772650003433,0.579737484455,0.57934242487,0.23976136744
7158,-0.490100026131,-0.125050008297,-0.432900011539,0.679302811623,0.144008040428,0.726504981518
8678,1.81885004044,0.628700017929,0.232150003314,0.551285028458,0.026648208499,-0.207286268473
11014,0.542050004005,0.293150007725,0.173549994826,-1.32207632065,-0.531428515911,0.0223656594753
1994,-0.529200017452,0.734950006008,-0.503149986267,-1.83636021614,-0.971504688263,0.134768679738
3482,0.679650008678,-0.384299993515,-0.0313000008464,1.67678809166,0.499020695686,-0.0292186364532
25976,0.672450006008,-0.162249997258,-0.517400026321,0.287931919098,-0.0280119553208,0.144378170371
10491,0.891849994659,1.30570006371,0.699499964714,0.220790892839,0.703637719154,0.295607924461
51053,0.504999995232,0.0914999842644,0.191950008273,-0.955694317818,0.156646803021,0.863527655602
9267,1.77649998665,1.18844997883,1.15629994869,0.241705581546,0.630534231663,0.416256070137
5547,1.0394500494,0.119249999523,-0.106900006533,-0.294757962227,-0.245109796524,-0.420707851648
6597,-1.03460001945,-0.420399993658,-0.718800008297,-2.63618564606,-0.508430063725,-0.669644474983
5836,-0.71825003624,-0.578800022602,-0.916000008583,0.471465468407,0.642860651016,0.0319131836295
6118,-0.278450012207,-0.265450000763,0.488349974155,0.613879799843,0.690795898438,0.511833965778
2961,-0.466650009155,-0.35719999671,0.403800010681,-0.668219745159,-1.69043076038,-0.977381408215
310,0.460799992085,0.659699976444,0.125050008297,-1.12387919426,-0.843533694744,-0.759667515755
7296,0.3763499856,0.912400007248,0.859949946404,1.46729815006,0.344783306122,0.00577786564827
1429,-0.160799995065,0.44779998064,-0.75049996376,-0.915960550308,0.0970987230539,-0.56663197279
2548,1.12275004387,1.08525002003,0.784200012684,1.08650279045,0.782661259174,1.18496477604
6499,0.332149982452,-0.0942499935627,0.189150005579,-0.683648407459,-1.1425536871,0.0735936611891
642,0.0232000052929,0.21684999764,0.84659999609,-1.32280707359,-0.410026788712,-0.0551044046879
23076,-0.357950001955,-0.527350008488,-0.0417999923229,-0.227512016892,-0.437427610159,0.611102223396
10099,0.724349975586,0.701349973679,0.66369998455,-0.151654660702,-0.644298493862,0.17163592577
9817,0.073399990797,-0.700049996376,0.760599970818,-1.18498277664,-0.778039336205,-0.505591988564
9126,-0.391049981117,0.190149992704,-0.013049999252,-0.160250604153,0.0592539571226,0.416129529476
3930,2.59019994736,1.83275008202,1.80364990234,0.2361574471,0.229674428701,-0.201028689742
10450,1.74975001812,1.40705001354,0.230550006032,0.761358857155,0.210078641772,0.327340275049
54386,0.521099984646,0.5679500103,0.405550003052,-0.776283442974,-0.0551632344723,0.3024533391
664,0.757499992847,0.499050021172,0.198899999261,-0.116697341204,0.332142025232,0.14932961762
596,0.0389500036836,0.232799991965,0.142650008202,-0.673583984375,-0.506099939346,-1.30752563477
10180,2.48535013199,0.652500033379,0.776100039482,2.4389872551,0.856430768967,1.28103494644
1445,0.0673500001431,0.330049991608,0.363750010729,-0.943927884102,-0.359852671623,0.138850137591
230,0.901700019836,0.782700002193,1.40989995003,2.57493686676,0.172364830971,-0.747696578503
9246,-0.71305000782,-1.00024998188,-0.363649994135,1.07787871361,0.508292198181,-0.109388224781
5092,0.0308499932289,0.171600013971,0.542599976063,-1.26371121407,0.656782925129,-0.630909979343
23463,-1.09749996662,-1.31784999371,-1.28960001469,-2.0641875267,-1.29855322838,-1.51321303844
10007,-1.89790010452,-1.59299993515,-1.90254998207,-2.32519102097,-2.20507836342,-1.77636218071
4925,-0.713800013065,-0.998849987984,-0.743950009346,-1.2486550808,-2.24021172523,-1.94176530838
6251,-0.619400024414,0.0129999965429,-0.254999995232,-0.00903343968093,0.439411520958,-0.836093783379
5782,1.40310001373,-0.188600003719,0.925849914551,-0.384196400642,-0.988731026649,-0.732283651829
5106,-0.145349994302,-0.0749499946833,0.504899978638,0.320932030678,-0.041043817997,0.533136367798
2673,-0.431649982929,-0.761349976063,-0.611249983311,0.617434442043,0.353325307369,-0.133304074407
644,-0.340450018644,-1.01080000401,-1.21030008793,-0.778068125248,-0.600003957748,-0.803787529469
6284,0.88195002079,0.544799983501,0.303299993277,0.313243567944,-0.0105232596397,-0.00880020856857
4605,-3.08804988861,-2.33060002327,-1.10264992714,-2.11596250534,-2.0578212738,-1.46563541889
6810,-0.16914999485,-0.752200007439,0.0181499868631,1.68939530849,0.731510400772,0.809513688087
54499,1.95274996758,1.73994994164,0.997050046921,-2.29209709167,-1.62418460846,-1.27043616772
11007,-1.08169996738,-0.270249992609,-0.476849973202,0.448611944914,-0.313284605742,0.515261232853
1643,2.18545007706,1.87119996548,1.3436999321,-0.393495857716,0.166170671582,2.71455717087
25805,0.830899953842,-0.231999993324,0.753650009632,-0.549086809158,-0.202438369393,0.0934952199459
3033,1.15195000172,0.697399973869,0.349250018597,-2.20557570457,-0.728551924229,-0.388117223978
2745,-2.12470006943,-2.72944998741,-2.46004986763,-2.13282442093,-2.7294254303,-2.63727021217
9961,0.698300004005,0.197099998593,0.0742000043392,0.388134628534,0.537225544453,1.31352448463
3925,-0.167649999261,1.02059996128,1.02464997768,-2.42579865456,-2.02757501602,-1.72680306435
2582,-1.42690002918,-1.23580002785,-1.50250005722,-0.847657442093,-0.106156617403,-1.54155635834
5792,-1.0665500164,-0.587599992752,-0.741549968719,1.55668365955,-0.0940059646964,0.434947907925
5236,-0.408050000668,-0.770449995995,-1.00434994698,-1.24894702435,-1.34381127357,-0.808117449284
4016,-0.569249987602,-1.36755001545,-0.19074998796,-2.31090855598,-1.45580506325,-0.311687797308
4651,0.912500023842,0.0560500025749,0.3804500103,0.940951943398,0.171424210072,0.471292883158
3988,-0.281500011683,-0.690900027752,-0.217699974775,1.39407122135,0.344241410494,-0.155383586884
26227,-0.0129500031471,-1.03710007668,-0.675799965858,-3.43724012375,-2.68099403381,-1.00635623932
7982,1.41425001621,0.440550029278,-0.441799998283,0.407750785351,-1.07657408714,-2.46196484566
3551,-0.342449992895,0.329750001431,0.105399996042,1.38859558105,1.39829444885,1.26857352257
5108,0.476099997759,0.564249992371,-0.149249970913,-0.666176557541,-0.133856654167,0.534043550491
8870,0.365450024605,0.340950012207,0.998399972916,0.816438913345,0.426400780678,-0.110002607107
2195,-0.158299997449,0.147049993277,0.108149990439,-0.188924431801,-1.15602111816,0.150251030922
8731,2.30460000038,2.04844999313,1.00664997101,0.152598559856,0.784342706203,1.06904768944
1956,0.270600020885,0.868400037289,0.659649968147,-0.170497596264,-0.458002924919,-0.311242371798
10276,-0.116449996829,0.539200007915,0.670350015163,-0.916273474693,0.188861787319,0.844771504402
1666,1.16085004807,0.823350012302,0.809149980545,0.0814775824547,0.463004678488,0.907497048378
4864,2.19560003281,0.996600031853,0.747550010681,0.839998483658,-0.630614876747,-0.314177453518
4232,-0.0529999993742,0.0445999950171,0.195500001311,0.776188135147,0.715597748756,0.444574058056
5050,0.179949998856,-0.427599996328,-0.465149998665,0.214006274939,-0.0542594492435,-0.573237478733
813,-0.0965500026941,-1.41764998436,-5.23710012436,-0.919497847557,-1.20453631878,-0.0587776266038
3964,0.471499979496,0.622699975967,1.56550002098,1.96009707451,1.56268370152,0.705784738064
26020,-0.575550019741,-0.252700001001,-4.64459991455,0.520452857018,-0.216699793935,-0.186986476183
481,-0.760850012302,-0.148300021887,0.250900000334,-1.04661178589,-1.58907401562,-1.74821376801
5019,0.898750007153,0.772100031376,0.32950001955,-0.760026037693,-0.433175206184,-0.206470727921
291,0.638949990273,0.107400000095,-0.211199998856,-0.0841645598412,-0.107225030661,-1.6920927763
10973,0.551050007343,0.335050016642,-0.0167500041425,-3.96270370483,-3.39589977264,-1.68505060673
9697,-0.574800014496,-0.39794999361,-0.173550009727,1.66931462288,0.745780408382,0.788411259651
5831,-1.43304991722,-1.18500006199,-0.516250014305,-2.30201339722,-1.59351658821,-1.23209309578
8202,1.6194999218,0.260749995708,0.683249950409,0.635799884796,0.789731740952,0.602381765842
57804,1.24180006981,1.04925000668,0.927349984646,3.12944889069,1.77630829811,0.910342693329
5566,-1.2078499794,-0.207199990749,0.163949996233,0.629111349583,0.572537302971,-0.0951685160398
57149,1.01190006733,0.562700033188,4.23955011368,0.332103192806,-0.156866073608,-0.0663070827723
7416,-3.17549991608,0.957849979401,-2.63969993591,-2.17070007324,-1.20789730549,-4.88048553467
10174,1.06264996529,1.02495002747,0.536300003529,1.25683319569,1.49748075008,1.27533555031
6676,0.552199959755,-0.0874999985099,1.21149992943,-0.0267096757889,1.96780252457,-1.10302817822
8884,-1.2009999752,-0.345850050449,0.988550066948,-0.492144912481,-1.14110004902,-0.8161200881
5997,4.20545005798,-0.415350019932,-1.32690000534,0.121452629566,-1.21484708786,-1.68435645103
57147,1.56719994545,0.770750045776,0.0741999894381,0.140949010849,0.276944339275,0.55433434248
6909,-1.09064996243,-1.11424994469,-1.29414999485,0.0303098112345,-0.458501756191,-1.30657470226
9093,-2.04054999352,-1.31145000458,-0.39414998889,0.623009622097,0.431874096394,0.28438526392
23142,0.244249999523,-0.325749993324,-0.767350018024,0.550245583057,0.0393046736717,0.22854873538
8444,-0.300099998713,-0.374700009823,-0.956500053406,1.32376122475,0.305117547512,0.165967911482
11232,0.376300007105,0.96130001545,1.71369993687,1.06585025787,0.838621377945,0.179478257895
27095,-1.1468000412,-1.40375006199,-1.85894989967,-1.85298728943,-2.07153534889,-2.53001213074
10732,0.30680000782,-0.136050015688,0.490500003099,0.585655629635,0.302509516478,0.592933118343
23029,0.402449995279,0.808300018311,0.603749990463,0.952272832394,0.904375612736,1.32822048664
9270,-1.12170004845,-1.06695008278,-0.501949965954,-0.691158890724,-0.911095619202,-0.693866729736
47,-0.0869499966502,0.0794000029564,0.180900007486,0.776540398598,-0.609775424004,-0.228064537048
5889,-1.01134991646,-0.737850010395,-0.275350004435,0.578617811203,0.0704120993614,-0.168634653091
8243,-0.264899998903,0.435299992561,-0.300000011921,0.4256118536,0.624729037285,0.323826938868
10730,0.662999987602,0.793950021267,0.497900009155,-1.83484172821,-0.221288740635,-0.0208570659161
30,0.157800003886,-0.30805003643,-0.406500011683,-0.111463576555,0.422538429499,-0.500574707985
7466,-1.6740000248,-1.43545007706,-2.58585000038,-0.72573786974,-0.466018438339,-1.17346847057
89910,0.18314999342,1.38609993458,1.34730005264,0.436969578266,0.755299925804,0.574312567711
56654,-5.03779983521,1.17849993706,-4.82924985886,0.504284977913,1.17170965672,-2.41077709198
501,0.164100006223,0.451600015163,0.386500000954,0.592803418636,0.713640511036,1.03635156155
5438,-2.31340003014,-1.2907500267,-1.0721000433,-3.65452861786,-1.06130599976,-0.430151462555
26993,1.26304996014,0.31194999814,-0.958950042725,-0.893635511398,0.378414005041,0.441256582737
55111,-0.630750000477,-0.606449961662,0.37009999156,-0.183751672506,-0.709127306938,-0.915483891964
8520,-0.187000006437,-0.733650028706,0.154700011015,-1.38526582718,-1.91215717793,-2.36541604996
10146,0.428099989891,0.322200000286,-0.424300014973,-0.246022433043,0.28088966012,0.357553720474
7165,0.538550019264,-0.11780000478,-0.683500051498,1.64352226257,1.91570281982,1.6680290699
55011,0.260199993849,0.0264999978244,0.392699986696,-1.04652404785,-2.39224243164,-1.99359583855
6461,-1.15540003777,-0.315950006247,0.308049976826,-0.817767083645,0.855996251106,0.719569385052
10813,0.268400013447,1.09794998169,0.841400027275,-0.296322733164,0.318473517895,1.67656326294
80746,-1.0515999794,-0.90465003252,-0.242450013757,-0.0789530873299,-0.137817904353,0.249664932489
10434,0.833050012589,0.710099995136,0.484399974346,-0.462261348963,-0.0893177092075,0.177631989121
5607,0.983749985695,1.03935003281,0.59969997406,0.46031576395,0.714406728745,0.563303828239
22827,-0.942399978638,-0.135899990797,-0.383800029755,-1.73796367645,-0.336939811707,-0.330060571432
51635,0.337249994278,0.901650011539,0.901650011539,-2.73100137711,-0.198180153966,-0.974743485451
84159,1.50810003281,1.57290005684,1.14904999733,1.78376531601,1.38647222519,1.27627933025
3508,-0.565500020981,0.648250043392,0.837000012398,0.0824074223638,-0.571118593216,-0.605327188969
84890,0.514600038528,0.257250010967,0.564100027084,0.217952042818,-0.459086328745,0.51120775938
79600,0.903750002384,0.753899991512,0.788700044155,2.15632200241,2.74004364014,1.77111005783
8574,1.84630000591,0.983449995518,1.05365002155,1.37784075737,0.644037544727,0.706219315529
5529,-0.0247500017285,0.348500013351,-3.12794995308,-0.222786217928,0.0605757310987,0.574637174606
3909,1.05009996891,0.783950030804,1.12139999866,2.22338247299,1.43944656849,0.954649329185
9637,0.258450001478,-0.996950030327,-0.858049988747,0.646506071091,-0.0113091766834,0.0526317916811
8518,0.280449986458,0.339200019836,0.291049987078,0.18429236114,0.553253293037,-0.0542867183685
6443,1.24970006943,-0.178050011396,0.971750020981,0.310652136803,0.0107800513506,0.0577885583043
58478,0.965550005436,0.123899996281,-0.214649990201,-1.34349656105,-1.3312472105,-0.82854282856
4850,0.752049982548,-0.272650003433,0.625450015068,-0.392507791519,1.64954280853,0.00824458897114
23210,-1.14374995232,-1.98440003395,-1.92414999008,-1.01367139816,-1.42125368118,-0.491064608097
54733,0.0900500416756,0.584500014782,-0.979350030422,-1.67979192734,-0.681681275368,0.479339957237
55129,-0.568850040436,-2.07179999352,-1.52279996872,-0.274824291468,-0.690718829632,-0.982347488403
10273,1.37660002708,0.305200010538,-0.939649939537,-0.1026686728,-0.521106958389,-0.744776725769
572,0.336950004101,0.0,-0.37990000844,-0.205121442676,1.1709113121,-0.287577211857
5716,0.986949980259,0.486249983311,0.554499983788,-1.16171121597,-1.10578608513,2.25199604034
22841,-0.106499999762,-0.258000016212,-0.571949958801,0.673613250256,-0.0317133665085,-0.497342675924
2356,-1.08105003834,-0.550400018692,-0.543399989605,-0.10797354579,1.09951663017,0.816807210445
6050,0.0394999980927,0.557799994946,0.0401500016451,0.852117300034,0.44363462925,-0.355863720179
64422,-0.375900000334,-0.697399973869,-0.830150008202,-1.45646965504,-0.977486431599,-0.415273845196
8837,4.73740005493,-0.326849997044,-0.0365500152111,0.195384711027,0.609532773495,0.0524579770863
55127,2.62545013428,2.21830010414,2.0842499733,4.30290603638,3.27211809158,2.76662254333
23335,-0.47310000658,-0.148699998856,-0.0841000080109,-0.939930438995,-1.18847060204,-1.47426998615
10270,-1.43970000744,-0.554149985313,-0.618799984455,-0.597876548767,0.236304968596,0.422045946121
6509,1.19274997711,-0.398999989033,5.01695013046,0.871753931046,0.211080506444,-0.308388650417
83743,-0.171400010586,-1.10385000706,-0.766149997711,-0.639882862568,-0.560640573502,-1.11540079117
6772,0.139799997211,-0.0832500010729,-0.259200006723,-0.273952722549,0.577454328537,-0.590781390667
22887,0.683899998665,-0.201749995351,0.43155002594,0.473564833403,0.0914758816361,-0.274996459484
51001,-0.559249997139,-1.00169992447,-1.58794999123,-3.4380812645,-1.22054064274,-3.27973461151
26511,0.796100020409,1.10345005989,-0.390949994326,-0.131314903498,-1.32120203972,-0.570158600807
7874,0.0286000072956,0.113049998879,0.18235000968,-1.26852059364,-0.416277319193,0.152645498514
51070,1.68909990788,-0.00440001487732,-1.32504999638,1.34166228771,-0.30331158638,0.296322762966
1738,0.777999997139,0.555700004101,0.421949982643,-0.341902375221,-0.151002019644,-0.00969468057156
3416,-1.12109994888,-1.13495004177,0.100250005722,-0.0166295170784,-0.0437075793743,-0.68119341135
9128,0.716799974442,0.533200025558,-2.63879990578,0.564502060413,-0.449233621359,0.0504090860486
9833,3.6834499836,-0.0526999980211,0.327250003815,-2.83123493195,-2.14365148544,-1.38991880417
4088,-0.311049997807,-0.0645499974489,5.09969997406,1.02740156651,-0.11048398912,0.92297065258
5018,0.398950010538,0.78854995966,0.856950044632,1.61567568779,1.28221392632,-0.446674406528
51375,-1.2648499012,-0.592750012875,0.0636499971151,-0.0238876789808,0.234993830323,1.44200015068
55038,-1.18420004845,-0.604200005531,-0.381200015545,1.4004611969,2.11302924156,0.000615350902081
23061,-0.12594999373,0.604849994183,0.74849998951,0.990593612194,1.50849890709,0.209384083748
64428,-0.620299994946,-0.303050011396,0.180800005794,1.6594452858,0.988420248032,1.07023918629
11325,0.810600042343,0.405550003052,0.476599991322,0.170506000519,0.654124796391,1.30703020096
9641,-0.580899953842,-0.822999954224,-0.668399989605,-0.395398229361,0.420942723751,-0.236426383257
23038,-0.690099954605,1.05075001717,0.114749997854,0.568076252937,0.397275656462,-0.0859439969063
57048,-1.25709998608,-0.845300018787,-0.896250009537,0.909224927425,0.986423492432,0.969028413296
94239,0.187150001526,0.00464999675751,0.647850036621,1.04634559155,0.656133592129,0.00164383649826
51203,0.890150010586,0.163549989462,0.275200009346,-0.149871453643,0.254963934422,0.15112824738
388650,0.00769999995828,-0.298450022936,0.16930000484,1.16240596771,0.481536388397,0.431733757257
23039,0.793449997902,0.46795001626,0.403250008821,-0.239447131753,1.28799128532,0.290487498045
55179,-0.958400011063,0.236000001431,-1.00174999237,-0.102022647858,1.98872470856,0.273701548576
5827,-0.538749992847,0.737650036812,-0.68700003624,-0.935592293739,-1.21517932415,-0.0730681121349
10245,-0.0728500038385,0.307099997997,1.21644997597,-0.515350282192,-0.413531720638,-0.315248429775
6813,0.0240000039339,-1.23664999008,0.209999978542,0.249672695994,0.381675869226,0.250540047884
3251,0.864750027657,0.0332999974489,0.0520999990404,-1.31349539757,-0.568122446537,0.0532350689173
23212,-2.84299993515,-1.11029994488,-0.713999986649,-1.8649096489,-1.15268838406,-0.150508031249
23536,-0.440449982882,-0.70860004425,0.00839999318123,0.962757468224,1.04068791866,1.06260287762
51282,-0.520449995995,-0.67435002327,-0.77404999733,-2.01810240746,-0.675436496735,-0.281901836395
10227,-0.623700022697,0.687600016594,0.115699991584,0.113638788462,-0.266696929932,1.56318974495
50813,0.118000000715,0.681400001049,-0.0507999956608,-1.70178675652,0.684516072273,-1.15048837662
51024,0.795050024986,0.402449995279,0.355750024319,-0.967995464802,-0.339742720127,-1.60240292549
53343,-0.8804500103,-0.326150000095,-0.713149964809,-0.524550199509,0.291812747717,0.042810484767
1465,0.324699997902,-0.0224500000477,-0.121649995446,-2.08159732819,-0.903948068619,-0.792576849461
79006,-0.170299991965,-0.364050000906,0.780250012875,0.0474346578121,0.848748087883,0.997661232948
6988,0.704249978065,-1.03515005112,1.15090000629,-0.912096977234,-1.04035437107,-0.906117618084
11011,-0.0392999947071,0.573400020599,0.293649971485,-1.67138719559,-0.506880760193,-1.40386116505
23325,1.81595003605,-1.52090001106,-2.46924996376,0.228960812092,-1.14605748653,-0.538490474224
10049,-0.0654000043869,-0.182099997997,0.0769999921322,-0.963506579399,0.697548687458,0.564001381397
3157,1.20319998264,0.929549992085,0.393999993801,2.01902890205,-0.374713748693,-1.49062514305
200734,-0.0438000001013,1.05470001698,1.43914997578,-0.511091470718,0.388410121202,0.954409897327
9053,0.120299994946,-0.00824999809265,-0.5978500247,0.915587544441,0.894547581673,0.182607933879
79094,-2.39560008049,-0.631250023842,0.308899998665,0.613760828972,0.630814373493,0.853498697281
2778,0.990800023079,0.522499978542,0.681850016117,-4.57153367996,-0.667963504791,-0.34998691082
54881,-0.676550030708,-0.0882999971509,-1.08665001392,-0.124856136739,0.30024266243,0.0465418696404
54807,-0.916949987411,-0.770599961281,0.110449999571,1.25154554844,1.12832736969,1.09697389603
323,-0.719250023365,-0.0962499976158,-0.0781500041485,0.0354797318578,0.842232763767,1.2530567646
26001,-0.134499996901,-0.0255999993533,-1.06594991684,-2.2374587059,-1.92242574692,-0.268445163965
10190,0.191500008106,-0.442650020123,0.0577999986708,-0.944497346878,-4.70710611343,0.0173557773232
9686,0.951300024986,0.151999995112,-0.0663999989629,-0.397747129202,-0.690530061722,-0.652856945992
54915,-1.01339995861,-0.261000007391,-6.0639500618,-3.52985954285,-1.10500264168,0.0751048475504
23658,-0.057250007987,0.728700041771,-0.243849992752,-1.18687772751,0.178332090378,-0.964781284332
7750,0.384550005198,0.343900024891,0.168500006199,-0.245383858681,-0.0668040364981,0.153784781694
79643,0.718099951744,-0.19374999404,1.1428000927,-0.617423772812,-0.308914065361,-0.218597650528
9488,0.0664499998093,0.426849991083,0.117749996483,0.658090889454,0.585142612457,-1.14312815666
11200,-0.158600002527,0.0668999999762,0.793249964714,-1.95843482018,-0.901894271374,0.765540063381
65057,-1.5040500164,-0.314700007439,-1.13835000992,0.657249808311,0.776850938797,0.970798671246
6832,-0.856000006199,-0.533450007439,-0.494750022888,0.740456044674,0.653898239136,0.626123428345
23131,1.54640007019,0.518600046635,0.514550030231,1.22791457176,0.6572483778,0.155259728432
10776,1.13740003109,1.02410006523,0.60119998455,-0.789041996002,-0.930394172668,-0.84673678875
6253,-0.862500011921,0.108449995518,-0.453849971294,1.53286576271,0.991052508354,-0.425639897585
79716,-0.382149994373,0.40625,1.01649999619,1.8557677269,1.97355270386,0.938997507095
29978,-0.739549994469,-0.669200003147,-0.112749993801,1.18346822262,-0.015719756484,1.10517978668
9988,2.03429985046,3.76149988174,1.46319997311,0.65368694067,0.764234125614,2.56441259384
10845,0.198850005865,0.727150022984,1.5856000185,-0.486353576183,0.011731415987,-0.171331346035
54957,1.23800003529,1.13985002041,-0.758250057697,2.94618010521,2.29563617706,0.757312774658
79170,-1.06005001068,-0.736649990082,-0.0540500283241,0.41791844368,-0.524339318275,0.323156684637
10610,-0.725199997425,-0.190950006247,-0.505500018597,-0.0513064861298,0.545650720596,-0.337003648281
128,-0.122650004923,0.362999975681,-0.123300001025,-0.898977100849,-0.746658205986,0.177337691188
51026,0.304450005293,-0.508749961853,-0.311450004578,-0.291769385338,-0.420592784882,0.147498205304
5498,-0.437200009823,-0.423500001431,0.470300018787,1.53102684021,1.30241715908,0.755510449409
124583,-0.16060000658,0.503600001335,0.674499988556,0.00291869044304,-2.9174413681,0.655164718628
9455,-1.976749897,-0.747600018978,-0.453649938107,-0.23024135828,0.773755431175,0.62113815546
1212,-4.77484989166,-2.19619989395,-1.68355000019,-3.76178979874,-2.97497367859,-1.01635062695
5255,-0.930350005627,-0.642899990082,-0.314300000668,0.0486101508141,0.244424983859,-0.0384212769568
9448,-0.195500001311,-0.678300023079,-0.764649987221,-1.32083535194,0.180986657739,0.164422303438
9924,1.14225006104,0.990999996662,-0.0651000142097,0.0305928885937,1.42625951767,1.02060186863
5480,0.342500001192,0.00629998743534,-0.442999958992,-0.815827012062,-1.88006329536,0.578314006329
1983,1.25695002079,0.69010001421,0.37264996767,0.327040374279,0.288113176823,0.507029771805
56889,0.96229994297,0.658749997616,0.653450012207,-2.43623781204,-0.621227920055,-0.322027564049
79080,-2.12669992447,-1.9702000618,-1.0435500145,-1.07162690163,-1.37089312077,-1.17635905743
9016,0.954299986362,0.84525001049,0.270949989557,-0.100543916225,0.276495844126,-0.310614198446
6915,-0.788049995899,-0.371899992228,0.513650000095,0.974576473236,1.52654159069,-0.00846040993929
9709,-0.157250002027,0.0473999977112,-0.646549999714,0.372873991728,0.502488434315,-0.573472321033
116832,-1.37024998665,-0.512399971485,2.34805011749,3.07470750809,4.61618328094,0.601561129093
670,0.205500006676,0.884050011635,1.32039999962,1.34003782272,1.73212170601,1.16106188297
7867,-1.53464996815,-1.47049999237,-1.29190003872,-1.14293003082,-0.943174898624,-0.628145217896
79143,-0.377799987793,-0.552799999714,-0.628600001335,0.419826328754,-0.108275577426,-0.190960690379
11284,0.606900036335,0.79264998436,0.0569999814034,0.458416461945,-0.107618361712,-0.746400713921
23443,0.537200033665,-0.136350005865,0.0831499993801,-0.411604821682,-0.764309108257,-1.1133723259
51599,-0.0433499962091,0.465250015259,1.2771500349,0.902704060078,0.185652509332,-0.0874986499548
5927,1.20700001717,0.639149963856,0.106550000608,0.206170454621,0.732078194618,-0.290608584881
55793,1.96390008926,1.12835001945,0.442999958992,0.894530653954,-0.471825003624,0.165605068207
5867,-0.251499980688,0.429950028658,0.324950009584,-0.133866503835,0.828196108341,0.403189599514
7866,-0.148600012064,0.441350013018,0.345649987459,-1.64056169987,-0.613456606865,0.220463424921
25825,1.28630006313,0.319599986076,2.68219995499,0.584256470203,0.0489448308945,-0.179114148021
4067,-0.463750004768,0.196250006557,0.0548999980092,0.673498153687,0.486513644457,-0.683979988098
51015,-0.188350006938,-0.0145500004292,0.417950004339,-2.28601264954,-1.9806034565,-1.38813376427
5891,-0.836150050163,-1.02565002441,0.713549971581,0.984695732594,0.702865898609,0.542318820953
3300,0.504199981689,0.245000004768,-0.151200011373,1.65684604645,0.312542676926,-0.663509845734
64781,-0.651549994946,0.192050009966,-0.591400027275,0.635336995125,0.350692421198,0.569458961487
51056,0.158299997449,-0.0807000100613,-0.555999994278,0.115559175611,0.159238427877,0.329239398241
8550,0.709699988365,-0.683250010014,-2.1045498848,-0.471974253654,-0.171927213669,0.00411410629749
50810,0.210249990225,-0.0694500207901,0.217550009489,0.0948334634304,0.159457653761,0.334093213081
23011,0.0764500200748,-0.0297999978065,0.469900012016,-1.28098547459,-0.359502136707,-0.884967267513
11168,1.20589995384,0.778399944305,0.613499999046,-0.557490766048,0.0340401604772,0.350593417883
1385,0.982499957085,-0.00500000268221,1.91344988346,-0.0454742014408,0.314676225185,-0.358855217695
10150,4.1452498436,4.36789989471,4.63759994507,1.42039167881,1.72650003433,0.641839385033
29763,-1.28025007248,-0.698249995708,-0.786599993706,0.0764229893684,1.16036844254,1.19397509098
9112,0.49255001545,0.460599988699,1.10739994049,-0.708851516247,0.395634233952,0.393340289593
23499,1.01394999027,0.970899999142,1.0991499424,-0.882084190845,0.407049059868,0.115669056773
85236,2.22090005875,1.58434998989,1.17910003662,-0.491194725037,0.40693539381,-0.548053979874
5096,-0.118649996817,-2.42824983597,-0.516950011253,-3.31441879272,-2.41993618011,-2.48272776604
55620,-0.558750033379,-0.255199968815,0.896149992943,-1.01567661762,0.319845020771,-1.03010547161
5373,-1.19445002079,-0.829999983311,-0.705950021744,0.143407464027,0.723840475082,-0.120822757483
51170,2.73559999466,2.09745001793,0.741050004959,1.23845005035,1.51771068573,1.14375793934
54850,-0.309450000525,0.300799995661,-0.415900021791,1.44347894192,0.651654720306,0.258399069309
80349,-0.0547000169754,1.93519997597,0.113550007343,-1.23166179657,-0.85931789875,-0.145473271608
355,2.6454501152,2.42180013657,1.9266500473,0.499571323395,0.882165014744,1.17321372032
1062,0.558499991894,1.33214998245,1.21420001984,0.845655500889,-0.386230558157,-0.425669640303
8804,1.62105000019,1.45029997826,4.29659986496,1.63944625854,0.829685211182,2.36040353775
80758,-2.20654988289,-0.515949964523,-0.569749951363,0.0868540406227,1.07056713104,1.18068397045
375346,-0.475250005722,-1.38514995575,-0.972350001335,0.93672478199,0.72076267004,0.811427116394
51385,-0.934549987316,0.390349984169,-1.1453499794,1.2003813982,-0.342314898968,-0.631834566593
55748,-0.659649968147,-0.310600012541,0.0995500087738,-2.80949544907,-0.282188087702,-0.421173542738
10318,2.68239998817,1.72904992104,-1.87054991722,1.29760336876,-2.76885080338,-0.295246273279
54681,0.251350015402,0.804600000381,0.706249952316,0.286958247423,1.12935256958,0.584250152111
7905,0.477549999952,-0.450249999762,-0.0567999780178,-0.314206272364,0.599092721939,-0.270098417997
28969,0.682900011539,0.921100020409,0.468599975109,-2.04484558105,0.104725368321,-0.295679777861
10668,-0.240299999714,-0.852800011635,-0.508700013161,-0.15298435092,-1.26306116581,-1.43674015999
51005,-0.123999997973,1.72364997864,-0.91654998064,0.921676397324,-0.698083639145,-1.06059813499
8800,-0.642750024796,-0.959749996662,-0.611500024796,-0.793877720833,-1.38159787655,-1.1545125246
54438,-1.3804500103,-0.757950007915,-0.298299998045,0.578137993813,0.316077202559,-0.193294376135
55825,0.208499997854,-0.688150048256,-1.03955006599,-0.882238984108,-0.0923845469952,-0.227626532316
8835,-0.726999998093,-0.740050017834,-1.03380000591,0.954454660416,0.454377144575,0.100970506668
64429,-0.859049975872,0.207849994302,-2.69394993782,-1.62141358852,-1.16480576992,0.528768658638
3682,-0.452600002289,-2.23635005951,-2.04955005646,-1.317491889,-4.196808815,-1.60163676739
10329,1.59949994087,0.329100012779,-0.0397999957204,-0.708928823471,-0.568537652493,-1.3376904726
27109,0.429049998522,0.675400018692,0.782899975777,0.177061378956,0.394451439381,0.687028646469
51335,-0.0251000002027,-1.08665001392,0.380950003862,-0.402178108692,-2.2664232254,-0.264323949814
3202,1.42055010796,0.524100005627,0.100099980831,0.666848659515,0.272974580526,0.298349142075
2896,1.24874997139,0.244249999523,1.01579999924,0.40780377388,1.0250351429,0.501929700375
79902,-1.03970003128,-0.777099967003,-0.438300013542,-0.461189091206,-0.0302364230156,0.667524755001
29083,1.84640002251,1.33365011215,0.66479998827,-2.1865041256,-0.158179014921,-0.379368454218
5747,0.766600012779,-0.695749998093,-0.475649982691,-0.17158472538,-0.127537071705,-0.0391967594624
22905,-1.69409990311,0.162150025368,-0.594349980354,-0.20690253377,-0.0320492684841,0.00513742864132
63933,0.140050008893,-0.711500048637,-0.661300003529,0.0197647511959,-0.833056151867,-1.00649690628
9847,1.62734997272,1.80084991455,1.01849997044,0.314073294401,0.736395359039,1.09355831146
51021,-0.0122499987483,0.375750005245,0.611750006676,-1.0793364048,-5.26083517075,0.00572767853737
8996,-0.897050023079,-0.629199981689,-0.5679500103,0.455423772335,0.930425286293,-0.285569190979
7376,-0.370149999857,-0.351049989462,-0.132800012827,0.852626502514,0.911858439445,0.261200040579
5357,1.84684991837,0.959150016308,1.35905003548,-1.04077553749,-1.40809857845,-1.20683550835
56940,0.213200002909,0.608850002289,-0.225250005722,0.417563855648,0.141151815653,0.0887421816587
6195,-0.835500001907,-0.45735001564,-0.591450035572,1.00541520119,-0.567065060139,-0.677772521973
1633,0.202150002122,0.793200016022,0.650499999523,0.254036694765,0.251274973154,-0.104331761599
23321,-0.485650002956,-1.07585000992,-0.461750000715,1.64877724648,0.315329819918,0.60198777914
51160,0.355400025845,0.34659999609,1.9251499176,-0.913079082966,-0.621983528137,-0.954221367836
55604,0.0537999868393,-0.224749982357,0.286799997091,1.00919115543,-0.671038746834,-0.422231674194
2063,-3.23574995995,-2.46799993515,-1.16554999352,-5.39339113235,-3.37606906891,0.127055615187
54512,-2.20225000381,-0.879850029945,-0.719449996948,-2.27841281891,-2.16493320465,-0.693815231323
9124,-1.01464998722,-0.115399986506,-0.192050009966,-0.814316868782,1.2668569088,1.21148133278
79174,-0.882099986076,-0.413149982691,0.266600012779,1.07416856289,1.29490470886,0.272473841906
23223,-1.55309998989,-0.617150008678,-0.174750000238,0.760668992996,0.275251597166,-0.0811723694205
39,0.797850012779,0.537450015545,-2.00119996071,1.26493275166,-0.241072654724,0.0158142894506
57215,-3.60485005379,-5.07555007935,-0.625999927521,-0.404514014721,0.445079982281,-0.499760806561
1052,-0.851949930191,0.434199988842,0.401749998331,0.357100665569,0.356070667505,1.89443385601
23139,-0.273599982262,-0.936749994755,-0.0156500041485,1.22393119335,-0.191142722964,-0.100094743073
79947,0.206800013781,-0.741600036621,-1.31069993973,4.52286624908,0.121715039015,-0.34682482481
4616,0.642350018024,-0.375349998474,-0.792100012302,0.846219778061,0.852961182594,0.224895983934
9710,0.554600000381,-0.442749977112,-0.739600002766,0.405158877373,-1.18670916557,-0.723392009735
6990,-0.360300004482,-0.0614500008523,-0.0936499983072,-1.35753452778,-1.30295181274,-0.828328251839
29082,0.544350028038,0.31194999814,-0.386900007725,-0.101767480373,-0.371406018734,-0.236656367779
9670,-0.144050002098,-0.602349996567,-0.122799992561,0.614316403866,0.802705705166,-1.01035022736
81533,-0.305199980736,0.108099997044,-0.442200005054,0.818048477173,0.996078133583,-0.0800056904554
10525,-1.20675003529,-1.53404998779,-1.05080008507,1.70590901375,-0.484099596739,-0.16671872139
2353,-1.22239995003,0.297450006008,-1.43420004845,0.34202131629,-0.322582781315,-0.0934249982238
57192,0.602899968624,0.234300002456,0.00804999470711,0.238744437695,-1.63553512096,-1.09490144253
3398,-2.34890007973,0.439700007439,0.168050006032,-2.10190963745,-0.866565942764,-0.616088628769
3775,0.243399992585,0.115199998021,1.73169994354,-0.25209492445,0.605709671974,0.614519119263
26064,-0.206799998879,0.174249991775,-0.433900028467,0.732728481293,0.401345133781,0.350741475821
29103,-0.842100024223,-0.0876499935985,0.14659999311,1.05360794067,0.821713209152,0.212827175856
3206,0.317149996758,0.63330000639,0.622250020504,-0.183174192905,0.31736856699,-0.302687317133
1500,-0.514450013638,-0.368650019169,-0.122500002384,-1.96349263191,1.03110599518,0.660650491714
7690,0.72469997406,-0.0846499949694,0.52530002594,-0.854385852814,0.562682628632,-0.258015811443
29911,1.40555000305,-0.000549972057343,-0.759199976921,1.08503913879,0.577573418617,0.205792158842
2064,-0.488949984312,1.19070005417,0.516399979591,0.538106203079,1.02316236496,0.983634829521
65123,0.760699987411,0.618149995804,0.361900001764,0.586374044418,1.32207655907,-0.0446771085262
5986,-0.486449986696,0.324999988079,0.401050001383,1.41767823696,-0.102181524038,0.186738833785
85377,-1.90129995346,-0.848900020123,-0.405849993229,-2.02344322205,-1.38245153427,-1.79268956184
9903,0.267200022936,-0.670549988747,-0.136950001121,-0.888404607773,-0.514427065849,-0.582197368145
7088,-2.4375,-0.653450012207,0.52840000391,-3.28555011749,-2.68913412094,-1.14924669266
22796,-0.202250003815,-0.523599982262,-0.98734998703,-0.660264909267,-0.689749181271,-1.3314563036
51116,-0.287900000811,0.353949993849,0.375050008297,-1.14504683018,0.362741112709,-2.60755467415
54442,0.158050000668,-0.485650002956,-0.580699980259,-0.528858006001,-0.677732169628,-1.22379040718
10695,-0.759199976921,-2.98064994812,-1.60720002651,0.682046175003,0.436346054077,0.683527708054
102,-0.345950007439,-0.547900021076,-0.0233000069857,0.089746132493,-0.378322064877,0.149185359478
965,-0.383700013161,0.3083999753,0.467349976301,0.0699244067073,2.17322206497,0.499623954296
3800,-0.462300002575,-0.914149999619,0.649650037289,0.0952859669924,-0.552472412586,1.21630251408
10362,1.31550002098,0.721899986267,0.2065500319,0.61568570137,0.202867418528,-0.680141210556
5300,-0.236599996686,0.0258499979973,-3.0896999836,-0.788382768631,-0.513677120209,-0.849990129471
8270,0.263549983501,-0.441100001335,0.11804997921,-0.297191023827,-0.617792189121,0.101711913943
27242,-0.513799965382,0.0802500098944,-0.145700007677,1.73544681072,0.932030081749,0.264339894056
9928,-1.06599998474,1.73049998283,0.369599997997,-0.948617935181,-1.70761609077,-1.47741687298
1534,0.29905000329,0.084399998188,0.310950011015,-1.83209002018,-0.787981212139,-0.0461092889309
5654,-0.00284999608994,-0.14390000701,-0.243200004101,0.0110445693135,0.934323489666,0.201303169131
10810,0.991250038147,-0.0933999940753,-0.263050019741,0.0995031893253,-0.407796561718,-0.0480449199677
7105,0.989600002766,1.08574998379,0.412250041962,-0.130059182644,0.266192853451,-0.92914056778
23014,0.355449974537,0.179899990559,-0.533699989319,0.738208532333,0.868861913681,0.458314925432
55012,-0.699300050735,0.232250005007,-1.01259994507,-0.865177452564,-2.06152105331,-0.671609997749
2887,0.568899989128,-0.369800001383,-0.176699995995,0.145490571856,-0.751156449318,-0.925147533417
9183,0.218249976635,0.0460500009358,-0.336499989033,-0.4391066432,-0.642830073833,-2.64416098595
11151,-0.789749979973,-0.765400052071,-0.888549983501,1.10198140144,0.400177538395,1.0455596447
7511,-1.27555000782,-1.29769992828,-1.39295005798,-0.0466900914907,0.457131147385,-0.248340278864
10046,-0.360800027847,0.377000004053,-0.254999965429,0.169936209917,-0.985893070698,-0.771900117397
1829,0.177249997854,0.205750018358,0.255299985409,0.466875195503,-0.29676887393,0.0359975993633
11000,-0.887699961662,-1.16665005684,-0.351899981499,-0.104660183191,-0.0259554684162,0.064684510231
976,-1.79710006714,-0.712650001049,-0.107400000095,-1.44618725777,0.464207470417,-0.00505749881268
3597,-0.165499985218,-1.1018999815,-0.388099998236,1.2494354248,0.669661223888,0.574961304665
178,1.16419994831,-0.5353500247,-0.272500008345,0.737387895584,2.11617350578,-0.732221066952
2625,-0.890100002289,-0.823300004005,-0.695299983025,0.554296731949,0.949326872826,-0.664305925369
6119,0.700749993324,1.78750002384,1.82420003414,0.832475244999,0.300549268723,0.484461694956
26136,-3.91179990768,-0.184750005603,0.0602499842644,0.658988118172,0.387011528015,0.57714599371
6697,-0.854550004005,-1.64369988441,-1.71990001202,-1.41590309143,-0.912111520767,-0.566998004913
5971,0.841800034046,-0.0595500022173,2.71364998817,2.31563878059,-0.83077275753,-0.568262338638
22934,-0.338950008154,-0.0999500006437,0.30609998107,-1.92677593231,-4.51796722412,0.680538237095
9289,-2.09894990921,-0.547600030899,-0.498849987984,0.412459522486,0.620885074139,-0.258410334587
4931,0.162650004029,0.507349967957,0.815449953079,1.30397319794,0.772747337818,0.839821398258
4200,-0.472750008106,1.05624997616,0.788750052452,-0.634609162807,-0.0607486516237,-0.123598396778
93594,0.895249962807,-0.255549997091,-0.548200011253,0.175642997026,0.23912140727,-0.0711823403835
5982,1.66674995422,1.99250006676,1.10500001907,0.268109381199,0.652656018734,0.226195275784
26520,0.134099990129,0.860650002956,0.298300027847,-1.05642807484,0.919470071793,0.0393914580345
4998,-0.900900006294,-0.599700033665,0.076700001955,1.20370697975,0.297779232264,0.699197113514
10038,1.15954995155,0.553750038147,-0.619199991226,0.094946667552,0.548374116421,0.717684209347
60493,-0.443300008774,0.284150004387,-1.15315008163,-0.635083496571,-0.134983152151,-0.53603708744
51495,0.253549993038,0.0631999969482,0.31874999404,0.112703643739,-0.586291372776,-0.318849861622
4482,-1.24845004082,-0.20070001483,0.11779999733,0.51646655798,-0.7015183568,-0.139239668846
23224,-2.58225011826,-0.0346499979496,-0.680350005627,-4.02965068817,0.278319299221,-0.118696734309
9690,0.883000016212,0.270300000906,0.164699986577,0.339641958475,0.453405201435,-0.2791877985
80212,0.855449974537,0.593299984932,-0.142849996686,-0.884247779846,-0.228616118431,0.235868752003
29928,1.07105004787,3.25999999046,-0.264899998903,-1.56018602848,1.02933323383,-1.11633133888
22809,-3.75034999847,-2.37554979324,-1.91435003281,-4.11888599396,-3.24509334564,-2.04473233223
50814,0.33030000329,-0.540950000286,-0.96154999733,1.26450705528,-1.07158231735,-1.95145630836
55256,0.961049973965,0.849650025368,0.630600035191,-1.30658793449,-0.0492965877056,0.431988239288
56997,0.717149972916,-0.50720000267,2.28920006752,0.408346474171,0.527264535427,1.09277939796
81544,-0.778900027275,-0.283149987459,-0.0998999774456,-0.192533239722,-0.210113018751,-0.112666174769
6894,-1.24734997749,-1.49880003929,-2.10634994507,-0.688526034355,-1.37923407555,0.258021384478
64080,2.03770017624,0.0941500067711,0.0483999997377,0.77169239521,0.990656018257,0.208751529455
55818,-1.07524991035,0.987500011921,-0.739399969578,0.856681704521,1.03594875336,-0.301632136106
637,-0.839299976826,-0.707550048828,0.264800012112,0.701084434986,1.69902467728,0.36355727911
22823,0.0910000056028,0.0358999967575,-0.553049981594,0.737254261971,1.07536542416,0.138912454247
5287,-1.57864999771,-1.36199998856,-1.4131000042,-1.01695513725,-1.48809850216,-1.16816616058
91137,4.98715019226,0.576099991798,-0.124250002205,-0.868354320526,-1.29309499264,-1.22811841965
23097,0.760200023651,0.948250055313,0.678850054741,0.719539880753,0.614123225212,-0.299181640148
9851,-0.59819996357,-0.325349986553,-0.060799986124,0.998799920082,1.56872308254,0.365894258022
23522,0.979400038719,0.714499950409,-0.804049968719,0.407291382551,-0.074508883059,0.43588924408
1123,-0.738899946213,-0.155499994755,0.318599998951,1.60522794724,-0.805568099022,1.07751750946
5603,-1.94204998016,-1.37369990349,-0.589450001717,-3.99369192123,0.976462125778,-1.25991404057
51569,2.6724998951,2.30534982681,1.04759991169,-0.0773496031761,0.461680650711,0.245397239923
55699,1.71569991112,1.73360002041,1.23420000076,0.266961932182,0.417722642422,0.773799538612
2624,-1.46250009537,-0.164299994707,0.0763000026345,0.628303587437,0.458756059408,0.170236796141
8204,1.00650000572,0.585900008678,0.225649997592,-0.0683650970459,0.0613820552826,-0.0396307483315
9133,1.06414997578,0.869249999523,0.616349995136,-2.56896424294,-0.804015398026,-0.815905451775
10921,-0.30395001173,-0.560299992561,-0.807799994946,-0.907358169556,-0.743434071541,-0.713503718376
51742,0.272450000048,0.464199990034,0.777499973774,2.0649433136,-1.25496208668,0.790593266487
2954,2.1400001049,1.81204998493,1.25769996643,0.882490456104,0.438355475664,0.606709122658
27244,1.69799995422,1.04554998875,0.198449999094,0.078166231513,-0.16677621007,-1.81672298908
23013,0.489250004292,-0.0505499839783,-0.115000009537,-0.200205266476,-0.955170571804,-0.584135890007
8050,0.609599947929,0.608749985695,0.797950029373,-1.28389155865,-0.189555853605,-0.90212225914
79961,-0.648249983788,-0.67049998045,0.404700011015,1.50916910172,1.83618354797,2.00959348679
2017,-0.11289999634,-0.00850000977516,2.50060009956,0.801750183105,-0.0402036942542,-0.311033546925
55148,-0.135349988937,-0.257849991322,-0.869949996471,-0.173565000296,-0.740015506744,-0.012543965131
960,-0.47389999032,-0.578999996185,-0.398599982262,1.59014058113,0.459782958031,0.898837924004
10451,-0.654349982738,-0.251049995422,-0.02879999578,0.527317345142,1.63015258312,-0.543882012367
57406,-0.872900009155,-1.9131000042,0.133600026369,0.653205931187,0.351900398731,-0.0928524434566
51719,0.890899956226,1.23919999599,-0.230200022459,-0.515428245068,-1.37850165367,-0.0931257009506
7074,-0.374149978161,-1.6996999979,-0.0242000222206,0.894518375397,-0.0553204417229,-0.35552084446
10059,0.338999986649,0.0340000018477,-2.70504999161,-1.83807682991,-0.672415792942,-1.0764811039
51071,-0.224949985743,-0.211050003767,-0.724150002003,0.988677024841,0.568469524384,0.489909976721
5796,-0.61779999733,-0.408600002527,-0.190499991179,0.959232449532,0.444982081652,0.320053964853
55008,-0.311349987984,0.953449964523,0.268749982119,-0.438432335854,0.310071915388,-0.451953738928
23597,0.0276499986649,0.259750008583,0.269749999046,-3.08974647522,-2.29521226883,-1.04432797432
8869,-2.15974998474,3.72455000877,-1.06489992142,2.59331655502,-0.627131104469,-1.54521155357
8727,-0.0579499900341,0.867200016975,0.329800009727,-0.357870310545,-1.70838606358,-1.43021285534
63874,0.755349993706,0.200149953365,-0.354299992323,0.819211244583,0.204162910581,-0.582082152367
8821,-0.381999999285,0.488649994135,1.15390002728,0.214968472719,0.97019135952,0.0428468436003
57178,-0.622049987316,0.0867500007153,0.580300033092,-0.632313191891,0.019572801888,-0.133922934532
5468,-1.94795000553,-1.77160000801,-1.04554998875,-2.1137611866,-2.45492386818,-2.56295681
10557,-1.19280004501,-1.35214996338,0.144299998879,-1.20066976547,-0.282412827015,-0.702533066273
831,-0.120399996638,0.183350011706,0.115500003099,2.06462812424,-2.38245749474,1.48735225201
9531,-1.88405013084,-1.70370006561,-0.696550011635,-0.142689883709,-0.7110247612,-0.72580242157
2767,-0.0588499978185,-0.506500005722,-0.651900053024,-1.06776511669,-1.06248223782,-1.07519090176
1861,-0.24224999547,-0.362699985504,-3.36835002899,-1.38132405281,-0.695453941822,-0.158769622445
10165,-0.209000006318,0.392350018024,-0.30134999752,-0.925631701946,-0.959501862526,-0.0364990383387
7106,0.529799997807,-0.139849990606,0.116099998355,-0.828762590885,-0.717000544071,-0.0912919193506
2908,-0.746850013733,-0.636449992657,-0.455099999905,-0.124100096524,0.468150347471,-0.957344889641
57761,-2.04764986038,-1.52244997025,-0.129549995065,0.665104329586,-0.35059645772,0.0999888628721
23338,-1.37105000019,0.148400008678,0.374899983406,-2.50462007523,-1.10473132133,-0.0228332579136
7852,-1.06404995918,-0.688449978828,-0.125849992037,0.314007759094,0.176712632179,0.283688157797
55033,0.472249984741,-1.19265007973,0.252000004053,-0.173292905092,0.708826780319,0.188740640879
57019,0.410299986601,0.0371999740601,0.123099982738,0.0938696265221,-0.324923068285,0.178052395582
91949,0.990599989891,1.13324999809,0.837249994278,1.2733232975,0.472435891628,0.584366083145
84617,0.284799993038,-0.486650019884,-1.6290500164,-0.0208187550306,-0.48772752285,-0.894158184528
25,-0.640699982643,0.445050001144,-0.0268500000238,0.141256019473,1.06670892239,-0.249930769205
899,0.101799994707,0.817449986935,0.140650004148,-0.599173605442,-0.248002931476,-0.866072356701
79850,-6.73169994354,-1.90995001793,-2.61699986458,-3.2981095314,-1.59427988529,-1.42513442039
51466,0.0161500014365,0.53594994545,-0.204549998045,-0.180285602808,-0.606473922729,-0.593587636948
2852,-3.34454989433,-2.87284994125,-1.06404995918,-1.85950040817,-1.61262071133,-1.49293971062
55837,0.771600008011,0.0331000089645,-0.0704500004649,-0.34826862812,0.96767282486,1.78335344791
2131,-0.23789998889,-0.732500016689,-0.507749974728,1.39057779312,0.392842292786,0.816295206547
5427,-0.525200009346,-2.02215003967,-1.32234990597,-2.3294672966,-1.40253412724,-1.30922281742
25966,-1.5922999382,-0.892650008202,-0.391650021076,-0.640775322914,-0.0194543451071,0.10501357913
55608,1.66295003891,1.0150500536,0.551699995995,-0.077799052,0.751644194126,0.210389733315
1662,-2.18385004997,-1.3681999445,-0.750849962234,-1.04548192024,-0.218430027366,-3.24943327904
9702,0.317999988794,0.554250001907,0.461200028658,0.553201258183,1.04238903522,-0.905307531357
11031,-3.2811999321,-2.875,-2.84124994278,-0.546767473221,1.71696996689,-1.34551262856
10057,-0.627750039101,-1.00610005856,-0.567000031471,0.347622156143,-0.607675135136,-0.303361952305
5985,-0.700800001621,-0.642149984837,0.17230001092,-0.493428230286,-0.168237358332,-2.17867422104
3280,-3.9767999649,-0.196949958801,-2.02160000801,-3.13871979713,-2.09383630753,-0.51161634922
55958,0.450899988413,-0.249149978161,-0.167200013995,0.749679803848,-0.18216766417,0.980354905128
51465,0.421050012112,-0.167500019073,0.723999977112,0.583648324013,1.38049912453,0.20834608376
2542,0.760949969292,0.458050012589,1.37314999104,0.367298752069,-0.0271993875504,-0.531985878944
10641,-0.019249998033,0.419049978256,1.12835001945,0.47898298502,0.725284159184,1.16231262684
11137,-0.516499996185,0.612300038338,0.0029000043869,-1.78232562542,0.817405462265,0.259420365095
9842,-0.846499979496,-0.377700001001,-0.199949994683,0.942201077938,0.587570607662,0.396430760622
10493,1.88879990578,0.439049959183,0.146349996328,2.8603143692,1.02019762993,0.208642721176
10112,1.9143999815,1.76664996147,1.93490004539,-2.00583171844,-1.26053309441,-0.863061547279
1001,-0.361699998379,0.781199991703,0.0927499830723,0.920096635818,1.02504467964,-0.163737460971
23635,-1.03079998493,-0.796400010586,-0.87809997797,0.433067888021,-0.509007453918,0.358107566833
29916,0.0745500028133,-0.707400023937,-0.576449990273,-0.979704380035,-1.11142504215,-1.17702353001
2810,-1.02360010147,-1.34560000896,-0.00349999964237,2.65098357201,-1.1140563488,-0.337487339973
5993,-0.281750023365,-1.0188999176,-1.83255004883,-0.764217972755,-0.841974854469,-1.15817654133
11142,-0.79255002737,-0.913149952888,-0.754450023174,1.53053593636,1.44964551926,-0.0137758553028
79187,-1.04489994049,-0.999199986458,-0.700999975204,1.07296514511,0.432667255402,0.238389983773
51382,0.921100020409,0.243000000715,-0.809849977493,-3.00959563255,-1.12669312954,-1.55582976341
8318,-2.24270009995,-1.18554997444,-0.766950011253,-1.61487722397,-1.05054116249,-0.5386531353
9695,1.5843000412,0.623800039291,0.459550023079,1.08405518532,1.0960829258,-0.166451901197
9712,0.770249962807,0.520049989223,4.66275024414,-0.00969123095274,-0.443545311689,0.120029836893
64943,-0.957549989223,-0.737900018692,-1.78444993496,-3.10329413414,-1.03096282482,-1.22233426571
9738,-0.662850081921,0.673150002956,4.37529993057,0.568857550621,3.59525990486,-0.320757210255
6793,-1.74189996719,-1.03655004501,-1.06029999256,1.00091552734,0.0544870197773,0.456636607647
7358,-0.128600001335,-0.871599972248,-1.4333999157,-2.0210416317,-1.76500988007,-1.75634646416
58472,-0.268750011921,-1.05879998207,0.490049988031,0.41690403223,0.0486679598689,2.33661460876
50865,0.222750008106,-0.168999999762,-0.0164500027895,1.05752801895,1.12850987911,0.125719666481
23200,0.370049983263,0.109649986029,0.158849999309,-0.54457706213,1.86856532097,1.4505892992
51293,-1.44679999352,-3.30045008659,-0.937550008297,-4.61912536621,-2.81001973152,-1.96435892582
10962,0.237949997187,0.570249974728,-0.769299983978,-0.908822000027,-0.536605834961,-0.0563444346189
10153,-0.199950009584,-0.689550042152,-0.491150021553,-0.176655724645,0.566589295864,0.398755520582
874,0.805249989033,1.11985003948,-4.4703001976,-1.04428493977,-0.529349446297,0.0257385522127
