rid,NMH001_FIBRNPC_6H:BRD-A04438777-001-02-2:10,NMH001_FIBRNPC_24H:BRD-A04438777-001-02-2:10,NMH001_NEU_6H:BRD-A04438777-001-02-2:10,NMH001_NEU_24H:BRD-A04438777-001-02-2:10,NMH001_NPC_6H:BRD-A04438777-001-02-2:10,NMH001_NPC_24H:BRD-A04438777-001-02-2:10
5720,0.294299989939,0.590749979019,0.729312181473,-0.0106406360865,0.236912846565,-0.598350524902
466,0.338550001383,0.570749998093,0.196367099881,0.511739552021,-0.0719561353326,-0.306584596634
6009,0.251200020313,-0.040600001812,0.414416372776,-0.881713271141,0.406356930733,-0.586738824844
2309,-0.10640001297,-0.00235000252724,-0.240418627858,0.43856471777,-2.17186832428,-0.19900944829
387,-0.558400034904,-1.31719994545,0.262435048819,-0.244684621692,-0.268089205027,-0.367166191339
3553,-0.85949999094,-0.670049965382,-0.391511589289,-0.543284714222,-0.235382318497,-0.00667194277048
427,0.649100005627,-0.464950025082,-0.135053440928,1.13123309612,-0.302583038807,-0.60338807106
5898,0.58394998312,0.169800013304,0.152215719223,0.198514327407,-0.49240309,0.0495963022113
23365,0.152049988508,-1.51810002327,0.0752411782742,-0.363900870085,0.662106215954,1.65789651871
6657,-0.914149999619,0.125299990177,-0.0240196101367,0.126564785838,0.930349111557,1.0504181385
5054,0.860400021076,-0.363499999046,-0.439101934433,-0.141145914793,-0.496198028326,-0.0976381748915
3108,0.00765000097454,-0.710049986839,-0.499916672707,0.0508026778698,-1.78908550739,-0.050224095583
1950,-0.698500037193,0.0258499979973,-0.573995232582,0.238402172923,-0.731973052025,-0.956753969193
351,0.139100000262,-1.32875001431,0.000564226298593,0.00135004555341,-1.64670073986,-0.429312765598
4846,0.804999947548,0.494049996138,0.424049973488,0.067342966795,-0.169310480356,0.0355687215924
1452,0.379400014877,-0.29905000329,-2.81872725487,-1.46605372429,-0.43148997426,0.663836717606
4776,-0.330500006676,-0.777249991894,0.0914362668991,-0.444692999125,0.137535706162,0.0380797386169
6908,0.533199965954,0.410349994898,0.00324558839202,-0.371746510267,0.427375614643,0.298999130726
672,0.301799982786,-0.790199995041,-1.01247262955,-0.38498711586,0.615080237389,0.577632427216
5710,-0.275449991226,-0.104699999094,-0.044493637979,0.372047126293,0.639735400677,-2.04979610443
2115,-0.437600016594,0.295700013638,0.956537246704,-0.644852042198,1.5088211298,-0.570679247379
7015,-0.293600022793,-0.118050009012,-0.359652251005,0.0729867890477,-0.946067750454,-0.584292411804
8726,-0.0667999982834,0.13575001061,-0.328035980463,-0.283589035273,0.076321490109,0.364463567734
2185,-1.11724996567,-0.783050000668,-0.231432020664,0.227810740471,-0.593348026276,-0.0286107510328
3315,0.218149989843,-0.669600009918,0.253064364195,-1.02018809319,-0.944535374641,-0.281748235226
5289,-0.0520499944687,0.607249975204,-0.167224273086,0.0162663981318,0.247719168663,0.00868612527847
868,0.806050002575,1.40164995193,0.311181843281,-0.523631334305,-0.932406485081,1.46115481853
1677,0.349049985409,0.26804998517,0.88209605217,0.298632264137,-0.757974863052,0.249180868268
7043,-0.122999995947,-0.218000009656,0.541492700577,-0.0535135269165,0.410418689251,1.23994684219
5613,-0.231350004673,-0.42999997735,0.444905370474,0.297869622707,-0.238672822714,0.265026986599
595,0.121649980545,-0.462099999189,0.493612170219,-0.024335000664,-0.590096712112,1.27296555042
4793,0.376450002193,0.823300004005,-0.478525221348,0.78304708004,-3.32698845863,0.742336452007
2736,-0.520500004292,0.0443499982357,0.0408256500959,1.23205208778,-0.844969332218,1.53658485413
5290,-0.481399983168,0.0425000190735,0.341635763645,0.210099682212,-0.0542866513133,-0.151693969965
6194,-0.322600007057,0.185299992561,-0.00161953852512,0.000959324243013,0.353858232498,0.866083681583
1676,-1.14440000057,-0.655950009823,-0.519096255302,-1.15387439728,-0.351106524467,0.710786163807
23512,0.451400011778,-0.0798000097275,0.339203059673,-0.728444874287,0.00149873644114,0.00455251336098
148022,0.118299998343,-0.356850028038,-0.199865028262,0.235994338989,-0.0861408412457,0.145405441523
1906,0.386500000954,-0.701249957085,-0.345894575119,-5.28317022324,0.016116483137,-0.0184271484613
8878,-0.173700004816,-0.479149997234,0.371349990368,0.206229627132,0.230628848076,0.0806269645691
3091,-1.23144996166,0.0803500115871,-0.389175981283,-0.315822094679,0.228992074728,-0.221516504884
5743,-0.609899997711,0.273649990559,-0.565845012665,3.06673359871,0.478390276432,0.469525486231
5321,-0.119549997151,-1.046200037,-4.04562091827,-2.55753612518,-0.508693754673,-0.0279734674841
4144,2.94899988174,2.7907500267,1.34482181072,-0.0246713384986,0.114802010357,-6.48457336426
1981,-1.41449999809,-1.18735003471,-0.856336832047,-0.664390861988,-0.133536651731,-1.09075176716
695,0.0821000039577,-0.749499976635,-0.357184350491,-0.401538968086,0.450157284737,0.821580767632
10398,0.714900016785,-0.199199989438,0.0791493952274,-0.189666464925,0.231682881713,-0.783456981182
5708,0.0425999984145,0.504000008106,0.0709044337273,-5.45531177521,0.457033783197,-6.31620073318
1213,0.38480001688,-0.798649966717,0.556273877621,-0.473178982735,0.790351748466,-1.13218331337
226,-0.36360001564,-0.393950015306,0.531066656113,-0.00834538042545,1.37401020527,1.00865614414
6777,0.945749998093,-0.682449996471,-0.620773792267,-0.441463053226,-1.01962196827,0.113995805383
2113,-0.508000016212,-0.602900028229,-0.199905410409,-0.441264212132,-0.521616578102,-0.394247561693
3329,0.626450002193,0.044999986887,0.287954360247,0.05472651124,0.866853237152,0.110320836306
1050,-0.781650006771,0.525950014591,-0.0140685327351,-0.135932281613,-0.12197445333,-0.322839081287
9491,-0.898450016975,-0.639349997044,-0.228055045009,-0.364345908165,-0.643528461456,-0.110686846077
22926,-0.839400053024,-0.319699972868,0.120128728449,0.138918697834,-0.572643220425,0.363808095455
5899,-0.908100008965,1.24865007401,-0.785368978977,-0.76876103878,0.534462451935,-0.384448170662
5467,-0.319249987602,-0.187400013208,0.391215205193,-0.330613553524,-0.443367302418,-0.190131977201
6774,-1.09899997711,-0.746799945831,-0.17813500762,-1.01494145393,-0.0324063077569,1.63132143021
1788,-0.979500055313,-0.80680000782,0.120147362351,-0.203493729234,-1.15239071846,-0.196157768369
5921,-0.149250000715,1.51209998131,2.35846042633,-0.185110449791,-0.207797721028,0.560008764267
5721,-0.0125000029802,0.951699972153,-2.67501163483,-0.31535756588,-0.0182313770056,-0.069527797401
2263,-0.882599949837,-0.0804000198841,0.325094342232,0.114611327648,0.853767931461,0.0669752210379
808,-0.28125,-1.14154994488,-0.368482559919,0.0305427275598,0.169663995504,-0.129066303372
30001,-0.549800038338,0.00950000062585,-0.302148848772,0.0517138130963,-1.06972205639,-0.16373705864
348,-0.665250003338,1.0123000145,0.0777469575405,0.875848889351,0.39916947484,0.400928258896
30849,-0.73400002718,0.770900011063,-0.931712090969,-0.295468181372,0.550886631012,0.602606892586
1454,0.318250000477,-0.615100026131,-0.359376430511,-0.207642585039,0.202062726021,0.0726013481617
6500,2.39984989166,0.908050000668,0.881712734699,-0.793385207653,-0.0491665750742,0.733741164207
5627,0.295450001955,0.394999980927,-0.125388652086,0.211791843176,0.641720294952,0.802304029465
5715,-0.0847999975085,-0.0813999995589,-0.707968235016,-1.85531318188,1.22283577919,0.0454432070255
4791,-0.442049980164,0.470300018787,-0.0748597383499,-0.0345511399209,-0.505150198936,0.293098002672
56924,5.93484973907,1.67159998417,0.951854526997,0.460952490568,-0.759732842445,-0.136739552021
2690,3.0259001255,0.834300041199,-0.259331524372,1.21843850613,-0.379991352558,0.93841612339
1019,-0.47444999218,0.396099984646,0.294084459543,0.118391141295,-0.0807450115681,0.573911309242
51422,-0.174300014973,0.486050009727,-0.583031237125,-0.19626352191,-0.312836647034,-0.274522304535
5788,-0.0591500401497,-0.425249993801,-0.565253973007,-0.265698581934,-0.440993607044,0.0877131447196
6709,0.0163999944925,-0.309549987316,-0.753906607628,-0.568983316422,0.32721054554,-0.102021582425
1277,0.317350000143,-0.421749979258,-0.579867303371,-0.690333843231,0.751566886902,0.462613731623
993,0.970750033855,0.537599980831,0.284308612347,0.164577573538,0.670839071274,0.611298084259
7157,-0.15340000391,-0.67534995079,0.595737278461,0.9241771698,0.135640382767,0.8611754179
1958,-0.597249984741,-0.11249999702,-0.0736010074615,0.85148191452,-0.583283245564,-0.37517362833
4582,0.0833999961615,-0.36519998312,-0.415909945965,-0.551401436329,0.0809892341495,1.58432364464
9212,0.0033999979496,-0.310000002384,-0.249023318291,0.457350283861,-0.289471030235,0.142624989152
8440,-0.0882000029087,-1.02904999256,-0.0541970729828,-0.344896286726,0.0442118644714,-0.591122448444
6790,0.366400003433,-0.575999975204,0.183913379908,-0.23370796442,0.653525114059,-0.669658124447
8851,-0.519749999046,-0.582700014114,-0.111214637756,-0.289007663727,-0.805056810379,-0.359644651413
2534,1.14649999142,0.372749984264,-0.394273400307,-0.206622451544,0.74658292532,1.01826334
4893,-0.454900026321,-0.428350001574,-0.605181694031,-0.125206410885,-0.507951319218,-0.380498230457
665,0.598549962044,0.664749979973,0.684244155884,0.258651316166,2.99007534981,1.665828228
4313,-0.302750021219,1.29670000076,-0.392572760582,-0.655371725559,-1.39424645901,-1.20483767986
1022,-0.19984999299,0.992350041866,-0.942852139473,-0.378989338875,0.0338018424809,0.280406028032
5880,-1.15915000439,0.354600012302,-0.156247705221,1.25179159641,-0.935863792896,-0.273985236883
3162,-0.503000020981,-0.49874997139,-0.959410190582,0.320941895247,-0.839503884315,-0.529624283314
1282,0.322600007057,-0.326849997044,-0.190929114819,-0.0075688958168,-0.294339030981,0.565003216267
3383,-0.294600009918,-0.0438999980688,5.70983886719,-0.202601149678,5.83098840714,0.0721974745393
727,-0.071050003171,0.284900009632,-0.331259936094,-0.486089378595,-0.373648673296,0.636569678783
4792,-0.188049972057,0.142250016332,0.369086444378,0.133473992348,0.668142437935,-0.638571381569
4794,-0.485499978065,0.770500063896,-0.575651049614,0.136625856161,-0.380269110203,0.00743170827627
902,-0.0595500022173,0.883599996567,-0.226030319929,-0.508835673332,-0.617479562759,-0.382446348667
8091,0.212300002575,0.80940002203,0.28144261241,-0.813539206982,0.189360052347,0.57977616787
3486,0.0,0.0740000009537,-0.463467299938,0.0226112641394,0.158371314406,-1.49142885208
10818,-0.108949996531,-0.185100004077,0.326307415962,-0.0506636500359,-0.0761266499758,0.827005684376
3454,-0.812449991703,-0.361600011587,-0.420141845942,-0.877421855927,-0.194569796324,0.477712571621
4282,1.08375000954,0.0196999907494,1.1758762598,0.496085226536,0.582690238953,0.648730993271
1605,-0.300600022078,0.472599983215,0.412300437689,0.220707833767,-0.0891968980432,-0.201459079981
10644,-0.497049987316,-0.0377999991179,-0.0282452553511,-0.608628749847,0.180034101009,-0.0495352074504
2065,-0.250050008297,-1.04334998131,-0.265237867832,0.0537503436208,-0.65138977766,0.503888309002
8321,-0.000650018453598,0.15569999814,0.13683642447,-0.033602964133,-0.478698194027,0.00330698490143
8503,1.33870005608,-0.188699990511,0.497804164886,-0.0605850890279,0.348044425249,0.905111074448
7027,-0.762549996376,-1.09154999256,-0.325258463621,0.254311978817,-0.498973488808,0.22774708271
6850,-0.505950033665,-0.0916500091553,-0.656103134155,-0.000748896971345,-0.509373605251,-0.498527169228
1978,0.75260001421,-0.348600000143,0.342615962029,-0.349922508001,-0.367923349142,0.934632897377
896,1.43274998665,0.890799999237,0.705044269562,0.0282193440944,-0.327479809523,0.00921268761158
5777,0.0977500006557,-0.0809500068426,-0.175530672073,0.335724055767,-0.471703439951,0.62916457653
1846,-0.234849989414,0.357800006866,-0.190434828401,0.20634701848,0.680568993092,0.140513315797
5925,-0.494450002909,-0.139699995518,0.12830542028,0.0345164462924,0.0224239435047,0.739133834839
142,0.254799991846,-0.307550013065,0.293593972921,0.759307682514,0.715609431267,0.094775095582
1021,-1.05865001678,-0.172749996185,-0.287795931101,1.84704136848,-0.271163463593,0.438997119665
5699,-0.00655001401901,0.366750001907,0.0914708226919,0.666570603848,-2.20652198792,-0.124902717769
8061,-0.596099972725,-0.634649991989,0.16981844604,0.384005814791,-1.01545894146,0.160077214241
1870,-1.35874998569,5.17280006409,-0.714257895947,0.579506158829,0.477132946253,0.16083021462
1398,0.619000017643,-0.111200004816,0.368061125278,0.176053002477,0.449015200138,0.598187685013
3312,0.432850003242,0.582399964333,-0.547111451626,0.185515195131,0.999487996101,-0.0608256906271
891,0.170100003481,0.103850007057,-0.650967299938,0.281242132187,-3.05950737,-0.0227023027837
4775,0.82640004158,1.03855001926,2.13489484787,0.80497777462,2.62777471542,1.8283342123
5111,0.107249997556,-0.143399998546,0.131981030107,0.319861233234,-0.107945181429,-0.114301078022
5696,-0.148800000548,0.371699988842,0.111467242241,0.494300603867,-0.29929214716,1.41124129295
5588,-1.07550001144,0.416000038385,-0.0671510249376,1.97577095032,-0.586366176605,-0.0638076215982
6839,0.731299996376,0.256349980831,0.311436831951,-0.593313515186,-0.624694287777,-0.239917844534
329,1.12829995155,-0.595649957657,-0.060820646584,-0.240453958511,-0.0587854646146,-0.62127840519
5058,0.138300001621,-0.182199984789,-0.306419551373,-0.0980489104986,-0.863159716129,0.184046939015
998,0.0384500026703,0.407700002193,0.20133407414,-0.493277966976,-0.361508727074,-0.412348687649
9134,-0.415250003338,-0.404850006104,-0.463551670313,-0.130051448941,-1.14324629307,-0.398377031088
6616,-1.171200037,0.164450004697,1.53341054916,-0.0654363185167,0.149857401848,-0.433031827211
5223,0.491200000048,-0.411650002003,-0.44938069582,-0.148863881826,1.58549499512,1.13433754444
4690,0.477300018072,0.308600008488,-0.127004563808,0.367285490036,0.602700173855,-0.269935309887
958,-0.336750000715,-0.572550058365,-1.30884456635,0.317144751549,-0.0578152611852,-0.0546773672104
1616,0.244100004435,0.0648500025272,0.360738307238,1.085242033,-1.13034152985,-0.492341697216
991,0.580449998379,-0.238400012255,0.196350634098,-0.55220079422,0.381066709757,-0.926017045975
6347,-0.0788500010967,0.295500010252,-0.821210443974,0.199902489781,0.596781492233,-0.0116209387779
6714,-0.337249994278,-1.11744999886,-0.0603984482586,0.3586550951,-0.396074771881,1.06322515011
652,0.179850012064,0.0138000249863,-0.0495293736458,0.280273973942,0.334649711847,-0.660458385944
4331,0.736799955368,-0.331250011921,-0.22125634551,5.57420539856,-0.614408791065,0.358391225338
7099,0.349750041962,-0.759399950504,0.781624376774,1.25377726555,2.3773086071,4.8337430954
10320,0.537849962711,0.60119998455,0.0128948241472,0.0912125632167,-0.527613222599,7.52928924561
2042,0.591549992561,-1.15474998951,-0.851720452309,0.228244841099,0.552872657776,-3.66259026527
843,-0.389599978924,2.11014986038,-0.945126891136,0.416641354561,-0.573475420475,-0.673634409904
840,1.76679992676,-0.769700050354,0.443014740944,-0.0691603720188,-0.0441589765251,0.723412334919
7048,-0.93599998951,-1.07945001125,0.384497910738,0.363972336054,0.134888410568,0.273157984018
4851,3.38389992714,-0.0157999992371,-0.304994285107,-0.239018857479,0.995088815689,0.895400285721
6464,-0.653450012207,0.431450009346,0.102784141898,0.656187415123,0.0350651927292,-1.415615201
23410,-0.162099987268,-0.467299997807,1.73183846474,-0.0840259641409,-0.14710777998,2.34365439415
54205,0.826799988747,0.220199987292,-1.0181273222,1.23732972145,0.432401508093,-1.12142241001
2770,1.11345005035,-0.968649983406,0.98531717062,-0.299357682467,-0.848112761974,0.884995818138
80204,-0.546350002289,-0.696249961853,0.908705234528,-0.230743274093,0.305686175823,-0.237752810121
4208,-0.575249969959,0.575500011444,0.595223903656,-0.0773727670312,0.410893291235,-0.558065295219
1845,0.0159499999136,0.953299999237,1.04461538792,-2.05552959442,0.259196072817,0.191327363253
23368,-0.655550003052,-0.115099966526,0.719962000847,0.999078392982,0.506432712078,0.436718642712
5583,-0.152049988508,-0.868050038815,-0.0958931148052,0.285274446011,-0.705661892891,-0.333551436663
8900,-0.0478999912739,-0.540499985218,0.113725550473,0.396834105253,-1.7075189352,0.670108556747
581,-1.24059998989,-0.314700007439,1.17158329487,0.00141827762127,-0.706500828266,1.6498541832
6193,0.389450013638,0.159699991345,1.99203932285,0.414916157722,0.226310789585,0.820570230484
6622,0.137700006366,-0.86519998312,0.177765801549,-0.58834785223,-0.384188503027,0.353398352861
11261,0.497500002384,3.90105009079,1.18734097481,0.301982164383,-0.303567945957,-0.131329983473
6696,-0.888199985027,5.33904981613,0.374311208725,0.265328705311,-0.315258800983,-0.0361666977406
8312,0.218099996448,2.14860010147,0.237287402153,0.630008161068,0.085758805275,0.890944063663
835,0.0888999924064,0.768749952316,-0.392113894224,-0.0515379011631,-0.191768944263,3.19831967354
8324,0.710400044918,-0.101699993014,0.455092310905,0.886407852173,-0.00634522363544,0.416189044714
1848,-0.723500013351,0.912949979305,1.10825228691,-0.385258674622,1.32299387455,-0.11765396595
154,-0.95174998045,0.283500015736,0.289604842663,-0.338355869055,-0.0921600908041,-0.861012279987
4312,0.255449980497,1.26355004311,-0.118425905704,0.222945392132,5.00979089737,-0.122424349189
994,-0.130999997258,0.24279999733,-6.08306646347,-0.189382642508,-4.29444313049,-2.08827567101
2048,-0.424250006676,4.93540000916,0.442427575588,-1.07043361664,-1.08176541328,0.0943493396044
1111,-0.0947999954224,-1.00709998608,-0.235901609063,-0.530938863754,0.318730145693,0.204561591148
5154,1.01664996147,7.57375049591,0.314416438341,-0.552656292915,0.873424708843,0.270277678967
2920,-1.95690000057,-0.295249998569,0.380582749844,-0.342395722866,1.75199258327,0.612337470055
3122,1.21015000343,-0.211250007153,-0.0356964096427,0.461191236973,0.429089546204,0.212734401226
2769,0.860249996185,-0.319499999285,-0.23067137599,-0.178886637092,-1.00068211555,-0.190073370934
5900,0.319500029087,-0.107250005007,0.47937604785,0.200171276927,-0.21613368392,-0.368105232716
6304,0.412049978971,-0.820649981499,0.263371169567,-1.01464128494,1.16004478931,1.3319183588
5211,0.677400052547,0.331149995327,0.888313889503,-0.537544548512,0.785525679588,0.527626276016
2886,-0.384450018406,-0.136550009251,-6.94390058517,0.0453075952828,0.593199074268,0.242860764265
9261,0.0944500043988,0.12025000155,-0.0809760093689,-0.909860372543,0.316146492958,-0.315270602703
8569,-0.776000022888,0.0445500016212,-0.55184429884,0.54858404398,-0.373452931643,-0.117905244231
3303,-0.132150009274,-0.239450007677,-0.363683849573,0.338558554649,-0.0719205588102,-0.424488067627
5331,-0.278899997473,0.599399983883,-0.541828751564,1.32112026215,-0.335664361715,-0.477421581745
5347,-0.0949999988079,2.25614976883,1.19873452187,-0.21155397594,0.85454082489,0.0901430547237
4638,-0.775150001049,-0.185300022364,0.674083292484,0.186935037374,-0.0171994958073,1.11083757877
2264,1.52635002136,-0.931950032711,-0.00951659679413,0.0998514518142,1.00878357887,-0.473837643862
1029,-0.602849960327,0.205500006676,0.130361884832,-0.151957646012,0.133139044046,1.17627251148
1027,1.28419995308,1.23035001755,-0.296335667372,-3.06028485298,0.80196416378,1.36048007011
2597,0.00065000000177,-0.00034999998752,7.31404434191e-05,-0.000614965276327,0.0,0.000415621499997
55847,-0.16875000298,-0.231600016356,-0.13679304719,-2.34674501419,-0.0369830392301,0.105968013406
25803,-1.16479992867,0.163899987936,-0.0822632163763,0.0788553059101,-0.528466522694,-0.188806861639
3480,-0.0535500049591,1.04375004768,-0.107610888779,-0.822258412838,0.214289173484,1.75228500366
2946,-2.1086499691,-0.727649986744,-0.558902978897,-1.48272407055,0.304106831551,0.632508993149
9517,0.187000006437,0.413800001144,-0.246907398105,-1.22677695751,0.161993548274,0.798464179039
25987,0.188299998641,-0.00355000793934,0.810947299004,-0.599734723568,0.00352830812335,0.336583435535
23670,-1.03334999084,-0.254299998283,-0.172997266054,1.07561504841,0.528499543667,0.700660467148
11182,-0.281949996948,-0.733950018883,0.15983363986,-1.07228326797,1.82819509506,0.207299262285
2146,-0.0904499962926,0.979449987411,0.471940994263,-0.0963377803564,-0.549125552177,-0.356192499399
3385,0.338200002909,0.449500024319,0.152738854289,-0.925713598728,-0.00531133264303,0.497119665146
5261,-0.532149970531,-0.128800019622,-0.506109416485,-0.277155607939,-0.0232206061482,-0.172610938549
10765,-0.588149964809,-0.00135000050068,-0.220532894135,-0.34159809351,0.757533073425,0.929820418358
25839,-0.467599987984,-0.560749948025,-0.251788169146,0.370642900467,0.00635150074959,-0.630747914314
4172,-0.337300002575,-1.07614994049,0.0821990668774,0.702058434486,-0.017206825316,-0.144370362163
23161,-0.199749991298,-0.763199985027,-0.544277071953,-0.0338604673743,0.124407932162,-0.648823857307
10298,-0.488799989223,1.13100004196,0.167026102543,-1.6199606657,-0.528098225594,-1.0000847578
1802,0.0991500020027,4.11789989471,0.29479777813,-0.145194664598,-0.161275953054,0.873606741428
58533,0.321550011635,-0.222599998116,0.621283173561,-0.611279606819,0.538484573364,-0.187640443444
147179,-1.3289000988,-0.025400005281,-0.742354512215,0.102338261902,-0.0235603153706,-0.218466579914
29937,-5.78105020523,-0.0470499992371,0.361252397299,0.971400737762,-0.565346002579,-0.28078275919
6184,0.135199993849,0.460450023413,0.491944402456,0.529714643955,0.847278773785,-0.415848612785
9854,-0.0705999732018,2.16244983673,-0.907112181187,0.577380299568,-0.448228210211,0.641443192959
2553,0.00379997491837,0.799700021744,0.393508911133,0.0626803487539,0.436452955008,-0.38340061903
5440,0.109850004315,0.259900003672,-1.23012793064,0.534621059895,0.791117787361,0.202975571156
54623,1.16905009747,-0.863800048828,-0.372867465019,-0.286858320236,-1.65059781075,1.12634909153
9533,-0.517849981785,0.0476500093937,-0.594109714031,0.400529921055,-0.809975802898,-0.30532053113
8607,-0.606050014496,0.54984998703,-0.552425265312,0.0435437448323,-0.932335793972,-0.264127314091
207,-0.105500012636,-0.879649996758,0.500481367111,0.420092403889,0.423461675644,0.332530617714
26054,-0.187550008297,-4.67589998245,-0.928893983364,-0.520300626755,-0.919875442982,2.03454256058
10682,0.486750006676,-0.23814997077,1.87276887894,-0.377463281155,0.451496273279,-0.363207936287
8573,-0.0763499960303,-0.584800004959,0.0408794283867,-0.304904401302,5.3382153511,0.909254670143
23378,-0.503899991512,0.409449994564,-0.101896241307,0.274231910706,0.2760001719,-0.205643251538
8553,-0.383049994707,-0.0990999937057,-0.452011525631,0.0278630256653,-0.48546937108,0.011414386332
622,1.75304996967,-0.477849990129,-0.933124959469,0.294916719198,0.469803273678,0.11668741703
9467,0.291949987411,-1.10369992256,-1.42666661739,0.692942678928,-0.609453380108,-0.252851307392
5525,-0.164350003004,0.115699991584,-0.254917889833,-0.635838866234,-0.0726432651281,-0.200503513217
256364,2.35590004921,1.05079996586,0.676648199558,0.194287985563,-0.494466423988,-1.00975370407
332,0.192450016737,-0.238949984312,0.643803775311,-0.615457773209,0.250803679228,-0.693203568459
2058,0.141300007701,0.330049991608,-0.936160504818,0.580222666264,-0.247946739197,-0.38380920887
7849,-0.601099967957,0.457300007343,-0.127128630877,0.612662434578,-0.217435479164,-0.216967761517
23244,0.333100020885,-0.31844997406,-0.304804682732,-0.0218444615602,0.458223879337,0.438324123621
7494,2.6101500988,1.44930005074,0.229517072439,1.19653451443,5.03783559799,0.80212777853
4836,-1.13244998455,-0.682699978352,0.287093788385,-0.590538024902,0.617346286774,0.295267403126
23647,-0.16605001688,-0.222649991512,0.394277989864,-0.273141443729,0.586641550064,0.951964497566
10617,-0.0872000008821,0.500900030136,-0.0634539574385,0.19580334425,-0.00581024959683,0.232018172741
2184,0.539749979973,0.43125000596,0.0480319261551,-0.570978999138,0.162392422557,-0.308210492134
5355,-0.247149989009,-0.666000008583,0.215758815408,0.417868316174,-0.124121583998,-0.784143686295
6659,0.377649992704,-1.00429999828,-0.0848281607032,-0.000416086579207,0.279951661825,0.462415754795
7016,-0.217200011015,-0.27689999342,-1.26104795933,-0.273079693317,-0.328173786402,-0.388572514057
90861,0.352250009775,0.380199998617,0.181626573205,-0.176057964563,0.871634304523,0.21540696919
10670,-0.109600007534,0.0378499999642,-0.901983380318,0.325827628374,0.689732193947,1.07873189449
79071,-2.14004993439,0.269650012255,0.345265954733,0.254864782095,0.176981031895,-1.9293680191
64746,0.622699975967,0.646600008011,-0.190905615687,-0.148402139544,-0.305117964745,1.01823604107
5366,0.061750009656,0.031199991703,0.347948163748,0.811884224415,-0.780579566956,1.23557066917
11344,-0.0606999993324,-0.0161499977112,-0.0887191519141,-1.02237939835,0.660163164139,0.546255230904
10013,0.433099985123,0.714500010014,-0.682614266872,-0.473848879337,0.0820003896952,0.76319372654
5829,-0.967049956322,-0.149499952793,0.00123724981677,0.000650045461953,-0.53706496954,-0.755884945393
5257,-0.460550010204,-0.169599995017,1.33096718788,0.0296202488244,-0.213540405035,0.783797025681
22794,0.183199986815,-0.180350005627,0.363919734955,0.73234719038,-0.49128356576,-0.69481921196
9761,0.409850001335,0.0730499923229,0.777313649654,-0.123495414853,-0.694902062416,0.519564032555
23326,0.62935000658,0.12404999882,-1.04310822487,-0.00157572759781,0.614638328552,-1.00046849251
10972,0.801450014114,-0.601949989796,0.629751265049,-0.68667280674,0.918181836605,0.592209100723
10523,-0.311950027943,0.271699994802,0.703810155392,-0.484499245882,-0.474587678909,-0.34451675415
79090,3.40260004997,-0.0328999757767,0.66529083252,0.99317574501,-0.571810007095,-0.815431892872
27032,-0.538500010967,0.1956499964,0.0585092008114,-0.0210981499404,0.0647446066141,-1.0463616848
9097,-0.407350003719,6.10999965668,-0.912287175655,-0.0146566554904,-0.236343696713,-1.17982411385
10513,0.350299984217,-0.637000024319,0.839479207993,-0.656456708908,0.373516142368,-0.0727960318327
1891,-0.719850003719,0.168600007892,-0.448946297169,-2.40666413307,-0.215721040964,-0.128375723958
3066,-0.1712000072,0.651549994946,0.721188187599,-0.00299009843729,0.304082483053,0.335381567478
9801,0.0183000043035,-0.0529000014067,0.285055696964,0.641668438911,0.101262897253,0.150277525187
1459,-0.650099992752,0.311649978161,-0.585532546043,0.136008545756,-0.143103390932,-0.151216372848
9703,0.243499994278,-0.00249999761581,-0.393615484238,-0.337462097406,-0.172293454409,0.456735253334
10606,0.453350007534,-0.230599999428,0.192336767912,-1.23941516876,0.407195448875,0.496579051018
1017,-0.703500032425,-0.439500033855,-0.063649572432,1.07931220531,0.0975477993488,1.63809072971
9813,-0.654550015926,-0.754450082779,0.394501447678,0.379773259163,-0.640864670277,-0.0435385406017
7485,-0.425550013781,-0.552749991417,-1.42198729515,-0.343464463949,0.93989354372,0.229637503624
2109,0.621649980545,0.0484500005841,-0.29026889801,-2.25295710564,0.0220774710178,0.155735239387
23271,-0.168349996209,0.110050022602,-0.0113680576906,0.0822296664119,-0.193962037563,-1.07907390594
9915,-0.965449988842,-0.488549977541,0.00170732126571,-0.000384187384043,0.0150758251548,-0.130823343992
9552,-0.728299975395,1.12964999676,-0.208213210106,-1.47770953178,-0.452151060104,-0.338852226734
93487,0.342949986458,0.32080000639,0.721522510052,0.698792934418,0.0956699252129,0.0345684625208
2956,-0.703849971294,0.31170001626,0.479987919331,-0.477114111185,0.00135983899236,-0.0391581878066
11065,-0.0504000037909,0.473450005054,0.208341062069,0.103203974664,0.273983687162,-0.0667139589787
9653,-0.837849974632,0.947000026703,-0.411088973284,-0.0350171774626,-0.622715592384,-0.6703363657
200081,1.00224995613,0.654500007629,0.509526252747,0.0882849916816,0.391107410192,0.312965989113
3337,1.13709998131,0.781450033188,-0.183375626802,-1.20256769657,1.18066239357,-5.16570806503
11073,-0.518799960613,0.460050016642,0.848573684692,0.678887248039,1.02473604679,0.241521298885
23,-0.859699964523,0.0734500288963,-1.79176783562,0.455483913422,-0.627708494663,-2.49635124207
5641,-1.18015003204,1.15404999256,0.137651592493,0.553427278996,0.159083217382,-0.696875572205
8720,0.131850004196,-0.16605001688,-0.400908619165,1.27631282806,-0.666352272034,-0.347527444363
10782,-0.283050000668,-0.169749990106,0.916964411736,0.746950924397,-0.321110129356,-0.30290684104
25932,0.608600020409,0.291150003672,-0.106910437346,0.421309858561,-0.032247338444,-6.29061508179
3028,0.184849992394,0.146950006485,0.221807703376,0.403585851192,-0.919003605843,0.661338806152
6804,-0.845950007439,0.195199996233,-0.153939396143,-0.131265252829,-0.682767689228,-1.77009510994
890,0.0555500090122,-0.382799983025,0.522173464298,-0.685292840004,0.423791050911,-0.305150657892
6390,0.233000010252,0.447049975395,1.1574819088,-0.23028036952,0.214324817061,-0.70689868927
4303,0.960600018501,0.0834000110626,0.079812169075,-0.128449812531,-0.582104921341,0.301419019699
10953,0.534549951553,0.75569999218,1.30313825607,-0.640508651733,-1.66350650787,1.59596395493
22889,0.202299982309,-0.755349993706,-0.94348692894,-0.737518072128,0.294693231583,-0.445870876312
3098,-0.715700030327,0.0485999956727,0.918135106564,-0.107774592936,0.567506253719,-0.195413962007
11044,-0.671649992466,-0.601599991322,-0.259729802608,0.0535616613925,0.088406316936,0.198778271675
8985,0.852100014687,-1.0734000206,-0.17811858654,0.307093441486,-0.0561330653727,0.731074512005
66008,-0.408149957657,-0.105049997568,0.0385189801455,-0.979659855366,0.135703891516,0.0544486194849
9217,-1.058349967,0.572100043297,-0.0765885189176,1.16902673244,-0.298992812634,-0.337455362082
701,-0.369099974632,-0.31455001235,-3.45952630043,0.0233176201582,-0.221385240555,-0.247427493334
6182,0.557900011539,0.134450018406,0.62901622057,-0.21086320281,-0.230194211006,0.523152172565
4860,0.116400003433,0.0719999969006,0.1794039011,-0.453967034817,0.202711999416,0.431917905807
7398,0.0509500205517,-0.270000010729,-0.295299589634,0.620530843735,-0.377040892839,0.516545116901
6117,0.40625,0.281599998474,-0.529376804829,-0.33004501462,0.235406339169,0.0656443089247
23588,-0.883700013161,-0.30189999938,0.356250882149,-1.0352499485,0.233763128519,0.222804456949
949,-0.750750005245,0.95560002327,0.073427580297,-0.523505330086,-0.81483477354,-0.660650193691
7168,0.294250011444,1.01810002327,0.102621376514,0.688817679882,-0.206554934382,-0.375310152769
9375,1.07245004177,-0.725999951363,0.120001010597,0.348659008741,0.31755772233,-0.496307194233
4927,-0.249049991369,-0.274599999189,0.520678222179,-0.35930198431,-0.0813848227262,-0.811449766159
2523,-0.760849952698,-0.45275002718,-0.162736773491,0.750338613987,-1.1735676527,0.213332056999
58497,-0.34525001049,-0.133000001311,0.0812152773142,0.871714830399,-0.372670829296,0.0808643251657
6856,-0.857949972153,-0.228049993515,-0.379717350006,0.888513207436,0.29259711504,0.980446279049
26036,-0.649150013924,0.966350018978,-0.382837533951,-0.152525261045,-0.902062594891,0.474305957556
10206,-0.722299993038,0.193500012159,-0.56354957819,-0.332753121853,-2.09358549118,0.00168198347092
25793,-0.771749973297,0.219549998641,0.928901433945,-0.375540971756,-0.849558115005,0.15479055047
55556,-0.0821499973536,0.156399995089,0.0824188366532,-0.223293840885,-0.287618458271,-0.113277114928
3978,0.0759999975562,0.751649975777,-0.21293464303,-0.0849819853902,0.047146756202,1.00677752495
10681,0.173700004816,0.319999992847,0.864841043949,-0.417071610689,-0.739175498486,0.454454183578
3638,0.590600013733,-0.48449999094,-0.438656747341,-0.487583994865,-0.0827511996031,-1.39278817177
8349,-0.69990003109,0.0311000049114,0.064264729619,-0.0303779318929,-0.818960726261,-0.602333962917
6275,-0.516650021076,-0.47214999795,-0.314107000828,0.286644697189,-0.430686950684,0.225974991918
3895,0.149700015783,-0.480350017548,-0.135633945465,-0.120264440775,0.247079119086,0.0433939769864
392,0.162900000811,0.248450011015,-0.791205763817,0.673389136791,-0.929830610752,-0.434305161238
9170,-0.782549977303,0.277650028467,-0.251513779163,-0.856876134872,0.0102533809841,-0.452698051929
80347,0.99430000782,0.237149998546,-0.819499671459,-0.622520804405,0.276780545712,-0.260830581188
23300,0.890049993992,0.0416499972343,0.871726512909,0.213778197765,-0.78779321909,-0.491827040911
836,-0.239450007677,0.431950032711,-0.114921599627,-0.698184430599,0.237181544304,-0.280725598335
11188,-0.662599980831,0.712599992752,-0.401427775621,-0.31049901247,0.896289944649,0.206433296204
10898,-0.443750023842,0.115649998188,0.413723707199,1.37740600109,0.0989108160138,0.417001694441
9276,-0.201449990273,-0.150099992752,-0.196759089828,0.910067021847,-0.176395744085,-0.113170862198
1647,-0.987949967384,-0.00575000047684,0.143935248256,0.406509786844,0.0754033476114,0.406742036343
10285,0.986699998379,0.144950002432,-0.434228956699,0.874866306782,-0.576456010342,-0.8148483634
23386,0.577499985695,0.272049993277,-0.745253384113,0.152174293995,1.00072801113,0.652928590775
3156,-0.878250002861,-0.445749998093,-0.466954767704,-0.402378737926,0.314789503813,0.102732673287
10237,0.303449988365,0.243649989367,-0.208914011717,-0.757124602795,0.375300168991,0.804850757122
7077,0.156149998307,-0.479099988937,-0.836805105209,-0.807166099548,-0.0131589658558,0.176782697439
11157,0.22879999876,0.621150016785,-0.0476081073284,1.86503410339,0.0633943080902,-0.206103146076
22908,0.68875002861,1.41180002689,-0.669480979443,0.134710595012,-0.231184139848,-0.449487388134
10915,-0.661099970341,-0.102899998426,0.15958930552,-0.099948823452,0.749809324741,0.51283955574
9897,-0.0779500007629,-0.531650006771,0.358369290829,-0.0473330877721,-0.141674295068,0.797383606434
1759,-0.616199970245,-0.448099970818,-0.350704133511,-0.527990877628,-0.16579952836,-0.0237986631691
54541,1.351749897,0.907050013542,0.465205132961,0.896099746227,-0.279189795256,1.88671123981
211,0.5353500247,-0.287649989128,-0.11006167531,0.338728547096,1.20031142235,1.26685059071
5048,-0.155200004578,-0.424300014973,0.609174609184,0.595909357071,-0.0315718203783,-0.153859376907
84722,-0.633050024509,-0.0667999982834,0.0882802009583,0.699451982975,-0.0317570120096,-0.222519591451
29890,-0.626300036907,0.710500001907,-0.32207095623,0.695768594742,0.209531545639,-0.322487175465
9868,-1.41119992733,0.858500003815,0.259159743786,0.277926266193,-0.75113093853,0.343212723732
873,-0.648199975491,-1.7540500164,-0.608049571514,-0.370418936014,0.243947476149,-0.0825689211488
5580,-0.191500008106,0.246950000525,0.0603646114469,0.192293524742,5.5350394249,-0.337753772736
3725,-0.782649993896,0.686450004578,-0.0167229026556,1.02557694912,-0.65279430151,-0.407253623009
23585,1.17250001431,0.596549987793,0.294009357691,-0.211299940944,0.688943147659,0.201044291258
51097,-0.940850019455,-0.0938000008464,-0.523544490337,0.172933757305,0.163760393858,0.669537901878
1831,-0.369949996471,0.194299995899,0.200008034706,0.48136049509,0.836245298386,0.455445021391
7020,0.273699998856,-0.680400013924,0.417791336775,0.265976011753,-0.573981642723,0.045135512948
55893,0.00879999995232,-0.919250011444,-0.0637742877007,-0.0934447944164,0.182566002011,0.0924856215715
6944,-0.258499979973,-0.305949985981,0.25329375267,-0.429837167263,0.329274863005,0.288261651993
22883,-0.207500010729,0.778750002384,0.133418694139,-0.383841633797,0.476527273655,-0.490285515785
5601,-0.940400004387,0.147899985313,-0.367627948523,-0.0636794343591,0.149679988623,-0.272892296314
10775,-1.11705005169,-0.348399996758,-0.971191704273,-0.449922382832,-0.439134955406,-0.834667503834
4780,-2.54794979095,-0.79439997673,-0.33216124773,0.335151612759,-0.710071921349,-1.12678909302
10904,1.13709998131,-0.430199980736,-1.84073793888,-0.504663228989,0.260024368763,0.0585032701492
9917,-0.469150006771,0.744800031185,0.147193700075,0.415789484978,-0.700283169746,-0.242129743099
1399,-0.316499978304,-0.115299999714,0.0905831754208,0.388360470533,0.43702891469,-0.483614504337
24149,1.11030006409,0.296499997377,-0.490976452827,-0.540982961655,-0.58244484663,-0.675911903381
2222,0.325650006533,0.529700040817,0.598363637924,-0.106237597764,1.25846588612,0.151596873999
10131,-0.134400010109,-0.426550000906,-0.983707070351,0.42223739624,-1.25149953365,-0.373672306538
2958,-1.23994994164,2.83004999161,-0.364896535873,-0.521636843681,-0.794474303722,-1.21730315685
9650,-0.746150016785,0.1100499928,-0.386257767677,-0.0325956046581,-0.140037298203,-1.18261528015
7319,0.0598499961197,0.83345001936,-1.0529178381,-0.327630996704,-1.38477754593,-0.161429911852
4817,-0.84635001421,-0.377199977636,-0.638525426388,-0.688857674599,0.0141670145094,0.386004328728
9143,1.21519994736,-0.337249994278,-0.37622398138,0.10829950124,-0.582183659077,0.282543867826
10494,-0.17040002346,0.00519999861717,-0.0438527800143,-0.331603765488,-0.507730305195,-0.461905062199
55324,0.757849991322,-0.0266500115395,-0.573124945164,-0.40993180871,-0.00240512192249,-0.202017426491
23149,0.176200002432,-0.262699991465,-0.353625893593,-0.129979252815,-0.292030066252,0.164856269956
9943,0.421550005674,-0.0455499887466,0.530314445496,-0.744493365288,0.350950419903,0.00424019992352
6599,0.370849996805,0.497349977493,-0.472284793854,0.26045525074,1.03390514851,0.368751734495
51031,-0.552100002766,0.410550028086,0.551297724247,-0.337244510651,0.861019551754,-0.499696493149
3566,-0.774200022221,-0.458649992943,0.022775426507,-0.509889423847,-0.827427566051,0.287282079458
3815,-0.626649975777,-0.465449988842,0.2919690907,-0.00502148643136,-0.809027850628,0.422710061073
8624,0.75444996357,-0.122200004756,0.0688970088959,0.0981822162867,-0.470523148775,0.248203158379
27346,0.077500000596,-0.434349954128,0.606127381325,0.0139269270003,0.962645173073,0.203647077084
10489,-0.213149994612,1.02789998055,-0.143728360534,-5.60229682922,0.0844888314605,-0.844707012177
26128,0.955099999905,1.44184994698,-0.21015176177,0.149156466126,3.52205133438,-0.194516152143
79921,0.566799998283,-0.110250011086,0.812004029751,0.687481582165,-2.0166285038,-0.156541377306
55746,-1.76314997673,0.164399981499,-0.936354458332,0.0152486991137,-0.277845412493,0.438182473183
23636,-0.149000003934,-0.059249997139,0.272646129131,0.0331594273448,0.438588917255,0.78160905838
10892,0.299750000238,-0.67175000906,-0.642904937267,-0.286477684975,-0.31855776906,0.00511169433594
10652,0.234549999237,0.144349992275,-0.0869065672159,-0.524665474892,0.551309406757,0.000469461083412
11004,0.644050002098,0.763299942017,-0.526117086411,0.77596861124,0.486457437277,0.311693370342
23530,0.0197000019252,-0.344349980354,-0.0109292753041,-0.0865943133831,4.9960193634,0.125667288899
8826,-1.13464999199,-0.738550007343,-0.266413867474,-0.694583654404,-0.150117963552,0.189856469631
3308,-0.747500002384,0.0187999606133,-0.992806196213,0.00223226426169,-0.574576735497,-0.368629783392
7153,0.349249988794,0.0270000100136,-0.684182286263,-1.17143177986,-0.0194874741137,-0.0956127643585
11041,0.553449988365,-1.02369999886,0.427355051041,0.156424671412,-0.0518540889025,1.14073359966
6342,0.0255500003695,0.0360500216484,-0.145515650511,-0.155461043119,0.375945687294,0.643831312656
5883,0.290400028229,-0.0240499973297,0.374769538641,-0.13605850935,-0.740755319595,0.464478671551
10589,0.189199998975,0.773849964142,0.393031001091,-0.365030646324,-0.0119492243975,-0.161444604397
5110,0.567399978638,-0.11194999516,0.469230055809,-0.61653637886,0.324398905039,0.449603617191
4609,-0.00869999825954,0.686299979687,-0.0734860450029,-0.116799458861,0.594492554665,-0.242758855224
5423,2.81354999542,0.494249999523,0.126746624708,-0.135867282748,-0.160031601787,-0.158770218492
1070,0.449499994516,-0.960700035095,0.278715789318,-0.686653852463,0.949518859386,0.376143693924
10051,-0.191749989986,-0.386500000954,0.257341682911,-1.2334394455,0.218950390816,-0.394308567047
6603,-0.449050009251,-0.560150027275,-0.227073401213,-0.141458570957,0.529982089996,-0.33854842186
9019,-1.63240003586,-0.174650013447,0.65668040514,-0.562289953232,0.680268406868,0.0253354124725
10969,1.08360004425,-0.0273000001907,0.126400947571,-0.513003528118,0.659167766571,-0.868766307831
9797,3.35025000572,-0.604399979115,0.894759058952,-0.0061818510294,-0.387286126614,0.351069062948
4043,0.8708999753,0.415700018406,0.229873761535,1.20207738876,0.431898504496,0.128519892693
9519,0.571799993515,1.34325003624,-0.296244621277,0.342897027731,3.18328666687,-0.789411783218
8480,0.300999999046,-0.358950018883,0.157172754407,-0.642289698124,-0.0492433011532,-0.736397385597
983,-0.0819000005722,0.394649982452,0.227835118771,-1.11967206001,0.271228373051,0.198741659522
10559,-0.856599986553,0.294950008392,-0.512877643108,0.306590437889,0.0705875083804,-0.769395709038
8508,-0.139750003815,0.358150005341,0.11975120008,-0.438036233187,-0.033875182271,0.745180606842
9275,0.972249984741,1.30110001564,0.488933563232,-0.856983959675,1.19235062599,-0.44122672081
8914,-1.07725000381,0.459200024605,-0.217444747686,-0.225157618523,0.0980951189995,-0.0733605995774
54505,-1.25714993477,-0.161000013351,-0.233392864466,0.35009688139,2.31331896782,-0.074093721807
6919,-0.19914996624,1.37115001678,-0.28498250246,-0.0492797121406,0.06830432266,0.859684944153
2274,-0.0513000041246,0.717149972916,-0.137494981289,0.386639595032,-0.0654139518738,-0.366947710514
2288,0.0,-0.762549996376,0.000265585142188,-0.000416086579207,0.0438978970051,-0.00221635773778
7994,-0.911500036716,1.01545000076,-0.210607409477,0.0925999432802,0.661814510822,0.456580460072
4216,0.113150000572,0.780449986458,0.176041230559,0.200919404626,0.0927525311708,0.090459421277
7538,-0.703750014305,-1.21389997005,0.234706714749,0.745342969894,-0.682133376598,-0.237108916044
3628,0.152400016785,0.027999997139,-0.653787851334,-0.352045208216,-1.2411570549,0.203250050545
2037,0.316899985075,-1.45529997349,-1.27137720585,-0.314146578312,-0.28908213973,-0.0844062715769
2771,-0.0653500109911,1.31915009022,0.164237380028,-0.652831554413,-0.609884619713,-0.0856777131557
7264,-0.0402000546455,-0.669550001621,0.189004853368,-0.485948652029,-0.217645913363,0.390811830759
1786,-0.945950031281,-0.704800009727,-1.04363679886,0.000183913420187,0.116732895374,-0.826561868191
5873,-0.904949963093,0.384049981833,-0.111091151834,0.333276957273,-0.921690762043,-0.514456748962
780,-1.01434993744,0.153350010514,0.20497918129,-1.15755903721,-0.83801138401,-0.918395340443
9926,0.36155000329,1.4918500185,-0.476612091064,0.277420431376,-0.130147650838,-0.62664604187
8446,0.365200012922,-0.663650035858,-0.330772340298,-0.512377023697,0.0326643288136,0.147854313254
7159,-0.324149996042,-0.453899979591,-0.594435274601,-0.236573070288,-0.675389766693,0.264876246452
1026,0.308550000191,-0.0345499962568,0.139644742012,0.510869443417,-0.788185179234,2.14529514313
7082,-1.70315003395,-0.401199996471,-0.347593039274,0.435009181499,-0.302057206631,-1.17340219021
10058,-0.315600007772,0.753450036049,0.00673842802644,-0.855188369751,-0.650567770004,-0.426532775164
10797,0.503899991512,0.781149983406,0.385031491518,0.212544828653,-0.338029384613,1.3860462904
11230,0.6549000144,0.524600028992,0.765933275223,0.166157290339,0.75197917223,0.769549012184
30836,-1.06009995937,0.29730001092,-0.143436133862,-0.653811573982,0.290794998407,0.0514838136733
27336,-0.36464998126,-1.02250003815,-1.04486243799e-05,-0.000459095957922,-0.321699112654,-0.663457036018
9918,-0.704249978065,-0.461449980736,-0.430196613073,-0.452694118023,0.476395636797,-0.615829885006
79073,0.188649997115,0.907899975777,-0.141608670354,1.97518014908,0.20523019135,-0.571220397949
9688,-0.000699996948242,0.680000007153,-0.159103304148,0.835209727287,0.972089886665,1.10377144814
23659,-0.0644499957561,-0.517149984837,-0.150863066316,0.729886293411,-0.154594779015,-0.047903649509
8396,-0.00640000402927,-1.077450037,-0.093734703958,-0.299480021,0.152939200401,0.85959559679
23077,-1.52114999294,-0.758949995041,-1.74180531502,-0.208328559995,-0.338203251362,-0.888747394085
10857,0.830349981785,-0.215249985456,-0.519794404507,0.00162046996411,0.493208527565,0.51189416647
16,-1.60960006714,-0.155599996448,-0.384428143501,0.000848844647408,-0.545828580856,-0.861045360565
2817,-1.10954999924,0.0439999997616,-0.265637457371,-0.446966260672,0.175280019641,0.149842113256
60528,-2.27880001068,0.65055000782,-0.111503697932,-4.34068393707,-0.540078580379,0.259898543358
5359,-1.09004998207,0.673900008202,-0.458968102932,1.17009484768,-0.458362102509,-1.44582557678
1514,-0.121050000191,0.213249996305,-0.196904763579,-0.00591712631285,-0.303520292044,-0.560425698757
1509,0.429049998522,-0.992399990559,0.120047822595,-0.639647901058,-0.86948466301,0.0409308075905
9181,0.012600004673,0.669600009918,-0.196563243866,-0.385584324598,0.723862171173,0.15007007122
3611,-3.40689992905,0.947400033474,0.131339281797,-0.38022851944,0.884060382843,0.312662482262
4783,0.0945999920368,1.06589996815,0.269129514694,0.224697381258,-0.991037905216,-0.361896127462
10123,-0.696349978447,-0.479499995708,-0.532397687435,0.620358526707,0.932035923004,-0.248477131128
8895,0.870199978352,-1.71644997597,1.04941058159,0.126703262329,-1.03214693069,0.667917191982
9805,-0.903699994087,-0.963800013065,-1.02080488205,-0.253071546555,0.238022938371,0.0203960947692
4125,-0.209800004959,-1.21340000629,0.205717235804,-0.29374691844,-0.243019834161,0.516942739487
1635,0.0100000202656,0.407099992037,0.0424214527011,-0.269541680813,-0.836182773113,0.53827226162
4154,0.89335000515,0.89770001173,-0.0286623612046,0.615369677544,-0.66906607151,-0.272914648056
26292,-0.367749989033,0.420199990273,-0.308351039886,1.63630461693,0.00162426382303,0.263868004084
5770,-0.00359999388456,-0.588400006294,-0.487938582897,-0.433591246605,-0.160316810012,0.345021247864
25874,0.375149995089,0.190600007772,-0.671167731285,0.461730986834,-0.565657615662,-1.07005476952
11319,-2.0216999054,0.303100049496,-0.421995967627,0.212813526392,-0.232520073652,-0.360441148281
1153,0.974950015545,0.304400026798,-0.979465484619,0.434196025133,0.351210534573,0.000394323840737
11098,-0.235950008035,0.154249995947,0.0711523368955,-0.461861610413,0.212748304009,1.00208926201
8974,-0.0139999985695,-0.253800004721,-0.705868601799,0.19033357501,0.011972181499,0.314345955849
533,1.06949996948,0.760649979115,0.067955724895,-0.138557121158,0.162367165089,0.476484984159
823,0.245749995112,-0.757899999619,-0.0392522886395,0.0692010000348,1.26398468018,0.630271077156
6812,1.64400005341,0.401799976826,0.165775001049,0.272175043821,0.347559690475,0.237657353282
3693,0.247199997306,1.36199998856,0.857969641685,-0.247763320804,0.295860588551,0.671748042107
4891,-1.68060004711,1.02740001678,1.21776115894,0.252837121487,0.920499682426,0.819350421429
10954,0.384750008583,0.22065000236,0.0689609870315,-0.595628023148,0.627287209034,-0.0362283661962
5909,-0.967799961567,0.409000009298,0.64214193821,-0.222819834948,-0.738684475422,-0.118401661515
9221,0.384650021791,-0.803049981594,-0.316813528538,-0.0774942710996,0.0263751372695,0.723912358284
847,-0.417200028896,-0.937600016594,-0.0680661648512,-0.681443333626,0.649549722672,-1.72149789333
11072,-1.41280007362,1.03489995003,-0.793675720692,-0.157599955797,0.0524944663048,0.800220251083
10221,-0.904950022697,-0.404499977827,-0.711678624153,-0.364430218935,-1.059653759,-0.417704790831
7158,-1.37319993973,0.674299955368,-0.247460186481,-0.517989873886,-0.826379597187,0.529296994209
8678,-0.136099994183,-0.0371499955654,-0.404950350523,0.634144246578,-0.0622121989727,-0.18781375885
11014,0.329750001431,-0.47879999876,-0.590166509151,-0.236039042473,-0.0644503608346,-0.0118596404791
1994,-0.972649991512,-0.795149981976,0.343698441982,-0.608066499233,0.0173867829144,0.0611586272717
3482,-0.408199995756,0.32104998827,-0.440431594849,0.509443819523,-0.288470029831,-0.62164068222
25976,0.513300001621,0.0983499959111,0.990785837173,0.888731777668,0.0694633424282,0.57999932766
10491,-0.353950023651,0.378049999475,0.364693433046,0.402064114809,0.363270699978,0.912762641907
51053,0.418650001287,0.0720500051975,0.00102827697992,0.00215676240623,-0.235159814358,-0.353913098574
9267,0.578299999237,-0.347000032663,0.336096554995,0.260226786137,-0.30187240243,0.135914504528
5547,0.465399980545,0.554400026798,0.605455458164,0.122982434928,0.215627044439,-0.28647094965
6597,-0.434050023556,-0.5611500144,0.214074984193,0.018095806241,-0.223796144128,-1.69649398327
5836,-0.426150023937,-0.424499988556,-0.0452010780573,-0.089043058455,-0.29558929801,-0.302773058414
6118,-0.898450016975,1.58745002747,0.980414927006,0.21383151412,0.263764828444,0.11547793448
2961,0.496599972248,0.402500003576,0.417682468891,0.588486135006,-0.055763810873,-0.790014982224
310,0.58544999361,0.259350001812,0.953313589096,-0.724875152111,-1.12790977955,-0.23197504878
7296,0.594300031662,1.00580000877,0.435210943222,1.07567024231,-0.777653157711,-0.506279230118
1429,-1.50489997864,0.86470001936,0.0643484592438,0.891905367374,0.732501029968,0.293508917093
2548,1.25020003319,-0.0534500181675,-0.146667793393,-1.1653803587,0.864813566208,0.0311300568283
6499,0.792999982834,0.632849991322,0.244002565742,-0.375761628151,0.248137801886,0.551453769207
642,0.38639998436,0.121749997139,-0.319034159184,-0.247064873576,0.50701457262,0.0598052106798
23076,0.164499998093,0.158250004053,-0.044411033392,-0.364460736513,0.152904316783,0.422476917505
10099,0.301400005817,-0.10980001092,0.310314357281,-0.71169680357,0.788229823112,0.79396635294
9817,-0.105999976397,0.116500020027,0.673847854137,-1.11765956879,1.3949598074,0.509298086166
9126,-0.465449988842,-0.935350060463,0.132124692202,-0.354272961617,-0.937716901302,-0.615724921227
3930,-1.01345002651,-0.270749986172,0.691933691502,-0.639472007751,0.633569955826,-0.839801967144
10450,0.139300018549,0.85119998455,-0.00815685838461,0.280796438456,0.323551177979,0.393438279629
54386,0.413049995899,0.266099959612,-0.58797711134,-0.0743138045073,0.756601631641,1.05085456371
664,0.491900026798,0.568099975586,0.0828237831593,-0.139373764396,5.69186449051,0.566648244858
596,-0.513000011444,0.511000037193,0.000538855791092,0.678592741489,-0.582450449467,0.677201986313
10180,-0.0624500066042,0.912299990654,0.777061700821,-0.777457118034,-0.0204546935856,0.135392159224
1445,0.562699973583,0.855049967766,0.0283985137939,0.363418877125,-0.659536242485,0.305913478136
230,0.261250019073,0.754199981689,-0.424807906151,-0.246807128191,0.792182743549,-0.667138338089
9246,-0.604750037193,0.147299990058,-0.264437586069,0.0507689863443,0.442148268223,-0.319205343723
5092,-0.354299992323,0.423449993134,0.827823221684,0.831170737743,-0.455310612917,-0.353790432215
23463,0.698400020599,0.166700005531,0.433436214924,0.760508000851,0.728125929832,0.70440196991
10007,-0.559599995613,-0.342749983072,0.314021408558,0.652550935745,0.534480273724,0.173813924193
4925,0.550450026989,1.46319997311,-0.18149395287,0.483460396528,-0.146347209811,-0.142968356609
6251,-1.11510002613,-1.71600008011,0.0753794834018,0.414845496416,-0.734947443008,0.123401001096
5782,0.392599999905,0.0859000012279,-0.244579464197,-0.557771623135,0.988865613937,0.561096012592
5106,0.417549997568,0.282249987125,-0.128002002835,0.121267028153,-0.241433054209,0.153094500303
2673,0.456550002098,0.52009999752,-0.502785921097,-0.129208743572,-0.22672508657,-0.177393913269
644,-0.216300010681,0.28694999218,-0.117122977972,-0.596280395985,-0.394989132881,-0.373002141714
6284,1.19615006447,-1.28635001183,1.05226945877,-0.0449374616146,-0.840578913689,-0.252818137407
4605,-0.455599993467,-0.868550002575,-0.993977367878,-0.0689057409763,0.110474437475,0.186291143298
6810,-0.810350000858,0.855350017548,-0.323032468557,-0.750761032104,0.0946910381317,-1.24081194401
54499,1.09529995918,0.733150005341,0.587541878223,-0.367079705,0.733490943909,0.869380116463
11007,-0.4700999856,0.207500010729,0.640012323856,-0.14488735795,-0.284414380789,-0.428563296795
1643,-0.010649997741,-0.852499961853,0.452958732843,1.91042864323,-0.769058644772,0.71348464489
25805,0.264349967241,-0.209849998355,-1.48164606094,-0.129238337278,-0.806649208069,0.0865881815553
3033,-0.577600002289,0.348450005054,0.536402821541,-1.21208524704,-0.15383592248,0.697897434235
2745,0.652750015259,0.593699991703,-0.404615402222,-0.228462725878,0.161693558097,-0.221314445138
9961,-0.105700008571,-0.0555500015616,-0.209410518408,-0.54751008749,-0.73045706749,-0.273856431246
3925,0.107499957085,0.207499995828,-0.267599642277,0.220924556255,-1.17365837097,-1.0532951355
2582,-0.575600028038,1.20124995708,0.26198554039,-0.39479637146,-0.866142988205,-0.61113011837
5792,-0.499450027943,-0.428800016642,-0.487219780684,0.796024084091,-0.022168956697,-0.367562919855
5236,0.152100011706,0.742449998856,-0.0103257950395,-0.951369345188,1.31276655197,0.362594306469
4016,0.209250003099,-0.444249987602,-0.600454509258,-0.66120326519,-0.685508608818,-0.256424456835
4651,2.22324991226,0.315999984741,0.0828761309385,-0.296566039324,-0.408022165298,-0.29670599103
3988,0.980349957943,-0.702299952507,-0.529314339161,-0.299474388361,0.821024775505,-0.0169721320271
26227,0.446500003338,0.264799982309,0.265483260155,-0.257927924395,0.510148704052,0.563537597656
7982,0.858150005341,0.241050004959,1.59358251095,-0.22942866385,0.0445906817913,-0.058330565691
3551,-0.514400005341,0.594950020313,0.143899470568,0.744502663612,0.816781938076,-0.183959245682
5108,-0.700900018215,-1.41300010681,0.347618311644,-0.408288657665,0.814957737923,1.03416275978
8870,0.485949993134,0.34319999814,-0.0784985870123,0.669676184654,-0.32023358345,-0.255429178476
2195,0.905950009823,0.158349990845,1.16930830479,-0.421895712614,0.293890058994,0.430546104908
8731,0.356999993324,0.44889998436,0.812112867832,-0.11589834094,0.417568743229,0.263195604086
1956,-0.103250004351,0.150900006294,0.0536866635084,1.78299427032,-0.47147166729,0.19598197937
10276,0.0451999902725,0.10649998486,-0.637700855732,0.762471616268,-0.323622405529,0.280354499817
1666,1.22865009308,0.0527499914169,-0.0770169049501,-0.576409101486,0.313479721546,-0.641090512276
4864,0.908849954605,-0.229550004005,0.0964736193419,0.351524144411,0.581220388412,0.273658901453
4232,-0.339200019836,-0.316549956799,0.00116410932969,-0.00100233359262,-0.448285847902,-0.391699463129
5050,0.0305500030518,0.163949996233,-0.555016636848,0.000579794112127,0.344849079847,0.442761301994
813,0.384799987078,-0.357700020075,-0.323266297579,-0.56654304266,-2.30666542053,0.103117644787
3964,-0.239450007677,-0.656049966812,-0.314840853214,0.193099424243,-0.99428910017,-0.170852616429
26020,0.616299986839,-0.0704500079155,0.297952592373,0.646305859089,-1.03970658779,-0.226857423782
481,0.0295000076294,-0.295049995184,0.3129119277,-0.0893893241882,0.177958652377,0.631698191166
5019,-0.379400014877,0.183549940586,0.403528928757,0.0602301061153,0.214478433132,0.563689410686
291,-0.587799966335,0.0803500041366,0.563339054585,-0.907415628433,-0.0141800940037,-0.185388997197
10973,-0.899850010872,0.181199997663,0.278559833765,-0.60876750946,-1.78353464603,1.94862389565
9697,0.537549972534,0.251599997282,-0.843131780624,-0.398120284081,-0.435629189014,-0.75295907259
5831,0.489899992943,0.798449993134,0.165061324835,-0.859753370285,-0.302162110806,-0.498320221901
8202,-1.03785002232,-0.919999957085,-1.25439548492,-0.051154397428,0.4615650177,0.263741016388
57804,-1.10339999199,-0.119250014424,0.210069790483,-0.336826771498,-0.599944591522,-0.205442011356
5566,-1.08509993553,-0.492900013924,-0.192495197058,0.31839287281,-0.578278839588,0.43976432085
57149,0.414800018072,0.244949996471,0.965700924397,-0.7849791646,0.754812002182,0.979103446007
7416,0.225100010633,0.797199964523,0.659000456333,-0.467042535543,-0.355057299137,-0.0449197888374
10174,0.892950057983,-3.07005000114,0.136154532433,1.92298388481,0.875793039799,0.963852703571
6676,0.0779999941587,4.59945011139,-0.353237777948,-0.354714989662,0.738075137138,-0.0625733435154
8884,1.18624997139,0.290150016546,0.313524514437,-0.916618585587,1.46392834187,0.415991693735
5997,1.23039996624,0.150700002909,0.189679771662,-0.390281975269,2.63358545303,-0.713600218296
57147,2.01909995079,-0.427249997854,1.65612196922,2.27316021919,-0.161335289478,0.190693438053
6909,-0.118000000715,5.31059980392,-0.456337809563,0.550136625767,0.264593750238,0.652937889099
9093,0.00065000000177,-5.10139989853,0.000491027254611,0.000244968163315,0.0468582548201,-0.938623070717
23142,-2.44639992714,0.307249993086,0.515006542206,-0.42752212286,-0.727965295315,0.607852876186
8444,0.0197499841452,0.523149967194,-0.648546278477,-0.470053076744,0.634058237076,0.18906019628
11232,-0.552399992943,-0.171649992466,0.536583244801,0.418355166912,0.302591979504,-0.317285776138
27095,-0.421399980783,0.542200028896,0.247972950339,0.164282992482,0.122439302504,-0.124598503113
10732,-0.116999998689,-0.950249969959,1.32195723057,-0.445181548595,0.485526561737,-0.200407296419
23029,0.33544999361,0.0224499702454,0.427183747292,-0.173993110657,1.16855883598,0.0460181087255
9270,0.885949969292,0.462200015783,0.276161491871,-1.84191977978,-0.268899351358,-0.485139995813
47,0.120099999011,-0.121399998665,0.128647297621,-0.335168838501,0.0247381497175,0.515777409077
5889,0.868100047112,-0.170599997044,0.410371899605,0.753518998623,-0.462670505047,-0.32114264369
8243,4.23430013657,-0.182550013065,0.678224265575,3.29465866089,-0.294660001993,0.0473491922021
10730,0.148350000381,4.9078001976,0.107976667583,0.340229332447,-0.64836871624,0.0830185562372
30,-0.237450003624,-0.41859999299,2.53656768799,3.25413966179,0.150579214096,-0.0883455276489
7466,1.31815004349,0.704149961472,-0.628244757652,-0.0805978998542,0.827818036079,0.195178881288
89910,-0.210400015116,-2.09540009499,-0.826622128487,-0.0544849336147,1.13990688324,0.787283360958
56654,0.464200019836,0.126949995756,-0.150171324611,-0.0373598262668,0.379202008247,-0.114277005196
501,0.0544500015676,-1.88410007954,-0.232109263539,-0.0793669894338,-1.29379439354,0.0931345522404
5438,0.551550030708,0.503149986267,-0.0496762953699,-0.891936779022,-2.82665872574,0.271430522203
26993,0.745450019836,0.518000006676,0.279868513346,-0.155165910721,0.918443858624,1.35449588299
55111,0.351599991322,0.330899983644,-0.0612916052341,0.142853438854,-0.709686160088,-0.287831127644
8520,0.355949997902,0.679399967194,0.227821409702,-1.0564609766,0.121061861515,1.07776975632
10146,0.159650012851,-0.957149982452,0.037347137928,0.0164332091808,-0.699035525322,-0.415415883064
7165,0.595449984074,-0.792150020599,1.29713213444,0.836956620216,-0.66859382391,-0.748248279095
55011,0.437200009823,-1.04559993744,-0.197778105736,-0.68752014637,0.621185660362,-0.7096144557
6461,-0.797899961472,-0.531949996948,-0.00128943449818,0.00135689973831,-0.496652007103,-0.149627074599
10813,0.434500038624,0.791850030422,1.63639974594,0.169855445623,0.231345847249,-0.564585506916
80746,4.55994987488,-0.958249986172,-0.339829057455,-0.0996931493282,0.128356516361,-1.18565559387
10434,0.408800005913,-1.74284994602,0.914072155952,-0.308867096901,0.608108282089,0.318892657757
5607,0.727200031281,-0.406599998474,1.01932215691,-0.35417303443,0.0301490463316,-0.0928454697132
22827,0.43495002389,-4.35300016403,0.0722879171371,-0.00226416345686,-3.09710121155,-0.0429633408785
51635,-2.07074999809,0.778199970722,-0.811372280121,-0.366062492132,2.20461082458,0.154125735164
84159,-0.634249985218,-0.564199984074,1.25275146961,0.0805805176497,0.953753769398,-0.0494339615107
3508,-0.370700001717,2.14604997635,0.3951600492,-0.271268159151,1.08017325401,0.129030048847
84890,0.779950022697,0.843649983406,0.698480248451,1.45423996449,0.0892805382609,-0.460814595222
79600,0.342750012875,0.727550029755,-5.3365945816,-0.411083817482,-0.393724948168,0.804489612579
8574,0.101949997246,-5.320499897,0.194436371326,0.13066996634,-3.71647453308,0.498437345028
5529,-0.535249948502,0.803149998188,-0.0667854472995,0.073811583221,-0.144881621003,0.185861259699
3909,-0.0348500013351,-0.0323500037193,0.404778659344,4.13956069946,0.629662871361,-0.000389871187508
9637,-1.21164989471,-2.34054994583,0.887480199337,-0.159279376268,-0.211520299315,0.40575581789
8518,-0.195700004697,0.598349988461,2.14465594292,0.726311504841,0.229927644134,-0.749184012413
6443,0.645550012589,-0.240899994969,0.0801360011101,-0.102306418121,0.440406858921,0.809787631035
58478,-1.97364997864,-0.139850020409,-1.27408277988,-0.692597985268,0.610821664333,-0.0336544290185
4850,-0.175249993801,-0.363299965858,0.44895195961,-0.153382897377,0.293798208237,0.389560103416
23210,0.931650042534,0.585999965668,0.327022820711,0.531801700592,0.448114454746,0.503837049007
54733,1.4618499279,0.917249977589,0.608730554581,0.175028085709,2.16320753098,-1.03992009163
55129,-0.422749996185,0.751899957657,0.889567136765,-0.433613419533,0.306909203529,1.17091369629
10273,0.000699999975041,0.00034999998752,-0.574033260345,-0.00214575300924,0.71641689539,0.617786049843
572,-4.21049976349,-4.73834991455,0.349468797445,-0.363151371479,-4.82396459579,0.222867250443
5716,-0.264849990606,-0.568300008774,0.726749837399,-1.0831348896,0.0426327213645,1.46023774147
22841,0.304850012064,0.530499994755,-0.0195389464498,-0.00874589197338,-0.580533325672,0.109821841121
2356,0.558899998665,0.80554997921,-0.109927915037,0.118660479784,0.193205520511,-0.124156326056
6050,-0.419999986887,0.190349981189,0.110954903066,0.96209949255,-0.500138342381,-1.28801715374
64422,0.133000001311,-0.245000004768,0.720692694187,0.842439472675,2.8863902092,-0.356786489487
8837,-0.636749982834,-0.792249977589,-0.244465574622,-0.858886539936,-0.236491441727,0.0570015907288
55127,0.466750025749,0.737900018692,1.07131063938,0.12605047226,1.25294160843,0.445037633181
23335,-1.10640001297,-0.725149989128,0.320169866085,1.53759980202,-0.699105978012,-0.499214887619
10270,0.226150006056,0.507400035858,-0.886020600796,-0.235003098845,-0.81522333622,-2.23662281036
6509,2.03780007362,-0.148849993944,-0.703182816505,0.107918068767,-0.31510463357,6.89968919754
83743,1.17215001583,0.192449986935,0.60324716568,0.51571136713,0.470948636532,-4.33465862274
6772,-0.936450004578,-0.720849990845,-0.259202837944,0.276295542717,-0.24295976758,0.334356367588
22887,0.951099991798,0.275499999523,2.05948925018,0.733427882195,0.191761091352,0.563719928265
51001,-0.0238999724388,-0.793499946594,1.51958537102,-0.284108012915,-1.44355654716,0.376023769379
26511,-2.12010002136,0.376949995756,0.728750050068,0.252522617579,0.183541491628,-0.386345952749
7874,-0.225749999285,0.329349994659,0.0585000254214,-0.648663163185,-0.245557963848,0.00886934250593
51070,0.44785001874,0.692250013351,-0.766825258732,0.545422375202,-0.188801318407,0.482157945633
1738,-0.312900006771,-3.75119972229,0.392788231373,-1.3480309248,1.3090928793,-0.46344691515
3416,-0.243850007653,-0.693799972534,-0.614660382271,0.334279328585,-0.257803440094,1.00753903389
9128,0.906100034714,0.167800009251,-0.09017829597,-0.774642348289,-0.000958846881986,-0.647428154945
9833,-1.06284999847,-0.0503500103951,-0.481124639511,0.161238610744,0.29338735342,0.861401498318
4088,0.956450045109,-0.111900001764,-0.145769998431,0.126154303551,0.57656621933,0.269208312035
5018,0.449649989605,-0.300350010395,-0.649907827377,-0.283930659294,-0.0418034791946,1.18491649628
51375,-3.59885001183,-0.563049972057,-1.04554712772,0.199887022376,-0.11578501761,0.490068256855
55038,0.417950004339,-0.818599998951,0.089792817831,0.441204488277,0.509748995304,1.0149333477
23061,-0.427049994469,-2.77690005302,-0.205983936787,1.06900668144,0.854022145271,-0.041997179389
64428,-0.511449992657,-0.037299990654,-0.395413547754,0.226662665606,-0.144633054733,-0.135270506144
11325,0.715250015259,-0.748649954796,0.212446808815,-1.01702463627,0.728860199451,0.421585440636
9641,-2.41914987564,5.0296998024,0.0602610632777,1.12135767937,-0.634015977383,-0.835273385048
23038,0.176799997687,0.491400033236,-0.118996754289,-0.40077829361,-0.463174939156,0.107230983675
57048,-0.304600000381,1.18314993382,0.694056987762,-0.721041560173,0.730718493462,0.369068652391
94239,-0.401800006628,0.432600021362,-0.0259081609547,1.50914347172,-0.0986119434237,-0.783270776272
51203,-0.759799957275,0.155649989843,-3.86291384697,-0.128616809845,-0.630393385887,-1.26434659958
388650,-0.393600016832,-0.339350014925,0.00082538370043,0.000888570677489,-0.282222747803,-0.166121423244
23039,0.488750010729,-0.214100003242,0.219647854567,0.436081200838,-0.271448999643,0.574495255947
55179,0.359299987555,0.41455000639,-0.261369645596,-0.368156611919,0.285393446684,-0.122544407845
5827,0.861500024796,4.32810020447,0.506165921688,0.0256816707551,-0.418605804443,-0.380501747131
10245,2.92000007629,1.19560003281,0.720005691051,0.221845671535,-0.09609554708,0.0272185951471
6813,0.398850023746,0.849550008774,1.60573446751,0.7153211236,-0.510692954063,-0.136981725693
3251,-0.135149985552,-0.395550012589,0.225692287087,0.721622228622,-0.0601442083716,3.6961145401
23212,-0.58159995079,4.24905014038,7.02622509003,0.479220330715,-0.935957312584,-1.5109295845
23536,-0.678900003433,0.106350004673,0.703293919563,2.32773256302,-0.391315877438,-0.496248304844
51282,0.735599994659,-0.134999990463,0.199263393879,-1.43983626366,0.283332884312,0.530858397484
10227,0.693899989128,-0.860949993134,-0.238982021809,0.580305993557,-0.991974413395,0.809748530388
50813,-0.27064999938,-4.8095498085,0.181933671236,-0.732362210751,0.620634138584,-0.855826735497
51024,-0.264750003815,-4.85510015488,0.258914917707,-0.284107744694,-0.723014116287,-0.974649429321
53343,-0.617649972439,-0.450299978256,0.175010204315,-0.252669095993,-0.970612287521,-0.376113176346
1465,1.32305002213,0.910049974918,0.638029694557,-1.19385194778,1.09040427208,-1.10949373245
79006,0.0527499914169,-0.0435999929905,0.474726945162,-0.296594768763,-1.91443800926,-0.0555782914162
6988,-0.35490000248,0.856799960136,0.412418574095,0.423004686832,-1.06716370583,1.40985059738
11011,0.199050009251,0.762349963188,-0.209858387709,0.74025952816,-2.56046438217,-0.0285105109215
23325,-0.103200003505,0.364949971437,0.121143803,-3.23072767258,-0.239623591304,-0.154200538993
10049,-0.740350008011,0.606999993324,0.798327028751,-2.13257956505,-0.901090621948,-0.110031619668
3157,1.37185001373,0.114749997854,-0.000610390154179,4.99545276398e-05,-0.650628328323,-0.000374275783543
200734,-0.693799972534,0.577799975872,0.155312567949,0.514876842499,0.526017189026,-0.0433663278818
9053,-0.930800020695,-10.0,-0.0944109857082,-0.129764720798,-0.263141483068,-3.94821572304
79094,-0.368600010872,0.651499986649,-0.166386827826,0.587376594543,-0.551283895969,0.464260697365
2778,0.594150006771,-4.70469999313,-6.86612081528,0.000288479786832,-0.140671148896,0.637745380402
54881,-0.76164996624,0.363950014114,0.608993828297,-0.170791059732,0.499325752258,-0.975906074047
54807,-0.187049984932,5.32534980774,0.245958194137,0.648755311966,-3.25249218941,0.0818171799183
323,-0.695850014687,-0.434499979019,0.295815318823,-0.0496622547507,1.12225472927,0.00747012346983
26001,-0.360899984837,0.0136000066996,-0.42516463995,0.812568187714,0.516983926296,-1.81958067417
10190,0.674899995327,0.199049994349,-0.100001603365,-0.74935811758,0.170084774494,0.0223325751722
9686,-0.260699987411,0.310699999332,0.268905192614,0.0521498806775,0.700676143169,0.823651134968
54915,1.33379995823,0.303499996662,0.0425598695874,3.14744234085,0.634580850601,1.24128949642
23658,0.803499996662,0.898649990559,0.155240863562,0.148135527968,0.856209099293,0.779559195042
7750,0.16685000062,0.329100012779,-0.0251947417855,0.15969389677,1.22337496281,-1.25538527966
79643,0.294950008392,1.90009999275,0.765404880047,-0.577539086342,1.46926736832,0.792817175388
9488,-0.912150025368,0.0699499994516,0.364410609007,1.37124049664,-0.958649277687,-0.560690879822
11200,1.48395001888,0.486299991608,0.122907295823,0.358395576477,-0.0953684002161,0.800865113735
65057,-0.506649971008,0.615899980068,0.204366609454,0.848008155823,0.429351001978,0.891718089581
6832,0.435799986124,-0.0320999920368,0.0734268128872,-0.0164303984493,0.11238142848,0.141730695963
23131,-1.80709993839,-0.563149988651,-0.800008296967,0.183752417564,-0.352131992579,-0.252268701792
10776,0.280099987984,-0.130750000477,-0.0240443497896,0.276564538479,0.167573183775,0.0261401534081
6253,-0.54240000248,-0.12319996953,-0.000338725600159,0.0265620965511,0.116448268294,0.16680341959
79716,-1.16900002956,-0.0722999870777,-0.617069721222,-1.14964270592,-0.63357681036,-1.1567056179
29978,0.0,-5.31960010529,0.217034459114,5.51472806931,-0.308258652687,-0.119518473744
9988,0.305849999189,-0.241899996996,-0.962050795555,-0.140516713262,0.831002175808,0.552006840706
10845,-0.734099984169,10.0,-0.463402092457,-1.65785682201,0.69753831625,0.0860809385777
54957,-0.0696000009775,1.29680001736,-0.0106628090143,-2.33099341393,-1.07249307632,-0.636838316917
79170,-0.744599997997,0.322750002146,-0.0581161119044,0.910791456699,-0.415591865778,-0.676525473595
10610,-1.38580000401,-0.0369000434875,0.0362700670958,-0.248338088393,0.554697394371,-0.082589507103
128,0.0666499957442,-0.083599999547,5.71479415894,5.46696853638,1.12613272667,0.750979781151
51026,1.09469997883,-5.2704501152,-1.03382062912,-0.201168298721,0.49225538969,-0.0148891210556
5498,0.0935000181198,-0.425200045109,-0.327036440372,-0.135139226913,0.381628483534,-0.581953644753
124583,0.614250004292,-0.264850020409,0.907236218452,0.297176510096,0.0230654906482,0.122300341725
9455,-0.229899987578,-0.194800004363,0.290772557259,-0.10103482008,-0.52383595705,-0.000482529401779
1212,0.194150000811,-5.65075016022,0.734969139099,1.91916930676,1.7411788702,0.47830426693
5255,1.54519999027,0.116949975491,0.373282909393,0.346901983023,0.31350710988,0.516330897808
9448,0.451849997044,-0.0240000002086,-0.206416279078,-0.0546359568834,0.0566278919578,0.558492541313
9924,2.61875009537,0.336899995804,0.233861267567,-0.223865270615,0.114721611142,-2.53907728195
5480,0.365250021219,0.128649994731,0.0413695201278,0.188982725143,0.378557831049,0.443685412407
1983,-1.20714998245,-0.195699989796,-0.0872638821602,0.667258739471,-0.564832270145,0.572084069252
56889,0.411100000143,0.98609995842,-0.285394519567,0.0777235031128,0.625308036804,-0.499508172274
79080,-0.426400005817,-2.62824988365,-0.902794718742,-0.00818542204797,-0.353850752115,-0.410566776991
9016,-0.402749985456,0.826399981976,-0.0751059949398,-0.190657496452,0.695126235485,-0.853751242161
6915,-0.218949973583,-0.117800027132,-0.496900200844,-0.115736424923,0.345608234406,0.684290707111
9709,0.396399974823,0.788700044155,-0.339878737926,0.440469175577,0.848050177097,-0.69914740324
116832,0.275049984455,-0.197199985385,-0.200244233012,0.983791708946,0.162290900946,0.0345000624657
670,-1.17750000954,-1.21784996986,-0.756977677345,0.583619832993,-0.899176299572,0.0442516878247
7867,-3.37560009956,0.528850018978,-0.107276141644,-1.02069056034,0.740528404713,-0.489189237356
79143,-0.247999995947,0.554149985313,0.0610968843102,0.409486830235,-0.228624343872,0.0909271240234
11284,0.0428500175476,0.651250004768,3.08708453178,-0.329339683056,-0.0900986492634,-0.086109533906
23443,-0.000349998474121,0.426249980927,-0.645721077919,0.778937637806,-0.188233807683,0.262649595737
51599,-0.12784999609,0.300799995661,-0.298215448856,0.506312608719,-0.425322473049,-0.828965485096
5927,-0.0402499996126,0.301949977875,0.013886731118,-0.517562270164,0.102686591446,0.805890798569
55793,-0.401399999857,0.270300000906,0.935789585114,0.449374914169,-0.56513774395,-0.0990708991885
5867,-0.0630000010133,0.200450003147,2.62354040146,-0.146533027291,-0.113562554121,0.0964752137661
7866,0.62650001049,0.0817999988794,-1.02587163448,-0.500851273537,-0.853967010975,-0.401273667812
25825,1.31704998016,-0.466349959373,-0.167700588703,1.3284522295,-1.7196906805,-0.321192443371
4067,-1.56340003014,0.809000015259,0.193015381694,1.37609171867,-0.769682884216,0.05370631814
51015,-0.0590000003576,-0.548149943352,-0.276443451643,-0.14323271811,0.136766791344,0.392065227032
5891,-0.195350006223,1.2228000164,-0.240216717124,-0.57594871521,0.134869039059,0.102608978748
3300,0.28615000844,0.245100021362,-0.388376414776,-0.285777628422,-0.85650241375,0.329670608044
64781,0.609849989414,-0.80134999752,1.70545101166,-0.0211544111371,-0.484344363213,-0.683170437813
51056,-0.0178000032902,0.51139998436,0.0689702928066,-2.42645645142,-3.43357825279,0.551378846169
8550,-0.696799993515,0.918699979782,0.532265663147,0.0363621786237,0.159005478024,-1.47076237202
50810,-0.441150009632,-0.717800021172,0.16354303062,0.284313201904,-1.24186968803,-0.358195453882
23011,-0.175899997354,0.207499995828,-0.149800136685,-0.409737467766,-0.732645988464,-0.405040860176
11168,-0.0298500061035,-0.0765500068665,-0.311531573534,0.551302134991,0.598332047462,0.798528313637
1385,-0.381099998951,0.443349987268,-0.182859450579,-3.64767003059,-0.194381594658,0.132005110383
10150,0.965449988842,0.216249987483,0.951301813126,-0.962974190712,0.338077247143,0.361850976944
29763,0.766999959946,0.0093000009656,0.10049110651,0.915251135826,-0.445413172245,-0.576595962048
9112,0.573349952698,2.04500007629,0.695167601109,0.0890997797251,0.43000510335,0.0901242271066
23499,-0.945999979973,-0.162249997258,0.000208973884583,-0.260202676058,-5.70066308975,0.223614871502
85236,-0.045849993825,-0.148599982262,0.155288591981,0.0652712807059,0.572350263596,-0.761984825134
5096,0.323150008917,-0.0891999974847,0.236633211374,-0.0735119208694,0.844572544098,-0.933457314968
55620,-0.530299961567,-0.535650014877,-0.188905566931,-0.512846171856,-0.362232834101,0.0496742427349
5373,-0.446900010109,-0.139300018549,0.000162808806635,0.0327029041946,0.096828058362,-0.557352185249
51170,0.188300013542,0.0916000008583,0.687779307365,-0.972883164883,-0.0387432053685,-0.542071044445
54850,-0.308500021696,-0.276149988174,-0.0726834908128,-0.310927093029,-0.742962837219,0.228283762932
80349,5.28259992599,-0.337750017643,0.486646533012,-0.0309224277735,-0.270823210478,0.823344051838
355,0.416000008583,-0.332150012255,0.158640399575,0.396208435297,0.720954358578,1.27276074886
1062,-0.801549971104,0.265049993992,-0.416826546192,-0.329752504826,-0.51637250185,0.639113903046
8804,0.058449998498,0.415000021458,0.0807252973318,-0.404013216496,0.842778801918,0.0559181571007
80758,-2.86800003052,-1.13370001316,0.0328805036843,-0.276475548744,0.829292178154,0.217273592949
375346,-0.62239998579,0.803349971771,0.451253533363,-0.184334993362,-0.526907861233,-0.647350311279
51385,1.02929997444,-0.29730001092,0.114725232124,-0.865173399448,-0.491430401802,0.308493793011
55748,0.985949993134,0.618650019169,-0.0904264599085,-0.342145144939,1.03987419605,0.906276464462
10318,0.585150003433,-0.429499983788,-0.91502571106,-0.164438650012,1.24442243576,1.3090941906
54681,-0.542549967766,0.667599976063,0.703280448914,-0.366317152977,-1.21497952938,-0.237605392933
7905,-0.122650027275,-0.657199978828,-0.52804094553,1.86554419994,-0.511708676815,-0.831964850426
28969,1.01204991341,-0.250900000334,-0.727351129055,-0.420537650585,0.29144975543,-0.369523257017
10668,1.07669997215,0.463500022888,0.51897418499,0.0136230476201,1.38898587227,-0.143976509571
51005,-0.717149972916,-2.07279992104,-0.395081222057,0.0279730707407,-0.0339899137616,-0.310278058052
8800,-0.0886500030756,-0.151950001717,-0.744487285614,1.85575187206,0.427684992552,4.86958122253
54438,-1.14400005341,-0.258449971676,0.11964020133,-0.242331027985,-0.172151595354,0.311669886112
55825,-0.541049957275,0.891399979591,1.36374163628,0.286021888256,1.25960445404,0.0846556276083
8835,-0.0354499965906,0.493350028992,-0.811468422413,-0.391258120537,0.018026933074,-0.284651577473
64429,-3.17090010643,-0.0409999489784,0.323057830334,-0.614484071732,0.114725798368,0.0816489160061
3682,-0.44675001502,0.419599980116,0.123051993549,0.622813344002,0.2249366045,-0.970571041107
10329,0.476799994707,0.147749990225,0.354845583439,0.331035852432,0.729663550854,-1.28097450733
27109,0.259900003672,3.10280013084,1.04001522064,-0.159686356783,-0.107848100364,-0.288154542446
51335,-1.36720001698,0.364250004292,0.793682515621,-1.5909807682,0.994535565376,0.593020439148
3202,0.460299998522,1.17914998531,0.282895088196,0.0627830326557,0.0789651572704,0.279218316078
2896,0.0448000133038,-0.339199990034,-0.0429340526462,0.38078981638,0.143897652626,0.400193244219
79902,-5.06199979782,0.748549997807,-0.848361372948,-0.0912669599056,1.05182003975,0.194979250431
29083,-1.42075002193,0.822600007057,0.534632086754,1.26730680466,0.248570457101,-0.479670554399
5747,-0.570349991322,0.354400008917,0.0410519093275,0.730340898037,0.829776346684,0.41202968359
22905,1.68359994888,-0.422349989414,-0.0442122891545,-1.35972189903,-0.403273046017,-1.44521689415
63933,1.93455004692,0.10340000689,0.912522733212,-0.460789263248,0.530419230461,0.9321398139
9847,0.948850035667,1.29314994812,0.201333612204,0.158805698156,0.174060881138,0.562875211239
51021,0.916850030422,0.575200021267,-0.0802656635642,-0.18055203557,0.529596626759,-0.32382363081
8996,-1.82695007324,0.633450031281,-0.229069411755,0.804102241993,0.862061977386,-0.24549883604
7376,-1.09704995155,-0.323200017214,0.375513404608,-0.487113773823,-0.676552414894,-0.292132437229
5357,-0.280600011349,-0.679499983788,0.124457128346,5.57416009903,-0.0705865472555,0.351835101843
56940,-0.102300003171,-1.24820005894,-0.645268082619,0.213717997074,-1.91468000412,0.150904536247
6195,0.138700008392,0.266999989748,0.480118721724,0.661577701569,0.332837283611,0.219187244773
1633,1.0448499918,0.380750030279,0.392734766006,-0.315659701824,1.05320990086,0.52344673872
23321,0.0493500009179,0.389300018549,-1.01095175743,-3.62816643715,0.356417566538,0.367998629808
51160,-1.16380000114,-4.49109983444,-0.0393382757902,-1.71752846241,-0.967620432377,-0.363327383995
55604,0.0211999863386,0.626850008965,0.362916857004,0.103733539581,0.015411183238,1.35498702526
2063,0.72000002861,-10.0,-0.0794782415032,1.12578547001,-5.86921644211,-0.666448235512
54512,0.529950022697,0.599600017071,-0.748747766018,-0.034724842757,-0.451342225075,-0.53957760334
9124,-0.437550008297,-0.171350002289,0.570571243763,-1.09021246433,0.545289993286,-0.360431373119
79174,-0.515349984169,-0.0461499989033,-0.0678126066923,-0.111270919442,-0.393273204565,0.326133936644
23223,-0.483750015497,0.159950003028,-0.239540979266,1.32091474533,-0.606045305729,-1.53249192238
39,-0.052849996835,0.130999997258,-0.744030416012,-0.480979472399,0.978599071503,-0.00701650977135
57215,-0.491499990225,1.27530002594,-0.114203825593,-1.70772206783,0.502450764179,-5.90728569031
1052,-0.470499992371,0.278149992228,-0.406695991755,-0.285337805748,-0.890982747078,-0.415392041206
23139,0.244499996305,0.0212000012398,-0.958745598793,-0.112985312939,-0.398304402828,0.351772010326
79947,-2.51644992828,0.296499997377,1.24247741699,0.546018838882,-0.543206095695,-0.549476623535
4616,-0.240599989891,0.575699985027,-0.30941170454,-0.162831351161,-0.69945782423,-0.763197958469
9710,-0.338349997997,-0.0645000338554,0.50422513485,-0.882825374603,0.23814637959,1.09458422661
6990,0.597350001335,1.1263999939,0.591638445854,0.492247641087,0.575077652931,2.1045999527
29082,0.516449987888,0.18125000596,0.354542225599,0.596962928772,-1.13081789017,-0.0682230442762
9670,-0.656049966812,-0.334049999714,-0.757568061352,0.51885253191,-0.0111209433526,-0.847936093807
81533,0.422699987888,0.211649999022,-0.505507409573,0.224010080099,0.117303080857,-0.452770322561
10525,-0.410099983215,-0.181499958038,0.0606571808457,0.853549420834,-0.546117544174,0.000452727079391
2353,-0.378000020981,-0.0806500017643,0.674332141876,-0.484528571367,0.56861948967,-0.749672293663
57192,-0.111099995673,-0.475250005722,0.289681851864,-0.135078251362,-0.20545348525,0.315190047026
3398,-1.11384999752,0.252000004053,0.495779275894,-0.18934315443,0.0897565633059,0.0782414674759
3775,0.145950004458,1.15125000477,-0.335394859314,0.186827003956,-0.774610042572,-0.433987140656
26064,-0.584699988365,0.00480000674725,0.000121131131891,0.00490493141115,-0.0376626998186,-0.74226462841
29103,4.47934961319,0.822950005531,-0.171439930797,1.14290940762,-0.515487730503,-0.113405928016
3206,0.589100003242,0.206749975681,-0.254641801119,0.159746795893,-0.137470781803,-0.3352843225
1500,-1.6453499794,-0.671900033951,-1.79442834854,0.0486252903938,-0.18479706347,-0.0505812875926
7690,0.49794998765,0.214849993587,-1.19112241268,-2.18679499626,-0.852538347244,1.3957927227
29911,-0.334800004959,0.535349965096,-1.3633108139,-0.892738819122,-0.554261565208,-0.573441505432
2064,0.534600019455,-0.00375000014901,0.659285843372,-1.35113120079,-1.919008255,0.0698815658689
65123,-0.061700001359,0.553400039673,-0.912209510803,0.760498523712,-1.01425123215,1.50079166889
5986,-0.246299996972,0.293299973011,0.0364718735218,0.00280036497861,-0.268358498812,-0.643986344337
85377,-0.513000011444,-0.430899977684,0.27255025506,0.234197050333,0.640424907207,-0.0573618337512
9903,1.96204996109,0.259099990129,0.523608565331,-0.227244585752,0.512403309345,0.249818652868
7088,-1.60054993629,-0.739399969578,0.0467069596052,-0.466300785542,0.360246837139,0.33649712801
22796,-0.311450004578,-0.15545001626,-0.235362008214,0.160855814815,-3.14358282089,-0.41625764966
51116,-0.00135000050068,0.160099998116,-0.177872061729,0.403913527727,1.40018033981,2.22298693657
54442,-0.396700024605,0.115099996328,1.01852178574,-1.35907816887,-0.225036248565,-0.542150616646
10695,-0.456250011921,4.92250013351,0.0458469241858,0.238677203655,-0.664441585541,-0.771638691425
102,-0.172449976206,-1.45309996605,-0.143039494753,-0.442832589149,-0.169446766376,0.600280761719
965,0.54439997673,-0.525200009346,1.13061022758,0.384953677654,-0.488086462021,-1.14014434814
3800,0.888499975204,-1.04439997673,0.57355427742,0.280650734901,0.774284422398,0.154083281755
10362,0.397750020027,-2.94730019569,0.938064336777,0.31167024374,0.618497252464,0.29225936532
5300,0.146899998188,0.00615000724792,-0.361692398787,0.0842806845903,-0.651393651962,-0.119101092219
8270,-0.00245000422001,-0.192000001669,0.488666087389,-0.514498591423,0.174840047956,0.198587805033
27242,-0.941399991512,-1.26760005951,-0.264439165592,0.796454250813,-0.355788707733,-0.376150429249
9928,0.78100001812,4.71525001526,0.441437363625,-1.45391941071,0.628652989864,-0.10974124819
1534,0.620100021362,1.38870000839,1.79416370392,1.42333042622,-1.70430088043,-0.326970696449
5654,0.254200011492,-1.1343998909,-0.206249043345,0.548397064209,1.15306925774,0.223457753658
10810,0.966549992561,-0.0534000098705,0.186326637864,-0.522794902325,0.683592915535,-0.78192281723
7105,-1.22269999981,4.53499984741,1.38745093346,0.405383467674,-0.0876467451453,-0.662952899933
23014,-0.611000001431,-1.13820004463,-0.832005262375,0.232021123171,0.0504436045885,-0.172753989697
55012,-0.413100004196,-2.30729985237,0.162847369909,1.38396048546,0.668450653553,1.08873915672
2887,-0.472950011492,1.43010008335,0.999750137329,-0.711526155472,-0.240192502737,0.111189775169
9183,-0.00575000047684,0.351099997759,-0.339076697826,-0.255302786827,-0.71292757988,0.280300348997
11151,-0.427949994802,-0.521749973297,0.587999820709,-1.86742711067,-0.122822374105,0.35969093442
7511,-0.257399976254,0.793300032616,0.632528603077,-0.512423932552,1.55760216713,1.64608407021
10046,-0.443899989128,-0.790749967098,0.202304258943,-0.522985756397,1.02690863609,0.581274271011
1829,-0.157250016928,-0.582000017166,-0.646686255932,1.38146102428,-0.212436854839,-1.00152802467
11000,0.913850009441,-0.871050000191,-0.796965837479,0.505352377892,-0.0451966039836,-0.479942947626
976,0.299100011587,2.10294985771,0.263542890549,0.35921561718,-0.0421411544085,-0.649948835373
3597,-0.662599980831,0.578549981117,-0.436212539673,0.00764060672373,0.46218419075,-0.490567058325
178,-1.23530006409,-0.964900016785,-1.11000800133,0.12805724144,-0.383214235306,-0.697653889656
2625,-0.474950015545,5.48050022125,0.061814583838,0.410534858704,1.27825653553,0.248853743076
6119,-0.0243500173092,0.0669500231743,0.491827607155,-1.09272766113,1.13164842129,1.13595020771
26136,-0.65340000391,0.0765500068665,-0.0381479673088,-0.046714566648,0.0956539362669,0.217812374234
6697,1.07395005226,0.321900010109,0.474459677935,0.469131141901,-0.857135415077,-0.736235439777
5971,-0.116750001907,5.3358001709,0.209694772959,-0.355172991753,-0.384671807289,0.075209133327
22934,1.14170002937,0.0124000012875,0.612486004829,-0.584640860558,0.558526396751,0.262637674809
9289,0.788649976254,0.25775000453,-0.975856602192,0.398880600929,0.470496624708,0.397492706776
4931,-0.272100031376,-0.0738000273705,-0.00027160596801,0.000497940345667,-0.321205735207,0.0466844141483
4200,-0.967549979687,-0.16629999876,0.46889770031,0.675010740757,-0.571779727936,0.400541782379
93594,1.03110003471,0.119449973106,-0.495195925236,0.316442906857,-0.0364368110895,-0.681651949883
5982,0.249799996614,0.105000019073,-0.0935950875282,1.25800991058,0.160090535879,0.254819959402
26520,0.136199995875,-0.0942999944091,0.618051469326,-0.250680804253,-1.17161047459,-0.504828453064
4998,-0.816749989986,0.386049985886,-6.92946052551,-1.85802209377,0.820934653282,0.466963589191
10038,0.254999995232,1.016299963,-0.0558793991804,0.266835451126,-0.66030049324,-0.515914976597
60493,-0.00744999945164,0.106100007892,0.80464977026,0.280545949936,-0.862301826477,-0.0730220228434
51495,-0.0612999945879,0.389899998903,-0.857498943806,-0.0923011749983,0.12561032176,0.196920573711
4482,1.31354999542,-0.0949500054121,0.386683702469,0.314538568258,0.241700559855,1.46599447727
23224,1.83500003815,0.653599977493,-0.234060138464,0.404423743486,0.57634973526,-0.0010732114315
9690,-0.109250001609,-0.535650014877,0.334689080715,0.0112428069115,-0.391898334026,-0.989665985107
80212,0.00200000405312,0.204649999738,-0.0704712122679,-1.58742308617,0.620256543159,-0.0856519266963
29928,-0.214450001717,0.243400007486,0.784067630768,-0.780290424824,0.338449895382,0.77768778801
22809,0.496099978685,1.11049997807,0.28963726759,0.206132724881,-0.0581087656319,-0.646404385567
50814,0.0286500006914,0.844200015068,-0.567589998245,0.868738770485,-0.164706349373,-0.855413079262
55256,-0.121549993753,-3.19849991798,-0.170970886946,-1.18596553802,-0.541819691658,0.218843668699
56997,0.0058000087738,4.50320005417,0.219028264284,0.278810888529,0.826863229275,0.0726597607136
81544,-0.277500003576,0.192550003529,1.09301757812,1.13888442516,0.827734768391,-0.569667220116
6894,-1.77604997158,-0.60689997673,0.101333215833,0.312035888433,-1.49609327316,0.414702236652
64080,0.354250013828,0.449650019407,-0.0672562271357,-0.770200490952,6.13594198227,0.633744239807
55818,-0.526350021362,0.317699998617,0.69070482254,0.886415600777,-0.136115267873,1.56625914574
637,-1.1535500288,0.177000001073,-0.352948218584,-0.757604062557,-0.301037877798,-0.840889334679
22823,-0.365999996662,0.473749995232,-0.887085676193,-0.109443552792,-0.596681594849,1.12824845314
5287,-0.649999976158,0.056599996984,0.907965481281,-0.137296825647,-3.15501856804,0.664675593376
91137,0.286799997091,-0.0407499969006,0.252192795277,-0.149761378765,1.45468318462,0.488302797079
23097,-0.805899977684,0.985100030899,0.681398570538,-1.13365960121,-0.230556815863,-0.113356053829
9851,0.347349971533,1.18484997749,-0.139547422528,0.333109498024,0.0665971487761,1.87641167641
23522,2.58214998245,1.14559996128,-0.593374490738,-0.646951377392,-0.731926500797,-0.167567938566
1123,-0.309699982405,0.511700034142,1.47354519367,0.405083507299,-0.0510227158666,0.255291491747
5603,-1.1223000288,0.155499994755,-0.695264816284,0.278368622065,0.661272644997,-0.420399844646
51569,0.469799995422,-0.655600011349,0.711224913597,0.0944173783064,1.32572972775,-0.285963952541
55699,0.202199995518,0.645699977875,-1.27118718624,0.131876140833,-0.687111854553,-1.73923003674
2624,1.77735006809,-0.0307999849319,-0.166799888015,-0.802200853825,0.527172923088,-0.041977070272
8204,0.359699994326,-0.0866999924183,-0.325657367706,0.0825327038765,-1.26320338249,0.0936447829008
9133,0.112199991941,0.410149991512,2.23308944702,0.6496540308,-0.145888537169,-0.219628542662
10921,0.528500020504,0.100549995899,-6.8655462265,-2.51299262047,-0.514124274254,-6.06550598145
51742,0.201400011778,0.502149999142,-0.173424363136,0.0685771554708,0.268409878016,1.3740234375
2954,0.813599944115,-0.493499994278,-0.443212151527,-0.58018475771,0.209591001272,0.0559096448123
27244,-1.02754998207,3.17274999619,-1.55804622173,0.345473557711,0.226552248001,0.0196687877178
23013,1.44185006618,0.173249989748,0.731152832508,-0.562175512314,-0.505646407604,-0.646074652672
8050,0.134750008583,0.777800023556,-0.36601370573,0.234882563353,-1.17665815353,0.760569512844
79961,-0.76835000515,0.640199959278,0.488717019558,-0.496117651463,0.507903277874,-0.799221873283
2017,0.898149967194,-0.152899980545,-0.300192207098,-0.23459854722,-0.140345871449,-0.287819474936
55148,0.735549986362,0.689050018787,-0.739051699638,0.508707225323,-0.363285422325,0.735075771809
960,-1.21624994278,-4.34350013733,0.223758399487,-0.00942545197904,0.193369299173,0.0205048024654
10451,0.426950007677,0.422150015831,0.606998801231,0.200262159109,-0.214272171259,-0.212166130543
57406,0.278999984264,-0.143500000238,-2.14469671249,-0.820332407951,1.85528302193,-0.179661974311
51719,0.810949981213,0.669600009918,0.257961720228,0.236058354378,-0.0837253630161,-0.0109675675631
7074,2.28075003624,1.02435004711,0.206682190299,0.350754648447,-0.759902238846,-1.53100121021
10059,0.277799993753,-0.381150007248,-1.22179961205,-1.3931440115,0.0721657425165,-0.506191968918
51071,-0.8519500494,0.389050006866,0.0314777754247,1.006270051,0.310323029757,-0.151324421167
5796,-0.503000020981,-0.472900003195,0.0375333242118,0.0409775562584,-0.224459409714,-0.053668487817
55008,-0.616900026798,-0.389650017023,0.182876557112,0.624203503132,0.769372344017,0.435995936394
23597,-4.72034978867,0.461649984121,0.74003058672,0.278478175402,-0.447319120169,0.991631507874
8869,-0.829550027847,-0.14280000329,-0.71244508028,0.0557252317667,-0.165082409978,-0.586620926857
8727,-0.72619998455,-0.597100019455,0.963743150234,0.323712050915,0.19504570961,0.110682591796
63874,-0.685249984264,0.126200005412,0.732053995132,0.121177107096,0.276703923941,0.605691075325
8821,-0.0801500082016,0.816800057888,-0.607441008091,-0.107127264142,0.0493591949344,-0.424649953842
57178,-1.2254999876,-0.4361500144,-0.360477924347,-0.238326787949,-0.0649928823113,-0.542081952095
5468,-0.261999994516,-0.858049988747,0.0444853231311,0.401254117489,-0.564752697945,-0.558447182178
10557,-0.459849983454,0.0496499836445,1.27637577057,0.0167474150658,1.33923101425,-0.199085071683
831,-0.302949994802,0.0924500226974,0.69290804863,0.630638182163,-0.0336879789829,0.552024483681
9531,0.224700003862,0.356750011444,-0.113417118788,1.15669691563,0.670665025711,-0.418467432261
2767,-0.29359999299,0.561149954796,-0.0287706404924,0.230008676648,1.24926483631,-0.5636729002
1861,-0.285950005054,0.606299996376,-0.396712660789,0.671828389168,-0.325216263533,0.476141780615
10165,1.74495005608,0.228200003505,-0.0500472486019,-0.31800198555,2.15667724609,0.0763991400599
7106,0.0932499989867,0.130449995399,0.184959203005,-0.160848557949,0.359944522381,0.513235151768
2908,0.165549993515,-0.139349997044,-0.120768420398,-1.00860786438,0.81726372242,-0.311107188463
57761,-1.31840002537,-0.25079998374,-0.0625288262963,0.000781169743277,-0.731817066669,-0.510844528675
23338,0.768249988556,0.0897000059485,-0.0569396726787,0.796914756298,-1.16205143929,6.37188625336
7852,-0.565649986267,-0.484750002623,-0.281580924988,-1.27417182922,0.0992741733789,0.375822842121
55033,-0.550000011921,-0.377499997616,0.0835805609822,-0.196836978197,-0.113468170166,0.662217199802
57019,1.30215001106,-0.0232999995351,-0.650319695473,0.572795689106,0.174798324704,-0.648253917694
91949,-0.621950030327,0.04145000875,0.266341209412,-2.65268850327,-1.34407246113,0.0452012419701
84617,0.147650003433,-0.226750001311,0.521627187729,0.514473438263,-0.41497117281,-0.198698431253
25,1.52200007439,0.169799998403,1.65423536301,-0.146579533815,0.410564899445,1.31604242325
899,0.419299989939,4.16320037842,0.764934122562,-0.605142712593,0.637602686882,0.303439259529
79850,0.542050004005,-2.59794998169,-0.262038201094,1.93883669376,0.683595240116,-0.354047447443
51466,0.00879999995232,-0.240549996495,0.27214974165,-0.138377532363,0.144081890583,-0.0934022963047
2852,-1.70685005188,-0.850999951363,0.879733920097,1.0417842865,-0.0708418488503,0.12796446681
55837,-0.41194999218,0.151449993253,0.234490901232,0.232710048556,-0.0643894374371,-0.198293551803
2131,0.149399995804,-5.76684999466,-0.236327186227,-0.00687097012997,-0.424269855022,-0.534970283508
5427,-1.33599996567,0.35799998045,0.31919580698,-0.274293839931,0.351083636284,1.9344830513
25966,0.61335003376,0.655849993229,-0.243121087551,5.44077157974,-0.0770237073302,0.236175179482
55608,0.0438999831676,-0.674899995327,-0.0037811473012,-0.0401750355959,-0.191154494882,-0.493932902813
1662,-0.226350009441,1.92390012741,0.672833263874,-2.85372281075,0.0297751165926,-0.443300932646
9702,-0.110199995339,-0.0799000039697,-0.496983677149,-0.261484742165,-0.329808473587,-0.252846598625
11031,-0.35095000267,-0.997650027275,-0.130007743835,0.291715502739,-0.29772862792,0.0818010941148
10057,0.974349975586,1.61364996433,0.573526978493,0.506978213787,-0.0714469999075,-0.493433684111
5985,-1.24790000916,0.534700036049,-0.203643396497,0.875534057617,-0.0664292275906,0.00387998786755
3280,-0.245449990034,0.218150019646,0.658385872841,0.532547593117,0.259778052568,0.466000199318
55958,-0.176950007677,-1.93215000629,-0.140861541033,-0.464500308037,1.94336330891,-0.557595252991
51465,-0.531150043011,-0.0965000018477,0.962437272072,-0.093204125762,-0.808576405048,-0.354248315096
2542,0.251450002193,0.202700003982,0.0632769390941,2.57026004791,-0.158850237727,0.179138571024
10641,-1.89030003548,-0.724650025368,0.127962768078,-0.498119860888,0.0484095066786,0.705115735531
11137,-1.91655004025,-0.442099988461,0.439958065748,0.483230948448,-0.058071821928,-0.184879019856
9842,0.18125000596,-0.803400039673,-1.61962652206,0.0949385687709,0.558911561966,0.137459903955
10493,0.470649987459,-0.146799996495,-0.305038362741,-0.286115378141,0.288836061954,-0.0950181782246
10112,0.494950056076,-0.619299948215,-0.0184283554554,-0.554285228252,0.622069358826,-1.35724377632
1001,1.82379996777,1.48625004292,0.0898222625256,0.27082657814,0.11876232177,-0.468444526196
23635,-0.0388000011444,-0.340000003576,0.229485571384,-0.665549993515,0.312658339739,-0.70778042078
29916,0.421649992466,-0.420949995518,0.783785998821,-0.329353511333,-0.0305481553078,0.506453633308
2810,0.88195002079,-0.152600005269,0.800234675407,-0.0722908750176,0.0857320129871,0.0291757397354
5993,-1.02419996262,0.883700013161,-0.524732410908,-2.15749073029,-0.330275923014,0.173785150051
11142,-0.598250031471,0.665799975395,-0.282953858376,-0.555259585381,0.0892996937037,0.728257715702
79187,0.582949995995,-0.505300045013,-0.234718322754,0.276369601488,-1.14895284176,0.701502561569
51382,0.405849993229,-0.00655001401901,-0.333192110062,-0.930179178715,-0.521951436996,-0.388514488935
8318,-0.740100026131,-0.238399982452,-0.175545707345,-0.126353815198,-0.28279581666,-0.981981277466
9695,-0.298049986362,-0.139550030231,0.349002182484,0.0364435911179,-0.119303926826,-0.511028945446
9712,-1.25204992294,0.693650007248,1.01732552052,0.654786229134,2.31040120125,0.741324663162
64943,-4.64400005341,0.660650014877,-0.38755568862,-0.13944336772,0.233105540276,-0.229788959026
9738,-0.263850003481,0.756399989128,-0.787440359592,-0.399785071611,0.699610888958,1.36802649498
6793,-0.885949969292,0.265850007534,0.0925258025527,0.826547026634,-0.439762562513,1.42216181755
7358,0.396149992943,-3.62065005302,-0.082880474627,1.12296724319,0.82770305872,0.40456622839
58472,0.335799992085,-0.428049981594,0.945952951908,0.170082211494,0.0189994201064,0.257278382778
50865,-0.532299995422,0.131400004029,0.215265184641,-0.465525656939,2.36017656326,-0.827295064926
23200,-0.321500003338,-0.785399973392,-0.0470816381276,-0.0395569652319,-0.527616322041,-0.328004091978
51293,1.51329994202,0.469649970531,0.739358842373,0.15707179904,0.0129805207253,-0.0915166288614
10962,1.81369996071,0.922200083733,-1.04443514347,-5.69143152237,0.285097032785,0.363700926304
10153,-0.385300010443,0.271149992943,-0.601214468479,1.67544436455,-1.10585820675,-1.11342942715
874,-0.515550017357,-0.833699941635,0.841455042362,-2.02085399628,0.522597253323,0.53010892868
