rid,NMH002_FIBRNPC_24H:BRD-K53597484-001-01-9:10,NMH002_FIBRNPC_6H:BRD-K53597484-001-01-9:10,NMH002_NEU_6H:BRD-K53597484-001-01-9:10,NMH002_NEU_24H:BRD-K53597484-001-01-9:10,NMH002_NPC_6H:BRD-K53597484-001-01-9:10,NMH002_NPC_24H:BRD-K53597484-001-01-9:10
5720,-0.923968315125,-0.312833368778,-0.292376607656,-1.23990166187,-1.16868519783,-1.16998791695
466,-0.306404769421,-0.148999989033,0.0956475883722,-2.15452933311,-0.00327208638191,-0.388058006763
6009,-0.660016536713,-0.214699983597,-0.255064427853,0.0469558238983,1.08530330658,-0.203917652369
2309,0.409463465214,0.18396666646,0.217120975256,-0.337838828564,0.206376776099,-0.164512231946
387,-0.863977313042,-0.228566691279,-0.0248595066369,1.3726079464,0.154839426279,-1.20455062389
3553,0.546755969524,-0.227533325553,-0.49537396431,-0.111025072634,-0.390519678593,1.10739636421
427,-0.884341716766,0.0308666825294,0.11618155241,-0.364184916019,-1.30606377125,0.477956920862
5898,-0.408596813679,0.516366660595,-0.375931322575,-1.74077475071,-0.630444049835,-0.936543107033
23365,-1.37490725517,-0.490266680717,-0.721524596214,0.792891085148,0.546383857727,-0.697703063488
6657,0.842973351479,0.393366664648,-1.50119888783,-0.400973558426,-0.460711985826,-1.44598031044
5054,0.541723668575,0.450633347034,0.0497760660946,-0.119430840015,0.932167410851,1.06417095661
3108,-0.543792545795,-0.255333334208,0.123376980424,2.22284936905,-0.150691986084,0.685808956623
1950,1.00802898407,0.311399996281,1.24543225765,-0.168375119567,0.721657395363,2.23770999908
351,-0.127091363072,0.741233408451,0.0533198006451,0.292973428965,0.0668874680996,0.885646224022
4846,0.0748442709446,-0.145033329725,-0.396900653839,0.322714537382,-0.66309607029,-0.745259225368
1452,-0.415914535522,0.116700023413,-0.103878065944,-0.133735388517,0.290897607803,-1.29213583469
4776,-0.818288981915,0.0500999987125,0.510248243809,1.09123718739,0.219606488943,0.723542928696
6908,-1.63127958775,-0.253633320332,-0.255551755428,-0.514698863029,-0.363258242607,-0.136189028621
672,-1.77417731285,-0.774133384228,-0.624993860722,-0.997081339359,-0.242215633392,0.512562990189
5710,-1.08406770229,-1.24520003796,-0.14920334518,-2.83970403671,-0.329458534718,-0.088845834136
2115,-0.820278525352,0.141066670418,-0.125618100166,-0.973374128342,-0.390265285969,-1.87814390659
7015,1.37225794792,0.271366655827,-0.260871946812,1.0218026638,0.0858038067818,0.335207730532
8726,-1.96929371357,-0.3546667099,-0.833357989788,-0.388414859772,-1.04809522629,0.68921816349
2185,0.960482299328,0.0315999984741,0.719704389572,0.181026890874,-0.0850585699081,0.666960477829
3315,0.0690975338221,-0.596166670322,0.60917532444,-0.285902678967,1.58631110191,-0.782457113266
5289,-0.27168571949,-0.0841000005603,-1.27773857117,-0.197215482593,-0.647714614868,0.531636357307
868,-0.342541217804,1.10156667233,-0.751584410667,-0.219385132194,0.66066801548,-0.763882160187
1677,-0.453337967396,-0.0330999493599,0.155833661556,0.648267567158,0.556685209274,-0.228481978178
7043,0.251595497131,0.755400061607,-0.088041909039,0.35301104188,0.423768401146,1.86259138584
5613,1.20382213593,0.549900054932,0.1254003793,-0.401339411736,0.319367110729,-0.307233154774
595,-0.0533354282379,0.486433386803,0.0545420497656,-1.10784912109,-1.08919394016,-0.575252890587
4793,-0.412949323654,0.66456669569,4.16472578049,5.59615278244,-1.7418602705,0.933009147644
2736,0.610660195351,2.06806659698,0.241671591997,-1.32849514484,-0.381455391645,-0.567631483078
5290,0.952888011932,-0.60083335638,0.564979672432,1.20847141743,0.381658911705,0.959380447865
6194,-1.14825034142,-0.633966684341,-0.00261243642308,0.0169250760227,0.724056661129,-0.93031090498
1676,0.274172872305,0.470533341169,0.126203626394,0.456592947245,0.0380676090717,0.879555642605
23512,-0.801316976547,0.149666666985,-0.0122325457633,-0.816597223282,-1.50287425518,-0.130964368582
148022,-0.881046533585,0.0899000167847,0.200937718153,0.580943882465,0.099866271019,0.557297885418
1906,0.271139502525,0.816000044346,0.402562886477,1.49848592281,0.311412811279,1.05499494076
8878,-0.404539257288,0.15406665206,0.426786780357,-0.314473569393,2.84978508949,1.50170016289
3091,0.046776548028,0.603700041771,0.0243136286736,-5.92749643326,-0.19763815403,-1.28873753548
5743,-0.379889518023,1.07116663456,0.628876566887,0.211199074984,0.247587919235,0.106846444309
5321,1.35075497627,-4.106133461,-0.275660395622,-0.430516690016,0.289407610893,0.754932820797
4144,0.125088781118,-3.12553334236,-1.93166530132,-0.102047115564,-1.58477318287,-0.577178835869
1981,0.549166083336,0.591833353043,0.324108242989,-0.279322773218,0.927129089832,-2.03750061989
695,0.648070275784,0.505500018597,-0.297087103128,0.219356164336,0.15236453712,0.558980643749
10398,-1.40282034874,0.128933340311,0.496427059174,0.252019405365,-0.578380525112,-0.861780941486
5708,1.18917238712,-6.49386692047,-0.422732949257,0.64867401123,-2.57350730896,0.836300134659
1213,-0.53280544281,-2.50403356552,-0.724622011185,-0.684792757034,0.692699790001,-0.364892035723
226,-0.85587978363,-0.150233268738,-0.296914100647,0.0502955913544,0.797165036201,-0.0427930876613
6777,-0.608420729637,0.621099948883,-0.798838973045,0.208919614553,-0.10902787745,-2.09978485107
2113,0.181236952543,0.829800009727,0.254194796085,-0.0143995732069,-0.201821312308,-0.7584015131
3329,-4.33782625198,0.730599999428,-0.26640188694,-0.994335114956,0.320392042398,-0.819660484791
1050,0.141392663121,3.32763338089,0.129309177399,-0.115474313498,0.278015047312,0.674173533916
9491,0.633582115173,0.137833356857,0.354026168585,1.05660784245,0.00547274947166,0.340382814407
22926,-1.29908823967,0.671866714954,-0.39752972126,-0.357803761959,-1.09303510189,-1.13021922112
5899,-0.214860543609,1.98500013351,-0.101113647223,-0.492350250483,0.286162406206,-0.311931163073
5467,-0.407014131546,0.105166681111,-0.158535733819,0.552147328854,0.86086577177,-0.0255347974598
6774,-0.563789725304,-0.083533346653,-1.18713617325,0.252015650272,-0.80280059576,-0.465920209885
1788,0.692848861217,-0.301800012589,0.146868690848,0.336601763964,-0.500237941742,0.878444194794
5921,-0.74729013443,-0.343733340502,-0.334545433521,1.31600666046,-0.272486686707,-1.08564186096
5721,0.252805769444,0.674100041389,-0.2196495682,-0.548680245876,-0.531337618828,1.03578364849
2263,0.9676425457,0.841433405876,0.806897997856,-0.391038328409,0.175783634186,0.484905511141
808,-0.238518506289,0.527100026608,0.237084984779,2.06373977661,0.761236667633,-0.175693556666
30001,-0.931798934937,0.77406668663,0.272132307291,-0.394682794809,0.130253851414,-1.70179986954
348,0.240509718657,0.0833666622639,0.249362438917,0.24402141571,-0.0583416521549,0.805692434311
30849,-0.429122537374,-0.382966697216,-0.0240098834038,0.617882847786,0.0415075719357,-1.11124038696
1454,-1.11257839203,-0.0467333495617,-0.398971021175,-0.778118848801,0.26180639863,-0.221732184291
6500,-1.28716206551,-0.148200005293,-1.13311481476,-0.0949799567461,0.25736451149,-0.589873731136
5627,-1.26049995422,-0.162400007248,-0.773794531822,-0.369780063629,-0.685311079025,-1.12104141712
5715,-0.774359703064,0.551633358002,-1.7875328064,0.680921673775,-0.0520457029343,-0.0794790834188
4791,0.920774996281,0.390333354473,0.178949922323,0.447264313698,-0.537816643715,0.138396903872
56924,-1.09559869766,-0.128966629505,-0.0506701171398,-0.364120066166,0.14035987854,0.359181374311
2690,-0.189766868949,-0.883700013161,-0.404557466507,-0.0399773791432,-0.292389333248,0.77357006073
1019,0.443334370852,0.422100007534,-0.394909113646,-1.27812767029,-0.691862642765,0.171011939645
51422,-0.894477665424,-0.508800029755,0.189633831382,1.62085688114,-0.731228113174,-1.08303427696
5788,0.367543935776,-0.106733337045,1.13873755932,0.589001834393,0.394646137953,0.439269125462
6709,-0.438708513975,0.545466661453,-0.308465093374,-0.833974063396,-0.131012201309,-1.20616555214
1277,0.255053758621,-0.519466638565,-0.779971659184,0.313692599535,1.26018118858,0.911914765835
993,-1.99230098724,-0.26103335619,0.479482889175,-0.349023044109,-0.058948546648,1.16119062901
7157,-0.612533152103,1.09333336353,-0.276783466339,-1.05358660221,-0.0949097722769,0.174873173237
1958,-0.0216198153794,0.436866700649,-0.551765561104,0.310037702322,0.053001396358,-0.521417200565
4582,-1.31782519817,-0.29823333025,-0.558357775211,-0.558310925961,2.76599311829,-0.374139308929
9212,0.378412902355,0.762466728687,-0.502924084663,0.338858693838,-1.52173173428,0.0463406667113
8440,0.9900816679,0.39186668396,-0.332632273436,-1.37519097328,-0.329048395157,-0.666625857353
6790,-1.38185417652,0.494433373213,0.00803036801517,-0.422471821308,0.0990446209908,-0.989019930363
8851,-0.293324381113,0.955700039864,-0.534244000912,-0.48295289278,0.324066013098,-0.400433599949
2534,-0.758334577084,-0.610966682434,-0.03842163831,-0.814133167267,-0.325078964233,-0.929733157158
4893,0.912627100945,2.69066667557,0.538094699383,0.153757110238,0.190255850554,-1.50033271313
665,-0.787745118141,-0.519266664982,-0.870324730873,-0.68542522192,-0.31383395195,-0.539292097092
4313,0.16612277925,0.759200036526,0.80742752552,1.42794311047,0.420705676079,-0.0620654411614
1022,-0.10980399698,-0.251100003719,0.0654962956905,0.0518039353192,-0.535423278809,0.000119894742966
5880,4.12610387802,0.765900015831,-1.33575987816,0.587744295597,0.278955876827,0.852004885674
3162,0.100687682629,0.719799995422,7.75354146957,0.871065020561,10.0,5.86952352524
1282,-0.23032194376,-1.03066670895,0.374351680279,-0.37011963129,-0.0632423385978,-0.0454900860786
3383,0.0662129074335,0.889233350754,0.319525539875,2.54322767258,-0.148761630058,-0.162640720606
727,0.844287574291,0.103599995375,0.270300477743,0.982711434364,0.68900167942,1.82677817345
4792,-1.33652210236,-0.704333364964,-1.46404957771,-1.2630944252,0.7210329175,-0.310282915831
4794,0.977551043034,-0.169466674328,0.140212580562,0.347525894642,-0.253978341818,1.46147227287
902,0.540712714195,1.99826681614,-0.00869962573051,0.0179603695869,0.261303126812,0.404291570187
8091,0.920343577862,0.110033363104,0.309320479631,-1.1696896553,-0.664459466934,-0.886101663113
3486,0.991004347801,0.15023329854,-0.444013595581,0.474364995956,0.174830719829,-2.25994729996
10818,0.764505505562,0.330866634846,0.110810399055,-0.211067825556,0.267305284739,-0.407634168863
3454,1.61553072929,-0.344433367252,0.440724819899,0.976007580757,-0.0857901275158,1.24640965462
4282,-0.229973450303,0.691166639328,-0.91523039341,-1.09429192543,0.295890450478,-0.367791354656
1605,-0.782532036304,-0.68193334341,-0.695369899273,-0.816164970398,-0.324627012014,-0.16594517231
10644,-0.552448391914,0.480833351612,0.326937019825,-1.15111756325,0.262847989798,0.0160432104021
2065,-0.172797590494,0.915466666222,0.0903746411204,0.127464205027,0.901631832123,0.482593387365
8321,1.31876754761,0.151633322239,1.40485799313,-0.214353740215,-0.556934595108,-0.351715713739
8503,-0.36027765274,0.513333320618,0.097586363554,0.446782827377,-0.624219059944,-1.04057717323
7027,-0.230757430196,-0.101533353329,1.66941618919,-1.22814786434,-1.08262360096,-0.813004732132
6850,1.61319458485,-0.0880666673183,0.361877858639,1.04860198498,0.443165242672,0.565614640713
1978,-1.05815422535,0.997566699982,-0.166826486588,-3.03988480568,3.63281178474,-3.1688644886
896,0.214119955897,0.0229333378375,-0.312778264284,-0.497302651405,1.12233066559,1.05759477615
5777,0.153453469276,0.858699977398,1.04528534412,1.81300532818,-0.295549690723,0.483645111322
1846,1.32179534435,-0.261700004339,0.675630688667,0.349694907665,-0.155452951789,-2.14536261559
5925,0.121021866798,-0.0965000018477,-0.542418897152,-0.896060466766,-0.80192065239,-1.09119653702
142,-0.351560980082,-0.199566662312,-0.510628640652,-0.161262184381,-0.137620717287,-0.35773563385
1021,0.628864705563,-0.907900035381,-0.921426653862,0.299626976252,0.449558585882,-1.46966171265
5699,0.449041366577,0.537600040436,1.9097135067,0.523394286633,-0.938287556171,0.57004404068
8061,0.552298903465,1.24399995804,0.0326327122748,0.612362980843,1.92158603668,1.42335963249
1870,0.637279689312,-0.341199994087,0.235667303205,0.0365928784013,2.99130821228,-1.2811344862
1398,-0.773632884026,0.526066660881,-0.875848472118,-0.210042625666,-0.293127208948,-0.439519762993
3312,-0.122444450855,-0.55443328619,0.516405165195,-1.70576620102,2.29539728165,-2.15523290634
891,0.565391540527,-1.37753343582,0.46318051219,0.772836685181,-0.972876250744,0.154912173748
4775,0.881840765476,-0.550666689873,0.870278298855,0.488852798939,0.797732651234,0.261194437742
5111,-1.44588112831,0.233866676688,-1.4052721262,-0.494823098183,-0.648007690907,-0.367694377899
5696,-1.20726704597,-3.05423355103,0.345116496086,-0.977177202702,-0.137031599879,-0.270264476538
5588,0.472676604986,0.0118333399296,1.16556167603,-0.255508244038,-0.4913828969,0.311777055264
6839,-1.8165473938,0.40123334527,-0.376936435699,-0.268936634064,-0.550387740135,0.109157249331
329,-1.96139097214,-0.0339667201042,-0.396478921175,-0.29930138588,-0.188495695591,-0.27294960618
5058,1.03170228004,2.30593347549,0.0246043149382,-0.0914772152901,0.962848544121,-1.27596795559
998,-1.55748414993,0.102666676044,-0.361821502447,-0.119099274278,0.636960506439,-0.676608026028
9134,-0.788783550262,-0.0141333043575,1.02111041546,-0.814226567745,-0.229488477111,-0.349909245968
6616,5.22739934921,-0.488533347845,-0.395921200514,0.431409537792,0.120608314872,-0.595482587814
5223,-0.878453850746,-2.60796666145,-0.775764346123,-0.121256388724,0.321827411652,-0.29101729393
4690,-0.571347594261,-1.03390014172,0.911130666733,0.782766819,0.359915703535,0.603227972984
958,1.17954587936,-0.0804333388805,0.220136225224,-0.122444555163,-0.264832377434,0.696880102158
1616,0.348884135485,-0.190499961376,-0.0960619524121,-0.408484399319,-0.487088173628,-0.180840313435
991,-3.25956583023,0.916100025177,-0.745891213417,-0.00156939029694,-2.1799352169,-3.37471866608
6347,1.13042259216,-0.378700017929,0.567376196384,0.337190210819,-0.435158908367,0.779971897602
6714,0.18092867732,-0.270700007677,-0.197094529867,0.896906077862,0.146362572908,-0.929533541203
652,0.932772636414,0.118599995971,-0.0296564027667,1.20871257782,0.126529440284,0.595375180244
4331,-1.03670704365,-0.320633351803,-0.942400455475,-1.81032395363,-0.950572550297,1.40709161758
7099,0.458459794521,-0.107933342457,0.430044740438,0.193760842085,3.64026427269,-0.309767782688
10320,-1.37883734703,0.501766681671,0.49143654108,1.34405863285,-0.303635030985,0.587921738625
2042,0.267853677273,0.417933315039,-2.23862671852,-0.911358058453,-3.68121147156,-0.977891743183
843,1.03663694859,0.459133327007,0.374755859375,2.20691251755,0.322818279266,0.732406914234
840,0.578680872917,0.0270999968052,-0.447041392326,-0.735705494881,0.607302546501,-0.20613758266
7048,0.036408547312,2.04029989243,-0.0396991856396,-0.40494042635,-0.578170180321,-0.885444521904
4851,0.701421439648,1.46210002899,0.470892071724,-0.376973718405,-0.155928656459,0.473164975643
6464,0.75513279438,0.681133389473,0.482420861721,0.589708507061,0.383328616619,0.853198707104
23410,-0.0569413900375,0.480866700411,-0.216205120087,0.916001677513,0.00860580801964,0.427306234837
54205,-0.1005519256,0.139933347702,0.465716809034,0.0792953372002,-0.300528466702,-0.0319244265556
2770,-0.601984620094,-0.022800013423,-1.11512708664,-1.24208378792,-0.86629140377,-0.0765682160854
80204,0.70450091362,-0.424133360386,-0.448362529278,-0.496898114681,-0.0914402231574,-0.919280529022
4208,0.609625816345,0.55556666851,-0.170260220766,0.204007267952,-0.0286891162395,-0.410908222198
1845,0.142340481281,0.412600040436,0.399467080832,-0.577879786491,0.100303538144,0.740886628628
23368,0.890815496445,0.201200008392,-0.575636684895,-0.237728580832,0.0385498255491,0.816883504391
5583,0.868813455105,0.483933329582,1.37112867832,-0.321996331215,0.221646308899,-0.294354647398
8900,0.686674773693,1.03916668892,0.0604539774358,0.174554005265,-0.0628344863653,1.27995872498
581,-1.77076983452,0.974600076675,0.50755405426,1.91025304794,0.250774264336,1.52560067177
6193,-0.99349629879,0.259633332491,-0.114846557379,0.567004144192,-0.905965685844,-0.731741964817
6622,-0.136576160789,0.494533360004,-0.256122380495,0.107209190726,-0.314180493355,0.686546087265
11261,-0.154036417603,0.773733377457,0.161111220717,-1.18598771095,0.404555559158,-1.71110463142
6696,0.157681792974,0.410066694021,0.0933757871389,-0.615322232246,2.67521309853,4.72610759735
8312,2.99886131287,-0.00073330104351,0.392901659012,1.67804896832,0.369713097811,-0.206962481141
835,-1.1435559988,0.240899994969,-0.326659172773,1.09659016132,0.152833372355,1.68378651142
8324,-0.0481897443533,0.052366681397,-0.458856225014,-0.224512472749,-0.0978061556816,-0.169434174895
1848,1.15920639038,-0.436433345079,0.510714769363,-0.254588425159,-0.683614850044,-0.216731831431
154,-0.514314830303,0.571099996567,0.69021242857,-0.469254791737,-0.766218066216,-0.71614831686
4312,1.64084649086,-0.0600000023842,0.143657833338,0.00453945994377,0.427975058556,4.66252374649
994,-0.642639696598,-1.89546692371,-0.401031553745,0.388451695442,-0.764398217201,-0.875513792038
2048,0.1359179914,1.56633353233,-0.678924560547,0.285995364189,-0.866714119911,-2.02843475342
1111,1.26306200027,0.883499979973,0.17924259603,0.76459980011,-0.863515973091,-0.227378740907
5154,-0.277916580439,-0.430899977684,0.59814620018,-0.911335349083,-0.0936467945576,-0.978355526924
2920,-1.48304831982,0.813033461571,-0.289973706007,-1.27069270611,-0.987915277481,-0.146110117435
3122,0.673861980438,-0.634533286095,2.49808144569,0.525025725365,0.130232736468,0.909453094006
2769,1.0144649744,0.636500060558,1.30708730221,1.5888376236,1.69428658485,1.29687595367
5900,0.0572564899921,0.42026668787,-0.278646826744,0.456637203693,-0.766567707062,-0.767887055874
6304,-0.0733907222748,2.00020003319,0.046153627336,0.668942809105,0.458546638489,0.267925143242
5211,-1.45504570007,1.12466669083,-0.681565225124,-0.0651837810874,0.139768868685,-0.3172070086
2886,0.634444475174,-0.415633320808,0.52474039793,1.23325765133,0.280227899551,1.019510746
9261,1.35515630245,0.746699988842,0.219655781984,0.601183712482,0.988514900208,-0.362646222115
8569,0.515756964684,-0.0967999994755,-2.8705227375,0.848794281483,0.824770927429,-0.0154437236488
3303,1.23079454899,0.738933324814,0.171830385923,0.57064306736,1.7413880825,-0.192911222577
5331,-2.40023875237,0.264566659927,1.61089909077,0.296315819025,-0.587810695171,-0.213104173541
5347,-2.85175275803,1.35696673393,-1.36314356327,-0.407553970814,-1.56298303604,-1.59939849377
4638,-1.0518027544,0.286933302879,0.784928441048,-0.0311734080315,-0.935159444809,-1.37085545063
2264,-0.576242208481,-0.352366685867,-0.327072530985,1.1307592392,-0.971178531647,0.206064209342
1029,-0.0175212323666,0.00906658172607,-1.4844096899,0.479728937149,-0.449746847153,0.35188010335
1027,-1.26907753944,0.306233346462,-5.16221237183,-5.73986291885,0.230569407344,-0.211326137185
2597,-0.000380682438845,-1.00833332539,-0.000638705503661,0.00145699165296,0.0,0.0
55847,0.409805417061,0.296399980783,-0.014629766345,-1.12460041046,-0.0261990427971,0.13460162282
25803,0.736480116844,0.261599987745,0.119013383985,0.327993154526,0.3914706707,0.394887566566
3480,0.0784007683396,0.229033321142,-0.14308103919,-0.168861687183,0.535722613335,-0.655659973621
2946,-0.359980285168,0.179400041699,-0.106673650444,-0.313867419958,-1.03554987907,-0.811172604561
9517,-0.567319214344,0.0940000116825,0.0347832627594,-0.963295340538,0.489657580853,-1.23452460766
25987,-0.524228811264,-0.0543333292007,-0.745496988297,3.66899824142,0.988367557526,-0.105133369565
23670,-0.94923132658,0.325800001621,-0.257129192352,-0.0328307449818,0.391169905663,0.30638718605
11182,-0.426684647799,0.92829990387,0.080621778965,0.447142869234,0.216515243053,0.0331187620759
2146,-2.30669212341,0.0332999974489,-0.177064746618,0.42461514473,-0.0243337154388,0.031667791307
3385,-0.27816811204,0.65933328867,-0.734967052937,-0.0040515512228,-0.0916684940457,-0.118540629745
5261,0.101140826941,-0.0709667205811,-0.142447263002,-0.352998197079,-0.185747712851,0.363799989223
10765,-0.40828114748,-0.0625000298023,-0.095417112112,-0.166857987642,-0.888750016689,-0.900610625744
25839,-0.693738222122,0.515600025654,-0.321277707815,-0.550871670246,-0.205325603485,-0.934998691082
4172,-0.301688581705,0.414633393288,-0.882164895535,0.3847476542,-0.186664491892,-0.250032514334
23161,0.820732414722,-0.0772999823093,0.64017957449,1.42290329933,0.0847735404968,1.02621924877
10298,-0.669080495834,1.22786664963,0.516737103462,0.0193473398685,0.194491580129,-0.848632156849
1802,-0.323226988316,-0.114666670561,-0.153673455119,-0.305811882019,-0.404118090868,-0.64568400383
58533,-1.15648293495,0.15933328867,-2.01712560654,-0.614307522774,0.223775267601,-1.41214251518
147179,-0.281028836966,-1.09533345699,-0.186687037349,-0.591484189034,0.119655862451,-0.078508913517
29937,-1.23461997509,-0.0159666538239,-0.800638854504,0.171047449112,-0.745290517807,-0.791543483734
6184,0.0756328701973,-0.223099991679,0.062832608819,-1.98224139214,0.650855898857,-0.297552168369
9854,0.827726721764,-0.368333339691,-0.174967452884,0.0969908162951,-0.150472685695,0.152423933148
2553,0.227505892515,0.618666648865,0.901633441448,0.156040102243,0.756938934326,-1.25421142578
5440,-1.64123678207,-0.471533358097,0.327201187611,-1.39712119102,-0.0646252036095,-0.647045552731
54623,0.0562006831169,0.942633330822,0.104694567621,-0.926026701927,-1.35355305672,0.610941588879
9533,0.714725077152,0.0931666791439,0.470921069384,0.754938721657,0.555887699127,0.889244914055
8607,0.0313628613949,0.934366822243,-0.521087884903,0.155730947852,-0.259040802717,-1.51913177967
207,-0.00455746054649,0.157000005245,-0.0577107071877,0.0262038037181,-1.04553031921,0.0308975800872
26054,0.0457371175289,0.0493000149727,0.0373710207641,-1.21312367916,0.155565917492,0.0173817314208
10682,-1.70189380646,-0.263666689396,-0.222089409828,-0.841472268105,-0.443196296692,-0.723276138306
8573,-0.13157004118,1.03853332996,0.297057777643,-0.569131314754,-0.252611100674,-0.580967247486
23378,-0.547836780548,0.301566690207,-1.34164702892,0.458346486092,-1.13315010071,-0.0392330661416
8553,0.0643794611096,-0.0304999947548,-0.111685529351,0.742077410221,0.0366194844246,1.48553109169
622,-1.06208002567,0.245100006461,0.318051457405,-0.83400863409,-1.15353512764,-0.672228991985
9467,-0.122575566173,-1.56036674976,0.338894605637,-2.23667311668,0.161854743958,0.215014412999
5525,0.527207911015,-0.0691666677594,1.40400695801,0.351714491844,0.323312371969,0.406244128942
256364,0.620235383511,-0.649866700172,-0.0242505967617,1.24582862854,0.551756262779,0.38893660903
332,-2.25176358223,0.997666716576,-1.20785737038,0.0490625761449,-0.777161121368,-1.41319644451
2058,0.288250565529,-0.447200059891,0.214286372066,-0.820457100868,2.19790029526,-0.337486833334
7849,-0.0948929190636,0.137666672468,-0.535504162312,0.32172498107,-0.390909135342,-0.214122623205
23244,0.000563014298677,0.457833349705,0.271409839392,-0.120473518968,-0.0306936055422,-0.278732508421
7494,-0.882198214531,0.880200028419,3.21572947502,-1.23604524136,5.26790904999,-1.09969758987
4836,-0.142012521625,-1.42286670208,0.0354194641113,-0.722202420235,1.4391926527,0.121515735984
23647,-0.816296219826,-0.175699979067,-0.96111792326,-0.415067493916,0.131557732821,-0.0297854095697
10617,-1.96313166618,-0.146799981594,-0.974068403244,-0.640261948109,-0.548308253288,-0.617944896221
2184,-0.110640764236,0.958633363247,-0.372910857201,2.39332652092,0.448146998882,-0.560014486313
5355,-0.494885265827,-0.089300006628,0.958015203476,0.718887209892,0.874507725239,-0.367818772793
6659,-0.962955594063,0.0314666628838,-1.35183393955,-0.001509886235,0.297047048807,-1.26286232471
7016,1.43503260612,-0.0480000078678,0.440034776926,1.84464693069,0.440372556448,-0.770338952541
90861,-0.315315693617,0.744466662407,-0.294034898281,-0.527135789394,0.387170284986,-0.505716085434
10670,-0.670626163483,0.0611666440964,-0.276734173298,-0.388250857592,-0.731756448746,0.0722534358501
79071,0.825677454472,-0.829466640949,-0.360756784678,-0.620633125305,-0.520618438721,0.0161498337984
64746,-1.268835783,0.346300005913,-1.16435742378,-0.703063368797,0.827356696129,0.353251457214
5366,1.0189499855,0.150733321905,1.15677130222,1.12571012974,3.25961875916,-0.159537538886
11344,-0.279497951269,-0.150399982929,-0.451015353203,-0.182720571756,0.536699175835,-0.323579609394
10013,-0.521213829517,1.30659997463,-1.05602002144,-0.710255920887,-0.268335908651,-0.205577850342
5829,1.45707380772,-0.300033330917,-0.0296835824847,-0.0468985363841,0.801559984684,0.987076818943
5257,-0.29224139452,-1.87873351574,0.617160260677,0.375610411167,-0.329149156809,-0.283047944307
22794,-0.440109789371,0.943000018597,0.202480137348,1.02718710899,0.721048355103,0.418322652578
9761,-0.013085693121,1.7855335474,-0.996784389019,-0.963211476803,1.12194609642,-0.835611581802
23326,-0.541248202324,0.50123333931,-0.00100055686198,-7.28520298004,-0.123674228787,-0.381576091051
10972,-0.413269460201,0.435433328152,0.683879733086,-0.368882894516,1.67658531666,-0.704100847244
10523,-0.820980131626,-0.950666725636,-0.433524012566,-0.410913169384,-0.49479842186,0.813551902771
79090,-0.358998924494,-0.093000009656,0.533851265907,1.04199266434,0.301037013531,-0.0417421534657
27032,0.471584975719,-0.685333311558,0.967664361,0.0316932797432,0.248240873218,-0.720117330551
9097,0.358281672001,-0.308466672897,0.185211211443,0.146132066846,0.30873170495,-0.274954348803
10513,-0.827306330204,-0.366666674614,-0.729312539101,-1.7841989994,0.479606866837,-0.230777144432
1891,0.561334550381,0.376199990511,0.396526157856,0.711705863476,-0.597178459167,0.772385179996
3066,-0.50090777874,-1.2539999485,-0.484487712383,-0.385836988688,-0.624838709831,-0.83613216877
9801,0.0314587950706,-0.078400015831,-1.19654166698,-0.34567719698,-0.799411296844,-0.61380648613
1459,-0.477873802185,-0.466233342886,0.569984078407,0.257878243923,0.311863481998,0.0548847019672
9703,-0.942633152008,0.270499974489,-0.575268983841,-0.830515861511,0.0484566837549,-0.653928160667
10606,-0.437017261982,0.401300013065,-0.89029276371,-0.611427485943,-0.459562152624,-0.496371924877
1017,0.613535821438,-0.283066689968,0.914564430714,0.324298769236,-0.0920078009367,1.34669160843
9813,0.310548365116,-0.92746669054,0.21172747016,0.0050410181284,-1.02440071106,0.266514718533
7485,-1.20837497711,0.489266693592,-0.624685168266,-1.07952535152,0.0371557958424,-1.06190407276
2109,-0.856490492821,0.284933328629,-0.524461567402,-5.60693264008,-0.552700161934,-3.26187944412
23271,0.8678637743,-2.54313349724,0.832123875618,0.368830561638,-0.854963362217,1.10194289684
9915,0.83092713356,-2.60683345795,-0.0155440494418,0.000136113958433,-0.370220810175,0.927291095257
9552,-0.273723423481,0.517166674137,-1.07967150211,-0.0320538915694,0.650709867477,0.133369535208
93487,0.24532699585,-0.0698000043631,-0.567362487316,0.861056387424,0.357587665319,-0.583512544632
2956,2.72515082359,-0.375999957323,-0.0342365764081,-0.97928571701,-0.542063057423,-0.308609366417
11065,-2.26564216614,1.27739989758,-0.318283587694,-1.0177718401,-2.63297104836,-0.623658776283
9653,0.536066174507,-0.281333327293,2.76682639122,-0.210256323218,-0.49294051528,-0.605352699757
200081,-0.828154206276,0.850966691971,-0.334731668234,-1.39856529236,0.443879872561,0.234398052096
3337,0.670920968056,-0.205399990082,-0.195045381784,-0.0882099941373,3.90863776207,-0.504642009735
11073,1.49569988251,0.557233333588,0.869759857655,-0.792964160442,-0.976888537407,0.31797555089
23,0.329691976309,0.460333347321,0.120285205543,0.853266537189,0.484459996223,1.39288198948
5641,-1.11195850372,-0.458700031042,0.0235874205828,-0.485859155655,1.01740777493,-0.169001489878
8720,0.0233206450939,-0.427100032568,0.0239074379206,0.0987852960825,0.164636462927,0.0351492017508
10782,-0.106490656734,-0.488033354282,0.0203457921743,-0.40370708704,1.40454876423,0.500757753849
25932,-3.83363771439,-4.15796661377,0.86988556385,-2.32677674294,-3.04405164719,-1.35775971413
3028,-2.18983483315,0.678166747093,-1.35217952728,-0.166784599423,-0.38977253437,-0.044496525079
6804,0.934448003769,-0.104366660118,-0.0204876922071,-0.0320127755404,-1.60960865021,0.175303697586
890,-2.4815530777,0.657433390617,-0.924948871136,3.93369650841,-1.81801891327,-0.309463053942
6390,-1.22328567505,-0.314566671848,-0.705029010773,-0.81191945076,-0.321852147579,0.077855989337
4303,-0.0291555821896,0.902000069618,0.199832096696,0.229667320848,0.792929768562,0.229799568653
10953,-0.381033718586,0.067900031805,-0.697720527649,0.267307460308,0.252248823643,-0.0890588760376
22889,0.503905296326,0.551900029182,-0.787990093231,-0.937334358692,-2.1445684433,0.600899755955
3098,-0.550442397594,1.27760004997,-0.49858468771,0.196244761348,-0.135142534971,-0.0350325778127
11044,0.711207151413,-0.297666668892,0.249935090542,0.439396709204,-0.143184512854,0.852122724056
8985,-0.964380502701,1.41956663132,-0.140409260988,0.239435523748,1.02618086338,0.793552458286
66008,-0.922536671162,0.0780999958515,0.416004061699,-0.197564810514,0.59675359726,-0.12567833066
9217,-0.0736753791571,-0.0702999830246,0.0337297730148,0.261878669262,0.330302804708,-0.665321409702
701,0.665826678276,-0.612333357334,0.198866829276,-0.0393669009209,-0.535681426525,0.406590819359
6182,-1.14435970783,0.39336669445,-1.02169251442,-0.47925555706,-0.558869838715,-0.838672697544
4860,-0.986740112305,0.0284667164087,-0.486634105444,-0.770402431488,0.428644359112,-0.775677382946
7398,-0.874221146107,-0.516533374786,-0.39930421114,-1.01156234741,-0.471740007401,-0.549721062183
6117,-1.07670307159,-0.02703332901,-1.14847719669,-0.852569460869,-0.258852958679,0.331478059292
23588,-0.520101130009,0.157733336091,1.28775286674,-1.12578809261,0.243089541793,0.184201836586
949,0.0260604768991,-0.859300017357,0.658159315586,0.934823095798,0.785591304302,0.740935206413
7168,-1.17702114582,-0.193000003695,0.1876450032,-1.00986993313,-0.32768124342,-1.10871112347
9375,-0.143615141511,-0.165333360434,-0.234830439091,-1.4693300724,-0.312994152308,-0.130068182945
4927,-0.544896841049,0.134033337235,0.0068472251296,0.784124970436,-0.841862499714,-0.278870612383
2523,1.12678742409,0.187566697598,0.575787067413,0.319875061512,-0.357165813446,1.07089102268
58497,1.39433026314,-0.607466697693,0.0972472131252,2.43282318115,-0.0135538876057,0.794813215733
6856,-2.32798433304,-1.23530006409,0.390847802162,-0.356586158276,0.786757230759,1.00392389297
26036,-0.417037218809,-0.753266692162,-1.2678899765,0.108827635646,-0.680304527283,0.437812566757
10206,0.556089520454,-0.241900026798,0.563525021076,0.514643192291,0.130909696221,0.766033887863
25793,-1.43879032135,0.179666668177,-0.568265318871,0.748051285744,-0.543647348881,-0.390055537224
55556,-1.430534482,-0.440800011158,-0.338640987873,0.103338524699,-0.541641175747,-0.796280622482
3978,-2.48042941093,-0.0929666757584,-0.82681363821,-0.881959021091,0.129349559546,-0.623633205891
10681,0.709767758846,-0.485666692257,0.568182587624,0.367590904236,-0.436896115541,0.0823073163629
3638,-0.0954287946224,0.46930000186,-0.108225598931,-1.45621299744,-1.20060575008,-0.504530668259
8349,1.16277813911,0.138400003314,0.898112773895,-0.290396153927,0.052061766386,0.823890566826
6275,0.4307962358,0.203700006008,2.82723736763,1.70725405216,0.41230532527,0.858486831188
3895,0.278936117887,-0.239933341742,0.072227858007,0.891888201237,0.292575418949,1.04053080082
392,-0.0959503576159,0.0330333411694,-0.478314399719,-0.455814987421,-0.572768867016,0.801541805267
9170,0.864804446697,0.30520004034,1.46590042114,0.407849490643,0.407544821501,0.325944274664
80347,-0.254576593637,0.550700008869,-0.668705701828,-1.00260281563,-0.434439510107,-0.307572841644
23300,-0.151216253638,-0.173166692257,-0.0401793345809,-0.971774935722,0.113278523088,-0.0189618617296
836,0.887984991074,0.0783332586288,0.22914147377,0.656136870384,-0.380918741226,0.626967847347
11188,-0.37451133132,-0.134700030088,-0.0599140301347,-0.066411793232,-0.365530729294,0.0902669876814
10898,-0.179768696427,-0.374266684055,-0.314658612013,0.989129066467,0.0765655487776,-0.0485521554947
9276,0.273484706879,-0.0543333366513,-0.0546975024045,0.425339609385,0.753767430782,-0.655632197857
1647,-0.00283478200436,0.0469333231449,0.660429358482,-0.446310460567,1.25964331627,1.28314304352
10285,-1.15695917606,-0.184933334589,1.34584474564,-0.75833272934,-0.716445863247,-0.907364666462
23386,-1.57670783997,-0.43763333559,-0.769689381123,-1.55834412575,0.345733642578,-0.428365141153
3156,0.551703691483,-0.464466691017,-0.884379029274,-0.480845928192,-1.8418905735,-1.13591122627
10237,-0.84814697504,0.703266680241,-2.73167037964,-0.553091406822,2.96327090263,-0.744600296021
7077,-2.07670640945,1.18070006371,0.328181952238,0.499917715788,0.38496285677,-0.376232683659
11157,-0.938018918037,-0.742600023746,-0.364791631699,-1.31576561928,-1.57124972343,-0.787266790867
22908,0.279301404953,-0.568366706371,-0.36399936676,0.323917031288,0.119216039777,0.204969316721
10915,-0.931613445282,-0.760133326054,-0.0918823182583,-0.270075589418,-0.15447679162,-0.327443867922
9897,0.359058856964,0.20600001514,0.368020474911,0.560879230499,-0.031173825264,1.08351933956
1759,-0.187239781022,0.243633300066,0.161147296429,-0.362236201763,-0.883665442467,0.676024258137
54541,-0.263485342264,0.368266642094,1.07587170601,1.50197315216,9.01496601105,1.98160398006
211,1.20862734318,0.749799966812,-0.0483315959573,-1.43968474865,0.151723831892,2.52809119225
5048,1.90101444721,0.949133336544,1.05747151375,1.12156450748,-0.00370568037033,0.624167442322
84722,-0.012122631073,0.868399977684,-0.527180492878,-0.242549389601,-1.73062324524,-1.19688940048
29890,1.68782043457,0.759866714478,0.772184312344,-0.680880904198,0.164303779602,0.109822936356
9868,0.0820686668158,-0.983600020409,-0.242115795612,0.51922917366,-0.630538225174,0.115565277636
873,-0.033547013998,-0.132366672158,0.0295664928854,1.29200911522,0.460222184658,0.665752112865
5580,0.321879684925,0.234266668558,0.0628386959434,0.933296024799,-0.198069006205,0.66986978054
3725,0.627080917358,0.273133337498,-0.0495754778385,0.305439829826,0.478530704975,0.0463134944439
23585,-0.647811472416,-0.1412999928,-0.316954314709,-1.1687669754,-0.399542331696,-1.11506986618
51097,-0.727661252022,-0.554833292961,-0.33328294754,-0.250769585371,0.127010464668,0.524573206902
1831,-1.60477423668,-0.267166674137,-1.24231636524,-0.197056427598,1.45638716221,-0.909753501415
7020,1.0438041687,-0.233766674995,0.814221203327,1.53486049175,-0.0279974937439,1.10304617882
55893,0.623253881931,-0.0487666651607,0.284288465977,0.182135224342,0.918115735054,0.3484197855
6944,0.561765372753,0.325900018215,0.742295086384,2.77638196945,0.768119156361,0.56208717823
22883,0.624175190926,-0.307999998331,-0.378780007362,-0.796003460884,-0.10039639473,-0.365255475044
5601,0.321532487869,-0.121333315969,2.06380343437,0.346236258745,0.385982722044,0.400258004665
10775,-0.703347444534,0.637799978256,1.4917961359,1.37506484985,0.237717986107,0.0794496834278
4780,0.0477122068405,0.502333343029,1.88798701763,0.588498592377,1.55598342419,1.30154883862
10904,1.16887700558,-1.15973329544,-1.03973984718,-0.911612689495,-1.0875852108,0.0315948389471
9917,0.300695031881,-0.235499992967,1.07529520988,0.330947637558,0.13802228868,0.258471250534
1399,0.484986335039,-0.456333309412,0.925899505615,0.234796866775,0.369905054569,0.0317502990365
24149,0.766434669495,0.00953331589699,0.875494718552,0.67845082283,-0.894506216049,-0.257153838873
2222,-2.55405855179,-0.00743332505226,-0.138356342912,-0.93300896883,0.378616482019,-0.0289325173944
10131,-0.00793185457587,1.01156663895,0.438316076994,1.14255487919,-0.105260714889,0.251693069935
2958,0.467589557171,-0.62376666069,0.216804429889,0.287666887045,-0.306968271732,0.0690667778254
9650,0.700896501541,-0.121933296323,0.760544359684,0.951263666153,0.266680717468,0.657451629639
7319,-0.530481040478,-0.0506999976933,0.558997631073,0.145361959934,0.648826122284,0.166934639215
4817,0.809970855713,0.116966709495,0.480449527502,0.200578048825,0.0728103071451,0.757391750813
9143,-0.651731431484,0.866033375263,-1.38676536083,-0.426339000463,-0.833152651787,-0.64747852087
10494,-0.149702489376,0.706100046635,-0.950009346008,-1.33853507042,-0.449886500835,-0.251390516758
55324,-0.944470524788,-0.335366666317,-0.575512111187,-1.2836625576,0.328105598688,-0.185800999403
23149,1.46569931507,0.731900036335,0.877004861832,0.96439665556,0.121581614017,0.958768188953
9943,-2.23758554459,0.247733354568,-0.118155479431,-0.761273682117,0.0239208489656,-0.4190928936
6599,-0.246196523309,0.329866707325,-0.115852989256,-1.09515082836,0.0716594159603,-0.910896360874
51031,0.174180209637,-0.703266680241,-0.261139810085,-0.661438643932,-0.640616059303,-0.0585117265582
3566,1.02632212639,-0.343466699123,-0.16224335134,0.192573860288,-0.321100413799,1.07314157486
3815,0.105212897062,-0.693666696548,-0.976068139076,-0.538267612457,-0.31337505579,0.53058552742
8624,-0.322242975235,0.0247666910291,-1.05058813095,-1.50757467747,-0.716014683247,-0.579186737537
27346,-3.03663158417,-0.321966677904,-1.37265622616,-0.601422667503,-0.423874378204,-0.305999547243
10489,1.04125106335,-0.312433362007,0.587944746017,0.0120104253292,-0.498837411404,1.28255546093
26128,0.441460132599,0.643266677856,0.605204343796,-0.57802349329,-0.167156517506,1.40804123878
79921,-0.505860209465,0.546233355999,-0.56628549099,-1.45438539982,-0.408639192581,0.310407817364
55746,-0.842540621758,-0.164666682482,-0.778998970985,0.269217252731,-0.444301009178,-0.173394203186
23636,-1.58632922173,0.755833387375,-0.419755369425,-0.203056812286,-0.477341294289,0.15771651268
10892,-0.856544613838,-0.163133323193,-0.522694766521,-0.852262556553,-0.227051749825,-0.599200963974
10652,-0.964348912239,0.681866645813,-0.427233338356,-0.406562805176,0.158277004957,-0.28384333849
11004,-1.83737611771,0.880866646767,-0.51696652174,-0.627036571503,-1.74920046329,-1.73617625237
23530,-0.403035908937,0.104866653681,-0.401335030794,-0.125120013952,-0.448518872261,-0.153412491083
8826,0.917208194733,0.162899985909,0.523649036884,0.368282705545,0.254374325275,0.246646374464
3308,0.89068043232,-0.595499992371,0.362549245358,-0.976805984974,-0.202318310738,0.210931152105
7153,-2.08227491379,0.563400030136,-0.999975979328,-1.50629174709,-1.65245330334,-0.687811970711
11041,-1.23032009602,0.427666664124,-0.985982120037,-0.0412896350026,-1.80787098408,-0.382779300213
6342,-1.2748606205,-0.471033364534,-0.631891191006,0.678227066994,0.0725855231285,-0.0629357993603
5883,-1.24901247025,-0.03016667068,-0.173016190529,-0.599765837193,2.07809925079,0.554842710495
10589,0.390519946814,0.79116666317,-0.405110955238,-0.462745159864,0.317329496145,-0.118762418628
5110,-0.697474360466,-0.418866693974,-1.12029314041,-1.02597439289,-0.658115684986,-0.82740688324
4609,-0.567638754845,-0.798033356667,-0.490181386471,1.25231063366,-0.155152201653,-0.610297501087
5423,0.422481119633,0.0707666873932,0.383334010839,0.718853473663,-0.361158400774,-0.148764178157
1070,-3.27825665474,-0.0158333182335,-0.894021213055,-0.834421873093,-0.334361195564,-0.739764094353
10051,-2.93575501442,0.0156666450202,-0.738205373287,-1.02716529369,-1.22803711891,-0.542017877102
6603,-0.693456470966,-0.113933384418,0.277582943439,1.74838256836,0.0362209975719,-0.146319568157
9019,-0.284097254276,0.054733324796,-0.707344770432,-2.53289842606,-0.525373518467,-0.9593064785
10969,-1.03376817703,0.0918667018414,-0.15075238049,-0.81397241354,-0.604794621468,-2.84154963493
9797,-0.452995657921,1.02333331108,-0.927359342575,-1.19127440453,-0.531303048134,-0.261375635862
4043,-1.48695755005,0.23816666007,-0.478841841221,-0.19703567028,0.296549230814,-0.346058607101
9519,-0.794748544693,0.160166665912,0.737233400345,-1.13001227379,-1.14492273331,-0.666782855988
8480,-1.09064245224,0.126499980688,-0.930404424667,-0.386105746031,-1.00259244442,-0.19256709516
983,-2.43579554558,0.702966690063,-1.67491745949,-0.787141442299,-1.99772250652,0.383722871542
10559,-0.104372829199,-0.890533328056,0.736199975014,0.279231131077,-0.256026536226,0.0402610339224
8508,-1.65768325329,-0.122299991548,-0.464939445257,-0.0539789348841,-1.22427380085,-0.636217474937
9275,-0.690873265266,0.893166661263,-0.576239109039,1.0402828455,-0.184845387936,0.101686403155
8914,0.23992651701,1.05646669865,0.349838197231,0.39013248682,-0.119357168674,0.838474571705
54505,0.00539343804121,-0.581933379173,0.167514756322,-0.941469490528,-0.309528499842,0.634505867958
6919,-0.217484727502,0.561700046062,-0.0488472729921,-0.22708825767,-0.437735080719,0.453422278166
2274,-0.304389894009,0.0308666657656,-0.395017564297,-0.227518826723,0.590397000313,0.168211251497
2288,0.366814732552,-2.57789993286,-0.000681853678543,-0.00221827742644,-0.252691537142,0.338766723871
7994,0.0676185190678,0.478700041771,-0.337025851011,-0.221550822258,-0.760849893093,-0.383948117495
4216,0.21845459938,-0.51996666193,-1.0082501173,-0.366542935371,-0.381709516048,-1.32497704029
7538,0.288860023022,0.186599969864,0.0417447388172,0.450932979584,0.0216194987297,0.865968286991
3628,-1.58025693893,-0.291899979115,0.0598833560944,-0.0373908728361,-0.642892956734,1.09085643291
2037,-1.2063369751,-0.0191999934614,-0.881825506687,-1.030859828,-0.158076569438,-0.644495546818
2771,-0.0307214520872,-0.212266713381,-1.16831672192,-1.10897088051,-0.613685846329,-2.30134701729
7264,-0.809250354767,-0.600600004196,-0.774278521538,-1.12770414352,-0.318100810051,-1.58085882664
1786,0.621624588966,-0.487566649914,0.00021058038692,-0.00170981953852,0.294666707516,0.699798882008
5873,0.625041365623,0.906233370304,0.377048015594,0.279334664345,0.186085581779,0.580537617207
780,0.974158167839,1.23456668854,-1.04520344734,1.18814122677,0.555601835251,0.866827726364
9926,0.0086406134069,0.00150000303984,-0.369775950909,-1.32150757313,-0.0607936531305,-0.877017498016
8446,1.08423841,0.694499969482,1.56857299805,1.29015576839,0.863167643547,1.03098738194
7159,-0.0224537923932,-0.178766667843,-0.139893308282,-0.784795701504,-0.947660565376,-0.114362508059
1026,-0.274971812963,0.536300003529,0.477969616652,0.0337774753571,1.23997569084,2.82223963737
7082,0.676483988762,-0.442666709423,-0.0730023682117,5.75572824478,0.424063920975,0.0229523330927
10058,0.641397953033,1.61483335495,1.35035252571,0.24980828166,3.31199431419,3.1831908226
10797,-0.677234172821,0.34933334589,0.892503619194,-1.04203641415,3.96271348,0.0675781369209
11230,-0.175458878279,0.430733382702,-0.525962591171,-0.128084033728,0.408097565174,-0.0206145457923
30836,-0.296290099621,0.0838666856289,-0.724218666553,3.08824872971,-0.752100586891,0.61497014761
27336,1.45009469986,0.717733383179,0.000318703096127,0.043816473335,-0.039212167263,1.00134921074
9918,1.24368071556,-0.272166639566,0.518688261509,1.94997167587,-0.220304936171,0.625262379646
79073,-0.748312115669,-0.14373332262,0.635566413403,-0.718490242958,-1.18919348717,-1.01542985439
9688,-1.09485721588,-0.232066661119,-0.381326824427,-1.77021205425,-1.82931661606,-0.789901852608
23659,-0.691297531128,1.35836672783,-0.575590610504,0.0547570362687,0.222109869123,-0.068642668426
8396,-0.536679804325,0.823700010777,-0.124851070344,-0.508986115456,-0.21193562448,-0.707448780537
23077,0.0732820183039,-0.0582333356142,0.440699875355,0.975531339645,0.0011413320899,0.648877263069
10857,0.432151734829,0.937666654587,-0.000760628550779,-1.23577702045,-0.46566259861,-0.639886617661
16,-0.25650459528,0.305099993944,0.210725441575,-0.392024099827,2.54311609268,-0.0965548977256
2817,1.18010687828,1.48350012302,0.336274325848,-0.0740821808577,-0.442988365889,-0.947615087032
60528,0.984163224697,-0.630800008774,0.580551624298,0.0556892231107,-2.11079978943,0.459334522486
5359,0.0500915125012,-0.652300000191,-0.2977604568,0.525680780411,-1.10030269623,-0.22831377387
1514,0.483016192913,0.42150002718,-0.0315241701901,0.026529982686,1.70858860016,1.19889521599
1509,-0.231176748872,-0.370299994946,0.811862111092,0.907945632935,0.725411713123,0.348550677299
9181,-1.31805849075,1.27946662903,-0.0264423973858,-0.565568327904,0.0759443491697,-0.0995327979326
3611,-0.782004654408,-0.152766674757,0.309062927961,-1.09131932259,-0.414874494076,-1.18802857399
4783,0.237374395132,0.855300068855,-0.198682174087,-0.368215352297,-0.738598823547,-0.141297131777
10123,0.795882999897,-0.293466687202,0.545694708824,0.85915851593,-0.0850215256214,0.53807926178
8895,0.857707262039,-0.30283331871,-0.436597973108,-1.88019299507,-0.954389810562,-0.933426618576
9805,-0.7710891366,0.416033357382,-0.84340929985,-1.8966190815,-0.884629070759,-0.0824781358242
4125,-1.61633253098,0.256233334541,-0.638233721256,-0.0934153348207,0.092688202858,-0.581458389759
1635,-0.374554872513,-0.270599991083,-0.363968849182,-1.14960038662,-0.350767374039,-0.800978839397
4154,0.148444920778,-0.299966663122,-0.537468075752,0.59035128355,-0.57986164093,-0.9634116292
26292,-0.536429822445,1.88916671276,-1.31893885136,-1.15756261349,-0.204469367862,0.027099147439
5770,1.29117465019,0.798766732216,-0.00680370442569,0.463768422604,-0.335006415844,0.851898133755
25874,-0.672412395477,0.554966747761,-0.592603862286,-0.126099914312,0.307547330856,0.85543435812
11319,0.397796809673,-0.368933320045,2.11420798302,-0.111728787422,-1.09156858921,-0.376679331064
1153,-0.711422681808,-0.159699991345,-1.56561887264,-0.723870098591,-1.04497766495,0.347160488367
11098,-1.11824607849,0.289266675711,-1.50240290165,-0.615226268768,-0.0581392049789,-0.0565775148571
8974,-0.766620635986,0.144666671753,0.676115274429,-0.0539209544659,0.143239632249,0.942319989204
533,0.394068181515,0.577166736126,-0.266788095236,-1.31638979912,0.152637645602,-0.489782601595
823,-1.61960852146,-0.0252999961376,0.722033798695,-0.366016626358,0.0394601672888,-0.139942660928
6812,-0.919783592224,1.37856674194,-0.903542637825,-0.84483474493,-0.329746097326,-0.494689822197
3693,0.393461853266,0.913966655731,0.221189022064,0.129682704806,-1.89762067795,-0.133537858725
4891,1.20082461834,0.385233342648,-0.367416352034,0.478047847748,-0.340334683657,-0.399190187454
10954,-0.537657856941,0.364733368158,-0.0266368016601,0.0494810342789,0.781606912613,-0.741638600826
5909,0.083456158638,0.255166649818,0.114174194634,-1.67623960972,-0.171658694744,-0.0968084484339
9221,-1.03229761124,0.77826666832,-0.0104086101055,-0.405014067888,-0.864262342453,-1.0025267601
847,-1.08565664291,-0.771933376789,-0.0437942668796,1.99007856846,0.288516879082,0.769616901875
11072,-0.762944042683,0.128666698933,0.214251875877,0.819965422153,0.351870119572,1.22885155678
10221,0.941368579865,0.161800026894,1.02089512348,0.804220914841,-0.141064465046,0.939770698547
7158,0.532528102398,-0.00930005311966,-0.479953825474,-1.45764493942,-1.71071863174,-0.254299730062
8678,0.113522574306,0.601600050926,-0.629486858845,0.287884563208,0.222688823938,-0.182152658701
11014,-0.159368410707,-0.442566663027,-0.515672683716,-0.692004859447,0.772591233253,-1.11697602272
1994,-0.864728271961,0.216399997473,-0.506782650948,0.937948465347,-0.13606262207,-1.1232585907
3482,0.892137646675,-0.389099955559,0.335280150175,0.932140827179,1.3817255497,0.624004662037
25976,0.360231697559,-0.0367000028491,-0.358127087355,0.138584777713,-0.41120994091,-0.507451355457
10491,0.338781774044,0.505400061607,-0.420916736126,0.448521792889,0.403791189194,0.131176263094
51053,0.751027047634,-0.900866687298,0.265081167221,-0.138475432992,-0.50621265173,-0.322076916695
9267,-1.48292458057,-0.0314666628838,-0.509168148041,-0.980397760868,-0.198735699058,-0.419636964798
5547,-0.237326443195,-0.0308333337307,0.528894603252,1.9625377655,-0.111893773079,0.611408174038
6597,-0.288862675428,-0.0399000197649,-0.577441215515,-0.678125321865,-0.356547892094,-0.97373175621
5836,-0.244971096516,-0.359633386135,0.339569091797,0.237607702613,-0.0281880199909,0.441803395748
6118,0.881447076797,-0.904333353043,0.476715445518,0.478108227253,-0.167336851358,0.268174111843
2961,-0.832729816437,-0.203633382916,0.213726073503,0.455155313015,0.170159116387,-0.895416259766
310,-0.153208315372,0.283233344555,0.144121110439,-1.30457079411,0.524972677231,0.474704235792
7296,0.336755990982,0.695199966431,2.1099088192,0.417837440968,2.91640329361,2.07170033455
1429,-0.530595302582,-0.399433344603,-0.457721203566,-1.36103379726,-0.379586905241,-0.582370758057
2548,-1.1714193821,0.349433302879,-0.645696282387,-0.96607196331,0.0306740552187,-0.362156152725
6499,-0.496642619371,-0.37463337183,-0.177243694663,-0.423298418522,-0.0505094975233,0.531235337257
642,-0.748882949352,-0.0624000057578,-0.583366394043,-1.21587014198,-0.408729851246,-0.428016483784
23076,-0.178337305784,0.471066713333,-0.337297618389,-0.898846924305,-1.36353063583,-0.0760920345783
10099,-1.1753423214,0.804633319378,-0.727506816387,-0.0941769331694,-0.377252459526,-0.209385097027
9817,-0.218547180295,0.765233397484,0.521556258202,1.63067293167,3.19517469406,2.61620020866
9126,0.862492084503,-0.0466333329678,1.04289925098,0.704355955124,0.140766426921,-0.0568778663874
3930,-0.759835720062,0.568866670132,0.24155831337,-0.426482737064,-0.393861889839,-1.39243030548
10450,-0.0408016145229,0.170533299446,1.00650990009,0.636909544468,0.0902080535889,-0.323054909706
54386,-0.441748201847,-0.0828333497047,-0.207221105695,0.146325588226,0.961199760437,0.934153795242
664,0.0281099230051,0.502466678619,-0.711643278599,-0.627932667732,0.00406058132648,-0.142968326807
596,0.706245541573,0.18056666851,0.268742978573,0.194191515446,-0.767728626728,-0.338992774487
10180,-0.952776670456,-1.28490006924,0.621885061264,-0.456723451614,-0.769573330879,-0.244374960661
1445,0.490545332432,0.712533354759,-0.640375614166,0.260015726089,-0.57392591238,0.103590525687
230,-0.103872656822,0.507533311844,1.29799699783,0.250646978617,-0.12541154027,0.95132625103
9246,-0.0963503494859,-1.03423333168,-0.153759554029,0.388580948114,-0.430456787348,-0.418402045965
5092,0.402321249247,0.503333330154,-0.0311656277627,0.600867390633,0.355762958527,-1.16843497753
23463,-1.1510591507,-0.583166658878,0.0265071205795,-1.24624323845,-0.291355222464,0.525943338871
10007,-0.613052964211,-0.187799990177,-0.369183719158,-0.563210725784,-0.10775488615,0.735208451748
4925,-0.733795940876,-1.54343342781,-0.0411218516529,0.0379407778382,1.73768556118,1.48206412792
6251,0.588187277317,0.00583334267139,0.209633290768,0.876343011856,-0.0438514351845,0.352783679962
5782,-1.1372500658,0.489366710186,-0.448877692223,-1.0849981308,-0.0378040075302,-1.08332955837
5106,-0.630489468575,-0.0772000029683,1.46292924881,-0.306251823902,2.36189126968,0.407883048058
2673,-1.01318490505,0.35856667161,-0.47194609046,-1.24625182152,2.71997880936,-0.382701873779
644,0.227574959397,0.128466635942,0.823620975018,-0.086154140532,-0.466345667839,-0.600832283497
6284,0.262019574642,0.215599998832,-0.440881848335,-2.29887461662,0.180614262819,-0.472002834082
4605,0.535556077957,0.130766659975,0.481296360493,-0.219600826502,-0.762793600559,-0.272051781416
6810,0.70079177618,-0.596266686916,-0.547147631645,0.0715969502926,-1.09265196323,1.011054039
54499,-1.64324176311,-0.125766664743,-0.33717238903,-0.375810712576,0.0822431147099,-0.852120161057
11007,-0.284181892872,-1.00066661835,0.479273051023,-0.146766096354,-1.18750202656,-0.459152728319
1643,-0.283011853695,-0.783699989319,0.350281149149,0.236969441175,-0.336689978838,-0.0645841658115
25805,-0.789974331856,-0.561133384705,0.360878378153,-0.511484026909,2.0337703228,-0.534169733524
3033,0.126404523849,-0.603166759014,-0.22461245954,-0.61210334301,-2.13228344917,-0.701943993568
2745,1.06275057793,0.877300024033,0.109293922782,-0.268575370312,-0.281838327646,-0.0940587893128
9961,0.421999573708,0.338800013065,1.55439996719,0.821527004242,0.847506046295,0.220048174262
3925,-2.20494437218,0.410066664219,-0.0354837179184,-0.160673215985,-1.23103868961,-0.863202571869
2582,0.141430795193,-0.191400021315,-0.808549582958,-0.0614895969629,-0.354719400406,0.379217594862
5792,0.867177963257,-0.52976667881,0.304353445768,1.15327358246,0.3078776896,0.887440562248
5236,-1.37706410885,-0.336966693401,-0.945048093796,-0.00860707461834,-1.18814539909,-0.357022643089
4016,-0.248006045818,0.200200021267,-0.147543787956,-0.276129990816,-0.714550971985,0.680350542068
4651,-0.0319629311562,0.516333341599,0.120526477695,-0.137381464243,0.623387932777,-1.12661874294
3988,0.104081995785,0.670933365822,0.495037943125,0.312597006559,0.780514955521,1.40942883492
26227,-1.40229201317,1.42019999027,0.346876263618,-0.627116322517,2.44024085999,-0.188120782375
7982,-0.230599761009,-0.815266728401,0.286489397287,-0.129705145955,0.603407859802,-0.948485195637
3551,0.566015958786,-0.856566727161,0.180678322911,-0.58575630188,-0.443036407232,-0.0801815986633
5108,-0.850126802921,0.0579666793346,-0.409834831953,-0.591227352619,-0.591071546078,-0.669565558434
8870,0.351688027382,-1.04726672173,0.309119701385,0.0441066324711,0.0753212869167,0.0179675072432
2195,-1.14155888557,0.623733401299,-0.939994931221,-0.0415688455105,-0.321420997381,0.28642180562
8731,-1.08810281754,0.410233408213,-0.561628460884,0.00367701053619,0.673642992973,-0.651650071144
1956,-0.447338461876,-1.17743349075,-1.07693982124,0.326424777508,0.0370430871844,-0.0486637502909
10276,-0.113960653543,0.156633332372,0.0821562036872,-0.134384319186,-0.849228858948,-0.762574732304
1666,-0.571566700935,-0.531633377075,-0.331517785788,-1.59977936745,-0.166696578264,-0.883175313473
4864,-0.770312011242,0.042700022459,-0.633284926414,-0.382009327412,-0.182993859053,0.524884283543
4232,0.689549148083,0.647300004959,0.000590578012634,0.0193413347006,0.356025993824,1.05015051365
5050,-1.25658607483,-0.321599960327,-0.00293243885972,-0.00306419213302,-0.792572259903,-0.670380890369
813,-0.895739674568,0.232033371925,0.119389392436,0.595439076424,0.471569597721,-0.446508407593
3964,1.77253711224,0.833099961281,0.442603647709,0.315998345613,0.595877885818,1.10819971561
26020,0.425480365753,0.0276333093643,-0.656480908394,0.0742942690849,-0.158228099346,0.918886780739
481,-0.70089161396,0.262066662312,0.0716901049018,-0.335769891739,0.950290501118,-0.760828197002
5019,-1.77414298058,0.485533326864,0.234792366624,-0.771815478802,-0.530523955822,-0.738788127899
291,-0.889377176762,-0.348500013351,-0.44190838933,-1.83992958069,-0.426313698292,-0.0374991744757
10973,-0.462339580059,0.100833326578,-0.924529790878,-1.4415730238,-0.288809359074,1.11864888668
9697,-0.302352786064,0.00939998030663,0.87950861454,0.064826220274,0.50014436245,-0.413893640041
5831,0.697103381157,0.116600014269,-0.273988962173,0.184954598546,2.48031806946,-0.952736377716
8202,0.447125911713,0.63963341713,-0.727069973946,-0.638506412506,-0.247372657061,-0.178848803043
57804,-0.353313535452,-0.125399947166,0.249909222126,0.814552009106,-0.0522339046001,1.40810537338
5566,1.01883840561,0.0630000084639,0.145795822144,-0.229263573885,0.0742593854666,0.172975733876
57149,-1.03299093246,0.301633358002,0.244943827391,-0.37508264184,0.583292007446,0.291728705168
7416,-1.24032902718,0.134100005031,0.984871447086,0.968313992023,0.189839571714,-1.22649931908
10174,-1.14901769161,-0.521733343601,-0.219885319471,-1.41141271591,-1.11218452454,-1.50849866867
6676,-0.0725719109178,1.83323335648,0.178078323603,2.20594978333,1.6263872385,1.11238503456
8884,0.0665164291859,-0.613466739655,0.100056245923,-0.78636854887,0.820418715477,0.996702671051
5997,0.931861996651,-0.0440666973591,-0.026500524953,2.33269143105,1.25319552422,-0.0826291963458
57147,-0.268901318312,1.15866672993,-0.501963794231,-1.39675962925,-0.211867153645,0.127001926303
6909,1.38380968571,1.04473340511,0.574484467506,0.397359490395,0.72983533144,-0.34791880846
9093,0.657058000565,-2.57586669922,-4.55249452591,0.00206128577702,-0.548973977566,0.752076148987
23142,0.303539335728,0.286133348942,0.922577738762,0.899511396885,-1.93074285984,-1.0461268425
8444,0.50838559866,-0.406166702509,-0.737366616726,1.44623625278,-0.0524400733411,0.508569836617
11232,0.783545970917,-0.580266714096,0.597337782383,0.0641877651215,-0.955819487572,0.174961328506
27095,-1.24032723904,-0.0527999997139,1.91963994503,0.696852207184,0.887190341949,0.0756716430187
10732,-1.01561284065,-1.35983335972,-0.316940367222,0.990996658802,1.05913686752,-0.443183749914
23029,-0.434697985649,-2.85083341599,-0.455396950245,-0.655084133148,-0.0362114161253,0.869301140308
9270,-0.121459573507,-0.669466733932,-5.02321577072,-1.26194345951,-0.457780599594,0.357585698366
47,-1.02491724491,0.458366662264,-0.509516179562,0.0635221004486,-0.487772345543,-0.939315795898
5889,0.477641522884,0.0837000012398,0.428704082966,-1.22203087807,-1.21416771412,0.028346195817
8243,2.07018327713,0.260700047016,0.22018507123,1.01775741577,2.68530344963,0.14640314877
10730,-0.250389844179,0.894200026989,0.265952050686,-2.49088215828,0.665450394154,-1.36524069309
30,-1.17380034924,1.3831666708,-0.368761479855,-0.144829124212,-0.318842709064,-0.399172604084
7466,0.346986800432,2.6170668602,2.05009007454,0.637217581272,1.28245306015,0.627176403999
89910,0.738362014294,0.235533341765,1.73713135719,1.19302117825,0.0396499931812,0.279925376177
56654,-0.506933927536,0.209633350372,-1.01953709126,-1.20925438404,-1.05398738384,-2.1568441391
501,0.456209659576,-0.0847666561604,-0.0778871700168,0.0592268370092,-0.38458776474,-0.0176234431565
5438,-1.03460335732,-0.909300088882,-0.101678498089,-0.676990389824,-0.148857146502,1.04721713066
26993,0.387497782707,0.0486999750137,-0.37339964509,1.02043175697,0.624909162521,0.263787746429
55111,0.311710000038,-0.613499999046,0.0216874871403,-0.932009577751,-0.0433619022369,-0.814706981182
8520,-1.83184671402,-0.250833332539,0.810511171818,-0.572302222252,-1.06813430786,0.179478734732
10146,-0.0441938824952,0.463133364916,-1.07042908669,-1.92312991619,0.0185074210167,-0.424781322479
7165,-0.465310394764,-1.73653328419,0.383549869061,-1.05671131611,1.15602493286,0.126423344016
55011,-0.675699472427,-0.510833382607,0.0686099231243,0.254306048155,0.66122841835,0.365654230118
6461,0.98551607132,0.184633344412,-0.0720005333424,0.290049910545,0.18591940403,0.219814568758
10813,-0.76112139225,0.628399968147,0.601207852364,0.899302184582,0.19021140039,0.443780630827
80746,0.181108266115,-0.68440002203,0.248342037201,-0.676913142204,-0.852455973625,0.356790870428
10434,-1.53481018543,-0.219233334064,-0.67753303051,-1.01159214973,0.432253479958,-0.663219690323
5607,2.3415415287,-1.93536674976,-0.370735287666,-0.60741007328,-0.64422082901,0.154039084911
22827,-1.14638292789,0.426800012589,-0.00135491893161,0.0186931695789,0.0520185530186,0.628576278687
51635,-0.0398466959596,-0.461633384228,-0.232669174671,0.534021377563,2.5419459343,-0.358169972897
84159,-0.0605142116547,-0.499533355236,1.14484453201,0.682792127132,0.306951582432,0.192893669009
3508,0.921093702316,1.88350009918,-0.175065875053,0.24838745594,0.574078142643,1.41628789902
84890,-0.731323719025,-0.498600006104,-1.30945622921,-0.455233693123,-0.724136173725,-0.212413281202
79600,-0.978453874588,-1.95006680489,0.212842538953,-0.0919410958886,-1.01265883446,-0.00848825275898
8574,-1.77040827274,0.591166734695,-1.11775064468,0.226287513971,-0.219521164894,-0.679185211658
5529,0.275415152311,-3.45460033417,0.167881757021,0.0181003883481,0.926391601562,-0.0908445194364
3909,0.53092443943,0.478133350611,0.778574585915,0.203936487436,-0.0472336262465,-0.197292208672
9637,-1.19363903999,-0.845766723156,-0.494931042194,0.693246722221,-0.0936788469553,-1.06619477272
8518,0.373288631439,1.733700037,-0.468758404255,1.22861349583,-0.448778897524,0.243566721678
6443,-0.856224536896,0.109533339739,0.0568005591631,0.367891788483,-0.0551448464394,-0.450854659081
58478,-0.38111153245,0.874866783619,-0.486701697111,-1.55735492706,-0.7713316679,-0.815906524658
4850,3.18147587776,-0.0170333534479,-0.263372331858,-0.394557118416,0.213250219822,-0.876395404339
23210,-1.45660090446,0.27406668663,1.39234244823,-0.181850969791,2.32859373093,0.711484611034
54733,0.231968730688,-0.613333404064,0.217191264033,-0.606230854988,-0.0375220477581,-1.1956884861
55129,-0.357276141644,-0.514766693115,-1.11850702763,3.50864481926,-0.379946529865,-0.754882156849
10273,3.36818775395e-05,1.52950012684,-0.00220049242489,-0.00244054291397,-2.96424484253,-0.874581456184
572,-0.391225546598,-2.02790021896,-0.179675728083,-0.415948003531,-1.41465234756,1.14821195602
5716,-1.17407178879,0.0234666466713,-0.456806272268,0.374782413244,0.330885887146,-0.767306149006
22841,-0.751963734627,1.59226679802,0.166608035564,0.654541015625,-0.815658330917,0.0400245785713
2356,-0.295030713081,-1.93413329124,0.495389521122,-0.715073466301,-0.25113299489,0.15885566175
6050,1.13126432896,0.193933352828,0.179380461574,0.6821372509,0.371537059546,0.704174876213
64422,-0.712336361408,0.197066679597,0.76774841547,1.16070342064,0.584512710571,0.303842693567
8837,0.592743873596,0.714133381844,1.50563442707,0.792662322521,0.496983766556,0.322578072548
55127,0.455672681332,0.0848666727543,-0.554683983326,-0.136594355106,1.33748149872,2.46184015274
23335,0.759537816048,-0.838533341885,0.290375709534,0.0915165990591,-0.0440400093794,0.734687149525
10270,0.0391910597682,-0.090266674757,-0.948427200317,0.00245930254459,0.549914002419,0.167866766453
6509,-1.29109704494,1.03546667099,0.190093934536,5.52338790894,5.00098323822,-1.53024923801
83743,-0.142166733742,0.338499993086,0.44132950902,0.559354960918,-1.62089025974,-1.75052785873
6772,0.447761118412,-0.89829993248,0.0741698220372,-0.00296984612942,0.210595875978,0.775427877903
22887,-0.528358399868,-0.183733329177,0.821448028088,-0.473432034254,-0.688259959221,-0.749504089355
51001,0.543903768063,-1.26676666737,0.169097572565,0.464085757732,-0.0905048847198,0.235902875662
26511,-1.19602286816,-0.649200022221,0.240746214986,0.00705876946449,0.207361996174,-1.48221635818
7874,-0.197686314583,0.246100008488,-0.598201155663,-0.558474361897,-0.0570123046637,-0.505138754845
51070,1.00267767906,0.459199994802,-0.407260298729,-0.2364551723,0.0525143742561,-0.677408874035
1738,-0.679185271263,0.303233325481,-3.5843667984,-5.26821947098,4.41493034363,-1.20850193501
3416,0.081173658371,0.0689333230257,1.05923724174,-0.535436868668,0.425449490547,-1.07877933979
9128,0.890796005726,-4.32173347473,0.185925573111,0.525610923767,-0.422810256481,-0.871716022491
9833,-1.03467535973,-0.57316672802,1.04339289665,-0.393960773945,-1.95784115791,1.26025557518
4088,-1.18680095673,0.0400333106518,0.54965698719,0.550224006176,-0.330605685711,-1.3870562315
5018,-2.62825155258,0.682200014591,-0.128460139036,-0.868992447853,-0.407591730356,-0.168864518404
51375,0.521657705307,0.585366725922,-1.26833963394,-0.0356008037925,-0.148914575577,1.43045663834
55038,-0.733989596367,1.96800017357,-0.0439145863056,0.00911179184914,-0.327915072441,-0.144734948874
23061,0.279397308826,0.329700022936,0.0051450394094,0.140968546271,-0.611325860023,0.300239890814
64428,0.718322694302,0.501600027084,0.143161520362,0.915097951889,-0.111505672336,0.684215962887
11325,-0.148098111153,-0.329766690731,-0.825080215931,-1.40021240711,-0.515383124352,0.00603843294084
9641,1.48640322685,2.85686659813,-0.361457109451,-0.154836460948,-0.654699444771,0.199198335409
23038,-0.503237247467,-0.251400023699,0.969836175442,-0.0951729565859,-0.415118575096,1.48211300373
57048,-0.584070801735,0.0730666816235,-0.110789299011,-0.65058016777,0.0491147562861,-0.276269078255
94239,0.591792345047,-0.262199997902,-0.650914251804,0.0665853917599,-0.346116006374,-0.700070261955
51203,0.244917631149,0.412400007248,0.966384589672,0.689666807652,-0.967491865158,0.353672623634
388650,1.02543711662,0.321666657925,-0.396056681871,-0.00793393421918,-0.37544631958,0.749117732048
23039,2.15676426888,-0.0727999806404,-0.433737456799,-1.77718281746,-0.129037290812,-0.310277581215
55179,0.75904071331,-0.535733342171,0.247849330306,0.996137738228,-0.373008340597,0.021096765995
5827,-3.09125900269,-0.15870000422,-0.189428463578,-0.500145018101,-0.277279525995,0.0236718058586
10245,-0.181458130479,-0.186333328485,-0.00125675089657,1.24390733242,-0.417029112577,2.42072868347
6813,1.12835979462,0.132500007749,0.1884354949,-0.591544985771,-0.133000195026,-0.466339081526
3251,-1.39278817177,1.26966679096,-0.336727410555,-1.13613569736,1.45573234558,-0.788333654404
23212,1.73021161556,0.983533322811,0.472618490458,0.586796045303,-1.51306319237,-0.568211913109
23536,0.848308563232,1.72576677799,0.000112632289529,0.02042581141,0.369374394417,-0.450379997492
51282,-0.690645456314,0.154933333397,-0.369683772326,-1.24830389023,-1.93668937683,-0.0643782019615
10227,-2.30228877068,0.0535999834538,-0.721640765667,-1.33506369591,0.532810091972,-0.388760507107
50813,-5.3168797493,0.316700011492,-0.343028277159,0.581773102283,1.25500309467,-0.263336241245
51024,0.939510524273,0.469766706228,-2.40232300758,0.44713228941,-0.140369236469,0.361072480679
53343,0.146330118179,-0.924500048161,0.391867041588,-0.893116831779,-0.206023126841,-0.392273455858
1465,-0.833381175995,0.376466721296,1.93741559982,-0.203618645668,-0.871106982231,-0.269120514393
79006,-0.726045131683,1.0639333725,-0.380121529102,-0.423897087574,-1.26036131382,-1.54544770718
6988,1.54356813431,0.437466681004,0.581855654716,0.387490004301,-0.0833149552345,1.63512694836
11011,1.41553425789,1.18580007553,0.496159702539,0.718066811562,0.678904294968,0.771933436394
23325,-0.805041253567,-3.70486688614,-0.468328505754,-0.87665951252,-1.61549282074,0.451263099909
10049,0.13896279037,-3.61446666718,-4.16550064087,-0.274855881929,-0.480219751596,-0.301729977131
3157,-0.164449721575,0.65440005064,-0.000971208966803,0.000418056937633,-0.00026081094984,-0.000333735632012
200734,1.17983841896,-0.255633354187,0.680310666561,0.965772032738,-0.326464146376,0.438355863094
9053,9.53145217896,-3.58210015297,0.033214494586,2.74523210526,0.522215127945,0.328911364079
79094,0.554998219013,-1.29509997368,0.622442603111,0.115454427898,0.198775321245,1.03291749954
2778,-0.365250319242,0.255666673183,-0.00164623907767,0.00159310561139,-0.767584264278,-0.0637435019016
54881,-0.254506826401,-0.39770001173,-0.114894792438,-1.14198327065,0.257544219494,0.202673956752
54807,0.867131948471,-2.07673335075,1.89515721798,0.677325963974,1.09075629711,0.444677531719
323,2.1861333847,0.392233371735,1.87329387665,-0.0848060846329,-0.527178585529,-0.0506775826216
26001,-5.59313249588,-1.27126669884,-0.563792347908,0.149623319507,-3.61964201927,-4.36776447296
10190,-0.157651633024,-1.78870010376,0.134579733014,-0.108630307019,-4.23110723495,-0.207237437367
9686,-0.503505945206,-2.31466674805,-0.830210447311,-3.66609859467,-0.294797718525,-0.587837576866
54915,3.60068011284,-0.0908333659172,-0.136615112424,-0.322462320328,-0.131949156523,0.421535611153
23658,-1.79247784615,0.338766634464,-1.08798015118,-1.60559356213,-0.564293444157,-1.04069030285
7750,-0.970667898655,0.353100001812,-0.232147827744,-0.768073558807,-0.286149650812,-0.325975060463
79643,-0.644747436047,-1.49803328514,-0.445950567722,-0.503976941109,0.313474208117,-0.479543805122
9488,-0.0568683333695,1.12470006943,-0.197750791907,-0.516605377197,-0.241971135139,0.183066293597
11200,-1.36177206039,-0.036266669631,-0.134905084968,-0.389205902815,-0.12350615859,-0.145430162549
65057,-0.419938325882,0.350066661835,-2.6676595211,-0.624628782272,-0.324530154467,0.229545071721
6832,0.952609419823,-1.21246671677,0.295273929834,0.774656832218,0.356480896473,1.31479597092
23131,1.65575587749,-0.268400013447,0.222819313407,0.810447216034,0.534072160721,-0.490780949593
10776,-1.51324236393,-3.06443357468,-0.810082495213,-0.760822713375,-0.778949320316,-0.637935876846
6253,0.72582000494,-0.234266638756,-0.00747238099575,0.0208649970591,0.346580684185,-0.0321025699377
79716,0.848154067993,0.270466655493,-0.190936148167,0.669835090637,-0.130658000708,0.531506121159
29978,0.178492501378,0.415899991989,0.712309062481,5.55924272537,3.58486938477,-0.118105016649
9988,-0.246037364006,0.607499957085,-1.50425076485,-0.604918420315,-0.270745277405,-1.00164890289
10845,1.01191544533,-0.47663334012,-2.40088748932,0.242389932275,-0.622430145741,0.459684759378
54957,0.121860891581,0.207833349705,1.385658741,0.355109572411,0.156198173761,-0.084937684238
79170,1.19930708408,0.0125666707754,1.2669056654,0.948894619942,0.684904932976,0.618313312531
10610,1.04017388821,5.01203346252,0.863433361053,0.958243906498,-0.315750420094,-0.182608813047
128,-1.6219265461,0.279466688633,-0.189539283514,0.264649957418,0.311879366636,-0.770523250103
51026,-0.206380814314,0.808466732502,0.344614267349,-1.46266269684,0.389614969492,-1.03021717072
5498,2.09876775742,0.0787666514516,-0.957466304302,0.692809820175,-0.640190720558,-0.0683967322111
124583,-1.29525136948,0.489166676998,-1.2710018158,-0.787340164185,-0.345031112432,-0.212239325047
9455,1.28969097137,0.608233332634,0.578126192093,0.235135942698,0.516005754471,0.184370547533
1212,-2.00356602669,0.98290002346,-0.199042052031,-0.0304364115,0.039156422019,-0.364761531353
5255,0.740370392799,0.310900002718,0.920371890068,-0.45003682375,0.929416775703,2.66409277916
9448,0.726053953171,1.9021333456,0.117565840483,-0.414865195751,-0.0315615832806,-0.985813617706
9924,-1.04770207405,0.0626333355904,0.0951107442379,-2.29528450966,0.327642142773,-0.979088485241
5480,-0.900864124298,-4.53653335571,0.280858576298,0.0766295045614,0.636013746262,0.012256577611
1983,-2.00329327583,0.332666695118,-1.23484301567,-0.490589946508,0.363418281078,-0.6354560256
56889,0.731556117535,-0.437400043011,-0.2873454988,-0.539794683456,0.338941156864,-1.23147261143
79080,1.39684152603,0.613133311272,0.748569905758,2.78005671501,-0.165765121579,0.274115562439
9016,-0.293940603733,0.121733337641,0.369381308556,0.479324698448,0.169964417815,-0.452289015055
6915,0.632221341133,-0.301033377647,1.38852071762,1.32098889351,0.0390980839729,0.51106607914
9709,0.0568393841386,0.762933313847,2.27694940567,-0.00165724009275,5.3631439209,0.170847356319
116832,-1.31022906303,0.188433334231,0.811223447323,0.0557152405381,1.0568883419,2.78947377205
670,0.697166204453,-0.754766702652,-0.400997549295,1.21603894234,-0.615435421467,-0.0278945621103
7867,0.0154707357287,-0.17646664381,-0.997725009918,-0.947901964188,-0.941207230091,-1.25237572193
79143,-0.406696289778,-0.26196667552,-0.10453364253,0.842725813389,-0.115183323622,0.357616066933
11284,-0.0647732317448,0.290033340454,-0.283777356148,0.847674190998,1.14942491055,0.406561493874
23443,0.303098917007,-0.649233341217,-0.0731651633978,-0.890889644623,-1.88241505623,-1.36091196537
51599,0.162584334612,-0.0523000210524,0.236848577857,0.991090834141,0.939571559429,0.110954388976
5927,-0.601072907448,0.783600091934,-0.700851082802,2.86457872391,0.698070764542,-0.481445789337
55793,0.470994889736,0.148366674781,-0.647805392742,2.46197271347,0.00782233476639,-0.297306150198
5867,-0.397318542004,2.34166669846,-0.171872794628,2.73409080505,-0.373583197594,-1.15230619907
7866,-0.670606374741,-0.939200103283,-0.315473794937,-0.0610346496105,-0.264076679945,-0.506624758244
25825,-1.00507318974,0.594766736031,0.208391651511,-0.150258973241,-0.181620582938,0.189206078649
4067,0.117023043334,0.178599998355,1.36960959435,0.0493438541889,1.13124406338,0.618214011192
51015,1.59605753422,-0.0577666610479,0.575109899044,0.25051048398,-0.242339268327,0.953409612179
5891,1.32574641705,0.102599993348,0.481258511543,-1.24491679668,0.687587797642,0.450530230999
3300,0.317820191383,0.62203335762,-0.858835697174,-0.388411641121,1.63786506653,0.911124110222
64781,2.16665410995,0.0583333075047,-0.464928030968,-0.872589349747,-0.865843713284,-0.436675786972
51056,0.222849756479,0.0617666691542,-0.066890604794,0.774274289608,-0.095253020525,0.652298629284
8550,0.686256289482,0.401666641235,0.779232978821,0.604366779327,-0.888068199158,-1.84339094162
50810,0.20113119483,3.61226677895,-0.568584382534,-1.30483531952,0.0892423838377,-0.095673032105
23011,1.09424829483,-0.811366736889,1.95973730087,-0.691966772079,-0.393087685108,0.226172074676
11168,-1.76240038872,-1.14779996872,-0.457391083241,-1.05566704273,-0.569109916687,-0.627839624882
1385,0.750886261463,-0.18806669116,0.419988960028,-0.15300963819,0.194859787822,-0.830821871758
10150,-0.675092041492,-0.173966675997,4.32097434998,0.0163950324059,2.04718542099,-0.604864001274
29763,-0.0919889062643,-0.385366678238,0.393023341894,0.817207694054,0.0815389305353,0.384287118912
9112,-0.856063961983,0.541233301163,-0.52187782526,-0.964874863625,0.327419519424,-0.492707073689
23499,0.320387423038,0.45759999752,0.0782272666693,-0.217907294631,0.48967692256,-0.301874756813
85236,0.453037530184,0.459366738796,0.239969104528,0.926238656044,1.64945650101,-3.58239006996
5096,-0.0180218666792,-0.560933351517,-0.424534112215,-0.731432437897,-0.620403707027,-0.425667911768
55620,0.384068906307,-0.195366665721,1.19026935101,0.424974799156,-0.354654192924,-0.287900835276
5373,0.604304134846,-0.0134999752045,0.306060999632,0.277552366257,0.107002094388,0.435956180096
51170,-0.384725928307,0.759100019932,0.0947757139802,-0.203199863434,0.976771473885,-0.0458313301206
54850,0.328227818012,0.636200010777,0.221257865429,0.102832615376,-1.111587286,-2.21859288216
80349,-0.815826892853,-0.381800025702,-1.01337182522,-0.0920501872897,-0.704841732979,-0.0140682086349
355,-0.0286408364773,-0.305900007486,0.81242030859,-0.190912693739,0.461671024561,1.50760257244
1062,-1.01548552513,-0.238900005817,0.461258232594,0.999843597412,-0.200968295336,-0.354458451271
8804,0.842057943344,-0.567500054836,4.56402349472,-0.0976387485862,0.129576832056,-0.928818821907
80758,0.170168370008,-0.679566681385,-1.64978814125,-0.506636381149,-2.06352829933,-0.781287312508
375346,0.467630088329,-0.405099987984,0.671239972115,-0.0967426896095,0.17161411047,-0.301273614168
51385,1.66977787018,0.279166698456,0.161450520158,-0.0327305495739,0.0768431872129,0.236871674657
55748,-0.143117666245,1.18726670742,-0.675518035889,-0.966515660286,-0.762806534767,-0.952427923679
10318,-0.57234865427,-0.0939999967813,-0.202907636762,-0.0895176678896,0.367491304874,1.3260217905
54681,0.00333488732576,-0.341100007296,-0.603344798088,-0.489495873451,-0.0530213192105,0.580657482147
7905,-0.462820887566,0.275499999523,0.397531479597,-0.786683380604,0.653365135193,-0.183342754841
28969,3.35056638718,-0.0745333433151,0.193405002356,0.456469923258,-0.222535684705,-0.879284977913
10668,0.471568584442,0.522266685963,-0.870987534523,-0.973143815994,-0.357440531254,0.869279265404
51005,-0.041421033442,0.250400006771,0.0867356285453,1.12167203426,1.03186440468,-0.706910431385
8800,0.773352146149,1.45723342896,1.18078112602,-0.668370008469,0.526982426643,0.132566556334
54438,0.550026059151,-0.374966681004,0.0370066650212,-0.0795117467642,-0.304097115993,4.45942401886
55825,-0.570705473423,-0.22093334794,-0.309103339911,-0.333973616362,-0.663763403893,-0.287479996681
8835,0.399725854397,0.261633276939,-0.803406238556,-0.416061043739,-0.448883861303,0.292118966579
64429,-1.08736610413,0.171100020409,-0.375318437815,-0.248042806983,-0.300502985716,-0.860773324966
3682,0.371259123087,-0.278133362532,0.0635395795107,0.753985345364,-1.05595231056,0.571949005127
10329,0.276553303003,-0.0501666814089,-0.278849810362,5.51224088669,0.195344373584,-1.04290270805
27109,-1.27199137211,1.52806675434,-0.338565051556,-1.26063871384,-0.322015345097,-0.687560141087
51335,-1.04927170277,-0.314800024033,0.33325868845,-0.120662629604,0.0648566186428,-0.175286740065
3202,1.50722169876,1.01289999485,-0.811868906021,-0.554927647114,0.00594601035118,0.489113509655
2896,-0.595114469528,-0.565433323383,-1.03857302666,-0.104897812009,0.548574090004,0.751873552799
79902,-1.43837356567,0.241866677999,0.582511425018,-0.435601592064,-1.28311645985,0.194804117084
29083,-1.41126990318,0.218833357096,-0.373344808817,-0.71898317337,-0.660758376122,-0.0257685407996
5747,0.749256372452,-0.215233325958,0.359942048788,0.513213515282,-0.232404589653,0.0273694805801
22905,0.806845426559,-0.55953335762,0.644730210304,1.17978096008,-0.744605362415,-0.835645675659
63933,-0.890217065811,0.777200102806,-0.48839238286,-0.734234213829,0.474830150604,0.207418546081
9847,-0.980677068233,0.654566645622,-0.323553204536,-1.07531523705,-1.46596765518,-1.21862053871
51021,-1.30495786667,-3.15170001984,-0.496478319168,-0.465995639563,-0.356297194958,0.558081030846
8996,1.00535106659,0.472033381462,0.643999457359,0.0877527445555,0.00731314718723,0.812995254993
7376,1.22532773018,0.492100030184,2.13797545433,1.94419193268,0.203638270497,1.12009727955
5357,-0.388516575098,0.20463334024,0.414020866156,0.140853151679,-1.11660194397,-1.04316425323
56940,-1.08865380287,0.0694999992847,-0.136121630669,0.928662836552,0.639487624168,-1.19720637798
6195,-1.14050793648,-0.371033340693,-0.819888472557,-0.363846987486,-1.71492910385,-0.367759615183
1633,0.773410797119,0.150766685605,-0.649588048458,-0.47611066699,-0.526964724064,-0.327587813139
23321,0.698283076286,-1.02523338795,0.0277363434434,-0.959772050381,-1.18150138855,-0.694325506687
51160,0.318303048611,-1.13233339787,0.293231725693,0.22241461277,-0.0564609691501,0.00317185744643
55604,-1.24485206604,-0.311800003052,0.444489508867,-1.11814856529,-1.40132164955,0.0183281600475
2063,0.113043546677,0.174166664481,-0.428500175476,0.071373090148,-1.16288435459,0.042104549706
54512,0.00193378329277,3.25733351707,0.55480825901,-0.288308739662,-1.88407349586,-0.309479087591
9124,-1.70297813416,0.248166620731,0.645658731461,1.72733020782,0.709663331509,0.16171836853
79174,-0.182908967137,-0.0572666823864,0.554082930088,0.447246998549,1.11619353294,0.28943747282
23223,0.065279468894,0.398666709661,-0.371779918671,-0.343934804201,-1.55978035927,-0.128824993968
39,0.461782366037,-1.6818999052,-0.37616327405,-1.01255846024,-0.649312257767,-0.0610945373774
57215,-0.0742158144712,-0.416733324528,0.500365138054,1.2645611763,-7.10218381882,0.441347211599
1052,-0.0116924494505,-0.0621999800205,0.775864601135,0.882683873177,-0.166928291321,0.81908851862
23139,-1.32241797447,-0.53696668148,-0.978868126869,-0.458326458931,-1.10143232346,0.298520624638
79947,0.765786528587,0.137033343315,-0.4200694561,0.226334840059,-0.1247690171,0.759002625942
4616,-1.7144215107,-0.56646668911,0.510618269444,-0.879789292812,0.471089303493,0.362304478884
9710,-0.0795605778694,-0.285633325577,-0.564768791199,0.449546933174,-0.364449083805,0.690801918507
6990,-0.647342443466,-0.363766670227,1.30041253567,-0.721460163593,-0.307083666325,-0.393458425999
29082,-0.24098624289,0.492733359337,0.143226236105,-1.65301156044,0.36844855547,-0.491560310125
9670,0.484304904938,-0.157366678119,0.497266054153,1.20273792744,0.0913413465023,0.431237995625
81533,0.910229206085,0.538866639137,1.02428197861,0.755263149738,0.0832136869431,0.809275984764
10525,1.5100928545,0.869600057602,1.14935779572,0.531056821346,0.590014219284,0.780224263668
2353,0.293433576822,0.626766681671,0.490335047245,-0.306740403175,0.31078183651,0.523802399635
57192,-0.70273244381,0.435066670179,-0.109516464174,-0.256929308176,0.546837031841,1.39227080345
3398,-0.32045596838,0.250699996948,-0.316778451204,0.241203188896,-0.140311107039,-0.809715926647
3775,2.59131908417,-0.0761666595936,0.889681279659,1.2538933754,0.446180820465,-0.0544985309243
26064,0.874223232269,0.38573333621,0.361521661282,0.972814440727,0.791504144669,-0.306404292583
29103,-0.0294046401978,0.469799995422,1.42374122143,1.46312057972,-0.176593184471,0.656774997711
3206,-1.40321338177,-1.04293334484,0.487095654011,-1.07990539074,0.414088398218,0.245064496994
1500,0.950644612312,-1.08199989796,0.272340476513,0.997579932213,-0.00298124551773,0.920281529427
7690,0.650558233261,-0.0966666936874,0.832840144634,-0.645670056343,-0.458866149187,1.97392523289
29911,0.0188608169556,-0.0269333422184,-0.469494402409,-0.915025830269,0.109087824821,0.520268976688
2064,-0.514699161053,-0.0577666759491,-0.743651330471,-0.108471080661,-0.727536022663,0.334226250648
65123,-1.00749576092,-0.369366675615,-1.16072487831,-0.443450927734,-0.126846253872,-0.0207131095231
5986,1.08450818062,-3.01736664772,0.170418724418,0.256750524044,0.216424450278,0.797565937042
85377,-0.331039518118,1.41200006008,5.04552745819,0.162317529321,0.305522590876,0.102989040315
9903,1.2620139122,-0.163266658783,0.368606358767,-0.177024364471,0.500189125538,-0.0738562270999
7088,-0.949648857117,-0.150466650724,-0.693548440933,0.673820674419,-0.144086956978,0.1664134413
22796,-0.122917421162,0.733333349228,-0.45414981246,0.960577607155,-0.552075088024,-0.620331704617
51116,0.0865114182234,-0.207466721535,-0.217844128609,0.538245558739,-0.315757244825,1.42210316658
54442,-1.09942793846,0.20300000906,-0.342184573412,-0.465859055519,0.986589193344,0.594989776611
10695,0.343736231327,0.318666636944,0.758565962315,1.6595813036,0.416032731533,-0.615260183811
102,-0.482265949249,0.129100009799,-0.045475974679,-0.108415305614,-0.283629715443,-1.72141516209
965,-0.822998166084,-0.0301333367825,0.159224748611,0.107892930508,-1.03535568714,0.465468049049
3800,-0.58722448349,0.693866729736,-0.724581062794,-0.373749613762,0.542926847935,-0.98452270031
10362,-0.380058318377,0.124533325434,0.21646694839,0.788015961647,0.22990489006,-0.609178245068
5300,-0.0551351308823,-0.104833334684,0.312598884106,-0.210848152637,0.0184959769249,0.676308631897
8270,-0.921926558018,0.28726670146,-0.377517998219,-0.257679879665,-1.16403532028,-0.555433154106
27242,-2.64278888702,-1.43880009651,0.783975958824,1.4989207983,0.150135561824,1.20432817936
9928,-1.65367364883,0.337799936533,-0.0587157309055,-1.14614725113,-0.670581400394,-1.77197468281
1534,-0.347742170095,0.945266723633,0.0875926017761,-0.0206096172333,0.56855660677,-1.22069954872
5654,-0.5177693367,-0.153666675091,0.975404262543,1.73931694031,-0.30721783638,1.96778440475
10810,0.135833919048,-0.0713000297546,-0.0871587768197,-0.923932313919,-0.61845266819,-0.792929470539
7105,-0.211599081755,-0.0526666790247,0.463283151388,-0.79885995388,-0.561038792133,-0.679009020329
23014,1.5449000597,-0.0748000144958,0.978876173496,-0.0392198860645,-0.456849128008,0.209329381585
55012,-0.88678586483,0.252000033855,0.631296217442,-0.676249861717,0.174802899361,-0.198203071952
2887,-0.0028026625514,-0.105666697025,0.587579548359,0.221743524075,1.5764067173,0.214083507657
9183,-1.19757473469,-0.385433346033,0.985702991486,-0.385667711496,0.0513954907656,-0.0216210708022
11151,1.31207036972,0.135833323002,-0.2818146348,-1.42585420609,-0.496188253164,0.0310945510864
7511,-0.601918101311,0.436233341694,-0.523011386395,-1.10534143448,1.07096946239,0.133330255747
10046,5.19960737228,-0.272433340549,0.907436668873,0.160141348839,0.0918261408806,-0.940403997898
1829,2.76051592827,0.328733325005,0.873939931393,0.46437972784,-0.0747891664505,-0.0294650811702
11000,1.58780169487,0.101433336735,1.30418229103,-0.444112420082,0.918038785458,0.713006675243
976,-0.367884546518,-0.143933340907,0.590488672256,-0.145201832056,-0.0802529975772,-0.195412665606
3597,0.82016646862,0.519933342934,0.303136259317,1.65659546852,0.483792543411,1.69450855255
178,0.61878913641,1.9185667038,0.31328779459,1.77611625195,-1.11837232113,-0.938113451004
2625,-0.0565687119961,-0.380199998617,0.310005217791,-0.273654401302,1.03792977333,-1.46196901798
6119,-2.12758350372,-1.30419993401,-0.26693457365,-2.08752655983,0.654195725918,-0.467303514481
26136,-5.03104639053,-0.610766708851,0.279690265656,-0.127323627472,0.307642370462,0.366765737534
6697,1.1164252758,-0.218699991703,0.663386106491,1.16459846497,-0.443257927895,0.433205634356
5971,0.11659707129,-0.221733346581,0.631732642651,0.607307314873,1.23943054676,0.187552332878
22934,-0.133295804262,0.17473334074,-0.82579523325,-0.805934071541,-0.244091272354,-0.630743265152
9289,1.02090167999,0.798566758633,-0.641695976257,0.461939573288,1.29031562805,-0.329756587744
4931,0.966751098633,0.328000038862,-0.212783247232,0.00417108647525,0.102628707886,0.920945703983
4200,-0.431395828724,2.98720002174,-0.36129578948,0.0651941299438,-0.170287489891,0.0861938297749
93594,0.498018860817,2.96143341064,0.258703917265,1.94320702553,0.233407020569,2.27519416809
5982,-1.26269543171,-0.172066658735,-0.0868542194366,0.470358014107,-0.202190279961,0.672878026962
26520,-0.946008205414,-0.275033295155,-0.514943778515,-1.00118112564,-1.97427213192,0.135678008199
4998,0.730260968208,-0.246066689491,-0.169532701373,1.24789452553,0.540049672127,0.517767608166
10038,-1.9354224205,0.492633342743,-0.426696270704,-0.631253242493,0.0147887170315,0.461096763611
60493,-0.320868223906,0.51650005579,0.0562013052404,-1.11042916775,-0.642323374748,-0.406747967005
51495,0.571599602699,0.582766711712,0.26585945487,-1.17556512356,-0.628244280815,-1.43209826946
4482,0.0835590958595,-0.467900037766,1.36993098259,3.16875267029,0.439813792706,-0.818444371223
23224,-0.778027057648,0.573000013828,0.490053743124,-0.705667078495,0.309463560581,0.291624248028
9690,-0.449529737234,0.139933332801,-0.671782612801,-0.780190706253,-0.170355468988,-0.336696892977
80212,-1.12389421463,-1.44146668911,-0.0344815701246,-1.31375551224,0.312076866627,-0.00206078588963
29928,-1.01717960835,0.0528999865055,0.805885672569,2.49701285362,-0.367081165314,-0.768005073071
22809,-1.21655237675,0.0716333389282,-1.05444061756,0.00372728705406,-0.624720573425,-0.29040569067
50814,0.603524625301,-0.452433377504,-0.131837844849,-0.584144830704,-0.980105400085,-0.289660274982
55256,1.15352964401,1.34756672382,0.801651775837,-1.35793817043,0.102848105133,-0.298961937428
56997,-0.986493945122,-0.102866664529,5.04050445557,-1.52686238289,0.894346296787,-0.107259213924
81544,-0.230065047741,-3.4350335598,1.91385614872,0.551589131355,-0.207056522369,0.146463066339
6894,-0.426267445087,-0.892500042915,-0.552504658699,-0.475147068501,-1.81230092049,-0.257931143045
64080,3.16953659058,-0.123266674578,3.99512338638,0.751593708992,1.38603579998,-0.224561810493
55818,0.937556147575,0.119266629219,-0.995506703854,-0.200613155961,0.168125405908,0.362822622061
637,1.46733260155,-0.670966684818,1.24356341362,1.65931534767,0.0471656024456,1.03096985817
22823,0.00780219584703,-0.116733342409,-0.201487019658,-1.25084459782,0.512469410896,0.551954865456
5287,0.511021614075,0.52963334322,-0.362212687731,-0.152604073286,-1.07597303391,-0.332782775164
91137,-0.46385088563,-0.214900031686,-0.483211934566,1.52681386471,-1.25342130661,-0.993060469627
23097,0.130729630589,-0.971100091934,-1.5213714838,-0.784444987774,0.913567483425,-0.856224060059
9851,1.07014632225,0.0257666409016,1.30113315582,1.64865839481,-0.301505506039,-0.332802802324
23522,1.74276602268,-0.259400010109,0.0992112234235,-0.979978203773,-0.285938262939,-0.450201660395
1123,0.32191067934,-1.08936667442,0.870568454266,0.492666363716,0.0177568495274,0.454676508904
5603,0.453515827656,3.12096691132,1.4555939436,-0.689213037491,0.0439140200615,0.312456429005
51569,-1.19434082508,0.577366709709,-0.438429743052,-1.07793402672,-1.56987285614,-0.817559480667
55699,-0.0389308184385,-3.31069993973,0.835997462273,-0.177439302206,-4.76938152313,-1.11853909492
2624,-0.487814426422,0.817766666412,1.12492394447,0.919990181923,0.41908198595,0.0630160421133
8204,-0.2489323318,0.0101333260536,-0.328113138676,-1.51631975174,-0.452860713005,-0.176220536232
9133,-3.26899051666,0.891666710377,-0.470044761896,0.0556520968676,-1.28059494495,-0.605309545994
10921,-0.603350996971,0.34126663208,-0.000532995793037,-8.06857133284e-05,-0.11831459403,0.408482581377
51742,-0.632653832436,-0.876566767693,0.768520712852,0.769279539585,0.788441538811,-0.543152689934
2954,-1.45407629013,-0.0783666968346,-0.0118908975273,0.464804768562,-0.364535868168,-0.670991182327
27244,-0.105581760406,-1.41556668282,0.43881431222,-0.456566780806,0.667878568172,2.18904519081
23013,0.745540082455,0.0581666529179,0.483825206757,1.23311877251,0.158710867167,-0.040863096714
8050,0.669725954533,-1.06616663933,-1.10288846493,0.722503662109,-0.124735444784,0.211342528462
79961,0.614652812481,0.714933335781,1.25037240982,0.672019839287,0.90422219038,0.640668392181
2017,-0.0345529913902,1.30869996548,-0.439764291048,-0.842843294144,-0.551854848862,-0.871864616871
55148,-1.11987447739,-0.65736669302,-0.687836408615,-0.740985870361,-0.983681082726,0.0375483930111
960,0.00767169520259,0.489733338356,0.59530121088,1.05126786232,0.0980024039745,0.576835691929
10451,-0.648355841637,2.05976653099,0.0260007996112,-0.130133867264,0.433221817017,-0.545362651348
57406,0.995183110237,-0.589900016785,0.388363838196,1.0195338726,1.78113341331,0.967465400696
51719,0.155045732856,-0.249900013208,0.233903512359,-0.694620370865,0.659585475922,0.445667296648
7074,-0.542310118675,2.39813351631,-0.436463773251,1.02616810799,-0.619645237923,-0.0787104964256
10059,0.339019775391,0.566300034523,-0.557186484337,-1.20487761497,-0.106726661325,-0.493241399527
51071,0.0358736515045,-0.433433383703,0.301526963711,-0.279503822327,0.301217615604,-2.18402957916
5796,1.05138766766,-0.262266695499,0.0997102707624,0.510024607182,0.018306940794,0.99363720417
55008,-0.879971504211,0.00259999930859,-0.146936461329,1.12762475014,-0.133641064167,-0.482068002224
23597,-1.40053462982,0.462666630745,-0.329572975636,0.136738985777,-0.404453456402,0.607040345669
8869,-0.317234039307,-0.375233352184,-0.415327429771,3.50138163567,-0.217037081718,-0.884123682976
8727,0.0306299030781,0.113133341074,-0.696679115295,-0.459568500519,-0.799874663353,-0.786870479584
63874,-0.259162664413,0.280766695738,-0.666951596737,1.45548427105,4.11827898026,3.60633683205
8821,0.149347484112,-0.0539666712284,0.675004303455,0.403266400099,0.845892906189,-0.686333477497
57178,0.621709287167,0.764966666698,-1.36230957508,-1.93276083469,-0.410575121641,-1.06794595718
5468,-0.0428598821163,-0.0622000023723,-0.556181252003,1.12483930588,-0.131937161088,0.551356732845
10557,-0.482675135136,-0.85763335228,-0.790743410587,0.899921357632,-0.445673674345,-1.20542597771
831,0.722985506058,-0.267066657543,0.673848569393,0.514453172684,-0.513746976852,0.102346137166
9531,0.186790391803,0.431600034237,1.94311702251,2.25125265121,4.16382837296,0.995369851589
2767,-0.445357590914,0.240533322096,1.50173509121,-0.0211815908551,-0.441661506891,0.0188851375133
1861,0.654099941254,-2.68306684494,0.156863003969,-0.128333419561,-0.369540452957,0.595674991608
10165,-0.0773398578167,-0.676066637039,-0.523307085037,-0.347808837891,0.380415707827,-0.458797574043
7106,-0.56611597538,-3.42140030861,-1.07516312599,-0.966761350632,-0.506926417351,-0.635638952255
2908,0.0326664447784,-0.640299975872,1.26738357544,0.163659006357,1.76413655281,-0.177251324058
57761,0.795778751373,0.546833395958,-4.56147003174,0.23347735405,-0.054966211319,0.718371033669
23338,-0.76194614172,0.77009999752,4.76888608932,6.47451400757,0.0152207016945,4.2686009407
7852,1.40060305595,0.785199999809,-0.362367331982,-0.221539139748,-0.482100784779,-1.56118404865
55033,0.11098280549,1.80966663361,-0.722663223743,-0.901129007339,1.309907794,-0.285478234291
57019,0.761001646519,0.247366696596,0.294186860323,-0.654128670692,-0.879664719105,-0.821302771568
91949,-0.890663146973,1.02516674995,-0.174618184566,0.576157271862,-0.0838174521923,0.826014399529
84617,-0.29900187254,-3.26153349876,0.426104813814,0.779753684998,-1.64665710926,-0.0778096020222
25,-1.61859476566,0.683766722679,-0.250685125589,0.451774567366,0.339539051056,1.78238081932
899,-1.30422782898,0.0773333311081,-0.467877328396,0.057001799345,-1.00687777996,-1.02037072182
79850,-0.202709645033,0.177666664124,0.801447510719,2.65854454041,-0.0720137655735,1.011957407
51466,0.594503998756,0.484500050545,-0.48056140542,-0.602614283562,-4.32610034943,-1.74948406219
2852,0.510853588581,-0.201933324337,-0.0227120965719,-0.141450405121,-0.336650550365,0.499785810709
55837,-0.611865997314,-1.32960009575,-0.152592018247,2.43158531189,0.507567048073,-0.376547336578
2131,1.02377009392,0.518733382225,0.305053383112,0.401793241501,0.474539995193,1.04416620731
5427,-1.60147047043,0.396566659212,-0.0146057009697,5.50254535675,1.28940975666,0.36412858963
25966,0.540729284286,-0.286800026894,0.98036134243,-0.277866154909,-1.11386919022,-0.316286504269
55608,-0.341039001942,1.30776667595,-0.24924120307,-0.900762498379,0.329116672277,0.335320681334
1662,-0.215945959091,1.03786671162,-0.568804383278,-0.212433218956,-0.526472151279,-1.36677849293
9702,0.54205685854,0.512966692448,0.0669923350215,-0.195464938879,-0.739236235619,0.416220396757
11031,-0.639387130737,-4.23303365707,-0.0738613307476,-0.358306407928,-1.71651291847,-1.00861728191
10057,0.583068013191,-0.151166662574,0.402395904064,-0.50044798851,0.195846140385,-0.0630614310503
5985,0.400909632444,0.416233330965,-1.93319714069,0.83408665657,-1.08635485172,0.232011646032
3280,1.02192473412,-0.643733382225,0.0557482391596,0.0831881687045,-1.55230915546,0.902502059937
55958,-0.884949147701,-0.380733340979,-0.259745568037,0.667387723923,0.182575047016,0.197547137737
51465,0.79058599472,0.288766652346,1.61607015133,0.603769361973,-0.181528925896,0.468339681625
2542,-1.40101706982,-0.246666669846,-0.706568539143,-0.743319034576,0.525105834007,-0.223609864712
10641,0.486239641905,-0.455633401871,-2.24834561348,0.898398756981,0.948270380497,1.4194508791
11137,-0.63144505024,-0.693833351135,0.0999465584755,0.541889309883,-1.3799186945,-1.14764404297
9842,-0.225581556559,-1.26149988174,0.297024071217,0.563865423203,-0.15062469244,0.375636398792
10493,-0.182149425149,0.994100034237,-0.841476142406,-1.09953975677,-2.61747646332,-0.596487402916
10112,-2.82516336441,0.469799995422,-0.291854023933,1.74882245064,-1.88610303402,-1.48754060268
1001,2.41841387749,0.208933353424,0.332017034292,0.136190503836,0.938108205795,-0.450125038624
23635,-0.0849624723196,2.1642665863,0.186128854752,1.63369774818,-0.455272257328,0.112545594573
29916,-1.69515216351,1.09526669979,-0.522776782513,0.0703491568565,0.81590783596,-0.0812247246504
2810,-0.177382707596,0.825533390045,0.283587753773,-0.775964856148,0.658331513405,-1.06627595425
5993,0.927103638649,0.0976000130177,0.223735526204,-0.414150595665,0.821975231171,0.314553976059
11142,-0.610467731953,-0.834400057793,-0.0416136570275,0.469488024712,0.0304988026619,-0.226486250758
79187,1.05291950703,0.682433366776,1.16983056068,0.42934525013,-0.525781214237,0.28005874157
51382,-0.261367052794,-3.20686674118,-1.13386535645,0.736647188663,0.000406473875046,0.562975168228
8318,0.642493069172,-0.858966648579,0.280164808035,1.24899458885,-1.00571012497,0.786205410957
9695,0.337798178196,-0.303833335638,1.0002310276,-0.682648897171,4.24300384521,0.151445180178
9712,-0.360655486584,0.102566674352,0.759213149548,-0.107196211815,-0.520320773125,-1.05436253548
64943,0.961942970753,0.552366673946,0.522155582905,0.187621548772,0.368104070425,-0.139162659645
9738,-0.691008329391,0.155633330345,-0.894580364227,-1.36509740353,1.13570642471,1.65010476112
6793,1.2495418787,-0.35286667943,-0.0139973945916,-0.371018618345,0.147356122732,-0.208567410707
7358,0.375670105219,0.647666692734,0.300226837397,0.246032804251,2.49799394608,-1.16457080841
58472,0.483945846558,0.429233342409,0.16634324193,0.109816476703,-0.588027775288,0.218518167734
50865,-1.35815596581,-1.43376672268,0.407617747784,0.288755655289,0.186834543943,-0.172270983458
23200,0.59489774704,0.775966703892,-0.0802975147963,1.49555599689,0.195917069912,0.156579524279
51293,-0.250037610531,0.139400005341,-0.203605562449,0.273061066866,0.0440053641796,-1.13293468952
10962,1.04089748859,0.883666753769,-0.207483842969,0.753742754459,1.0511456728,0.140681371093
10153,-0.80777233839,-1.35899996758,-0.220350891352,0.882504105568,-1.90977716446,0.565073311329
874,-0.732420444489,-1.04623329639,0.438059717417,-0.80575710535,-0.0215182602406,0.374849647284
