rid,CPD002_MCF7_24H:BRD-A34309505-001-11-9:10,CPD002_MCF7_6H:BRD-A34309505-001-11-9:10,CPD002_PC3_6H:BRD-A34309505-001-11-9:10,CPD002_PC3_24H:BRD-A34309505-001-11-9:10
5720,-0.0568691156805,-0.301319360733,1.39654314518,0.0310666561127
466,-1.07915878296,0.20837110281,-0.961136519909,-0.36230006814
6009,0.441452264786,-0.665615141392,0.352980196476,0.195699989796
2309,1.66959404945,-0.736568510532,-2.92963886261,0.47613337636
387,0.801843523979,-0.878095030785,0.61415040493,0.137733355165
3553,0.52670198679,0.967288613319,0.0760398134589,-0.308400034904
427,-0.054648399353,0.847077548504,1.3302873373,-0.417266696692
5898,-1.7839205265,-0.548926532269,-1.53438699245,-0.0762666463852
23365,-1.16997408867,-0.076447725296,1.31120467186,-0.372466683388
6657,0.933033943176,1.35015511513,1.22673404217,-0.285299986601
5054,-0.0855068340898,-0.386903345585,0.600502669811,0.0583999976516
3108,0.309176146984,-0.303588151932,0.361083507538,-0.63170003891
1950,0.518405854702,0.447248756886,0.153973087668,-0.0328333228827
351,0.162800699472,-0.660033404827,0.120900481939,0.0700999945402
4846,0.396832495928,0.304128557444,0.620409369469,-1.85236680508
1452,-1.01991319656,-0.122816413641,0.368427276611,0.231799989939
4776,0.200515076518,0.956525325775,1.06529474258,-0.102400012314
6908,0.422367870808,0.495502769947,-3.75076723099,0.0379666686058
672,-0.743409514427,0.549276351929,-1.33516585827,0.795633375645
5710,0.392523348331,-0.868422865868,0.886348724365,-0.423600018024
2115,0.241131156683,0.893328607082,0.865532457829,-0.614766657352
7015,0.801438689232,-0.0647887736559,1.28944146633,-0.0856999754906
8726,-1.10807859898,-1.12496852875,-1.93305158615,-0.37866666913
2185,0.497182071209,1.32869613171,1.18595647812,-0.447133332491
3315,-0.733858466148,0.551536917686,0.0870579481125,-0.516966700554
5289,-0.888254344463,1.45262479782,-1.15279567242,0.50856667757
868,-0.995020508766,-1.82023239136,1.01794266701,-0.216766655445
1677,0.0467345304787,0.57675921917,1.47667121887,-0.709933340549
7043,0.28627794981,0.906121492386,1.09915065765,-0.472566664219
5613,-0.438238143921,1.13113081455,1.6910558939,-0.621333420277
595,0.122911050916,-1.23135650158,-0.416440874338,-0.412800014019
4793,1.43009388447,-0.5819876194,0.427116751671,-0.503366708755
2736,0.939016342163,4.48955869675,1.12783479691,0.56409996748
5290,0.727981746197,0.262335836887,1.0986815691,-0.155033320189
6194,0.963361144066,-0.262408703566,1.21637773514,0.893433392048
1676,-0.236331909895,0.622961103916,0.371823787689,-0.179866671562
23512,-2.4725446701,0.860120296478,-1.58477199078,-0.828700065613
148022,-0.513506710529,2.54369020462,1.12725889683,-0.430633366108
1906,0.436904728413,0.748778581619,1.01138305664,-0.417133331299
8878,-0.658355176449,-0.57305175066,-2.27613162994,-0.336366683245
3091,-1.27186942101,1.12897610664,-0.149087101221,0.0743666887283
5743,0.951022148132,2.57134604454,-0.452469170094,0.162600010633
5321,0.104701563716,1.36790728569,-0.0721490383148,-0.505200028419
4144,0.489785254002,0.597778320312,-1.34690928459,0.512966632843
1981,1.1239554882,-0.684472799301,4.87494802475,-0.390766680241
695,1.63851428032,0.405333608389,-1.0474268198,0.356366693974
10398,-0.209063768387,1.07387363911,1.13403403759,0.669000029564
5708,0.591329932213,0.335229605436,0.331422328949,0.38926666975
1213,-0.602925300598,-0.829028487206,-1.76609766483,-0.178633332253
226,0.16992276907,-0.350447773933,-2.58513689041,0.416400015354
6777,0.450070559978,0.269430726767,-0.682532250881,0.595833361149
2113,0.600354373455,1.17016839981,0.0733043253422,-0.228033363819
3329,-0.150266677141,-1.01903963089,0.388502687216,-0.0393666625023
1050,1.85430014133,-0.551925301552,0.200134932995,0.114966660738
9491,0.938456773758,0.833439946175,-0.0970706343651,-0.364766657352
22926,0.359071880579,-0.681725859642,-0.174524217844,0.0271666646004
5899,0.855624854565,-0.388344496489,-0.481914520264,0.0638999938965
5467,0.280269235373,0.592393040657,-0.167800888419,0.178799986839
6774,-0.85489153862,1.2914866209,0.26331782341,0.162333339453
1788,0.359341800213,0.815842151642,0.757575392723,-0.361599981785
5921,-0.240525871515,1.44183290005,-0.680818915367,0.182300031185
5721,0.665189921856,0.0996892899275,1.43501055241,0.882666707039
2263,0.172353461385,0.81041187048,0.609089136124,0.0559333413839
808,-0.0737767368555,0.107859529555,0.688749313354,-0.0516666918993
30001,1.33185315132,-0.36745685339,0.0765375867486,-0.0483333319426
348,1.62614142895,1.76754140854,0.852266132832,-0.568833351135
30849,0.703697800636,-0.581776082516,3.44259214401,-0.0114666819572
1454,0.983191311359,-0.621245086193,-1.27003908157,0.150866687298
6500,-0.776196718216,3.21066999435,0.795645594597,-0.112733334303
5627,0.346884220839,-0.390923440456,0.224576026201,0.0715333372355
5715,-0.351626843214,-1.54080581665,-0.395007401705,0.215866655111
4791,-0.0216889381409,3.39646720886,7.82883644104,0.522799968719
56924,0.221467792988,-0.106232345104,-1.86042439938,0.697833359241
2690,-0.288387358189,-0.125288814306,3.70284318924,-0.544400036335
1019,-3.17613601685,-0.94057571888,-1.21694052219,0.126866698265
51422,-0.400096327066,-0.983397006989,1.9757335186,0.301800012589
5788,0.848468601704,-0.233183979988,1.54534602165,-0.345533341169
6709,-0.223620682955,-0.446049124002,0.799630880356,0.837066650391
1277,0.625622153282,1.16013145447,0.416482836008,0.579566657543
993,1.17092967033,-2.35104751587,-5.39963817596,0.677633404732
7157,0.0309512615204,-0.408184796572,5.61844396591,-0.576066672802
1958,0.114264696836,4.4143447876,0.646832466125,-0.170633345842
4582,-0.135483413935,-0.65130418539,-0.348475933075,1.69986665249
9212,0.128108367324,2.44643187523,-4.79649496078,-0.107900001109
8440,1.52970767021,-1.42939472198,-0.618860900402,-1.3873667717
6790,0.368512392044,-0.20240829885,-2.99587655067,0.468033313751
8851,-0.320474803448,0.943085968494,1.49789988995,0.205733329058
2534,0.0698541849852,1.54550027847,1.71028625965,-0.489766657352
4893,-1.16301417351,-0.475271940231,0.104080379009,0.126333326101
665,-0.561875879765,-0.614421725273,-0.369516730309,0.428533345461
4313,0.206217885017,1.0003657341,0.306155204773,0.826666653156
1022,0.192452460527,-0.145558640361,-2.68248772621,-0.195033341646
5880,0.356964111328,2.98288178444,0.868161797523,-0.17650000751
3162,-0.722575068474,-0.617549479008,-2.54283738136,0.423733383417
1282,0.335225045681,0.996117651463,0.146878838539,0.0277666673064
3383,0.866989672184,0.251454681158,-0.380088359118,-0.192099988461
727,2.87812399864,0.0864678621292,2.71558952332,0.7296667099
4792,0.545743107796,-1.1302087307,1.92324352264,-0.0621666759253
4794,1.28800225258,0.579286932945,0.973492026329,-0.19063334167
902,-1.14488101006,-0.184322878718,-2.51486158371,-0.455133289099
8091,1.96437859535,0.477533727884,-1.47638130188,0.554966747761
3486,-0.702210009098,0.550875902176,1.53190374374,2.12586665154
10818,0.255604535341,0.881200134754,1.37873268127,-0.271033346653
3454,0.865748882294,0.0926295518875,0.705068826675,0.0247666668147
4282,-0.686244785786,-0.868566334248,0.711182534695,0.221533328295
1605,0.00590596534312,-0.809580028057,-0.676149010658,0.401766717434
10644,1.03860938549,0.410317182541,-2.61865162849,-0.311166703701
2065,-1.88713681698,-0.84349501133,0.0720795243979,-1.08546674252
8321,0.399448335171,0.909299015999,1.47873866558,-0.0250666439533
8503,0.242886289954,1.29818046093,-0.973522722721,0.0777333304286
7027,0.133322775364,-0.180329099298,0.385562360287,-0.649600028992
6850,1.10985076427,0.404808342457,1.58733510971,-0.0179333388805
1978,-1.00491333008,-1.39946508408,0.135621696711,-0.243666678667
896,-0.921184182167,-0.305382192135,0.962117016315,0.180666685104
5777,1.36346435547,-0.210742712021,0.339709371328,0.878800034523
1846,0.624889969826,0.304111719131,-4.19403457642,-0.121600016952
5925,-0.971490442753,0.731263458729,0.872228980064,-0.232133358717
142,1.6029818058,0.710909426212,1.60571575165,-0.00283332169056
1021,-0.267447471619,-0.429821312428,2.625248909,0.0529333502054
5699,-0.211960956454,-0.774626672268,0.430363148451,-0.247333317995
8061,0.580227851868,0.0265876203775,-6.06651544571,0.482466697693
1870,0.259370207787,-0.274865746498,1.25178992748,-0.415066659451
1398,-1.42132747173,-0.719412386417,-2.41797780991,-3.19240021706
3312,-0.424974948168,-0.0990910828114,-3.48399686813,0.477766692638
891,-0.208700507879,0.668987929821,-0.353297293186,0.523166656494
4775,0.152773529291,1.79932487011,0.420573353767,-0.423166662455
5111,-0.339814573526,-0.0194892846048,0.0767453461885,-0.282266646624
5696,1.06733191013,0.568510055542,0.0950339138508,0.315766692162
5588,1.11009764671,-0.0153538882732,2.27284169197,-0.138100013137
6839,0.19225692749,-0.419235885143,0.199341028929,0.747966706753
329,0.458049863577,0.156760692596,-1.42815113068,0.63356667757
5058,0.705700039864,1.04786145687,1.61331260204,0.265166670084
998,1.42936944962,-0.453818827868,0.5914478302,0.343266665936
9134,-0.554679453373,-1.22637331486,-0.717737078667,0.403166651726
6616,1.05697083473,0.0242077652365,0.967330873013,0.407800018787
5223,0.613299489021,-0.652208805084,0.236323162913,0.181200012565
4690,0.575835824013,-0.968079686165,-4.30186891556,0.779966711998
958,0.329694539309,-0.197881132364,0.56640791893,-0.00183334946632
1616,0.699419856071,-0.351756632328,-0.339957803488,0.79166662693
991,0.792469322681,-3.01941084862,-1.03879249096,-0.0745333358645
6347,0.452355980873,0.203114420176,0.2547057271,0.385600030422
6714,0.302019953728,-0.978891968727,-1.19767844677,2.02530026436
652,1.2165004015,-0.576846599579,0.9947655797,-0.077099993825
4331,-0.842214345932,2.40246653557,-1.21614360809,-0.184633329511
7099,-0.0659680068493,1.22195982933,1.20142674446,0.02283333987
10320,1.05883920193,-0.288659214973,1.96229076385,-0.48586666584
2042,-0.578541815281,0.383975088596,2.47872328758,-0.769666731358
843,0.701451957226,1.45409655571,1.10093474388,-0.0963333547115
840,-0.715548396111,0.502050697803,-1.10955893993,-0.434866666794
7048,0.943346679211,0.383437722921,-0.0392429381609,-0.19823333621
4851,-0.533174157143,-0.0807429254055,0.68632131815,-0.201866656542
6464,0.404348492622,0.635739147663,1.39992833138,-0.197733342648
23410,2.56083726883,0.69236010313,1.90626990795,0.250266671181
54205,-0.417324155569,0.792867898941,1.30627250671,-0.619599997997
2770,-0.651286303997,1.21288204193,1.99590981007,-0.50830000639
80204,1.05936932564,0.46835321188,0.559778213501,0.586133360863
4208,0.605692267418,0.641303479671,1.20967388153,0.653366744518
1845,-1.14565515518,-0.952239513397,-0.800434291363,-0.30736669898
23368,0.829533696175,1.73042201996,0.389787554741,-0.167900010943
5583,-0.143528088927,0.377503871918,-0.136814460158,-0.500766694546
8900,0.416582614183,0.348260343075,-2.2777531147,-0.130466669798
581,1.28250026703,0.56723678112,2.17063951492,-0.767433345318
6193,-0.235245764256,0.844824969769,0.279146850109,0.310733377934
6622,0.686643242836,0.564393997192,-0.334719628096,-0.5082000494
11261,0.30130302906,-0.12514321506,0.810171127319,-0.454900026321
6696,-0.130333185196,0.529097437859,0.532534122467,-0.0324000120163
8312,0.522063434124,0.0115879774094,-0.900262236595,0.441799998283
835,2.92001867294,-0.64534497261,-0.917180716991,0.176266670227
8324,-0.25879240036,-0.67014592886,2.02426767349,0.325833320618
1848,-0.357317894697,-0.529579162598,2.98651719093,0.807100057602
154,-0.0909964889288,0.194417789578,-2.95933675766,0.854700028896
4312,0.984543859959,-0.0796080306172,1.64119338989,0.863466739655
994,1.03374874592,-0.527765512466,-3.0751414299,0.455466687679
2048,0.329945445061,0.385173618793,0.481183886528,-0.0754666626453
1111,-0.49560791254,1.23170900345,0.577106714249,-0.726900041103
5154,-0.957705795765,-1.27672386169,-2.07672405243,0.550200045109
2920,0.663896679878,-0.78765130043,2.70553421974,0.127700001001
3122,2.06239795685,2.10668540001,1.75479447842,-0.44933333993
2769,0.201877400279,1.03329837322,0.652557730675,0.174766674638
5900,0.717338323593,-0.0761982798576,0.27631431818,0.187733322382
6304,3.1708445549,-0.390713453293,0.537076175213,0.827166616917
5211,0.378036141396,0.0171065181494,0.353716373444,2.03833341599
2886,0.669706106186,-0.284098207951,0.749293684959,0.41456669569
9261,0.831771552563,0.292280733585,0.683680951595,0.0890999883413
8569,0.35640245676,-0.123658508062,-0.0809883773327,-0.0547333359718
3303,-1.82688438892,0.25220656395,0.721389532089,-0.220599964261
5331,0.830194592476,-0.961657464504,-0.0611789822578,-0.34673333168
5347,0.82798576355,-0.653599321842,-1.56126725674,0.404966682196
4638,-0.9009796381,-0.41237989068,-0.507704138756,3.64230012894
2264,0.198880985379,0.657173812389,1.75376069546,-0.127566665411
1029,-0.0400634557009,0.589608430862,0.898677706718,0.466866672039
1027,-0.662557125092,-0.439520001411,-0.721214532852,0.111700005829
2597,0.117509543896,0.0,-0.000150793261128,-0.144800007343
55847,-1.1661503315,-0.642623484135,-0.131154641509,0.343166679144
25803,0.646910190582,-0.459703147411,0.288317114115,-0.0855666697025
3480,-0.742255926132,-2.30944705009,0.245825856924,0.6019333601
2946,-0.831424832344,0.614902257919,0.0924498140812,1.00049996376
9517,0.486881434917,-0.530734300613,-2.3770737648,0.0835999846458
25987,-0.270802646875,-0.742971897125,-1.08716225624,-0.0911666601896
23670,0.833255767822,0.975375115871,0.0208640918136,0.0881667137146
11182,0.68169760704,0.303961783648,-0.888221383095,-0.917266726494
2146,0.987499296665,-0.956981599331,0.878332972527,0.134900003672
3385,-0.391900986433,-0.269768029451,0.625252008438,-0.159033328295
5261,-1.27807998657,-0.121842928231,0.458713620901,-0.0711666569114
10765,0.377852976322,-0.502861976624,0.609054088593,0.520433366299
25839,0.906456232071,-1.37310779095,-0.194874539971,-0.00973334908485
4172,0.105463728309,0.446268349886,0.319696009159,-0.0935666710138
23161,0.28519231081,-0.679336249828,0.763347864151,0.213266670704
10298,0.682828783989,-1.4642496109,-1.23801875114,0.0690333396196
1802,0.53797519207,0.123592421412,-1.20598781109,-0.360233366489
58533,-0.685573220253,-0.402799487114,-0.403473049402,-0.526499986649
147179,0.883006572723,-0.432195723057,-2.19535064697,-1.26423335075
29937,-0.118089959025,-0.91018140316,0.319464713335,0.424400001764
6184,0.379386901855,-0.550665736198,-0.0150811225176,0.69556671381
9854,1.54302716255,0.931107103825,0.0975721627474,0.274600028992
2553,0.459334373474,-0.0964210480452,-2.33412003517,-0.677233278751
5440,-1.69014763832,0.00733641535044,0.581300258636,-1.82596671581
54623,-0.978973031044,-0.181874752045,0.250104129314,-0.062666669488
9533,0.659845948219,0.0709756910801,-0.670648992062,-0.308133333921
8607,0.0861199200153,-0.34200078249,0.173594236374,0.6617000103
207,1.38580787182,0.0746476054192,-0.337787628174,0.383700013161
26054,-1.68708634377,0.116220772266,-0.473473489285,-0.267366677523
10682,-0.88570690155,0.0947576314211,-1.23300147057,0.200499981642
8573,1.84670114517,2.10099482536,2.59403514862,0.0637333318591
23378,-0.0951660275459,3.27169585228,-1.01984405518,-0.138400018215
8553,0.063804090023,4.46566581726,0.572681128979,-0.13476665318
622,-0.046660900116,-0.910595297813,-1.2160885334,0.43626666069
9467,-1.41882359982,0.0365732908249,-0.374513804913,-0.0761666595936
5525,-0.155782997608,-1.32682347298,-2.12237095833,-0.619033336639
256364,0.440190017223,0.19927662611,0.0643214285374,-0.13366663456
332,-0.925336778164,-0.873943567276,-0.887463450432,0.00263333320618
2058,0.25839394331,-0.119614526629,1.62791836262,-0.42503336072
7849,1.28235507011,-0.326668947935,1.93337655067,0.207133337855
23244,0.508316516876,1.19915354252,-3.32564282417,-0.271466672421
7494,-1.80263757706,0.0892314165831,-0.537728905678,-0.115633331239
4836,0.684628486633,0.510939061642,-3.49243998528,-0.246266677976
23647,-0.278219759464,-1.3867367506,-2.07047247887,0.157433331013
10617,-1.23410058022,-0.0595164000988,2.33213305473,0.0629333332181
2184,-0.843814492226,1.15461361408,0.27325502038,0.157099992037
5355,0.899854183197,0.114751011133,2.21317148209,-0.736233353615
6659,0.571049392223,-0.771141409874,-0.594767212868,0.085933342576
7016,0.442585527897,-0.0924556255341,1.05266594887,-0.180966675282
90861,-0.0471504628658,-0.234445497394,0.611292660236,0.359299987555
10670,0.375224381685,-0.720098614693,0.299773514271,0.100333318114
79071,-0.188665047288,0.243327498436,0.53262513876,0.4198333323
64746,0.985798120499,-0.543326020241,-3.7414958477,-0.918733298779
5366,0.358985602856,1.49895036221,-0.361355543137,-0.672800004482
11344,1.81333351135,-0.935979008675,-0.564683020115,0.859866678715
10013,-0.260709762573,-0.275882214308,1.31330406666,0.579900026321
5829,1.41951918602,-0.0843036472797,-0.873617351055,-0.160400003195
5257,1.53403675556,-0.770155727863,1.39347612858,-0.0976999998093
22794,0.824983537197,-0.417663455009,-4.82115030289,0.352133333683
9761,0.35784894228,0.579558849335,0.404295861721,0.131099998951
23326,-1.81087112427,0.309655696154,-2.67854213715,-2.06180024147
10972,-0.578249335289,-1.03601002693,1.12007904053,-0.20490001142
10523,1.40436017513,-0.99829441309,-0.974456548691,-0.594799995422
79090,1.14355134964,3.13345146179,6.60236883163,-0.0565000027418
27032,-0.659507989883,0.994001567364,2.0012755394,0.116933345795
9097,0.821102917194,0.246618807316,1.07422435284,0.189933344722
10513,-3.6666033268,1.3221039772,-0.497062534094,-1.06966662407
1891,1.00340235233,0.478017747402,0.946287930012,0.113066673279
3066,-0.823194146156,-0.786194324493,0.727457940578,-0.314366668463
9801,-2.12907981873,0.207132026553,0.692523121834,-0.27026668191
1459,1.39231157303,0.438904464245,-0.586722016335,0.278533309698
9703,1.01948237419,0.0157576799393,3.30693101883,-0.073500007391
10606,-1.8179115057,-0.455513894558,0.499216079712,-1.08133351803
1017,-1.75985324383,0.674492418766,0.0861001461744,0.803366661072
9813,0.371051490307,-0.295307159424,0.741317272186,-0.329066723585
7485,-2.33592391014,-0.205199837685,5.36417484283,-0.302100002766
2109,-0.239161849022,-3.17784190178,0.554272711277,-0.555966675282
23271,-0.617307245731,1.11184751987,0.0848830640316,0.133766680956
9915,0.314617604017,0.235793471336,0.256118476391,-0.0192999839783
9552,0.515810489655,0.316257417202,0.590880990028,-0.526033341885
93487,-1.92573356628,1.24250817299,1.5089969635,-0.441266685724
2956,-1.40537452698,0.0663093850017,-1.73715543747,0.58370000124
11065,-0.565376937389,-0.958557248116,-0.0697878450155,-0.538600027561
9653,0.163766488433,3.06530308723,0.952046871185,-0.0244666691869
200081,-0.928066253662,-0.467762947083,-5.4708404541,0.06073333323
3337,-2.52052879333,-0.342406749725,-1.34339678288,-0.454533368349
11073,-0.0782101973891,1.14315664768,1.62893736362,-0.526000082493
23,1.10077524185,0.99789839983,0.622978508472,0.0653666853905
5641,-0.250927776098,0.448070943356,0.289913952351,1.31279993057
8720,-0.741532027721,1.81059229374,0.712884604931,0.870200097561
10782,1.18411719799,-0.800190329552,-0.032297745347,0.368366658688
25932,-1.16704523563,-0.697903037071,0.603168904781,-2.44269990921
3028,0.659678220749,-0.0621197521687,0.509318828583,-0.0705333352089
6804,1.43124711514,-0.293285429478,-1.12834978104,-2.16663336754
890,-0.249394714832,-0.100773759186,-3.00814676285,0.413800001144
6390,-1.59795331955,-0.245603755116,0.374107599258,-0.372333347797
4303,0.0972602814436,0.788720846176,0.774181246758,0.0315000042319
10953,2.34501576424,-0.122172228992,1.56101107597,0.185033336282
22889,0.144242674112,0.385935544968,-1.48556625843,-0.713933348656
3098,0.761911213398,-0.362959951162,-0.759512484074,0.239366680384
11044,0.138051152229,0.390391945839,0.0972553491592,-0.982166647911
8985,-1.18536889553,-1.06747210026,0.100442185998,0.804033279419
66008,0.0901719555259,0.517427921295,-2.0887401104,-0.253033339977
9217,-0.2528039217,-0.830274224281,-2.94529461861,0.995433390141
701,0.785636425018,1.06020879745,0.13666176796,-0.364566624165
6182,-0.172221586108,-0.186846882105,-0.332578927279,-0.214233338833
4860,-0.297725558281,-1.2461771965,-3.84437656403,0.151833325624
7398,-1.99525535107,-0.114650756121,-3.68127346039,0.602766633034
6117,-0.563286304474,-0.729266107082,-0.0574676990509,-0.811233401299
23588,1.37532198429,-0.256888002157,-0.379382431507,0.445833384991
949,1.76131701469,-0.635546565056,-0.385069817305,0.341033369303
7168,-0.792889118195,-0.278780579567,0.626223385334,-0.174500018358
9375,-0.580487787724,0.210612267256,0.731554150581,0.32243335247
4927,0.163742601871,-1.01043570042,0.284555733204,-0.194333344698
2523,0.462173342705,1.35163962841,-0.597891688347,-0.228900015354
58497,0.463151216507,0.44077116251,-0.524175643921,0.330966681242
6856,-0.175860628486,0.479535222054,-0.195473253727,-0.247199982405
26036,0.761205971241,0.157072380185,-1.81174266338,-0.424133360386
10206,0.621414422989,0.448180705309,0.394819259644,-0.128633335233
25793,-0.421335875988,-1.01465785503,-0.701720416546,3.3843665123
55556,-0.070290595293,-0.74373883009,-0.421685636044,0.0374333187938
3978,0.0447008162737,-1.20458269119,-0.576372265816,0.402066707611
10681,0.855801820755,-0.805948197842,0.668100714684,0.264533340931
3638,-1.48055040836,1.02061653137,0.951657056808,-0.540933430195
8349,0.25512996316,1.31661295891,1.15425169468,0.482033342123
6275,-0.693901479244,-0.162951245904,0.437072664499,-0.0537666715682
3895,-0.340027153492,-0.163633137941,-0.0133520960808,0.522000014782
392,1.01342022419,0.666583299637,1.42774033546,0.0541333258152
9170,0.959018111229,-0.479597061872,0.0204834081233,-0.309733331203
80347,0.840862870216,0.382940232754,-0.400127530098,0.796599984169
23300,-0.47499781847,0.854777634144,1.40337514877,-0.0472666919231
836,-0.469997018576,2.15603613853,-0.237838640809,-0.405000001192
11188,1.55146074295,0.162603706121,-0.344761252403,-0.271766722202
10898,0.12501244247,-0.416953921318,0.635810554028,-0.530466675758
9276,1.05802381039,0.405139386654,1.56646668911,-0.41196668148
1647,0.894832730293,-0.284535199404,2.62336397171,0.012966632843
10285,-0.299471974373,0.44031560421,-1.75299859047,-0.517766714096
23386,-1.10107588768,0.795295119286,0.356338024139,-0.410400062799
3156,0.0335090234876,0.839079260826,4.5450797081,-0.0596666671336
10237,-0.207666784525,0.0201246291399,-0.226345509291,0.0507666617632
7077,2.69976663589,0.235616698861,1.47119534016,-0.00543332844973
11157,-0.279244720936,0.521923482418,-0.470343858004,-0.222133308649
22908,0.369911670685,0.141821891069,-0.46172273159,0.443500012159
10915,-0.0530070737004,-0.0161516517401,-1.33264827728,0.225333333015
9897,-0.397418141365,1.48456442356,1.24083077908,-0.733700037003
1759,0.743347764015,-0.478620529175,0.488977134228,-0.0161999985576
54541,0.214129716158,-0.184935674071,-0.0299325436354,0.113066703081
211,-0.593479752541,1.39117097855,-0.711160063744,-0.39036667347
5048,0.625693321228,1.87204813957,0.677710235119,-0.366233348846
84722,0.453861355782,1.56780564785,0.352812439203,-0.317066699266
29890,0.341757059097,-0.0861305817962,0.0683196485043,-0.317466676235
9868,-0.589407742023,-0.170010700822,-0.524331092834,-0.149433329701
873,1.2618188858,-1.45117330551,-0.602810204029,0.301433354616
5580,-0.0719089359045,-0.753809213638,0.787815690041,0.307266682386
3725,1.03275060654,0.194572389126,0.100591517985,-0.148700013757
23585,-1.51089692116,0.0577223747969,0.638482689857,-0.633633315563
51097,-1.23863315582,-0.788107216358,0.762747585773,-1.22176671028
1831,-1.13094806671,-0.927595078945,-0.102076262236,-0.867599964142
7020,0.532342433929,0.049844533205,0.54890280962,-0.246533334255
55893,0.28835529089,-0.222027957439,-0.00521218776703,-0.1657666713
6944,-0.755628824234,0.846994876862,0.503090262413,-0.114733330905
22883,1.13119399548,-0.105871260166,-1.31968748569,0.326766639948
5601,0.741260945797,1.44069981575,1.09687435627,0.118000000715
10775,1.27918708324,0.296423107386,0.352183640003,0.378100007772
4780,0.333074867725,0.49465918541,-0.372895210981,0.28330001235
10904,0.574268698692,1.1451433897,-4.39719247818,-0.0744000226259
9917,1.74494838715,1.85359871387,0.921154916286,0.702933371067
1399,1.19442331791,-0.0601526498795,-0.107129693031,0.214100003242
24149,1.02086281776,0.591474890709,2.58590364456,0.38056665659
2222,0.546622395515,-0.208151608706,2.62600684166,0.85913336277
10131,1.52007520199,-1.062682271,0.426774442196,-0.379766702652
2958,0.481590211391,0.583866000175,1.0636985302,-0.566933393478
9650,-1.16224956512,-0.349839776754,-0.806931138039,-0.74640005827
7319,0.682090103626,0.724424183369,0.69618833065,-0.314466685057
4817,0.665538787842,0.910790979862,0.514700591564,-0.116333320737
9143,2.38511657715,1.24335455894,1.09760284424,0.712400019169
10494,1.3686504364,1.0324511528,1.55317533016,-0.422666698694
55324,-3.83809566498,-0.710747122765,-3.90509748459,-0.137633338571
23149,-0.612975299358,0.0270259380341,-0.105974696577,0.560966670513
9943,-1.00596106052,2.50386929512,-1.63119471073,-1.57303333282
6599,1.20609855652,0.806492686272,-0.859954476357,1.0312666893
51031,0.739318490028,0.78253942728,-0.359652906656,-0.0283333286643
3566,0.867670297623,-0.254983663559,0.484638690948,-0.00789999961853
3815,0.862510681152,3.81967687607,1.2930059433,-0.380933344364
8624,-1.02036106586,-0.553878426552,-1.08157718182,-1.00166666508
27346,0.00848246738315,-2.03222227097,-1.92714393139,0.416733324528
10489,1.02958989143,1.63986063004,-0.454341262579,0.336700022221
26128,-0.277468711138,0.154772028327,-1.039904356,0.225066676736
79921,-2.05467033386,-0.461487263441,0.703685879707,-0.261433362961
55746,-0.3608764112,-1.06644654274,-0.419189333916,-0.265433341265
23636,-0.964945614338,-1.624325037,-1.54589879513,-0.133200004697
10892,0.374350726604,6.44374036789,-0.898615121841,0.0156666636467
10652,-0.002595923841,-1.23426663876,0.179692685604,0.17213332653
11004,-1.6900049448,-0.425381541252,-3.49142599106,0.421566694975
23530,0.0259840786457,3.1049478054,3.49422931671,-0.51130002737
8826,0.698412299156,0.922287881374,-0.261723548174,0.0809000059962
3308,0.498696655035,0.0571495033801,0.465583086014,0.209300011396
7153,-3.20832419395,0.00377576798201,-0.438085705042,-1.48333334923
11041,0.667121052742,-0.781903922558,-0.0275305360556,0.111066669226
6342,0.173753961921,-0.464339643717,0.828103899956,-0.139533340931
5883,0.895294427872,-0.301574736834,-1.55080378056,-0.273566663265
10589,1.16265821457,-0.9122184515,-0.223022058606,0.238966673613
5110,-1.83254957199,-1.16062760353,-1.80748748779,0.0470666736364
4609,-0.0975033417344,-1.30619192123,0.158299013972,-1.00540006161
5423,0.244759768248,0.43083947897,-0.300499111414,0.150333330035
1070,-1.68854618073,0.486973255873,0.212275117636,-0.414166688919
10051,-0.668886125088,0.162609905005,-0.0426508784294,0.104233339429
6603,0.504770159721,-0.236951589584,3.12294626236,-0.66196668148
9019,-2.23167252541,-0.541052103043,-0.650606989861,-1.15416669846
10969,-3.63586711884,-0.940813541412,1.07534217834,-0.5882999897
9797,-1.09842336178,1.56875836849,5.60250139236,0.287000000477
4043,0.879741549492,-0.831774175167,0.217375695705,-0.269199997187
9519,0.193675681949,0.014095172286,0.399553149939,0.150866657495
8480,0.977395474911,-0.18856087327,-2.86785793304,-0.274699985981
983,-0.916024029255,0.176396250725,-2.00496435165,-0.484066694975
10559,1.55734717846,0.844961047173,0.362874299288,0.592400074005
8508,-0.902379691601,-1.0344568491,0.792757928371,0.371700018644
9275,-1.1195127964,-0.711247563362,-1.82288515568,0.893266677856
8914,1.3994333744,-0.936111330986,1.13673222065,-0.335833311081
54505,0.0721381530166,1.43487465382,1.06205689907,-0.0959666967392
6919,1.35574674606,1.83761930466,1.38047623634,0.0215333364904
2274,-0.33733189106,-0.44470345974,-7.6504907608,1.23979997635
2288,-0.937245905399,0.000253997801337,0.1813287884,0.124966666102
7994,-0.0528190881014,0.08562079072,-2.31816840172,-0.102899998426
4216,0.645251750946,0.252546072006,-2.88081645966,0.181600004435
7538,0.31438177824,0.795810580254,3.2510664463,-0.568533360958
3628,0.165718048811,-0.358804881573,-1.56850707531,0.633199989796
2037,-1.99391055107,-0.553171873093,1.67489802837,-0.575800061226
2771,1.28091096878,-0.72266048193,0.754627168179,0.550033330917
7264,-1.13221013546,-0.497423261404,0.56623852253,0.190133348107
1786,0.627642452717,0.653848052025,0.197100609541,-0.105933323503
5873,1.00932848454,0.865492403507,1.85558640957,-0.0143000073731
780,0.452226400375,-0.749211907387,0.469590872526,0.0353333353996
9926,0.165799081326,0.0273666828871,-0.684033155441,0.0807999968529
8446,-1.77351951599,1.12051582336,-0.472428321838,0.151699990034
7159,0.0346702337265,-0.595976173878,-3.19528985023,0.0371333286166
1026,-0.82117587328,0.458617866039,4.39816379547,3.41686677933
7082,0.948632419109,-0.976377248764,-0.883778572083,-0.543099999428
10058,-0.346032977104,-0.134722203016,0.0564566627145,-0.916366636753
10797,-2.88573241234,-1.08326339722,-0.548966228962,-0.244999989867
11230,-0.203986033797,-0.870117783546,0.166089236736,0.0770999789238
30836,-0.852070808411,0.0811324119568,-1.10086643696,-0.328099966049
27336,0.328246116638,1.51070773602,0.98883742094,-0.0280999988317
9918,1.00215280056,0.613169550896,0.638748705387,0.129166692495
79073,1.55905604362,-0.48346889019,1.74855422974,-0.0382333695889
9688,-0.129130601883,2.21213006973,0.0479026548564,1.06140005589
23659,0.646611332893,-0.394605249166,-0.352556765079,0.675733327866
8396,0.297482907772,2.39639544487,-0.195838645101,0.488900065422
23077,0.846859097481,1.34992027283,0.0526137650013,0.126433312893
10857,0.116627007723,-0.664695739746,1.46716654301,-0.156366661191
16,-0.911510765553,-0.205350667238,0.328342020512,0.336566656828
2817,3.12982463837,0.960834026337,0.554384112358,0.297233343124
60528,1.02731442451,-1.34099924564,0.0980853438377,0.373166680336
5359,0.329427033663,7.37459135056,7.55614900589,0.138166666031
1514,-1.23639535904,-0.596332788467,0.524193882942,-0.250366657972
1509,0.998783349991,-0.731032133102,0.979359984398,0.0974666774273
9181,0.101491160691,0.749196827412,-0.466711908579,-0.277700006962
3611,0.405764698982,-1.19273173809,0.083733767271,-0.895299971104
4783,-0.863911271095,-0.0606911033392,2.0034673214,-0.0479999929667
10123,0.321451604366,0.608087658882,0.221315428615,-0.242933362722
8895,-1.74429917336,0.0655404850841,1.05977058411,-0.382633328438
9805,0.663756251335,-0.210424482822,1.55673205853,-0.777933359146
4125,-0.0540197193623,-0.858681976795,0.472675949335,-0.180633336306
1635,0.934150218964,0.288262546062,2.03515410423,0.31833332777
4154,-0.29193508625,1.15926218033,-0.0784378051758,0.176700025797
26292,-0.717223465443,-0.679147541523,0.544242858887,-0.594900012016
5770,-1.05649328232,1.3605543375,0.402766317129,-0.404833346605
25874,-0.163363263011,-0.446608841419,0.818720221519,0.0571000427008
11319,0.585419595242,0.790848135948,-0.395483493805,-0.847800016403
1153,-0.258683025837,0.0290163457394,0.190994784236,0.614900052547
11098,-0.781700849533,-0.98416686058,0.436575829983,0.0518666580319
8974,-0.00761988759041,-0.327624082565,-0.751849651337,0.612533330917
533,-0.940529346466,-0.371003419161,1.17600941658,0.013400003314
823,0.577690839767,-0.68627679348,0.292145997286,0.712599992752
6812,-0.793501079082,4.43548345566,-0.604063034058,-0.169833362103
3693,-0.125507265329,-0.00282973051071,0.0781418532133,-0.592100024223
4891,0.59062731266,-0.943571746349,0.402633666992,0.00400000065565
10954,-0.275825500488,-0.30653077364,-1.37002360821,0.326799988747
5909,0.639821588993,-0.111969873309,-0.172860532999,-0.291566669941
9221,0.561559677124,-0.180667981505,0.11275807023,-0.0226000156254
847,-0.0684697702527,0.374271988869,0.848252177238,-0.474933356047
11072,0.94789993763,-0.557565569878,-0.323728144169,0.634700000286
10221,-0.0566040575504,0.95356553793,1.60337126255,-0.636333405972
7158,0.554245829582,1.06550776958,-0.137882739305,0.623866677284
8678,-0.615674138069,-0.866758942604,0.122962653637,-0.700366675854
11014,-1.46577703953,-0.580020129681,0.708616137505,-0.384066700935
1994,0.787106513977,1.41213428974,0.166936516762,0.00333335995674
3482,1.39082288742,1.59360861778,1.66451883316,-0.326866656542
25976,0.788978040218,0.732829093933,-2.72065210342,0.134700000286
10491,0.406549364328,0.205109477043,0.541220068932,-0.0745333135128
51053,-1.11522614956,-0.0366056710482,-1.40654182434,-1.10000002384
9267,-0.39490583539,0.230638608336,-1.3909239769,-0.373066663742
5547,0.474145293236,-0.161271512508,0.844351530075,0.512600004673
6597,0.575818657875,-0.300012409687,-0.321620881557,0.0921333581209
5836,0.576896250248,0.23823389411,1.16025686264,0.202966660261
6118,0.664389967918,-0.261979669333,0.275284826756,0.64509999752
2961,0.394917696714,0.394206374884,0.985875368118,0.00626665353775
310,-0.950547516346,-0.0853476896882,0.307881623507,-0.571733355522
7296,-1.03917086124,-0.783789813519,-1.88272738457,0.484033346176
1429,-1.53676640987,-0.71164470911,1.30242669582,-0.559666693211
2548,-1.58184015751,-1.64722764492,1.63155412674,-0.217133298516
6499,0.407354205847,-0.637165427208,0.274439752102,-0.480199962854
642,-1.0915709734,0.521586954594,-1.42744553089,-0.376600027084
23076,-1.63115131855,-0.928896188736,-4.1939907074,-0.309599995613
10099,-0.138916313648,-0.530215978622,1.12940752506,0.00296666566283
9817,0.367000341415,-0.283207595348,-5.5005235672,0.934466660023
9126,0.274796754122,0.586263775826,1.40347266197,-0.459566682577
3930,-0.174961730838,-0.689871907234,-0.916161954403,-0.382433354855
10450,0.0369855463505,-0.423940718174,-0.55999982357,0.558566689491
54386,0.633238196373,-0.412842571735,-0.478904902935,0.957233309746
664,-0.438190370798,-0.166821360588,-0.0940982401371,-0.270333349705
596,0.388224303722,0.770789027214,1.15693151951,-0.285933345556
10180,0.907210111618,-1.02535247803,-1.53456628323,0.575999975204
1445,-0.10841229558,-0.475063025951,-0.585730552673,0.931433320045
230,0.343982070684,-0.334550738335,2.39442944527,1.22243332863
9246,0.71030330658,-0.186288282275,0.179877504706,-0.275066703558
5092,0.684271395206,-0.385055243969,0.3915797472,0.41833332181
23463,1.33572661877,-0.90230345726,0.96619284153,0.497633337975
10007,-0.207457244396,0.924473285675,1.9899418354,0.339833348989
4925,-0.19082903862,0.623176574707,2.10397744179,0.0674333423376
6251,-0.0512813180685,1.57083261013,1.64232981205,-0.305733323097
5782,-0.375567793846,-0.0410157032311,-2.7870349884,0.0319000184536
5106,-0.790056347847,-0.201317131519,0.703042447567,-0.0394666641951
2673,-0.519625127316,0.415784657001,0.110351502895,0.517933368683
644,1.3462471962,-0.144166320562,-0.27420592308,0.122399993241
6284,-2.2337436676,0.769163966179,1.22337341309,-1.7704000473
4605,0.13426810503,-0.0795891731977,-0.10629530251,0.263766676188
6810,0.60584717989,0.282485336065,0.333770275116,0.536800026894
54499,0.5925796628,0.13641153276,0.338511645794,-0.0402333363891
11007,0.987929940224,-0.242255955935,0.747949898243,0.10649998486
1643,-1.33999919891,-0.527444124222,0.0619857907295,0.15676663816
25805,-1.44599568844,-0.656205415726,1.58232831955,0.111633345485
3033,-0.241572022438,0.75068128109,1.28828430176,1.08093333244
2745,0.705765902996,0.447716712952,0.394146174192,0.469733327627
9961,1.43901586533,-0.46391493082,1.15532445908,0.62340003252
3925,-0.12005110085,0.431581944227,1.23865246773,0.118266701698
2582,0.835402190685,-0.451032966375,0.857450842857,0.731200039387
5792,0.352380603552,0.312159597874,0.0882588624954,-0.213466674089
5236,0.871347486973,0.47949975729,0.0742425173521,-0.07266664505
4016,-0.139015182853,-0.763550519943,0.351819723845,0.682633340359
4651,1.183349967,-0.216150328517,1.21488308907,-0.757566690445
3988,-1.13501322269,0.189752668142,-0.0472995117307,-0.211366668344
26227,-0.118508890271,-1.14499294758,0.0685371756554,-0.380966693163
7982,1.16325843334,1.09192276001,-0.101844199002,0.383699983358
3551,0.399731695652,0.0501084700227,-0.182109326124,0.548933386803
5108,-1.13793456554,0.0652700439095,-0.919312417507,-1.49011611938e-08
8870,0.873004198074,-0.425337076187,1.0130777359,0.253100007772
2195,0.796538293362,-0.378449708223,-0.327963143587,-0.520933330059
8731,-0.526012778282,-0.77186101675,-4.20676231384,0.873000025749
1956,-0.336752295494,0.0414491146803,-1.02036273479,-0.428533375263
10276,-0.446788012981,0.633483946323,3.9228117466,-0.151266664267
1666,-0.644694924355,0.376328736544,0.451088666916,-0.17053334415
4864,-2.69899487495,1.36640739441,-0.459993630648,-1.804433465
4232,-0.151966184378,0.660649776459,0.449229717255,-0.0136666595936
5050,0.747864663601,-0.862785875797,1.29340398312,-1.35993337631
813,0.963201642036,0.0754835307598,0.524420380592,-0.0866333320737
3964,0.0439094752073,1.71378338337,0.681142866611,-0.784700036049
26020,0.328106552362,-0.994019389153,-0.327456712723,0.886266708374
481,1.09832251072,-0.542799890041,-5.5272808075,-0.0653999894857
5019,-2.66502285004,0.536483824253,3.01463007927,-0.509366691113
291,-3.40751338005,0.213481128216,0.497919499874,-1.77300000191
10973,-0.0711559355259,-0.431361854076,-1.08945286274,0.474800020456
9697,1.56773746014,-0.580193758011,-2.36561703682,-0.363266676664
5831,-0.17037294805,0.521485328674,-0.484976321459,-0.24036668241
8202,-1.06507444382,-0.779843091965,-2.00442790985,-0.781533360481
57804,0.350988149643,0.200597077608,1.02291715145,0.639266729355
5566,1.17653214931,1.40721428394,1.54458761215,0.0852333381772
57149,-0.621840119362,-0.615649223328,0.10721681267,0.752966701984
7416,0.448468744755,0.990694880486,-0.210495173931,-0.117200016975
10174,-1.12753212452,-0.366328388453,-0.346322953701,1.11946666241
6676,1.90947699547,0.405079096556,1.68770289421,0.210466653109
8884,0.434570938349,0.109564341605,-0.396484136581,0.327533364296
5997,2.62425327301,0.24639120698,1.11540019512,0.329666674137
57147,-0.662113308907,0.460418790579,0.744625926018,-0.139466673136
6909,-0.714544594288,-0.376280397177,1.06991124153,0.443133354187
9093,-0.187862724066,0.0,0.0521851293743,0.288000017405
23142,-0.103263139725,0.700621604919,-1.04948699474,-3.84733343124
8444,0.362875699997,1.78442311287,1.94551515579,-0.00909999012947
11232,-0.466531008482,-3.46678495407,-3.38924956322,-1.26420009136
27095,0.845461606979,-0.722839593887,-0.307820022106,-0.122299984097
10732,-0.349534332752,-0.0646465867758,1.35666120052,0.0700666680932
23029,-0.104278340936,-0.620213091373,-0.906738877296,0.384700000286
9270,0.15257281065,-0.668071568012,0.787134408951,0.654166698456
47,0.590860068798,-0.586206018925,-1.06908237934,-0.278500020504
5889,1.19121813774,0.402311891317,1.17948770523,0.424033343792
8243,0.0183438956738,0.658979058266,0.710796535015,-1.4986332655
10730,2.86345934868,3.72903752327,1.56575250626,3.62326693535
30,1.88442468643,0.290651589632,-0.531761288643,0.160133332014
7466,1.12412285805,0.0345167182386,0.367419660091,1.66466665268
89910,-1.64042747021,1.55107402802,-0.913760721684,-0.0861666500568
56654,-0.302308678627,-1.26426196098,1.29722893238,-0.134300023317
501,-0.82996070385,0.426528155804,0.997608602047,-0.0452000014484
5438,0.501257896423,-0.176577106118,0.833222150803,0.689200043678
26993,0.920713841915,0.571335911751,0.188803732395,0.747666716576
55111,0.938390016556,-0.589680314064,0.411977678537,-0.294233322144
8520,-1.02665698528,0.72092217207,0.365781933069,-0.0819333419204
10146,-0.81764703989,1.1894967556,-0.777111887932,-3.85733366013
7165,1.3142374754,1.80342078209,0.977162003517,0.340633362532
55011,0.979724347591,0.0184955820441,1.80576324463,0.219866663218
6461,0.274940788746,0.767855763435,0.966160714626,0.0297333337367
10813,0.332225739956,-0.972785770893,0.690192162991,0.451800048351
80746,-0.0856260210276,0.75402033329,-1.8842959404,-0.210366681218
10434,-2.60729932785,-1.06874513626,0.468575656414,-0.0620000064373
5607,1.59883189201,1.46217429638,0.799170076847,1.08376669884
22827,0.83398360014,-1.01947081089,-0.302189707756,0.648866653442
51635,0.0231574773788,0.591219902039,1.6760661602,0.0624333322048
84159,0.415768265724,-0.601205945015,-0.0988306179643,0.357833385468
3508,0.387130141258,1.18818175793,0.904071211815,-0.310899972916
84890,-0.710972011089,-0.618987441063,2.83611488342,0.443700045347
79600,0.640638172626,0.52566576004,1.92543160915,0.124166667461
8574,0.20942991972,-3.39113759995,-1.78101122379,-0.0357666313648
5529,-0.448526352644,-3.29442429543,-1.04985940456,-3.96516680717
3909,1.9537987709,-0.425399005413,1.59396493435,0.302466660738
9637,-0.84344792366,-0.48936933279,1.18216121197,-0.082633331418
8518,0.418237805367,-0.656477451324,0.85304415226,-0.579166710377
6443,2.44795250893,-0.566866517067,3.09870362282,0.317066669464
58478,-1.0862224102,-0.991290807724,0.678029119968,-0.242566674948
4850,1.3663340807,-0.448536604643,-2.87568545341,0.828999996185
23210,-0.0611001551151,-0.458381801844,-7.49808692932,0.039400011301
54733,1.39840614796,0.745493590832,-3.84243941307,-0.582900047302
55129,-0.469185173512,-0.628020405769,2.41284775734,0.813700079918
10273,-0.51865953207,-2.68047308922,-1.50679087639,0.586033344269
572,-1.54743945599,-0.347462654114,0.123949795961,-0.0597666651011
5716,-0.670369386673,-0.30611628294,1.28539264202,-0.1535333395
22841,0.975501358509,0.0530040040612,-0.900046229362,0.732033312321
2356,1.29962205887,-0.296595931053,-2.15218830109,0.681400060654
6050,1.5025151968,-1.19343209267,-1.88118243217,0.291633367538
64422,0.0373641103506,-0.308114469051,0.822661757469,0.166666671634
8837,2.4376502037,0.0285455882549,1.27878046036,-0.11086666584
55127,-0.793614864349,0.492293447256,-0.0300393104553,0.465799987316
23335,0.601075530052,0.55316734314,-0.0199714899063,-0.16249999404
10270,0.789496243,0.178797960281,-0.344213604927,-0.0661000013351
6509,1.09349358082,-0.0476252138615,0.507956326008,-0.279699981213
83743,-1.97012984753,0.215230107307,-0.754764854908,0.735599994659
6772,0.105938650668,0.344387412071,2.49152827263,-0.130466669798
22887,-0.837686777115,0.601243019104,-4.32979726791,0.263099998236
51001,0.138050362468,0.918261408806,-0.398421555758,0.225033342838
26511,0.0307150036097,0.433512151241,-2.9829325676,0.959933340549
7874,-0.714888691902,-0.896695017815,-2.73602342606,0.300866693258
51070,-1.23708367348,-0.295415967703,0.24526488781,0.416999995708
1738,-3.32091832161,0.134437501431,0.527145981789,-1.99573326111
3416,0.00846627354622,-0.229878634214,4.54201698303,0.472933351994
9128,-2.10110235214,-3.06736850739,-0.888641238213,0.358566641808
9833,-0.799238681793,0.0978119969368,-0.205808982253,0.956433296204
4088,-0.959928631783,-1.0183775425,-2.01225733757,-0.174933344126
5018,-0.502852916718,-0.747866988182,-0.03226159513,-0.560433387756
51375,0.251886516809,-0.609037637711,-3.46118450165,-0.418966650963
55038,2.10386896133,-0.648964285851,-2.53912067413,-0.129833325744
23061,-0.201681047678,0.378434181213,0.49253565073,0.250433325768
64428,0.640351593494,-0.0742363855243,0.224257320166,-0.157333344221
11325,-1.2713367939,0.0654308050871,-1.31557297707,-0.439766675234
9641,1.44325733185,-0.210691362619,-0.45505258441,0.194933339953
23038,1.50048851967,0.548001646996,-0.157734826207,0.748600065708
57048,2.94752383232,-0.378845095634,-0.52281743288,0.935066819191
94239,0.792719125748,-0.170834988356,0.312571078539,-0.260366678238
51203,0.20922678709,-1.2274466753,-0.846867024899,-0.646466732025
388650,-0.337288677692,0.718140363693,-0.756714642048,0.123733334243
23039,-0.240920752287,0.00140051543713,-1.42452871799,0.408200025558
55179,1.01114416122,0.309699773788,-0.0613122284412,0.037066668272
5827,0.331124037504,-1.00754010677,0.315760612488,0.619033336639
10245,-0.0697511285543,-0.356358528137,0.757324755192,0.440700024366
6813,0.200431808829,0.120885968208,-3.48487949371,0.341600000858
3251,-1.00878167152,-0.759212493896,0.695867538452,-0.558633387089
23212,-0.546819865704,0.171985715628,-2.10421681404,0.530233383179
23536,-0.60029488802,0.480182230473,0.493543386459,-0.253366649151
51282,0.384485304356,-0.845783174038,-0.844371914864,1.20366668701
10227,0.934744119644,-0.0913912951946,0.92955738306,-0.799466669559
50813,2.67183327675,0.527097463608,-0.225799322128,1.0665333271
51024,0.486886382103,-2.77917981148,0.846758008003,-0.0127000063658
53343,0.280764400959,-0.191534638405,5.42071628571,0.656866669655
1465,0.737894654274,-1.31382036209,0.764596760273,-0.263000011444
79006,0.171915531158,-0.564276814461,-0.541959643364,0.336066663265
6988,0.0766416043043,0.28016269207,0.561420679092,-0.287433356047
11011,1.36266887188,-2.49008369446,-0.101917415857,-0.0583999752998
23325,-1.4719837904,-2.00203561783,0.209150269628,-0.0476333349943
10049,0.174701020122,0.312818855047,1.1834461689,0.331000030041
3157,-0.871705412865,-1.16705656052,-5.91347980499,0.15070001781
200734,-0.939355611801,-3.65119433403,-0.157943814993,-0.199566677213
9053,0.0607704482973,-0.687556385994,0.632967293262,-4.20610046387
79094,1.0208491087,1.82871770859,-3.28443312645,-0.23056666553
2778,-2.96114730835,-1.56560897827,0.534547805786,0.368100047112
54881,-2.22847414017,-0.268815487623,-2.76658034325,0.212400004268
54807,1.67270946503,0.275268048048,-0.74867606163,-1.50870013237
323,0.105136811733,2.1801211834,0.375054299831,-0.121300011873
26001,-0.105887897313,-1.43233704567,0.30695015192,-2.15903353691
10190,-1.51487207413,-0.352453142405,-1.26437783241,-0.35206669569
9686,-0.0631313621998,-0.56660336256,-1.17785859108,-0.545033335686
54915,-0.00542090088129,-0.656099557877,-1.06751775742,-0.199966669083
23658,-0.818660974503,-0.0033373683691,0.772717297077,0.152000010014
7750,-3.50241112709,-0.204541921616,-4.05118465424,0.00490000844002
79643,0.680223345757,-0.0188718736172,-0.771772265434,0.648500025272
9488,1.05855345726,0.00211073458195,1.02699184418,3.04183340073
11200,-1.07715642452,-0.309544354677,-0.140391409397,-0.221633329988
65057,0.289538025856,0.372830569744,0.877719283104,0.655133366585
6832,0.110160633922,1.12882852554,1.2469586134,-1.09363341331
23131,0.627034962177,0.239872843027,-1.20607066154,0.687866687775
10776,-3.17584276199,-0.866854310036,0.425004035234,-1.07386672497
6253,-0.633067965508,1.44385671616,0.884567499161,0.140666693449
79716,0.888853371143,0.190307319164,0.879727125168,0.336866676807
29978,-3.08639907837,-4.2033405304,-1.27717864513,-0.0668666660786
9988,-0.30737939477,1.93618559837,-0.131974965334,-0.593333363533
10845,-1.2126891613,1.08281755447,0.130914211273,-0.790166735649
54957,0.201371312141,-0.241544276476,-1.28477811813,-0.212300002575
79170,0.649580717087,1.8019824028,0.993475675583,0.00143332779408
10610,-1.62905359268,-0.774717330933,1.67987477779,-0.371800035238
128,-0.501820325851,0.108904480934,3.37684845924,-0.101366639137
51026,-1.99476921558,0.605335712433,0.228233605623,-1.2420668602
5498,0.568231880665,-0.25660815835,0.227903574705,0.033233333379
124583,-1.52061831951,-0.756521582603,-2.23811578751,-1.0232000351
9455,-0.274223208427,0.39868915081,0.246277824044,-0.428500026464
1212,0.458771169186,-1.15899312496,0.43943977356,-0.323566675186
5255,0.0741817653179,0.534819364548,1.04720807076,-3.8250336647
9448,0.449719905853,-0.546478927135,-1.57987225056,0.112700000405
9924,1.0871809721,-1.96663057804,-0.269162267447,0.996033430099
5480,-0.615099489689,-0.896490991116,2.23772001266,-0.296900004148
1983,-1.59736466408,0.333684712648,-2.98555016518,-0.342933356762
56889,0.112867027521,-0.0861130952835,0.0729586556554,0.439133346081
79080,-0.00244976580143,0.447421133518,-0.361968457699,0.373100012541
9016,0.175243660808,1.08792483807,-0.0378596410155,1.05483341217
6915,0.721740841866,0.174785301089,-0.0271232128143,0.0338666662574
9709,0.903572797775,0.558297991753,-0.30123269558,1.21560013294
116832,-1.25431466103,-0.775730371475,0.637764573097,0.180100008845
670,0.582738757133,-1.12853598595,0.720554471016,0.310099989176
7867,0.278854250908,-0.9613109231,0.619684576988,0.507166683674
79143,1.34550178051,-0.385892540216,0.634360432625,0.111066639423
11284,1.20216786861,-0.913574457169,-0.352849423885,-0.026966676116
23443,-0.295662939548,0.802930533886,0.95843321085,0.673733353615
51599,1.61785817146,-0.035921305418,0.305875837803,0.528933346272
5927,0.796427071095,-0.625125706196,-1.06969857216,0.201466649771
55793,0.0244470834732,-0.655753016472,1.3181681633,0.649733364582
5867,1.59785354137,-0.548673391342,-0.39342418313,1.2840000391
7866,-1.18378770351,-0.817552924156,-0.677122712135,-0.132833346725
25825,-0.100499108434,-0.289673477411,-2.95800924301,-0.23789998889
4067,0.135609894991,-0.102727308869,1.06500887871,0.473533332348
51015,-3.66551280022,0.885222792625,0.0798046886921,0.0121000111103
5891,0.321465849876,-0.151239261031,-0.476336181164,1.48073339462
3300,-0.855493664742,-1.04950106144,0.645186841488,-0.318233340979
64781,-0.398770421743,1.01302182674,0.273869276047,0.0935000032187
51056,-2.50584459305,-0.054828748107,1.01213908195,-0.510633349419
8550,-0.875246345997,-0.447625786066,-1.05851721764,0.570366621017
50810,-2.30186700821,0.43046015501,0.393919736147,-1.14170002937
23011,-0.358101665974,0.13597792387,0.724095463753,-0.348433375359
11168,-0.623130321503,0.893871128559,0.928591787815,-0.518733382225
1385,-2.09459996223,1.37622272968,0.667169094086,-0.91260010004
10150,-1.02781426907,-0.243074387312,-0.714207351208,1.30476665497
29763,1.47784996033,0.878677010536,-0.257994264364,0.381933391094
9112,1.17817902565,-0.668789327145,0.303263783455,-0.308266699314
23499,0.79154676199,0.884368002415,-2.95479798317,-0.472133338451
85236,0.537455379963,0.368136048317,0.501599550247,-0.597000002861
5096,1.58398640156,-0.938109636307,1.31230759621,0.458533346653
55620,-0.415932834148,-0.684986829758,0.62853705883,1.7744333744
5373,0.321322053671,0.407031178474,-0.380271553993,1.067933321
51170,0.623586237431,0.197778731585,2.46413731575,0.419766694307
54850,0.101334951818,0.928592324257,0.78450858593,0.562333345413
80349,-0.366989850998,-0.821203947067,-0.235867708921,0.206000030041
355,0.263651221991,-0.298800200224,0.790662884712,-0.225300014019
1062,1.26985502243,0.539068520069,0.581864535809,-0.18166667223
8804,-0.0807700753212,-0.0579395592213,0.301142424345,-0.395200014114
80758,-0.649337112904,-4.04611253738,0.448212385178,0.118100002408
375346,1.79737210274,1.28902435303,0.747390687466,0.287966668606
51385,0.309454113245,-0.148876920342,0.815092682838,0.574599981308
55748,-1.40311384201,-1.74932074547,-0.425053209066,0.216233342886
10318,-0.528784692287,0.288457155228,-0.70580470562,0.753833353519
54681,-1.38359582424,-0.4598954916,-0.425264716148,-0.134133324027
7905,-3.40305042267,0.115583688021,-2.89877963066,0.219333335757
28969,-1.24867916107,0.180600345135,-3.97370481491,-1.07276666164
10668,-1.07624769211,-0.48271638155,-1.37937772274,-0.183633342385
51005,1.82264828682,-0.656690299511,-0.263558477163,0.0876999944448
8800,0.825616538525,0.373607158661,0.23485916853,0.699100017548
54438,0.952446043491,0.634707510471,-0.610226869583,-0.0172666534781
55825,-0.467932403088,-0.275297135115,0.757573723793,-0.333433330059
8835,0.914256930351,0.293704211712,0.614995121956,-0.585766732693
64429,-1.63807725906,-0.744305729866,-0.398360311985,0.172466665506
3682,0.168390840292,-3.02565026283,-7.01586580276,0.115400001407
10329,-0.220597550273,-0.223933309317,0.0260164886713,1.42626667023
27109,-2.00780773163,0.0362693145871,0.0865217745304,-0.314500004053
51335,0.0815628170967,0.274665951729,2.00954341888,0.321466654539
3202,-0.582686126232,-0.983142018318,-0.107536703348,1.33653342724
2896,-0.0684371292591,-1.8281570673,0.784929990768,0.595833301544
79902,1.99712991714,0.0470437034965,-4.19642686844,0.401933342218
29083,-0.768928766251,0.454975157976,-3.48006987572,-0.320533335209
5747,-0.211177349091,-0.69703823328,-1.40340781212,-0.0965333282948
22905,0.856879234314,0.510020911694,2.93288111687,0.547199964523
63933,-1.08754074574,0.453794449568,-0.316720247269,0.409700006247
9847,-0.189778149128,0.0652594417334,-3.08878207207,-0.0735000148416
51021,-0.193235337734,-3.72592830658,-0.338678777218,-0.523166656494
8996,0.408716499805,0.645258009434,0.479735016823,1.00873339176
7376,0.184115618467,1.0698570013,0.493682384491,-0.0200333446264
5357,-1.47785067558,-0.318132668734,0.972315788269,-0.370200008154
56940,0.852761864662,-0.075385928154,0.522325217724,-0.00823334604502
6195,0.221232444048,0.897462844849,-0.29276061058,0.279000014067
1633,-0.84933334589,0.737073600292,-0.155768916011,-0.459066689014
23321,-1.22101128101,0.207260817289,-0.362453103065,-0.00206665694714
51160,1.2839653492,-6.13571357727,0.840975642204,0.245233342052
55604,-0.6471991539,0.170393422246,-0.679378211498,0.386433362961
2063,0.818605661392,-3.46664047241,-4.90217733383,-0.0129333138466
54512,0.931225121021,-0.908206403255,-0.111509047449,0.753833413124
9124,-0.49969920516,1.88510322571,0.395631313324,-0.177499979734
79174,0.492175132036,0.520325601101,-4.95206975937,0.059133335948
23223,-0.0626042038202,-1.48742485046,0.57509547472,0.6236333251
39,-0.0547936111689,-2.84492087364,1.01880455017,0.859533429146
57215,0.410098075867,-0.188551232219,1.66994953156,-2.83853363991
1052,0.662422895432,0.6750010252,3.84952306747,-0.079200014472
23139,1.32333183289,-0.676739573479,-1.8601911068,0.153100013733
79947,0.385480314493,1.02934503555,0.602529525757,-0.170299991965
4616,-2.24042224884,-0.0933750495315,2.84190106392,-0.0969999879599
9710,0.878855824471,-0.269540786743,0.0894214883447,0.642799973488
6990,-1.41356348991,1.19172739983,1.36938357353,-0.703933358192
29082,-1.92671298981,-0.103634148836,0.57758307457,-0.490400016308
9670,0.642990469933,0.265735507011,-0.500574529171,0.505100011826
81533,0.520747840405,0.846965610981,0.760148465633,0.76253336668
10525,-0.207527413964,2.34374141693,2.53577709198,-0.147466674447
2353,0.0468713492155,0.157389998436,0.585624456406,0.600133359432
57192,1.10321319103,-0.91340970993,1.62225461006,0.129466593266
3398,-0.235619872808,-0.349040538073,5.84859752655,0.229266673326
3775,-0.787879347801,0.170658349991,-0.720217943192,0.537000060081
26064,0.73007774353,0.084468960762,-3.39893364906,0.938533306122
29103,-0.782172560692,-0.902471005917,-0.211337864399,-0.160033345222
3206,0.451794087887,0.00187665224075,-0.511282026768,-0.162633359432
1500,0.452644854784,-0.220993593335,-2.01475334167,-0.142433345318
7690,-2.04941082001,0.289251029491,-0.312645614147,0.827633321285
29911,0.302322804928,0.160402730107,0.264476716518,0.605000019073
2064,-0.555092036724,-0.044228374958,-1.36197948456,0.415533334017
65123,-1.1544752121,-0.0730800628662,-0.101977616549,0.0230000019073
5986,0.779069602489,-0.204247713089,0.598457157612,0.646666705608
85377,1.43385612965,-1.02334463596,-1.16277194023,0.310433328152
9903,0.34434479475,-0.00588692724705,-0.236203491688,0.459933340549
7088,-0.541921555996,-1.2325463295,-4.09593057632,0.401300013065
22796,1.4564781189,-1.73924326897,-0.902778863907,0.614033341408
51116,0.488947957754,-1.4037797451,-0.371060043573,-2.61620020866
54442,0.668763279915,-0.0919733643532,0.358820348978,0.00433331727982
10695,-0.279020011425,-0.17766726017,4.74888372421,2.85560011864
102,0.523382842541,0.0765478909016,1.03105008602,-0.513233363628
965,0.198378384113,-0.181462526321,-0.220531880856,-0.560866713524
3800,0.516855239868,-0.824287593365,-0.310832679272,0.495999991894
10362,2.08763432503,-0.9234354496,-0.979894638062,0.406633347273
5300,-0.375258624554,-1.04910719395,-1.39823698997,0.934533417225
8270,-0.0524526685476,-0.624676406384,0.122747816145,0.0833333432674
27242,-0.802312135696,-1.8356398344,1.11080777645,0.385433346033
9928,0.271476566792,-0.316393911839,-0.984356582165,-0.0988333299756
1534,-0.433483034372,-0.246324777603,-0.392836034298,0.175600022078
5654,0.177059814334,0.640853404999,0.819558024406,-0.515900015831
10810,2.58277392387,-0.103873640299,-1.0005158186,0.467066705227
7105,0.312659144402,-0.018061965704,0.187643498182,-0.672100007534
23014,-0.63237285614,0.519125580788,-0.921493887901,-0.402400016785
55012,0.355129361153,0.641269505024,0.158986225724,0.0220666565001
2887,2.18505477905,0.351375758648,-1.52716493607,0.847133398056
9183,0.0376401990652,-0.259262144566,-3.47500538826,-2.19876694679
11151,0.686782360077,1.51538670063,1.14160168171,-0.45026665926
7511,2.04900789261,-0.20348751545,0.724230349064,1.65713346004
10046,0.577268004417,-0.450961947441,0.399953484535,0.160499989986
1829,-0.108138129115,-0.173343136907,1.7789914608,-0.20206668973
11000,-0.920341610909,0.530348062515,0.700617492199,0.00350000429899
976,0.192105025053,0.0961812958121,-2.52394175529,3.66226673126
3597,0.714541554451,0.205479875207,0.0231331586838,-0.00733333453536
178,0.474562674761,0.682289481163,1.25195217133,-0.563333332539
2625,0.903334617615,-2.12107419968,1.37160086632,-0.709733366966
6119,-0.806500017643,0.275539875031,0.167026996613,0.448633372784
26136,0.0981138050556,-2.00150156021,-0.341038912535,-3.66933369637
6697,-1.45411419868,-0.538455307484,0.114949643612,0.64013338089
5971,-0.420143157244,-1.61607086658,-0.371578276157,-0.317566692829
22934,-3.42524886131,-0.347923576832,-0.553357303143,-0.228933334351
9289,0.914088785648,0.860560297966,0.96090722084,-0.34536665678
4931,0.583941400051,-6.48714065552,-6.78228616714,-0.412800014019
4200,-1.04407477379,0.570232331753,1.72822499275,-0.447666704655
93594,-0.431415975094,0.267689973116,0.192718684673,1.60803329945
5982,1.01247227192,-0.774665892124,-1.92482161522,-0.331633329391
26520,-0.772042572498,0.540048003197,-5.69177246094,-0.000233333325014
4998,0.443104565144,0.494421362877,-0.161637485027,-0.163666680455
10038,-3.56871676445,0.100955232978,-3.82742643356,-0.195733338594
60493,-0.316729456186,0.428489506245,0.64623516798,0.423099994659
51495,-0.285819530487,0.779601633549,0.36503714323,0.343800008297
4482,0.886746406555,-0.0889535918832,0.827197849751,0.680666685104
23224,0.543773949146,0.328395873308,-0.793006658554,0.418733328581
9690,-0.493218183517,-0.890557229519,-0.0227259993553,-0.490733325481
80212,0.224554508924,-0.428338587284,1.04050588608,0.193300008774
29928,0.204663798213,-1.15356302261,-0.921168208122,0.12420000881
22809,0.135485827923,0.971984326839,-0.564020037651,2.74170017242
50814,-0.0684270113707,0.448454350233,-0.471397578716,0.196233332157
55256,-0.964663505554,0.221964582801,0.295610964298,-0.954966723919
56997,0.979406774044,-0.674406290054,0.161164477468,1.06493341923
81544,1.25855457783,1.02834188938,3.19780468941,1.09176671505
6894,0.337063491344,-0.156426221132,1.37314963341,0.0174333304167
64080,-1.23425936699,-1.44291818142,5.81998968124,0.207466691732
55818,-0.0926067829132,0.763526439667,-2.05116224289,-0.535300016403
637,0.714991152287,-2.26649427414,0.847492933273,0.408499985933
22823,-0.459918797016,-0.522650837898,-3.43015909195,0.482366681099
5287,-0.740507364273,-0.208171546459,-2.14037108421,-0.540666699409
91137,-1.43900477886,0.127675682306,-0.387710094452,-0.183466672897
23097,0.772836565971,0.0295322015882,0.307365655899,1.17639994621
9851,0.495439171791,-0.277041018009,-0.334147512913,0.464433312416
23522,-0.229832947254,0.749212026596,-1.02058291435,0.140933334827
1123,-0.551854252815,-0.571845650673,0.0101598501205,0.067500025034
5603,1.3172672987,0.599922716618,0.569162130356,0.545599997044
51569,-1.75431036949,0.164972767234,0.0190214961767,-1.22226667404
55699,-3.63407182693,0.460451960564,0.983226060867,0.456266671419
2624,0.0163879841566,0.121455788612,1.5428686142,0.952533364296
8204,-1.51532232761,0.125766068697,-5.63884401321,-1.23689997196
9133,-1.45909023285,0.169997215271,-1.65383148193,0.211533337831
10921,0.089816391468,0.572379946709,-1.49311757088,-0.237866669893
51742,1.0591044426,-0.18019606173,0.753406882286,1.65339994431
2954,-0.461939364672,-0.820166766644,0.253378093243,-0.574599981308
27244,0.0750093087554,0.885370850563,0.90636998415,0.183633357286
23013,-1.28838789463,-1.69016456604,-0.0967446565628,1.027099967
8050,0.0539094805717,-0.0368058234453,-0.699222803116,0.295133322477
79961,0.0698606669903,-1.10721373558,0.289161473513,-0.296033352613
2017,-0.194311186671,-0.423141121864,0.992144107819,-0.163333311677
55148,-0.54142254591,-0.517628550529,0.639535009861,-0.284033328295
960,1.39657998085,-0.592213988304,-0.0391829013824,1.20963335037
10451,1.33344054222,-1.16164565086,1.19799149036,-0.400633335114
57406,0.804835855961,1.01223230362,0.0872513651848,0.198600009084
51719,0.0736067295074,0.106380775571,-1.67497086525,-0.169033318758
7074,0.726173698902,0.408265888691,-1.15301668644,1.41903340816
10059,-1.99667572975,-0.103489756584,1.62953495979,-1.01526665688
51071,-0.209990754724,0.062159627676,-0.758728981018,0.762966632843
5796,0.143630668521,0.277695387602,0.632370948792,-0.0449666641653
55008,-0.621628165245,0.215196281672,0.149062827229,1.01466667652
23597,-0.198406398296,-2.12436103821,-0.280805647373,0.186966687441
8869,0.285198330879,0.0580295212567,0.70140838623,0.581500053406
8727,-0.814201593399,-0.0958904922009,-0.378145009279,0.692600131035
63874,0.166661322117,-0.191780537367,-0.233434379101,0.416666686535
8821,1.06828677654,-0.476007193327,-0.110683768988,0.927766740322
57178,1.2767509222,1.03415632248,-0.291808366776,-0.172399997711
5468,2.71007943153,0.888276696205,-0.876050651073,-0.922300100327
10557,0.23903131485,-0.36755079031,-1.35025990009,0.0820333510637
831,0.767861247063,0.275353848934,-0.594892859459,0.364966660738
9531,0.892003536224,-0.766402423382,-1.98082518578,0.661499977112
2767,0.261039108038,-0.215540066361,-0.317024499178,-0.160199940205
1861,0.361874103546,1.22206306458,1.00832533836,0.66616666317
10165,-0.488530993462,0.3061439991,-0.900149285793,1.40466666222
7106,-0.806094050407,-0.941257536411,0.336460232735,0.112333327532
2908,0.436863601208,0.274590194225,-0.550885856152,0.926333367825
57761,-0.014904582873,0.810050547123,-0.709058046341,-0.454633355141
23338,0.103161990643,-0.670014023781,-2.13116407394,0.309799998999
7852,0.844761133194,0.644276082516,1.78508424759,-0.226633325219
55033,0.0801556780934,0.0722480416298,0.720467448235,0.505100011826
57019,2.0748898983,0.0661576986313,-1.66278481483,-0.252666682005
91949,1.56922090054,-0.511552095413,1.16526830196,-0.364866673946
84617,1.24516642094,-0.107537679374,0.287516653538,-2.75596690178
25,-1.23543262482,-0.525656223297,-1.03319323063,-0.104733362794
899,0.638492524624,0.137355864048,-3.03779792786,0.651199996471
79850,0.328250586987,-0.593502521515,-1.02632701397,0.420866638422
51466,1.4253667593,-1.46978735924,-0.153885513544,0.0313666760921
2852,1.16448450089,1.5033891201,1.63190245628,3.53293371201
55837,-1.32815957069,0.5934227705,-1.12746310234,0.520200014114
2131,1.08146882057,0.615680098534,-0.153943732381,0.220266669989
5427,0.581583678722,0.195724308491,-0.178313583136,0.442566633224
25966,1.4534907341,-0.200333639979,-3.17240452766,0.832199990749
55608,0.447746574879,-0.158811852336,0.370807230473,-0.595700025558
1662,-0.471136122942,-0.620052278042,-3.31647539139,0.0588333457708
9702,-0.861687719822,1.69167768955,0.823171436787,-0.729133367538
11031,0.820225477219,0.622617721558,1.5886619091,0.0617333352566
10057,0.992295503616,-0.732472240925,-0.709112584591,-0.0731000006199
5985,-0.475033998489,1.37173688412,-0.614915966988,0.361000001431
3280,0.955330312252,0.802364945412,2.8168797493,0.874600052834
55958,0.631771981716,0.0189828760922,0.186028853059,0.198500007391
51465,0.693754315376,0.323242425919,1.09175169468,0.635100007057
2542,-1.4809538126,-0.351926386356,0.36576128006,-0.300833374262
10641,-0.584790587425,-0.308327317238,-2.86055254936,-0.382233321667
11137,1.21029782295,0.10189640522,-1.2255885601,-0.364266753197
9842,0.228007301688,0.00678663700819,-0.711301088333,-0.436666667461
10493,-0.705116868019,-0.734418451786,0.344643473625,0.54540002346
10112,0.478201568127,-0.0183343440294,-0.50339281559,-0.0804000049829
1001,1.94093704224,0.288835257292,0.469420671463,0.590466618538
23635,0.045154094696,0.530117809772,0.986907660961,-0.279133349657
29916,-0.830119252205,-1.3317232132,-2.54623866081,-0.43130004406
2810,-0.621436774731,-0.880991816521,-0.150075435638,-0.385166704655
5993,0.455973684788,-0.315086483955,-0.269262909889,1.16683340073
11142,1.36423361301,-0.990889489651,-5.33699941635,-0.316733360291
79187,-0.259608417749,-0.0661964267492,0.428473651409,-0.172966659069
51382,0.286743164062,0.130451709032,-1.68642759323,0.168533340096
8318,0.545486092567,0.121134653687,1.50781214237,-2.49753308296
9695,1.71315956116,0.511311173439,0.792895078659,-0.995900034904
9712,1.27159333229,0.232230216265,-1.93928420544,0.520633339882
64943,1.28650450706,-1.36790823936,1.41300582886,0.569733381271
9738,-0.462668418884,0.173499569297,0.461537361145,0.0767666548491
6793,0.538346409798,0.190816789865,1.67451989651,-0.552966713905
7358,-1.11239290237,-0.761140465736,-3.59139657021,0.01020000875
58472,2.22607803345,-0.808107972145,0.324705958366,-0.0503333322704
50865,-0.382898002863,1.24968266487,0.594290018082,1.08780002594
23200,0.520491421223,0.394820123911,0.999106228352,-0.520466685295
51293,0.368939816952,-0.192262470722,1.22368967533,0.384866714478
10962,-0.198847994208,0.553574323654,4.50977897644,-0.0211000069976
10153,1.10348510742,0.60011857748,-3.29394745827,0.336500018835
874,-0.196320354939,-0.245591729879,-0.957985758781,0.809733390808
