rid,NMH002_FIBRNPC_24H:BRD-K85732814-001-02-3:10,NMH002_FIBRNPC_6H:BRD-K85732814-001-02-3:10,NMH002_NEU_6H:BRD-K85732814-001-02-3:10,NMH002_NEU_24H:BRD-K85732814-001-02-3:10,NMH002_NPC_6H:BRD-K85732814-001-02-3:10,NMH002_NPC_24H:BRD-K85732814-001-02-3:10
5720,1.35102963448,1.14310312271,1.65603458881,4.73621749878,1.05356872082,0.312688946724
466,-2.32553577423,-2.46536588669,-2.01187324524,-0.453484863043,-2.14694833755,-1.60145676136
6009,-2.17351770401,-0.422449171543,0.348716378212,0.186338588595,-0.430192172527,-0.0324498713017
2309,-0.768028795719,0.107260987163,-1.52656292915,-2.97947955132,-1.19165492058,-0.827937722206
387,2.78883171082,0.413940548897,-0.0134390592575,0.835406184196,-0.421422123909,-1.34952652454
3553,0.606927156448,-0.826614260674,-0.631037592888,0.102997586131,0.355506539345,3.28770017624
427,0.444690585136,0.146693184972,1.41674184799,1.70632171631,2.30316209793,-0.14760568738
5898,-2.95717096329,-0.655481278896,-0.231856286526,0.0260124802589,0.969649374485,-0.46529379487
23365,-1.74319458008,0.175573587418,-0.83876901865,-1.46944701672,0.0991057083011,-0.0292371511459
6657,1.2816567421,-0.658299207687,-1.71746850014,-2.12484240532,-3.50184249878,-7.41929721832
5054,0.999675989151,0.9008872509,-0.0840821266174,1.80209064484,4.1143746376,9.52886295319
3108,1.27427875996,-1.01529765129,0.698416948318,2.2671084404,0.651819705963,1.23638725281
1950,0.762403309345,-0.317058473825,-0.279103934765,0.831210494041,-0.112701661885,1.03726780415
351,0.652473151684,0.829198598862,0.46478292346,-0.323002576828,1.16599655151,-0.675406217575
4846,0.122323170304,2.2321844101,0.0761743336916,-0.515566825867,-0.667186319828,-0.327664554119
1452,-2.09772109985,-0.637659072876,-1.70942378044,-2.54741239548,-1.84125363827,-2.96983480453
4776,-0.636554181576,-3.38258743286,-0.471347302198,0.229136645794,0.0608207285404,0.289136439562
6908,2.09508800507,-0.051679879427,0.777349233627,0.991196870804,0.298865139484,0.707211375237
672,-2.43370604515,-0.194766849279,0.861938893795,-0.415072083473,-1.5439350605,-0.709305644035
5710,1.5799703598,-0.443942189217,-1.08455884457,-2.04526162148,-1.02556216717,0.76754283905
2115,0.496503651142,0.772475242615,1.21017301083,-1.14320993423,-0.0252665579319,-2.65693378448
7015,0.946707725525,-0.359959542751,-0.259072512388,0.663426041603,0.201485022902,1.21587586403
8726,1.91662240028,-0.0667010992765,0.526877343655,0.745737373829,-1.74703717232,-0.541985750198
2185,1.11924111843,-0.0689128041267,-0.610848963261,0.577458620071,0.269354939461,0.844944596291
3315,-2.4532456398,0.925690054893,-0.111045435071,-0.245945096016,1.40140354633,1.52424013615
5289,0.511872947216,0.895513594151,0.284312546253,1.74387168884,3.39082241058,3.79392147064
868,-2.15900850296,-0.934023201466,-1.70587038994,-1.96754384041,-0.467875063419,-0.658580780029
1677,0.114122197032,0.216784209013,-0.22681760788,-0.593324899673,0.339918971062,-0.26572740078
7043,0.245276585221,-0.186061501503,-0.222980320454,-0.74100458622,0.368397682905,-0.0901656448841
5613,1.27705514431,-0.479325652122,-2.12552404404,-3.26841711998,0.652017235756,-1.49249708652
595,-4.30824899673,-2.13987660408,-0.391307711601,-1.41665625572,-1.34554314613,-1.89337444305
4793,-0.593084275723,-0.522330760956,-0.615055024624,-0.135311901569,-1.22207081318,0.540736973286
2736,0.690901458263,-0.354497164488,-2.23020076752,-2.45336723328,-2.62038373947,-4.74805307388
5290,0.654052138329,-0.649001479149,0.261748015881,0.302275836468,0.720829606056,0.798763811588
6194,-1.19623804092,1.25378143787,0.00355931557715,0.2343352139,0.921779513359,-1.21288371086
1676,1.31794667244,-0.927556574345,0.207895427942,-1.05631756783,1.28955841064,3.48717880249
23512,0.963549375534,-1.32127356529,0.674737989902,0.620820522308,-0.0958311781287,-0.303146898746
148022,-0.469676494598,-0.775371730328,-1.0197687149,0.571889340878,0.27468174696,0.546842932701
1906,0.269695073366,-0.362932533026,-1.30413794518,0.41592592001,0.148992598057,0.427878499031
8878,0.992498040199,0.0928826034069,0.742985904217,2.37393116951,1.19950842857,5.99924516678
3091,1.78081667423,0.243374824524,-3.58796906471,-6.13352251053,-0.759474635124,-2.07077431679
5743,1.70534193516,0.123902261257,0.516402244568,1.15681958199,0.310207039118,0.841570615768
5321,1.29444241524,-0.790959656239,0.540893912315,0.603736996651,0.277311295271,1.04645895958
4144,1.99260890484,1.60038018227,1.22808921337,-1.05925261974,0.986816227436,-0.0244099721313
1981,-0.298062026501,-0.219319611788,-0.0615510940552,0.394690930843,0.16601011157,-2.63648319244
695,-0.74445027113,-0.170587956905,1.00989103317,0.0571924746037,-0.275500893593,0.162998050451
10398,-1.9782910347,-0.599474191666,-0.473449230194,-0.293385803699,-0.196718841791,-3.10880804062
5708,3.80060195923,-1.52143025398,1.13780343533,0.935817837715,3.12102985382,3.480946064
1213,-1.36349260807,-0.224931955338,0.270430207253,-0.0208197236061,-0.546592414379,0.0655084550381
226,1.47875511646,0.531661987305,1.79160857201,1.07481062412,0.202726781368,1.16901433468
6777,-3.60361814499,-0.850172400475,-0.993933141232,-1.02669262886,-1.17142212391,-3.51394629478
2113,-0.950174689293,-0.246865555644,-0.126049339771,0.836924552917,0.902199745178,2.24287462234
3329,-0.912175476551,-0.138496831059,0.71026134491,0.03599511832,0.672442018986,-5.42828941345
1050,5.71799659729,8.2629070282,1.03905344009,2.02670001984,1.47125470638,5.14874172211
9491,0.850422620773,-1.0058619976,-0.0925426781178,0.409303754568,0.448061197996,0.503221154213
22926,0.91572457552,0.632269740105,1.47973847389,1.45576572418,1.41838002205,0.729013204575
5899,-0.602253079414,1.59454262257,-0.505641996861,1.74908840656,-0.0123269036412,0.989602088928
5467,2.71075582504,1.06606316566,3.89372372627,5.75249481201,3.30027723312,6.63081550598
6774,1.95039820671,0.39123570919,4.35546541214,4.30362415314,1.43914163113,2.82235407829
1788,0.916089057922,-0.911309957504,-0.377896010876,-1.80671262741,0.396312505007,-0.848399937153
5921,-2.2351911068,-0.962038934231,-2.32871341705,-1.90617537498,-2.80041313171,-1.71138513088
5721,2.37964320183,1.60043632984,1.03202748299,1.60476756096,0.128960877657,-0.527298748493
2263,0.828225433826,-0.639565944672,0.0830786824226,0.524090051651,0.306163012981,1.19651079178
808,0.284755587578,-0.515743911266,-0.438690960407,0.805667340755,0.734996795654,1.2777056694
30001,1.01750743389,0.266005933285,-0.843834638596,0.464169561863,0.0664330869913,-1.19233965874
348,8.35954856873,-1.14925527573,0.333143532276,1.37238526344,0.703347682953,-0.524755954742
30849,3.89109134674,0.304420083761,1.27771008015,4.27607536316,0.74338299036,3.76965498924
1454,-2.24894094467,-1.29910039902,-4.91159057617,-4.09699392319,-1.04838597775,-0.221656933427
6500,0.605541825294,-0.195957064629,0.566490530968,0.459561765194,-0.104565151036,0.498146027327
5627,-2.21058011055,-0.628878831863,-0.792826116085,-0.0466485023499,-1.45126414299,-2.13849854469
5715,-2.32684779167,-0.15717497468,1.25144302845,2.81753826141,0.738513469696,2.57974863052
4791,1.44051468372,0.952605307102,0.626155674458,2.22113418579,1.69922828674,3.46264648438
56924,-1.58062624931,-7.12275505066e-05,-0.0883327424526,0.422610729933,0.0529220402241,1.15229558945
2690,0.71879863739,0.0779926851392,0.168658047915,1.1909327507,0.0723947584629,0.459893465042
1019,-2.66141176224,-0.104439474642,-0.576277196407,-2.16571497917,-1.32321083546,-4.39390659332
51422,1.02458679676,2.5498175621,0.706903398037,2.32205510139,0.27891600132,1.66793954372
5788,0.350764989853,-1.00686132908,0.274553239346,-0.102917924523,0.305093377829,0.45880240202
6709,2.53807401657,2.42607307434,1.5914876461,-0.887109577656,2.41958498955,2.74248886108
1277,0.516413927078,0.739442944527,2.8285639286,1.53120326996,0.246175646782,3.75672030449
993,-2.29045271873,-1.19018054008,0.321395635605,-2.53820180893,-0.918118536472,-5.07844924927
7157,-5.0118227005,-1.01296019554,-1.16564273834,-2.75599503517,-1.29274439812,-8.0759563446
1958,0.439669758081,0.699601411819,2.69369745255,6.72521877289,10.0,8.33066082001
4582,-1.48262476921,-1.16300368309,-0.264500916004,-2.2425661087,-0.567982912064,-1.57409286499
9212,0.764119267464,-1.24566149712,0.281709551811,-0.354590117931,1.39567494392,-0.583842158318
8440,-0.755200147629,0.961758732796,-2.48082566261,-4.24952697754,-1.22716403008,-2.27461051941
6790,-0.665403723717,-0.345334887505,-0.0869202017784,-0.0264786817133,-1.07406401634,-1.65485215187
8851,1.53293287754,-0.5791670084,-3.57442569733,-4.90981388092,0.503906786442,-3.11519289017
2534,3.916223526,3.16593432426,-1.1281003952,-2.9164891243,-0.320663422346,-4.82438755035
4893,0.570006251335,-1.39585494995,-1.51790380478,0.247982800007,-1.87360644341,-0.809991598129
665,-2.67702770233,-0.0255694538355,-0.186840564013,1.03909778595,1.90647554398,1.98878955841
4313,-2.92707085609,0.405603885651,0.686220049858,-0.592046678066,0.72436439991,-2.8670668602
1022,0.575396299362,2.5800909996,2.53381967545,5.01743459702,4.14656019211,4.0525560379
5880,0.935592412949,0.764434218407,-0.39466330409,1.35709142685,0.0645580813289,0.0541124790907
3162,1.9943215847,0.512206673622,1.3558382988,2.33048772812,2.53372979164,5.30831480026
1282,0.15846042335,0.136459827423,-2.09578537941,-2.31379508972,-2.7241191864,-10.0
3383,3.42154622078,0.51975941658,0.146614611149,1.470028162,1.13842260838,0.634145975113
727,0.458072125912,0.418482363224,0.106674343348,1.8434574604,-0.516234874725,-0.411579430103
4792,0.240292713046,-1.75612902641,-4.20532417297,-4.79697370529,-4.22051334381,-4.18705463409
4794,1.52540493011,0.100557610393,-0.053106829524,0.713359773159,1.83110499382,0.308491408825
902,1.15035772324,0.781902372837,0.576117277145,1.29531574249,-0.134718582034,1.66850185394
8091,-1.22652697563,-0.89556312561,-0.765324056149,-1.26464390755,-1.41789484024,-6.82836484909
3486,1.48960399628,1.15689468384,0.507299900055,0.907058596611,-2.53890943527,-9.14406585693
10818,0.782318234444,0.391475021839,-0.242903202772,-0.195122092962,0.590533852577,-0.231685817242
3454,1.36098742485,-0.615499258041,-0.0940318405628,-0.105440914631,0.436800777912,0.896295368671
4282,-2.54663705826,-0.646107435226,-0.402051240206,-1.81915736198,-0.192136853933,-1.75534677505
1605,2.89188575745,1.09753203392,0.792561411858,-0.17219825089,0.50584256649,-1.49715304375
10644,-0.159600764513,0.472301155329,-2.98373508453,-4.34323549271,-2.64778137207,-0.907940745354
2065,3.00356578827,-0.273003160954,0.0749657601118,1.38044238091,1.16612780094,4.40476131439
8321,1.4100086689,0.461493074894,-0.487214148045,0.139394491911,-0.407776832581,-0.249809771776
8503,3.35491085052,0.226074516773,-2.62851190567,-2.42009615898,-1.42998385429,-2.48408031464
7027,-1.60721278191,-0.831228017807,-0.918436050415,0.222325474024,-1.8183221817,-2.35213875771
6850,0.679740071297,-0.581158638,-0.282126128674,0.901044130325,0.217299371958,0.42025488615
1978,-1.9589445591,-0.0147372186184,0.0171164795756,-2.01417446136,0.142469331622,2.05373620987
896,2.09229183197,2.84644508362,6.87135887146,4.72164916992,3.34810876846,3.86485099792
5777,1.27382218838,0.730834662914,0.512415587902,0.948199391365,0.256292700768,0.610561728477
1846,-2.29720568657,-2.24201917648,-3.39846372604,-3.90517282486,-5.98909473419,-8.02241897583
5925,0.695177137852,-0.296051859856,0.999265611172,0.679375648499,0.0294160991907,0.245306402445
142,2.74795913696,0.328801035881,-0.458268105984,-1.51373457909,-2.13522768021,-4.80785703659
1021,-1.39815115929,-0.0792190879583,-0.430217444897,-0.11427833885,-1.21664977074,-3.03050518036
5699,-2.68042612076,-1.35661804676,1.70312094688,-1.54434275627,-1.08000719547,-1.10620188713
8061,-7.7719669342,-3.74020051956,0.451339423656,1.08076763153,3.15946650505,-0.366836994886
1870,3.85733652115,-0.572054624557,0.246661797166,-0.22488206625,-1.59089064598,-2.82063221931
1398,0.276584357023,0.0506016798317,2.09342432022,1.55971503258,0.883812963963,1.82707679272
3312,-0.740041971207,1.69948613644,1.20068025589,-0.14682969451,1.07245397568,1.1512106657
891,-3.45098924637,-1.89126777649,0.219552367926,0.46578669548,0.195082128048,0.996304869652
4775,2.4657831192,0.122018910944,0.938039302826,3.31014204025,0.723289728165,0.288112550974
5111,-2.738063097,2.16756272316,-3.25688242912,0.81441795826,-3.27943897247,-2.68687272072
5696,-8.84276485443,-1.95715761185,-1.05833673477,2.43338036537,2.86571311951,0.386955529451
5588,1.45470333099,-1.07856369019,-0.826554298401,0.279775261879,-1.08000743389,1.65510690212
6839,-4.07081508636,-2.64736676216,-2.59867691994,-2.34634304047,-6.26252126694,-2.71098041534
329,-2.12012553215,-0.478358566761,2.59698653221,0.188127309084,1.32494020462,0.155826419592
5058,-0.319304734468,-0.306800097227,-0.236566215754,-3.79289603233,-3.65564250946,-5.00403022766
998,-0.638834178448,0.471982896328,-0.535688757896,1.73929429054,-1.17077207565,-1.36661672592
9134,0.947028875351,-1.10602211952,1.64880645275,0.0193206071854,1.4045650959,-0.705298900604
6616,1.85156869888,0.693122029305,1.02314925194,1.95004153252,1.75501024723,6.34903287888
5223,-1.12554883957,-0.543412089348,-1.14853477478,-0.711673736572,-1.75784635544,-5.45752239227
4690,-3.31119179726,-0.756958961487,0.152660742402,0.744721770287,-0.239757180214,1.246717453
958,0.4692055583,-0.44793844223,0.448329359293,0.189416900277,0.506949961185,1.95868313313
1616,-0.352707445621,-0.371251553297,1.17414832115,0.694288790226,-1.96506547928,-0.762456417084
991,-9.99999904633,-1.42613124847,-0.114694476128,-1.12388885021,-0.631509780884,-1.76780891418
6347,0.545063018799,0.25098067522,0.646291792393,4.56813049316,0.00278557837009,1.05343091488
6714,-1.61883294582,-1.40001380444,-1.05114424229,-1.51211547852,-2.32211685181,-2.86138391495
652,1.14820969105,0.100557029247,0.302714586258,1.11607122421,0.620929181576,1.0031645298
4331,2.27294301987,2.02175807953,1.47107410431,2.26800537109,1.52340531349,3.11017942429
7099,-2.63231563568,-2.8757276535,-0.905135154724,0.445537745953,-1.93027544022,-1.86753129959
10320,0.863800525665,-0.340505987406,-0.905479252338,-0.188341990113,-1.20501565933,-0.34080067277
2042,1.90727365017,-0.0195132493973,-0.865167319775,-2.76479792595,-1.00426447392,-6.60507631302
843,0.942238748074,-0.449006319046,-2.37691259384,0.990110039711,0.455270528793,0.799408555031
840,-1.8059232235,-0.00270512700081,-0.542207717896,-1.29599761963,0.303248941898,0.196657970548
7048,0.611929953098,0.391376942396,-1.35985922813,-0.0482193380594,-0.809181690216,-0.889314770699
4851,0.548325955868,0.151231631637,0.0889284014702,-2.71794128418,3.03268957138,-1.45139372349
6464,1.00091052055,-0.240035280585,0.375343859196,0.230703026056,-0.146171212196,1.39259195328
23410,0.297898858786,-0.261990696192,-0.424300551414,-0.501168906689,2.90218496323,-0.393211483955
54205,0.668248951435,1.36211538315,2.89954900742,-0.543543100357,1.98044419289,0.376720190048
2770,1.98681712151,0.357020020485,-0.919583857059,-0.318743646145,0.384907186031,-0.81933760643
80204,-0.433780968189,-0.435709506273,-2.6741900444,-1.0129802227,-0.384750962257,-4.49132871628
4208,1.24621343613,2.18392086029,1.03514528275,2.82478713989,2.38297939301,3.96259856224
1845,-4.80727958679,-2.55821657181,-3.09822368622,-0.689234733582,-4.50941467285,0.0630164146423
23368,1.23518490791,0.822742879391,0.734597802162,0.422756075859,0.322832345963,1.4754114151
5583,2.0426492691,4.34007501602,-0.260544478893,-0.020347058773,0.380700945854,0.735141158104
8900,0.890322864056,-0.420813024044,-0.478467047215,-0.0585129857063,0.323437869549,4.45737075806
581,-1.2721991539,-1.37020885944,0.560003936291,-0.585420072079,-0.934411346912,-3.65936374664
6193,1.55056643486,0.702910780907,-0.677326023579,1.87137496471,0.272115498781,1.32520139217
6622,0.945039629936,0.530377268791,1.68686127663,2.12748265266,2.16614079475,0.678238809109
11261,0.602150082588,1.77419304848,2.00583815575,1.01549565792,1.68046236038,2.86175704002
6696,3.84595394135,2.42618894577,0.0451440066099,0.998316764832,4.20825481415,1.14295518398
8312,-1.71648275852,-2.4255092144,1.31454777718,-0.6998295784,2.02022647858,1.91613149643
835,2.24185085297,-0.161684006453,-0.684071719646,-0.564210295677,-0.142330288887,-1.45165812969
8324,-0.346775472164,0.690544605255,-1.62280154228,-2.17039179802,-0.663084506989,-4.41871500015
1848,-1.31549453735,-0.417452037334,1.70907235146,0.340501993895,0.680101692677,-2.54131031036
154,9.99999904633,3.94902324677,-0.204980492592,1.25165069103,0.0265656039119,0.526462733746
4312,-1.85918402672,0.0179417431355,0.19002956152,3.31455802917,0.291525661945,2.76134347916
994,-4.08927583694,-0.1281183213,0.805087149143,-1.75155067444,1.8031232357,0.955239534378
2048,3.81604599953,0.731527745724,-1.87069916725,-2.70342898369,0.277221083641,-0.0983620285988
1111,0.990196108818,-0.685018241405,0.77424800396,-0.472238689661,0.4905154109,-0.68124961853
5154,-3.91442537308,-1.14998459816,-0.90724337101,3.40564918518,0.231316864491,1.74902689457
2920,2.2525396347,2.85867476463,-1.06175172329,-1.03203511238,-0.64262419939,-0.443985819817
3122,0.984418153763,0.0487079620361,-0.0699078738689,0.343820512295,1.11305356026,1.57085502148
2769,0.925492823124,-0.712548732758,0.0783584564924,1.99559760094,0.853000879288,0.783546686172
5900,-1.43013203144,1.30705988407,-2.3427271843,-4.36367559433,0.219345033169,-4.8753118515
6304,-0.231885880232,0.28644707799,-0.502001583576,-1.59711325169,-0.642906546593,0.220391198993
5211,-1.40169739723,-0.969440579414,-1.7439725399,-2.21651601791,-2.12148594856,-2.9648194313
2886,0.290592759848,-0.616240382195,-3.59002876282,0.343392133713,0.108884170651,1.13040518761
9261,-0.293844044209,1.71586632729,2.00505065918,0.684664487839,-0.0206906497478,-0.366298913956
8569,1.17625498772,-0.339985758066,0.4844378829,1.20065176487,1.16619157791,1.46057403088
3303,6.01064014435,2.57057762146,0.572026729584,3.08243584633,6.55991315842,8.93727016449
5331,-0.796630263329,0.507022500038,2.53572487831,2.22708106041,3.26280927658,1.64229142666
5347,-4.4880399704,-2.45243358612,-1.11754357815,-0.886117577553,-3.81947898865,-2.34942603111
4638,-2.05260276794,-0.600155234337,-1.04242920876,-0.538017511368,-1.74813044071,-1.16844534874
2264,6.60376834869,0.101568251848,0.693781852722,0.962509334087,3.78726458549,6.68546438217
1029,0.896774590015,0.121044009924,-1.93716347218,-0.96778345108,-0.628291189671,0.100744128227
1027,-1.99728679657,0.929745852947,-1.4279654026,-5.07413244247,-2.76228952408,-3.72151994705
2597,-2.81142258644,-0.000223836832447,-0.00191741751041,-0.00121642893646,0.0,-1.23925113678
55847,1.12727355957,0.276353418827,1.50817131996,2.03310227394,1.3561258316,2.80982041359
25803,1.24186325073,-0.29590266943,0.246341437101,0.715681672096,0.236272618175,0.58494746685
3480,-0.529232144356,0.174571543932,-1.55809617043,-1.20931601524,-2.07699561119,2.21471524239
2946,0.234592080116,0.0407471060753,0.898572444916,1.72600376606,0.220309138298,2.40126776695
9517,-0.685260891914,-1.26478350163,2.35829138756,1.0260181427,0.974181473255,0.367285549641
25987,-1.92386364937,-0.539807677269,-1.61655342579,-0.786345243454,-1.87285983562,-3.06205058098
23670,-1.60142421722,1.66039228439,-0.279306530952,-2.44477891922,-0.620100617409,-1.54106211662
11182,0.681376457214,-2.34303498268,-1.77653932571,-1.89454698563,-0.743344902992,-2.07616591454
2146,2.00774121284,1.43908953667,0.101279035211,-0.61587959528,-2.06658220291,-3.69342541695
3385,-2.89321231842,-0.288688361645,1.13345742226,1.93666529655,0.419917523861,1.2380348444
5261,2.666005373,0.386704564095,2.3731880188,2.35492706299,2.93118000031,3.71896052361
10765,1.18046116829,0.677092790604,-2.45162391663,-2.57660412788,-1.38860416412,-1.46868824959
25839,0.0256368219852,-0.00464314222336,-1.18525362015,-0.878274261951,-1.30821466446,-0.836767137051
4172,-0.115598075092,-0.0264759212732,2.53348207474,0.992808401585,-1.88235723972,-3.59068536758
23161,0.71567183733,-0.180380344391,0.0864328145981,0.126142561436,0.386737167835,1.13428354263
10298,0.116125166416,0.16044062376,-0.870032012463,1.17415106297,-3.63625669479,1.70299959183
1802,0.892471909523,-0.0741568803787,1.20791482925,0.786651551723,1.06633615494,-0.628902673721
58533,-2.04474639893,-1.58353900909,-2.05659890175,-1.60937488079,-1.69456243515,-0.733968794346
147179,2.44944596291,0.648447751999,0.611757516861,1.70352768898,1.03310620785,4.23395442963
29937,-3.46121168137,-1.18492698669,-1.03249299526,-0.3254134655,-2.46865034103,-5.03264427185
6184,-1.1015856266,-0.754599988461,-0.159491166472,-0.645823359489,-0.100334480405,-1.97098088264
9854,1.77474582195,2.75978565216,3.92860364914,2.51804351807,2.92539429665,2.93831539154
2553,-1.28283441067,-1.78158664703,-2.82770133018,-2.19167375565,-4.06926822662,-3.91838264465
5440,1.40720522404,0.371847093105,0.876537024975,1.01113510132,0.647195994854,1.14714407921
54623,-0.697885394096,-1.2895411253,-2.73697638512,-1.40128540993,-0.639916300774,0.592444658279
9533,0.314318567514,-0.439460277557,0.625271439552,0.251428067684,0.652271866798,1.19187068939
8607,1.91221082211,0.0900273323059,-0.797614336014,6.08484983444,1.37914729118,0.989953041077
207,0.483131110668,0.249441534281,-1.56015133858,-5.17351436615,-1.29162561893,-5.500415802
26054,-6.0801448822,-3.16304349899,-5.65922832489,-6.12836074829,-5.28053283691,-6.73365116119
10682,-0.696067929268,1.09030044079,-1.36182379723,-1.87229204178,-2.06149411201,-1.76283407211
8573,-0.958267748356,0.948638796806,-0.555227339268,-3.63790297508,-0.307732760906,-3.68446826935
23378,-1.42291986942,0.481707632542,0.225068703294,1.61838948727,-1.39361977577,0.476494312286
8553,-2.83872032166,-1.89131712914,0.0298606157303,0.645753860474,0.750462174416,0.345162332058
622,-1.58253026009,0.311334341764,0.430778622627,-0.0865007340908,0.0678501576185,-1.11810159683
9467,-1.45158815384,-0.0608054846525,-2.79729390144,-4.19522714615,0.558791458607,2.4274160862
5525,-0.176773682237,-1.66011619568,0.843378305435,2.12819337845,0.148951068521,3.11784601212
256364,1.82034885883,-0.0775066912174,1.77717471123,2.72341513634,2.02059292793,0.442359268665
332,-6.28339338303,-2.16187429428,-1.92421960831,-0.732408285141,-1.0493516922,-1.92875766754
2058,-1.87473237514,0.962339222431,0.821789741516,0.441375344992,1.03031814098,-0.914888143539
7849,-1.52515625954,0.331365287304,0.459340393543,1.49611186981,-0.0389101952314,0.198338985443
23244,-2.55945491791,-0.191756904125,-3.78263711929,-3.98865747452,-3.31054401398,-3.67498826981
7494,-4.20263576508,-2.3354370594,1.66666424274,-0.580244779587,-0.65246462822,-2.13030338287
4836,-1.77783441544,-3.52059650421,-2.87418198586,-1.77082920074,-3.5316131115,-2.02866578102
23647,1.90530085564,0.526446938515,0.652882099152,5.66091156006,1.19391691685,3.83910322189
10617,2.33926701546,-0.280600965023,-0.147551804781,0.48457428813,-0.0761181637645,0.756114959717
2184,0.972245872021,0.998469591141,2.0623562336,1.12691164017,1.2964990139,1.90986216068
5355,0.0839615613222,0.0875414758921,0.349138379097,0.822361707687,0.427664369345,0.70365524292
6659,0.525945842266,-2.58977985382,-0.572601139545,-0.000218280314584,1.01161193848,-1.62483489513
7016,1.02915871143,-0.528410613537,-0.0210019946098,0.0789432823658,0.220059275627,1.02978336811
90861,-2.00964927673,-0.48068857193,-1.45166182518,-2.08589148521,-2.66877698898,-1.74149560928
10670,0.25229242444,0.0500147640705,-0.417734205723,0.890695154667,2.01864528656,2.09915328026
79071,-0.908263802528,0.551368832588,-2.03265881538,-2.71494698524,-2.68786096573,-10.0
64746,-1.11078464985,-1.48639583588,1.08025670052,0.172566398978,2.17399501801,1.55968654156
5366,1.80174303055,2.14019370079,1.54400849342,1.80098748207,1.38533830643,-1.64464950562
11344,-1.5958108902,0.67541706562,-0.0156403630972,0.0527253299952,1.46950244904,1.03432404995
10013,-1.26368868351,-0.358993023634,-0.673248291016,0.462054550648,-1.86881995201,-0.305425256491
5829,-1.02581346035,0.495668083429,0.258780926466,0.00109354872257,0.662347793579,1.96491718292
5257,-0.760032534599,-0.480046391487,0.315353006124,-0.241176903248,-0.563156843185,-1.49706053734
22794,-0.203556090593,-0.266966283321,-2.56378269196,-1.39668893814,-2.30378007889,-2.82279610634
9761,2.16074347496,1.55579996109,1.85348415375,1.11196994781,2.8576540947,-3.54308748245
23326,-2.24678850174,-1.8273768425,-2.94773364067,-6.5607624054,-4.64461135864,-2.62773346901
10972,-1.15760886669,0.122779995203,-0.40258616209,1.47705185413,0.0588289499283,-1.48415577412
10523,-0.178941607475,-1.03984093666,-0.250893712044,1.61539983749,-1.03573215008,1.60292291641
79090,2.94519305229,0.430607438087,-0.333480298519,0.224378138781,0.279829859734,0.642035186291
27032,0.0673916488886,0.446053475142,-0.339116483927,0.542357087135,-0.551064610481,-2.31788659096
9097,1.78954052925,0.0564126521349,0.0414362773299,1.45589458942,0.201741814613,0.581461191177
10513,-0.726218700409,-0.461025625467,0.0450614690781,-0.758415579796,0.0269285440445,-0.777644276619
1891,0.639466822147,-0.657037258148,-3.17732262611,-2.23706078529,-0.0666274726391,-5.06656122208
3066,2.2716755867,0.496384680271,-1.85451340675,-2.60780572891,-1.7354850769,-4.12397241592
9801,0.0873226821423,0.146972462535,-0.579129219055,-0.0330135300756,-1.81725788116,-1.19598186016
1459,1.02175140381,-0.33460983634,0.126524165273,1.2126711607,1.41305184364,1.73758494854
9703,1.23812222481,-0.589224874973,-0.586280167103,-0.238315820694,-0.915367662907,-0.541106760502
10606,-0.638009786606,0.415642231703,0.355989605188,1.13078427315,-0.575855374336,-1.087651968
1017,0.639794170856,0.588881134987,2.02800965309,1.42812955379,2.35178732872,0.964145600796
9813,0.828207790852,-0.976908802986,-0.0714864581823,-0.654213786125,0.0232893228531,1.93702626228
7485,1.93018460274,0.98506975174,2.95298242569,2.44061565399,1.94226634502,0.615975558758
2109,-0.185290068388,-1.02775275707,-1.87576198578,-6.7036652565,-0.711577892303,0.509439587593
23271,0.54726755619,-0.936674118042,-0.417623519897,-0.737825393677,0.211749941111,0.915397763252
9915,0.845052480698,-0.606920838356,0.00299707381055,0.00233703386039,0.478319644928,1.43730831146
9552,-7.21550607681,-3.0790040493,-4.78099822998,-3.5147254467,-6.63946151733,-6.05623149872
93487,-2.30661725998,-0.364349752665,-1.1123957634,-0.759550154209,-2.03954553604,-2.47172117233
2956,-0.165796637535,-0.0702281594276,0.548515796661,-0.105805367231,-1.33773171902,-1.39620196819
11065,-7.08718109131,-2.18031597137,-1.98905539513,-1.42638969421,-1.63173341751,-2.62645173073
9653,2.28924703598,1.68979692459,0.609729468822,1.31932926178,0.272418141365,-1.20590984821
200081,-4.52664041519,-2.56804943085,-0.869248151779,-0.773487210274,-1.99747991562,0.0642411485314
3337,2.7462310791,3.10830259323,3.55213212967,3.86012196541,4.72670984268,6.57067394257
11073,0.237227976322,-1.18881368637,0.760193407536,0.867268323898,-0.792595744133,-0.679297089577
23,0.904322624207,-1.35617470741,0.954708099365,1.08467042446,-1.03670203686,0.714147925377
5641,0.804111301899,1.04144406319,0.280806839466,1.35764908791,2.7259914875,8.50976371765
8720,0.434913635254,1.04316282272,0.73749434948,1.73987114429,0.349534958601,0.915095746517
10782,0.329993367195,-0.0926960110664,-1.06436824799,-0.110738426447,-1.24540305138,-0.00083763897419
25932,1.96702206135,-1.97496747971,-0.739944219589,-0.93446969986,-0.237054094672,-2.12170982361
3028,1.3319747448,1.00194454193,0.482637822628,0.261740982533,0.265477657318,-1.23235177994
6804,2.25027370453,0.959374904633,2.62288045883,2.77421951294,3.82562851906,6.83197116852
890,-6.02995586395,-2.47146105766,-1.28889513016,-2.25294995308,-2.23798322678,-2.43250894547
6390,1.65902876854,0.0985680893064,-0.43888771534,1.39462935925,0.863184094429,3.54118204117
4303,-1.24383699894,1.20060920715,0.95923101902,0.29719543457,4.75953388214,6.06790924072
10953,-2.0371260643,-0.887398719788,0.350585728884,2.48585605621,-0.926717400551,1.48393309116
22889,2.47148776054,0.158274829388,1.06535422802,0.672532856464,-0.745255112648,0.357837885618
3098,0.802203536034,-0.225561141968,0.0198383331299,-0.958752512932,-0.0505332425237,-0.820348024368
11044,0.948353827,-0.400181531906,0.709214985371,0.58100771904,0.67200088501,1.07690382004
8985,-3.58986234665,-1.19468665123,-0.372464001179,-1.42967891693,-1.05256068707,-2.44110774994
66008,1.25104725361,0.942598700523,4.04861068726,0.777156472206,5.35572147369,5.85761547089
9217,0.538628041744,-0.761863827705,-0.361012011766,1.32566952705,-1.24025452137,-0.976650774479
701,0.0377540886402,-0.452584326267,0.291608482599,0.267709165812,0.360010027885,0.531006634235
6182,-0.895793437958,-0.199387013912,-0.344220072031,0.212060034275,-1.7990860939,-2.91271829605
4860,0.240296214819,-0.242722630501,8.83329963684,7.68380975723,4.28348302841,5.4175825119
7398,-1.48563492298,0.37301337719,1.63893270493,-0.203486517072,-1.37688016891,-1.27301394939
6117,0.384306550026,1.45648145676,3.62849617004,3.37023258209,0.19359447062,-0.622706711292
23588,-0.184650570154,-1.12052607536,-1.07993817329,-2.00737953186,-0.502161622047,-1.21782374382
949,3.69784021378,2.49901819229,0.928126215935,1.90741610527,1.26237010956,1.55504453182
7168,-1.48987543583,-1.88481402397,-1.16241586208,-1.74519133568,-2.21716547012,-6.455078125
9375,-0.43185710907,0.545447230339,0.358175903559,-0.323497354984,0.961159586906,0.30812805891
4927,-0.0590678751469,2.24305224419,0.33809825778,-0.381942152977,-0.433434903622,-0.851921319962
2523,1.01965546608,-0.567785203457,0.282614648342,0.437829762697,-0.0777954906225,1.39439308643
58497,4.23561143875,2.05363178253,1.26380836964,4.15356206894,1.58827137947,2.39456176758
6856,-3.96167349815,-1.01925289631,-0.783596932888,0.151353895664,-2.19194793701,-3.00435352325
26036,0.243946686387,1.48657822609,-0.144619807601,-0.677973985672,0.670337319374,-1.60180044174
10206,1.3689725399,-0.997791290283,-0.40574079752,-0.24006152153,-1.32781815529,-0.169043764472
25793,-4.05940675735,-0.967131257057,-1.03130149841,-2.0779042244,-2.36018514633,-2.83162856102
55556,-3.18734741211,-0.755827724934,-0.185190394521,1.61325180531,-1.70904076099,-2.13699126244
3978,-2.34264206886,-0.333666414022,-1.2915225029,0.991353332996,-2.11605429649,-3.02369832993
10681,-0.639672040939,-0.192732810974,-2.8963561058,1.26019263268,0.171113371849,5.18274354935
3638,3.90375614166,1.99516940117,1.54570889473,1.68043661118,3.55757284164,2.05308866501
8349,3.24906992912,1.13098359108,2.89470648766,2.124345541,0.0677950009704,0.516056776047
6275,-2.74043655396,0.0173242390156,0.638891160488,0.212608158588,0.0176299866289,0.691710352898
3895,0.857005596161,0.19757142663,0.921324372292,1.09735262394,0.63095331192,1.59021270275
392,-5.06685733795,-1.11587548256,-0.495072305202,-0.134448200464,-0.118566431105,0.896760940552
9170,0.75986379385,-0.598086297512,-3.74524974823,-2.13999509811,-0.842171192169,-1.44638848305
80347,3.87094449997,0.725154578686,1.94649517536,5.38645029068,0.426959693432,4.16690063477
23300,-0.468734264374,0.716054916382,0.0648087859154,-1.30839157104,0.225434035063,-0.320268988609
836,0.532186686993,0.552232980728,1.78260600567,1.84185993671,0.793471336365,2.02121591568
11188,-1.5256280899,1.13317894936,-1.17187869549,-3.72195386887,-2.33708906174,-5.31310510635
10898,0.815819740295,0.0127814859152,0.203600242734,0.804379224777,-1.8481297493,1.13083219528
9276,0.666534721851,-0.505386352539,0.748480677605,2.55278277397,0.442194700241,2.1348938942
1647,1.50821805,1.8316860199,0.753940105438,1.44707620144,1.73478388786,1.03323626518
10285,-0.370865225792,-2.37625694275,-2.24657416344,-0.0431763082743,-1.2798037529,-0.398972034454
23386,-0.123255491257,-0.564179897308,-0.358620256186,0.675745308399,-0.533951759338,2.49587607384
3156,0.965606451035,0.318747609854,-1.40129566193,-2.31419944763,-0.886069476604,-4.24442672729
10237,-2.44853925705,-1.18002986908,-1.05213868618,0.69264626503,-1.04106581211,-4.00748634338
7077,-1.40888333321,-2.51557207108,-0.623749613762,-0.931051313877,0.87866216898,-0.0973774194717
11157,1.30830383301,-0.219210341573,2.16317486763,0.601687192917,-1.05757904053,-1.09820067883
22908,0.0170950591564,2.01259708405,0.903307497501,0.0880214050412,0.484459400177,-1.12387764454
10915,-3.53066730499,-1.04056882858,-2.66197395325,-2.88176369667,-4.10983181,-6.20934152603
9897,1.42923629284,-0.801643967628,0.412869572639,0.423879861832,0.722550451756,1.64697825909
1759,-1.6475520134,-0.0469017736614,-0.882959008217,-2.71973800659,0.754438459873,0.512059688568
54541,-3.01187252998,-1.75114989281,0.197672918439,-0.63555264473,3.77504062653,1.80709958076
211,3.38223552704,3.19387340546,1.84811496735,1.20054876804,2.37894415855,4.01814222336
5048,1.53617203236,-0.548980712891,-2.78293466568,-1.77172720432,0.527776956558,-0.474447101355
84722,0.770745396614,-0.0626061707735,0.917662322521,-0.0327727198601,0.728414416313,-1.4852950573
29890,0.601108133793,-1.44166791439,-1.59670722485,-1.38983392715,-1.61491847038,-1.79675114155
9868,1.58520340919,1.25899231434,0.456550240517,1.51134610176,0.457302123308,2.6270596981
873,2.7023935318,0.173336476088,-0.132256507874,1.86595439911,0.0177620649338,4.55449867249
5580,-1.46147680283,0.304805397987,0.639411211014,1.6484951973,2.87652230263,5.74047422409
3725,1.27567911148,-2.28443336487,1.67360234261,1.53274559975,1.46462655067,2.52657341957
23585,-0.953238725662,0.646473169327,2.03508520126,0.588171958923,0.144035384059,0.334541738033
51097,-2.27536010742,-0.373900651932,-2.55785727501,-2.3362929821,-2.1434469223,-3.63930988312
1831,-1.77555668354,-1.71388018131,-1.66265809536,-2.99770879745,-1.18041551113,-2.89662981033
7020,0.717308044434,-0.837082266808,-0.418107151985,-0.229260414839,0.151804178953,0.54433709383
55893,0.591566085815,-0.958669543266,-0.28857883811,0.418504208326,0.0784047245979,0.867261171341
6944,1.05436372757,-0.759695470333,-0.381205826998,0.139205724001,0.494271755219,-0.49828389287
22883,0.975189805031,0.406625837088,-1.99419188499,-1.50615692139,-0.196558713913,-1.4664182663
5601,2.22282409668,0.146029010415,1.80673623085,2.10799741745,0.937834739685,1.72805213928
10775,1.42116057873,1.42510855198,1.11544764042,3.87629532814,1.15077483654,2.69116973877
4780,-1.3812456131,-1.39022386074,-0.155125558376,0.338661760092,-0.130454972386,-0.0502380728722
10904,-1.86389064789,1.43659579754,0.298065125942,-0.790520489216,3.39798307419,2.85056495667
9917,1.86560964584,0.295002788305,-0.55292224884,0.798042178154,-0.856083333492,-0.0209294483066
1399,0.450932621956,-0.938804209232,0.501479625702,1.25331318378,-0.54166162014,1.70527267456
24149,0.424133718014,-1.08955359459,-1.6533010006,-0.282295525074,-0.0331517457962,-0.724326610565
2222,2.20412921906,0.625125825405,0.0706565380096,-1.7474501133,-0.68496966362,-4.57149171829
10131,3.05538892746,0.260646522045,-1.10063195229,0.521255493164,0.542465686798,0.300532609224
2958,1.5482711792,0.984479784966,3.8700799942,6.87235069275,2.33518266678,3.20066452026
9650,0.906428515911,-0.629665493965,0.312021970749,0.430360555649,0.339939653873,1.9667532444
7319,-0.871779799461,0.518951892853,2.32929229736,0.413982748985,2.07856655121,-0.419055461884
4817,1.72797298431,0.153403386474,0.943705677986,1.53212761879,1.19766247272,2.31876039505
9143,1.09532284737,-0.374004811049,-1.60480582714,-2.01781702042,4.61989021301,3.77148151398
10494,-0.262200832367,-1.51677584648,-1.316822052,-0.727431714535,-1.85206890106,-1.04535388947
55324,2.71091127396,1.75863456726,1.58900928497,2.87365198135,1.07915842533,3.4958281517
23149,2.41090226173,-0.588004171848,1.31600117683,0.964909076691,3.23445224762,4.52553033829
9943,0.322875857353,1.03899824619,1.30075144768,-0.459436357021,0.563945293427,-0.881012618542
6599,-2.49486351013,0.211773589253,-4.28431653976,-3.30974507332,-2.02014756203,-5.3876748085
51031,0.653630256653,-0.614439368248,-0.0776214301586,-0.154255464673,-0.747326135635,-1.43382370472
3566,0.902475237846,-1.26260042191,-0.140010744333,0.24082583189,-0.120626814663,0.548884868622
3815,1.44524300098,1.26756179333,0.243443787098,0.658045947552,0.496825009584,0.934948205948
8624,-1.24332928658,-0.0726506114006,1.38233423233,-0.351343780756,0.0234944298863,-1.35516166687
27346,-0.773336827755,0.285286813974,-1.15374827385,-3.7640645504,-2.43342781067,-9.02591323853
10489,-6.03097057343,-3.36624622345,-3.0275080204,-6.02550792694,-2.32324266434,-7.48959922791
26128,-0.654278874397,-0.316896796227,-0.932177782059,0.0201401114464,-0.715430319309,-0.364997565746
79921,-3.53548312187,-1.52906179428,-0.168912172318,-2.64921665192,-0.675751924515,-2.57002520561
55746,0.839844703674,-0.440167486668,1.4468536377,2.45140838623,1.04689896107,2.44583940506
23636,-2.56307911873,-3.16357541084,-1.61364459991,-2.23782515526,-3.10756444931,-2.91837453842
10892,-2.75191450119,0.588083744049,0.64075088501,1.39195299149,0.278008878231,0.0942791849375
10652,2.61598587036,0.379787683487,0.0130953192711,2.24928045273,0.287107408047,3.82774734497
11004,-4.43950414658,0.0661828219891,1.23050808907,0.105390302837,-1.04639029503,0.449111551046
23530,-2.35863614082,0.862623214722,-0.0155636742711,-0.897578835487,-0.331107705832,-2.99864625931
8826,-0.0866516679525,0.516443312168,-0.181790187955,0.662735641003,1.6527826786,3.10854911804
3308,1.3277797699,-0.878650069237,-0.330463290215,0.502992510796,0.393898427486,0.997670054436
7153,-3.52591729164,-0.225995987654,2.04129719734,-1.35344994068,0.663225054741,-1.60370719433
11041,1.13820374012,1.42728078365,-1.02361798286,-1.44023633003,0.638877034187,-2.82937955856
6342,-0.244802728295,0.516846060753,0.55475628376,0.815140724182,-0.546826004982,-1.4672524929
5883,2.9036386013,3.57833385468,6.74098730087,4.29116439819,3.60449838638,2.25630116463
10589,0.297363460064,-0.575841069221,1.68059313297,2.52929854393,1.14506816864,4.32898330688
5110,3.18029689789,0.556157469749,1.07924604416,1.6812120676,2.36278343201,6.83216238022
4609,0.36135545373,-0.908908545971,-1.05044054985,1.2542757988,0.0912339761853,-1.231118083
5423,5.96761798859,0.95106959343,-0.283317118883,1.03672885895,2.39093971252,2.30091905594
1070,-1.83273363113,-0.598541975021,1.2091562748,2.31909036636,-1.6330422163,1.4467921257
10051,-5.16828727722,-2.20634746552,-0.154490768909,-0.958788514137,-3.58560609818,-0.848652422428
6603,1.5713763237,-0.297371566296,0.841324985027,2.71871399879,-1.49399113655,2.71139240265
9019,-0.396269917488,0.378392547369,2.32585716248,0.571022510529,0.428603053093,0.300261855125
10969,-0.228652119637,0.185747116804,2.89444255829,1.04294681549,0.12671533227,1.4815608263
9797,-1.50756442547,-0.380108267069,-0.159737408161,-0.46084946394,-0.796909630299,0.00120177865028
4043,-0.885517835617,-0.890398144722,1.43490421772,2.3451499939,-0.16541442275,2.07775092125
9519,3.43616104126,2.73751091957,0.358569920063,-1.12312340736,3.73945093155,3.4388885498
8480,-0.291514277458,-1.66942346096,-0.860017538071,0.172546297312,-1.51507735252,0.351077705622
983,-4.99627590179,-0.825961232185,1.42323470116,0.841401875019,1.02820050716,-2.10565876961
10559,0.230687350035,0.0672640800476,2.60923171043,2.26998853683,1.36035966873,1.18286681175
8508,2.3304271698,0.267288088799,-2.4124276638,-3.54498696327,-1.86259353161,-2.39981651306
9275,1.48377132416,-0.739202141762,2.1016907692,5.223051548,0.762926697731,3.17967176437
8914,-0.830808520317,-0.0483566820621,0.483429849148,0.557873487473,-2.12746763229,-4.83207416534
54505,1.10676646233,0.260593175888,1.62499547005,1.69191300869,2.49358129501,2.55348038673
6919,1.94477891922,-0.608857035637,-0.127622485161,0.447861969471,1.18182945251,0.596327960491
2274,-6.66655015945,-2.5263004303,0.117368787527,1.26876044273,-0.23212222755,-1.25116658211
2288,0.232266187668,-1.79552662373,0.00122336950153,0.0,-0.345677942038,0.352026581764
7994,0.0312677919865,0.845765590668,0.0413707271218,0.156396061182,-0.40654271841,-0.788953542709
4216,-2.27444124222,-0.265039205551,-0.941271483898,-1.36171042919,-1.80599915981,-0.244211852551
7538,3.09605741501,2.36172699928,0.628943502903,0.579772114754,3.00388336182,4.73066329956
3628,-1.11785066128,-0.725246906281,0.713604211807,4.03856658936,1.59797489643,4.72765827179
2037,1.70406460762,1.04580998421,3.02404403687,2.61922073364,0.944686710835,-0.0454096794128
2771,1.38815546036,2.75218725204,1.95443677902,-1.9511692524,1.92169654369,-1.85345840454
7264,-0.695880949497,-0.00537829101086,3.14342594147,3.57671689987,0.841854333878,0.706278681755
1786,0.641395449638,-1.47502207756,0.00176670099609,0.000836758757941,-1.08596920967,0.547045469284
5873,2.97628951073,2.95364522934,0.195922881365,0.711241841316,0.468957185745,-0.394234210253
780,0.260007202625,0.545201539993,-2.3466053009,-4.18580102921,-2.08816003799,-6.56867027283
9926,-4.00298309326,-0.73946595192,-2.59765601158,-2.33669376373,-3.95895791054,-3.24696516991
8446,0.688504338264,-1.03950154781,0.540542006493,-0.0852641910315,0.600572407246,0.898013532162
7159,1.18947017193,0.632764697075,-1.77433431149,-4.52423334122,-1.76593565941,-3.03947234154
1026,1.81673574448,1.93056070805,-1.17142224312,-0.836251020432,-2.6360976696,-1.16607713699
7082,0.809797942638,0.828678846359,-0.126540750265,0.289730787277,-1.08775353432,-1.04058504105
10058,-0.40528807044,-0.579118013382,0.978053927422,1.47383534908,-1.44688415527,1.64682197571
10797,-3.67088007927,-0.914575695992,1.54440200329,2.33995008469,0.910921096802,0.722982525826
11230,0.017259940505,0.669591784477,-0.95002412796,-0.720461785793,-0.753242194653,-1.73107647896
30836,-1.26585268974,-1.94010031223,0.392773091793,2.17899656296,-0.18862208724,2.42690300941
27336,1.11264908314,-0.212943568826,0.570663690567,0.609600841999,1.79849505424,0.297279298306
9918,0.926627516747,-0.109277099371,0.821362018585,1.80764186382,0.670778810978,1.42080140114
79073,-1.63550257683,-0.0734327957034,-0.391969054937,0.965538322926,-4.58441543579,-3.43543720245
9688,2.60665440559,0.68575501442,0.98714017868,-0.767617642879,0.176922678947,2.74353647232
23659,3.42984008789,3.46386289597,4.73941707611,5.03915405273,8.38222122192,9.03637981415
8396,1.27732515335,-0.892685115337,-1.22556889057,-2.61882257462,-1.56293582916,-2.57453536987
23077,0.0115035772324,-0.268402814865,2.12000131607,4.36752557755,0.7765583992,4.16793298721
10857,-1.4581900835,-0.749895811081,-1.46518862247,-10.0,-0.636535644531,-9.84780597687
16,1.94526576996,0.112064376473,-0.749686479568,0.321877360344,-1.15709662437,3.71666240692
2817,-1.1867442131,-0.11446672678,-1.26154172421,-2.2725379467,-2.22453022003,-0.809260189533
60528,0.29688167572,-1.1757235527,0.625161647797,3.16460704803,0.2208507061,1.79517173767
5359,1.44860696793,-0.646064996719,0.170822665095,0.701649069786,-1.69958662987,-2.06142115593
1514,-8.47917556763,-2.43279409409,-1.21196460724,0.308898180723,-1.06298971176,1.63234567642
1509,-2.02043271065,-1.18697929382,-1.20499968529,-1.15628528595,0.51285392046,-0.0505181923509
9181,-1.78880167007,-2.06377911568,-4.40872907639,-6.19878053665,-4.12490653992,-6.822306633
3611,-3.02554965019,-0.0239897668362,0.728630661964,-0.474432557821,-0.08060028404,-0.934602379799
4783,1.95171773434,1.28662586212,-0.610706448555,-1.29241144657,-0.21164034307,4.2235789299
10123,1.04186797142,0.572135984898,-0.944842159748,-0.204789429903,0.614285826683,1.43989443779
8895,3.19896602631,1.50564599037,2.19259357452,1.76243031025,1.86606192589,1.68371868134
9805,-4.72372055054,-1.91844141483,-1.67670249939,-5.82792758942,-2.6773223877,-10.0
4125,0.74226295948,0.174105510116,2.05741262436,4.9171795845,1.35286128521,2.75676727295
1635,-4.38344097137,0.260860174894,-1.35629534721,-1.65276062489,-3.0270280838,-5.21181488037
4154,-3.31005072594,0.907573580742,1.54465246201,0.24864038825,-0.00369285792112,-3.38488006592
26292,1.55212163925,1.75214481354,5.98382854462,6.70438814163,0.884542226791,3.19302940369
5770,2.41339492798,1.90444660187,0.760229825974,1.61669898033,2.41362714767,5.90861082077
25874,0.306491136551,0.893268823624,-0.906823992729,0.764415919781,0.73147547245,1.62748026848
11319,4.38721561432,1.38613724709,1.87069606781,2.65957450867,1.60706996918,2.19050955772
1153,-0.105827212334,-0.241779863834,-1.52324068546,-1.67775535583,-0.608353793621,0.270141512156
11098,-4.43452310562,-0.151286572218,-4.07351636887,-3.06289172173,-6.95042514801,-9.96129894257
8974,-1.99324202538,-0.434985727072,0.22537535429,2.08180141449,1.35930550098,2.14621925354
533,1.55104017258,1.63570737839,1.62428951263,0.902972221375,1.52764165401,1.64962291718
823,-2.57888364792,-1.08036112785,-0.888898849487,-2.62536668777,-1.00487542152,-1.13984131813
6812,1.93742752075,4.15727519989,0.0424080789089,-1.53817939758,1.10538065434,2.84974360466
3693,-7.51481866837,-0.56697255373,-0.959198713303,-2.43992185593,-2.85469484329,-9.55811309814
4891,2.27423238754,1.8575398922,-0.871394336224,0.0597090870142,-1.88857269287,-1.45473563671
10954,-2.69322967529,-1.05505919456,0.807023644447,0.315629601479,0.249055638909,-0.730450749397
5909,8.82414627075,-0.573505282402,-1.4324567318,0.616289317608,2.93368864059,7.88188028336
9221,1.60529875755,1.56097483635,2.44118952751,3.13003277779,1.97302818298,1.08072888851
847,-0.0757613107562,-0.0348791889846,-0.804756999016,-0.937352120876,-0.440550625324,0.380364179611
11072,0.491670846939,3.17588567734,4.37054729462,4.1515622139,1.63204336166,-0.0618869140744
10221,1.0916030407,-0.216723412275,-0.0794895291328,-0.170053347945,0.659329771996,1.81109178066
7158,1.74403131008,-0.461902707815,-0.10225161165,-2.75549721718,0.0313526652753,2.4401807785
8678,-0.0292711555958,0.202278628945,0.544893622398,2.59923863411,1.7450978756,1.06436562538
11014,-1.26058602333,-0.438662052155,2.58437657356,1.9437110424,0.525003314018,0.283499360085
1994,1.73109698296,0.519404888153,-0.636255264282,0.0226816534996,-0.494669854641,-1.64195048809
3482,1.85197496414,1.32289266586,0.885131716728,0.481297761202,0.592027723789,-0.845268845558
25976,0.762421309948,0.925250411034,4.33535337448,2.80363678932,4.0410490036,1.18442070484
10491,-1.63072443008,0.0743933618069,-0.254007101059,-0.510916411877,-0.937524199486,-2.44675946236
51053,0.782623946667,0.0745728760958,0.469878524542,0.0080434139818,0.0219910144806,-0.0308318436146
9267,1.08544695377,3.46796798706,-0.175621509552,-0.90477514267,0.703944683075,1.11253452301
5547,0.682217478752,0.297946512699,0.70857155323,1.57348299026,0.386865288019,-1.73163282871
6597,-1.09536337852,-0.740041136742,-3.14523744583,-6.4973783493,-3.08399367332,-6.68499612808
5836,-0.776037335396,0.866759896278,0.260861366987,1.44854044914,1.66237080097,3.05227231979
6118,0.837010860443,-0.0625003278255,0.194239497185,1.89013230801,-1.14860701561,-1.15943324566
2961,2.67725753784,0.0456703305244,1.20589828491,1.96923160553,1.65629458427,4.81196975708
310,-1.59276711941,-0.279811739922,-0.025526791811,0.328056097031,0.00788266956806,0.457118421793
7296,0.727848172188,1.20067119598,-0.397651284933,0.162175625563,-0.116969540715,0.165652215481
1429,-1.77574062347,1.25264501572,0.990624368191,0.119333773851,0.431709945202,-1.31158900261
2548,-1.20384883881,-0.177914381027,-0.286721557379,-1.04540133476,-1.12172210217,-0.727186501026
6499,3.47442221642,0.117561049759,-0.731769025326,2.34291791916,-1.1069791317,4.11435604095
642,0.239123672247,0.542369008064,1.44865942001,0.208377629519,1.38609063625,0.0717922002077
23076,1.59240293503,2.4326338768,0.612388849258,2.1547191143,-0.531472623348,2.44182991982
10099,-0.535894989967,-0.768318414688,-1.40379524231,-1.07650923729,-1.47291970253,-1.56121969223
9817,-6.69104003906,-8.40465545654,-6.71775484085,-5.87679195404,-7.29924249649,-5.59485721588
9126,1.30987048149,0.735567927361,0.566978216171,-0.453128248453,-0.471134006977,-0.543436646461
3930,-0.112264409661,1.23733663559,-1.47089195251,-2.75665426254,-1.61181354523,-4.10079097748
10450,-1.1125177145,-1.02010989189,-2.434715271,-1.10203742981,-2.59868907928,0.475182294846
54386,-0.118849545717,-1.47424054146,-0.989395141602,-2.19052124023,0.586052834988,0.912000656128
664,0.085120588541,1.93415260315,3.55689167976,3.54288339615,2.7328619957,3.37227010727
596,0.824021875858,1.88922476768,-1.38995885849,-0.639119744301,-2.75683784485,-3.39055776596
10180,1.35943508148,-0.725220561028,1.61112976074,1.57867050171,-1.47258210182,0.58302462101
1445,-1.11795091629,-0.566832602024,-2.83882164955,-2.41342568398,-3.70459413528,-1.18094813824
230,9.99999904633,0.906153023243,0.430147498846,4.71780014038,4.28286457062,10.0
9246,-1.13565790653,-0.423838764429,-3.85740184784,-5.47091388702,-0.855114579201,-3.56955337524
5092,-6.20746612549,0.2473770082,-0.85949665308,-1.35563731194,-2.7361946106,-8.25550079346
23463,2.17628717422,0.356153190136,2.82854032516,2.90138530731,-0.30510610342,-1.62982439995
10007,-1.62717556953,-3.05424237251,-0.88423126936,-1.06836700439,-1.32178771496,-1.45190215111
4925,-1.18553340435,-0.0375855863094,0.618779718876,2.10071706772,-0.529586434364,1.58935832977
6251,2.32634472847,1.0208272934,0.713180243969,2.59689545631,1.96013236046,6.3867855072
5782,-2.27039146423,-2.92483353615,-4.18595695496,-2.24078464508,-4.48760414124,-4.11625146866
5106,-3.37417387962,-0.80186855793,0.0435890778899,0.637629508972,0.0060411170125,-0.562836170197
2673,-1.74221229553,1.86137330532,2.57377934456,1.07775831223,4.05820178986,0.0891529023647
644,1.98995816708,2.31286334991,2.90167140961,4.75797939301,3.25491118431,4.52730464935
6284,-0.619188427925,0.568478882313,0.35315310955,-1.29461741447,-0.21015585959,-0.432562977076
4605,0.529480814934,-0.452271163464,0.558706998825,-0.174832344055,-0.735479593277,-2.38160181046
6810,-5.21483421326,-1.72718584538,0.857061028481,2.24000859261,1.6819704771,3.35320806503
54499,4.62462520599,1.07657182217,2.0285050869,5.01607370377,1.43393015862,4.2087635994
11007,0.795939862728,0.13985145092,4.51342058182,3.60764789581,-0.343763887882,1.06494390965
1643,-3.57631731033,-1.10158193111,-0.497168838978,-1.12291026115,-0.255628824234,-0.392107188702
25805,2.35768485069,1.36877846718,1.38821387291,4.95441055298,0.57945227623,2.00024700165
3033,2.66222667694,0.222370892763,3.64140605927,0.744421720505,-0.0416782051325,-2.83463835716
2745,2.76733875275,4.75883817673,1.26493537426,-0.536540865898,4.21363544464,1.57867145538
9961,-3.83167266846,0.0235304832458,1.30439281464,-0.00639089941978,0.201963678002,0.377554982901
3925,-1.50699949265,0.640668511391,-0.609969139099,-5.9146027565,-1.0822789669,-5.42794561386
2582,3.74808502197,0.762800335884,2.68629002571,3.16059875488,0.962971329689,1.02373242378
5792,0.583423316479,-0.0971804261208,0.713323950768,0.712799608707,0.180129781365,1.27688360214
5236,-0.204845502973,-0.139421030879,-1.44825673103,-0.616574048996,-1.19942641258,-2.71555924416
4016,-5.37508535385,-0.521444022655,-0.220862537622,-0.585491538048,0.163547813892,-2.3197145462
4651,2.16917943954,2.50603961945,-2.99974799156,-2.16720867157,-2.51200294495,-0.964752733707
3988,2.26499319077,2.99908161163,1.41556346416,2.74784874916,3.31424236298,1.86416840553
26227,-5.87040424347,-1.22307157516,-1.28498888016,-2.75099134445,-2.18058896065,-7.28117084503
7982,-2.93639278412,-0.983940064907,-2.39155912399,-4.16855812073,-0.937972486019,-4.25230121613
3551,-0.874867796898,-1.75245022774,0.720195293427,1.11957395077,-0.138124018908,1.02226769924
5108,-2.01251649857,-0.791522085667,0.503282189369,-1.39567017555,-1.06815457344,-1.85587453842
8870,7.54694652557,4.03788757324,-0.279502511024,1.26675224304,2.59640598297,7.55654907227
2195,0.45729842782,-0.898129820824,0.0922915115952,-0.471708357334,-2.26318287849,-2.57196235657
8731,0.362358510494,0.744471430779,0.363610953093,0.955819249153,0.739092826843,3.52267169952
1956,-1.92327237129,-0.569778561592,-0.889804065228,-0.965329170227,-0.689491629601,-1.667091012
10276,-0.516398131847,1.0592751503,-0.0108614265919,-0.601047635078,-0.00700727105141,2.18305754662
1666,-5.05029582977,-0.673225641251,-1.61829447746,-3.34207773209,-0.568010270596,-2.29137134552
4864,1.89965891838,0.719627022743,1.69484174252,1.40377187729,1.90997242928,3.03604745865
4232,0.808520913124,-0.16599163413,0.00170332787093,-0.23354908824,0.9144769907,-2.80030083656
5050,4.13329124451,1.66657304764,-0.361959159374,-3.10562396049,-0.520483613014,-3.62402486801
813,-1.37725186348,-0.630603134632,0.0271917581558,1.27628183365,-0.462126225233,1.02340018749
3964,1.56843435764,1.97345972061,0.369893342257,0.760543048382,1.37390911579,1.65993404388
26020,-3.11562013626,-0.399321734905,2.40885734558,0.860785067081,0.291350007057,0.234718561172
481,3.88168096542,2.49135780334,0.137910664082,0.190074086189,1.67013216019,2.12989354134
5019,0.328389108181,0.141801267862,-0.836569786072,-2.40033197403,-0.577276349068,-2.41926574707
291,3.04497623444,0.668554067612,5.39674806595,5.66705369949,4.2071018219,5.10658454895
10973,-2.68906497955,0.349639028311,0.881341576576,0.13958312571,-2.30877876282,-2.79719018936
9697,-1.71296143532,-0.690935969353,3.59934306145,2.19252490997,1.04666602612,0.727208077908
5831,-1.0626500845,-1.22889637947,1.24130284786,0.340819299221,0.0800441503525,-0.717876434326
8202,1.63770496845,0.813671469688,0.751800477505,0.469515830278,1.73159456253,1.91998815536
57804,-2.53193044662,-1.25393533707,0.860780775547,1.21279025078,1.03789770603,4.19050455093
5566,3.62609648705,1.32157731056,2.15516209602,3.04000234604,2.8664457798,2.96102952957
57149,-0.470282137394,-1.22942042351,-1.06863284111,-1.94417715073,-2.60078859329,-1.44415187836
7416,-0.760770201683,0.116976514459,0.00566866993904,-0.834657430649,-3.61396837234,-6.37905025482
10174,-4.68285560608,-1.22271895409,-1.50812220573,-2.63595104218,-1.64904761314,-5.06766986847
6676,2.46546673775,2.6280772686,0.934142589569,3.30764245987,1.04557168484,1.12043964863
8884,-0.18535746634,-0.612697720528,0.0850607454777,-1.33199667931,-1.90853357315,-0.374246716499
5997,2.30244994164,0.326031327248,3.63772654533,2.65918803215,5.0050573349,3.22899341583
57147,-0.257332712412,-0.567567586899,0.966492652893,0.202765583992,0.50416713953,0.20769661665
6909,0.0805256962776,0.888400197029,-0.0630554705858,0.43580520153,-1.16756856441,0.88005900383
9093,-0.679612576962,-3.37597250938,-3.81159973145,-2.99597597122,0.0279848035425,0.528105020523
23142,0.5191385746,-0.820129811764,-0.676788151264,-1.41559576988,-2.27361488342,-0.0385595709085
8444,0.676671862602,1.02225613594,1.21099305153,2.05990886688,0.570686459541,2.90300369263
11232,4.33916187286,0.989023685455,2.30302190781,3.08676743507,2.24133872986,1.46787810326
27095,1.89530456066,0.228440374136,-1.03671646118,4.03257274628,-1.73170733452,3.51270079613
10732,1.46503198147,0.735468149185,2.06187319756,1.80173933506,1.12007188797,0.950945019722
23029,0.229262173176,-0.854173362255,0.984318614006,-0.152762711048,-0.796983897686,1.5051753521
9270,-0.805458366871,0.126387432218,0.484304100275,0.63724642992,-0.904171764851,0.523832499981
47,2.04834794998,3.13487076759,-1.14402699471,-1.01556313038,-0.631025910378,-1.07571840286
5889,0.481122463942,-1.12102770805,0.211717292666,0.462116211653,0.197473108768,0.727033615112
8243,4.95968484879,1.46247637272,1.41262769699,-0.00854324549437,1.02773714066,-0.293431758881
10730,0.737276911736,2.18859863281,-0.0728790611029,-0.547872006893,0.232574760914,-0.657323718071
30,3.32328748703,2.41722536087,0.0291668176651,-1.04161739349,4.18391418457,3.01194143295
7466,3.06423139572,1.58648788929,4.13904857635,4.53825092316,1.37210869789,2.8859360218
89910,-0.79007422924,0.245000004768,-0.259753704071,-1.08758211136,-0.126771360636,-0.474405676126
56654,-4.05133914948,-0.647220551968,-0.797299265862,-3.02831315994,1.06000053883,-1.71972131729
501,1.38319325447,0.794438004494,2.12368392944,0.785467624664,1.10056054592,-1.54499220848
5438,-0.644166231155,-0.858234703541,-0.298529624939,-1.06110441685,-0.0412168502808,0.475046515465
26993,1.75380110741,0.543625950813,-0.652341246605,-0.437432795763,-0.174323707819,-1.5477398634
55111,-0.539247751236,-0.853674352169,-2.56924271584,-3.26153230667,-1.98519897461,-2.72811126709
8520,0.468625158072,-0.740880548954,0.917214870453,1.96094226837,-0.232573643327,2.17766952515
10146,-0.136784106493,1.56330740452,4.71349525452,-1.29253613949,1.7626157999,-0.0998054221272
7165,-1.66421568394,-0.488435506821,0.395034432411,1.23025107384,0.75157469511,2.01095724106
55011,1.62404239178,-0.0581187233329,-0.35519066453,1.15630996227,-0.52781522274,1.38678073883
6461,0.958107471466,-0.0308739617467,0.136532127857,0.477188259363,0.730755805969,0.617284595966
10813,-0.0934338122606,0.39206418395,-0.453950732946,-0.0713828131557,0.359805136919,1.16008734703
80746,1.99394750595,0.126800686121,-0.783133387566,0.0428029708564,-1.08765017986,-0.828397870064
10434,-0.336946636438,0.462440133095,1.19193828106,0.103827476501,-0.255651295185,-0.167555510998
5607,-0.0513898730278,-0.393775641918,-0.0737207829952,-0.213829934597,0.122162885964,0.352406054735
22827,-2.89566707611,-5.11341238022,-6.66868495941,-9.46477508545,-6.31288003922,-4.24084997177
51635,-3.04278182983,0.292058765888,-1.71592926979,-0.855465650558,-2.51802802086,-2.50470280647
84159,-0.100791096687,-0.0189787298441,-0.384813994169,0.36047950387,-0.405804872513,-0.291294336319
3508,-0.165627598763,-1.05843353271,-0.301712572575,-0.946999490261,-0.193305939436,-2.04721260071
84890,-0.0967155322433,3.60459518433,1.38736701012,0.0786103010178,-4.47365283966,-2.61915016174
79600,-0.294412076473,-0.289097845554,-0.725466132164,-0.529836595058,-0.283492565155,-1.39809608459
8574,2.32932305336,-0.170600607991,-0.323159694672,-1.18332779408,-0.860537528992,-0.785852313042
5529,-0.206309407949,-0.667496740818,-3.18510127068,-1.90181791782,-1.0177090168,-1.84885644913
3909,0.960280299187,0.661204695702,0.674517273903,-0.359437167645,-0.706492304802,-0.655858635902
9637,-1.67982411385,-0.991933226585,-1.10473203659,-0.368533402681,-2.08415222168,0.216467052698
8518,2.28798770905,1.6967124939,2.96320414543,3.33869338036,2.2679374218,1.98389625549
6443,-1.39624774456,0.352172851562,-2.04762530327,-0.349612295628,-1.60830879211,-3.25934886932
58478,-0.679762363434,1.10573101044,2.25746464729,1.29663252831,0.394568055868,-1.61883330345
4850,-3.24162483215,0.174578636885,-0.376867234707,-1.30396234989,-0.817314743996,-0.141517668962
23210,-2.25044369698,0.355230927467,4.14124488831,2.46236276627,2.41365432739,-0.400325745344
54733,-1.61545836926,-0.504224896431,-0.785672187805,0.189583390951,-0.401540905237,0.719870746136
55129,3.06359696388,0.487982034683,0.821994066238,2.17115783691,1.01823282242,1.11919856071
10273,-2.83498883247,-0.122193984687,0.000475197390188,0.00140942749567,1.30500364304,0.468856066465
572,-2.84365820885,-0.1293194592,2.06882166862,0.614769101143,1.55304884911,1.35281479359
5716,-0.436207592487,0.725514769554,-0.735346019268,0.795907497406,-1.06504392624,-1.04084610939
22841,-2.10740375519,-1.38864243031,-1.96730852127,-1.15896236897,-1.06484162807,0.416601240635
2356,-4.84775352478,-0.718333899975,-0.849319934845,0.72374856472,-0.760896086693,0.0936062335968
6050,-5.17385435104,0.39783513546,0.446954637766,0.279019385576,-1.02415764332,-1.52010560036
64422,-0.439753234386,1.49742984772,-0.201579332352,-0.1422008425,-0.298695355654,-0.63546538353
8837,-1.45304107666,-1.83907413483,-1.49806272984,-0.535777807236,1.44921183586,-2.75605893135
55127,-1.35628664494,1.66521692276,1.7758462429,1.76555204391,0.280582070351,0.139262855053
23335,2.1890707016,0.0945033431053,-3.26605582237,0.095132663846,1.00277125835,2.66478681564
10270,-2.55591106415,-3.40204811096,0.622803926468,0.450616121292,-2.87694406509,-0.8874822855
6509,-1.49342405796,-0.211618199944,-0.322994440794,-3.24059057236,-0.38784173131,0.642642021179
83743,-0.0822874903679,0.823388814926,0.317546725273,0.12236648798,-3.2088727951,1.22477900982
6772,1.6051003933,1.18745648861,1.87808167934,2.73037958145,1.5055539608,7.06537342072
22887,2.50893425941,0.602835178375,2.21354055405,1.51281571388,-0.682726264,0.14353980124
51001,0.61882686615,1.18947196007,-0.28924036026,0.788466155529,1.53629589081,-0.481425642967
26511,-0.476323544979,0.685708403587,-0.294917732477,-0.516050875187,1.01042485237,3.23803281784
7874,-2.1037902832,0.642335295677,-3.26755571365,-5.49421834946,-3.62071084976,-5.25857686996
51070,3.62482738495,2.87056922913,4.36761283875,2.48829030991,4.78010988235,3.92132019997
1738,1.88097214699,0.0866569727659,4.03405809402,1.1935236454,4.71111774445,0.685402691364
3416,-0.310318440199,-0.539816617966,-0.169144511223,0.252264678478,-0.257063686848,1.56232261658
9128,3.39020252228,0.960101485252,3.19329214096,2.92907309532,-0.151603892446,2.52973675728
9833,-1.07593595982,1.02670967579,1.45283293724,1.76028633118,-0.166756987572,1.31902098656
4088,-0.136892676353,1.36488103867,-2.03828120232,-2.99428367615,-2.28707432747,-2.95725107193
5018,-2.05499100685,-0.344047248363,-0.646579265594,-1.83052682877,0.317576259375,-0.131223931909
51375,0.587861955166,-0.328661382198,-1.14075875282,-0.790097951889,0.751325190067,0.742754459381
55038,-0.258130431175,1.29697990417,0.252695292234,-2.09053039551,-0.889751672745,-1.50162625313
23061,-2.10776329041,-0.825185537338,0.720013618469,-0.214120268822,-0.0159837603569,-1.3158031702
64428,0.91645604372,-0.629126310349,0.53216868639,1.39102971554,0.746270179749,1.03428649902
11325,-1.29479634762,-0.719806075096,-0.351073741913,-1.34104001522,-1.76576566696,0.212732553482
9641,-1.63120794296,-0.476652532816,0.0944410488009,1.19829308987,0.983989834785,-1.86814379692
23038,0.150493204594,-0.10392998904,0.858773648739,0.573841452599,1.20574963093,3.43601512909
57048,-0.854596078396,0.476482152939,-2.10107755661,-1.4682008028,-0.5868729949,-1.30083012581
94239,0.647794544697,1.38887906075,0.0756383985281,0.67318803072,0.344256937504,0.447918772697
51203,-1.11948049068,-0.275631457567,1.1529238224,0.905212640762,1.06034719944,0.119617462158
388650,0.959863364697,-0.0611632503569,0.186620146036,0.316304922104,0.476697713137,0.899095416069
23039,1.2325117588,-0.390164911747,1.13838601112,-1.35647928715,-0.209540128708,-0.898603320122
55179,-0.625361442566,-0.549041390419,-0.0902155339718,0.454643309116,-0.320343136787,0.311579614878
5827,-0.0830690860748,0.00509925186634,0.176453575492,-0.49493175745,-0.197176367044,-1.92209124565
10245,-0.219944268465,2.91306018829,-1.74820303917,0.554750323296,-0.962027072906,-1.25625622272
6813,1.31665492058,0.640431642532,0.223208934069,0.272244930267,0.204381942749,6.89929676056
3251,0.0291323065758,0.995730221272,-0.262807458639,-0.989759325981,0.968489229679,1.32594239712
23212,1.60657310486,0.175347954035,0.482524514198,0.418631494045,-0.358376890421,1.06946980953
23536,3.17575359344,-0.815038502216,0.0315158218145,0.601961672306,0.0621945410967,1.27345347404
51282,-1.80148077011,-2.47232818604,-1.97487568855,-2.53991484642,-1.1815905571,-0.777523696423
10227,-1.88964915276,0.528807520866,-1.11217010021,-0.0862147510052,-1.29304790497,0.250652730465
50813,-0.566394686699,-1.51943182945,0.576735436916,0.425072431564,-1.46050906181,0.549201369286
51024,-2.76263451576,-0.307075679302,-0.459474921227,-1.81491172314,-1.67167460918,-1.5691434145
53343,2.33805584908,-0.890636563301,-0.90190154314,-1.00402390957,-1.69730162621,-0.197944790125
1465,0.149364352226,1.57071733475,1.07125353813,2.12431812286,-0.792050421238,-4.31591415405
79006,0.397445648909,-0.0613921433687,0.141713947058,0.202026054263,-0.224873229861,-1.2186923027
6988,0.413740515709,0.890492200851,0.384024560452,0.589987814426,-0.167799383402,3.51503372192
11011,1.39911866188,-1.39507091045,-1.88186132908,0.074938878417,-3.65520191193,-4.73966312408
23325,2.12030625343,2.13362693787,5.04590606689,5.44286251068,3.77588272095,3.51506376266
10049,-0.106270208955,-0.300672471523,0.270335763693,0.666587710381,1.0057015419,-0.142853543162
3157,0.615312755108,1.34170889854,-0.0017296433216,-0.00391642889008,-0.000240750916419,-0.24361641705
200734,0.0439506992698,-0.00975516438484,0.275113552809,0.675259709358,-0.37554526329,0.820172786713
9053,0.349980711937,-2.13737344742,-1.88829576969,-0.867712914944,-0.442588090897,-1.183375597
79094,0.663682937622,-1.26767778397,0.286293059587,-0.144740700722,-0.310726940632,0.968925833702
2778,-1.7134937048,-0.096980035305,-0.386598855257,-8.07919502258,-1.42816674709,-5.85416984558
54881,1.81859838963,2.90507888794,1.29545617104,1.19363880157,-0.749401330948,-0.664641618729
54807,1.07214343548,-1.22348678112,-1.92123305798,-0.277989447117,0.33456581831,-2.24296569824
323,1.49167108536,1.46911859512,0.278493434191,0.181405887008,0.838290452957,-0.970818758011
26001,1.80270862579,0.194273620844,-0.443208754063,2.80654096603,0.650511443615,0.931843042374
10190,0.492431372404,-1.16990923882,0.95927798748,0.939020454884,0.339541524649,1.91218733788
9686,-3.99395036697,-0.807030260563,-2.46562433243,-4.87390089035,-2.18638134003,-5.68563556671
54915,1.99214589596,0.0190983563662,0.075788795948,0.261837720871,-0.798342823982,-0.0645676329732
23658,-1.12336683273,-1.040995121,0.616490185261,-0.53795170784,-1.96462702751,-2.07187962532
7750,1.04838109016,-0.186428189278,-2.1910970211,-5.17365074158,-2.65544843674,-4.47951793671
79643,-0.378012865782,-0.86155384779,-1.85012102127,-2.2130355835,-3.01178216934,-0.802240312099
9488,-2.27610611916,-1.92204523087,-1.03239154816,0.389766484499,-3.14013266563,-1.23807370663
11200,-2.00350856781,0.428811818361,4.98010826111,4.11513137817,1.49818754196,-0.960136830807
65057,0.255612373352,-0.56427192688,-0.893443644047,0.112377434969,0.404446601868,1.21527516842
6832,1.02740418911,-0.2166249156,0.836686372757,0.304147690535,0.752054214478,0.715159773827
23131,-0.649786353111,1.22584939003,-0.139502599835,-0.658007800579,-0.844966053963,0.673151612282
10776,-1.40697813034,-2.15261411667,-0.819267690182,-1.4728782177,-1.28227543831,-2.31973552704
6253,0.79676169157,0.259870707989,-0.761266112328,-0.759774982929,0.917256116867,1.87515771389
79716,-2.69829797745,-1.51675665379,2.89666843414,2.18832159042,1.83596813679,1.55045604706
29978,-0.780325233936,3.56941270828,6.87783908844,10.0,2.62617969513,3.18694281578
9988,1.07288575172,-2.65406608582,0.0733349099755,-2.65692186356,-0.00176924467087,-0.0281798765063
10845,-1.60165035725,-1.36053693295,-0.912902712822,0.762975335121,-1.93689274788,1.37887370586
54957,2.93853759766,-0.799565136433,1.64661026001,2.20118379593,0.549655914307,2.18614888191
79170,1.44214057922,-0.582634866238,-0.075590133667,0.881803870201,0.549475193024,0.999035716057
10610,1.41351246834,0.110804185271,-0.447260737419,4.02193307877,0.351144462824,1.31824672222
128,-2.99630212784,-0.269325435162,-1.2968287468,-1.75377845764,0.0860628187656,-3.49978923798
51026,-1.14305281639,-0.657160818577,1.50608944893,-0.764853477478,-0.987190485001,-0.0817313790321
5498,1.11683809757,-0.363535255194,0.351868182421,0.549372971058,0.237866282463,1.71959233284
124583,2.12116479874,-0.407422691584,1.96543669701,3.99960851669,0.381979167461,2.97799324989
9455,0.969813942909,0.0308312177658,-0.534143209457,0.429157674313,-1.29190635681,-0.0671654939651
1212,-2.79460167885,-0.453442782164,-1.01560926437,1.70854592323,0.783195734024,2.3781850338
5255,1.64078307152,-0.5755392313,-0.831752717495,0.591115236282,-0.64558160305,0.148144364357
9448,-5.07217931747,-0.702553629875,-2.01300621033,-5.6869354248,-1.92343950272,-6.30396842957
9924,0.483152985573,0.323369145393,-2.57097196579,-2.50622797012,-1.72365701199,-2.60844516754
5480,-1.51250219345,-5.56133270264,2.02163553238,8.03584194183,0.33607044816,3.43514728546
1983,-1.54488611221,-1.16388845444,-1.24461710453,-3.39671564102,-3.75426435471,0.714387178421
56889,-4.58640384674,-1.04716193676,0.114282846451,-0.0178184360266,-0.804196417332,0.26371628046
79080,-1.01105153561,0.255738675594,0.643899559975,0.86041021347,0.89953571558,-0.395881474018
9016,0.668871879578,-0.279718518257,0.450797885656,1.01795256138,-0.186842769384,-0.374684810638
6915,1.30954051018,0.0456631965935,0.346672058105,0.85021263361,0.356069326401,2.38574051857
9709,-1.04920983315,-0.0752811506391,1.59943962097,-0.919377863407,1.01754462719,0.831802010536
116832,-1.03846979141,-0.136717647314,-0.51022541523,3.55009841919,0.530578553677,-0.547531425953
670,1.71469271183,-0.428411781788,-0.262513399124,-0.359541028738,-0.562476575375,1.17328310013
7867,-1.92580103874,-0.796677052975,1.21309101582,-0.399993956089,-0.606253802776,0.118755668402
79143,2.12211918831,0.107973098755,1.43508851528,1.11804461479,1.02283334732,0.120985984802
11284,-0.173306077719,0.049429744482,2.17243552208,0.902708172798,-0.526228785515,1.41800165176
23443,1.85110783577,0.73163163662,2.00499939919,3.12454652786,2.10188102722,3.42716407776
51599,1.58051931858,-0.631046414375,0.143976345658,1.34178090096,0.240247935057,1.06325149536
5927,0.0694886744022,0.377957999706,0.293729066849,-0.597130775452,0.62661242485,2.53433823586
55793,-3.97161960602,1.16303265095,0.0784712433815,-2.51068115234,-1.64066386223,-3.58067393303
5867,-0.131097733974,0.571871161461,0.218670457602,-0.101470127702,-0.48897382617,-0.46298456192
7866,-1.5179592371,0.252737283707,-0.921597361565,-0.303032130003,-1.16583549976,0.994974255562
25825,-1.12556016445,0.29265242815,-0.596487164497,-0.456073194742,-0.50499612093,-0.366855531931
4067,-1.39174151421,-1.06195855141,-0.118050985038,0.508241653442,-1.34901809692,-0.314819544554
51015,0.767422378063,0.411845833063,-0.395813882351,-0.317232966423,0.543756365776,-1.4201734066
5891,-2.45621705055,-1.141720891,0.58544075489,0.99290573597,1.15965461731,3.29406166077
3300,-3.10748243332,-0.510914862156,-2.09423327446,0.360298722982,-1.09951639175,5.06238031387
64781,-0.451620876789,-0.412895530462,-1.43367540836,-2.07477092743,-0.669740974903,-1.21011376381
51056,1.1416195631,-0.183373838663,1.16021502018,1.33897721767,0.482069849968,0.947780549526
8550,-2.07372355461,-0.00222554802895,-1.058198452,-1.59967184067,-2.21650218964,-1.18788206577
50810,-1.72695207596,0.458516597748,-1.2998714447,-3.06124544144,-0.974717617035,-1.77810978889
23011,0.537984132767,-0.82118922472,0.160448342562,1.39860248566,0.197685822845,1.58048903942
11168,0.650759220123,1.79123973846,1.06481218338,-0.466146290302,0.726553499699,-1.60975337029
1385,-1.20522141457,0.813548624516,-3.86704921722,-2.58840346336,-0.0118073150516,-1.36719155312
10150,-0.395373404026,1.35909056664,3.1576795578,3.00461530685,0.45743188262,1.41173267365
29763,2.17176198959,0.140621840954,-0.168300062418,1.32621824741,0.473123133183,1.15091073513
9112,-1.91110944748,-0.532287240028,-3.18579506874,-5.85325908661,-3.09031605721,-8.76968193054
23499,-1.32196950912,1.74836230278,-2.59833431244,-4.73839473724,-2.33103704453,-5.75658416748
85236,-0.37164247036,1.15681934357,3.48150920868,0.209248036146,-0.878433048725,2.21220541
5096,0.429589271545,3.27465009689,-2.98149514198,-0.186266481876,-0.29584479332,-1.56404006481
55620,0.847980737686,-0.475535511971,-0.66194152832,-0.720116972923,-0.591127634048,-0.517657995224
5373,0.686544060707,-2.49788761139,0.029766201973,0.231410682201,0.551397621632,0.931499004364
51170,-2.66239404678,-0.668052613735,-0.888730108738,0.359061896801,-1.45497202873,0.302076160908
54850,0.689029455185,-0.409240961075,0.65460139513,0.693601071835,0.578026592731,2.02194643021
80349,2.07232141495,-0.213229268789,0.252427339554,1.64970088005,-0.00851816684008,1.30833566189
355,-2.36297273636,-0.926108896732,-0.52402150631,-0.535217881203,-1.17084419727,-1.76644229889
1062,-1.58301711082,1.5807352066,3.49351763725,2.45733213425,0.949949264526,1.06466364861
8804,0.757891058922,1.13319468498,9.4504070282,8.60008525848,7.14097690582,7.17858791351
80758,-2.2015042305,0.267197191715,-4.73935508728,-3.48642659187,-4.51434135437,-3.52100610733
375346,1.47436904907,1.50082600117,2.47200632095,2.43429470062,1.63182401657,1.06140685081
51385,1.22384226322,0.0969605818391,-0.319307208061,-0.42810189724,0.0182145833969,-0.8698772192
55748,-2.14162611961,-0.775411963463,-1.43183016777,-2.41581201553,-2.19700241089,-3.76574087143
10318,-2.84683728218,0.0350138694048,-2.78674459457,-5.14378213882,-3.39117574692,-2.71122741699
54681,-0.907426595688,0.118937678635,-2.19491624832,-4.75335264206,2.20104861259,-4.28448677063
7905,-2.34737586975,0.878879785538,1.23250997066,-0.775906324387,0.0911262407899,-0.0396064519882
28969,2.74232196808,3.40962910652,3.69950056076,-0.00622898340225,2.40558505058,1.11931312084
10668,1.16211819649,1.49778079987,1.30831694603,2.60564780235,1.35786509514,3.35489988327
51005,0.510837197304,1.45355176926,4.59976673126,4.6433801651,2.91087794304,1.58357214928
8800,0.835467457771,-0.227942451835,0.263413846493,0.895196795464,0.441883325577,0.21699051559
54438,2.5953950882,0.149234622717,-0.683153390884,0.127579435706,1.24364626408,2.78107357025
55825,2.72521257401,-0.628333389759,-0.271571934223,1.46231913567,-0.317394435406,1.79786372185
8835,0.507127821445,-0.741445243359,-1.74747490883,0.081141024828,-0.269668728113,0.927596390247
64429,5.19341659546,1.59280383587,1.3488984108,1.74501132965,3.02131533623,6.16856193542
3682,-1.82460594177,-0.418575108051,-0.997554242611,0.26055598259,-0.630925953388,-3.15084576607
10329,0.00215277075768,-1.08549785614,2.25626182556,2.09293174744,0.84781396389,1.39062786102
27109,-0.103670276701,1.28628468513,-0.744787812233,-1.01701617241,-1.13671994209,-0.717158019543
51335,-2.07116508484,0.0451697409153,-0.791780114174,-2.31709694862,-2.52648234367,-1.95141470432
3202,-0.0199209079146,0.314948618412,-0.741267204285,2.41422224045,-0.457426846027,-0.150916934013
2896,-0.377958118916,-0.182046279311,5.43317890167,4.93912124634,2.80726766586,3.7672867775
79902,-1.25890958309,-1.61577653885,2.31891059875,-2.22130274773,-0.401011437178,-0.999727666378
29083,0.932258725166,-0.0466217547655,-0.537891149521,0.707461118698,-1.77835559845,-1.01639080048
5747,-0.0620931386948,0.575284481049,0.0384640097618,0.23868599534,-0.553253173828,-0.408521413803
22905,1.88307499886,0.397725224495,-1.02984130383,0.512789368629,-0.168006047606,0.279703497887
63933,-1.22685456276,-0.609123468399,-0.0775949060917,0.18604119122,-0.768915355206,-0.195943683386
9847,-1.67843842506,-2.01886916161,-5.15894556046,-3.82246017456,-3.38167381287,-2.42750954628
51021,-3.12764334679,-0.453927963972,-1.14286291599,-1.27801060677,-2.21195173264,-2.48547625542
8996,-0.438541889191,-1.23499429226,-0.604630351067,0.37635833025,0.294695407152,0.1781437397
7376,0.482768893242,-0.267544925213,-0.813303291798,0.569809913635,-0.085373878479,-0.332520157099
5357,6.64129018784,1.9813734293,2.89523077011,3.83451843262,5.70159912109,5.62461471558
56940,-2.08236861229,-0.483669131994,0.600878715515,-0.130312398076,-3.36893987656,-3.77339839935
6195,9.09769916534,2.75548458099,4.14706134796,6.38134813309,2.90707731247,3.57926511765
1633,-1.92894697189,-0.320244044065,-0.56309980154,-1.18953824043,-1.52920889854,-2.54581594467
23321,0.917849421501,0.320765912533,-3.06156563759,-3.30888962746,-0.837033510208,-0.767926037312
51160,-4.92521524429,-0.534346044064,-4.50671386719,-2.62930035591,-2.3315474987,-2.51617360115
55604,1.20536839962,0.893172502518,-1.17780864239,-1.50607681274,-0.335556268692,2.66022372246
2063,0.56044948101,-1.11911606789,-0.687222898006,-1.91034030914,-1.83625817299,-5.07489442825
54512,1.48595070839,-0.635577023029,-1.34386920929,-0.975008010864,-1.92283725739,-1.18046319485
9124,-0.961205720901,-0.834352254868,-1.84934592247,-0.772064805031,-1.95901620388,-0.812807440758
79174,0.710421562195,-0.502821266651,-0.131558746099,-0.158548355103,-0.289475858212,1.00711894035
23223,0.745988309383,0.617064595222,1.42690229416,1.05778932571,-0.240152031183,1.18830609322
39,0.394770443439,-0.491705298424,-2.5428071022,-2.12131643295,-1.41061353683,-2.51021194458
57215,2.07717466354,0.599019408226,-0.74959731102,-0.918507814407,-1.41401743889,-0.593766272068
1052,-1.97291755676,-2.62644004822,-0.524453938007,0.297298908234,0.0454776883125,0.366935610771
23139,0.743639111519,1.18516850471,-0.130268633366,-1.32091665268,-1.80810153484,-1.31415617466
79947,1.1449341774,-0.543140172958,1.95169210434,4.01071596146,4.13416814804,4.85419750214
4616,0.802467525005,2.0320110321,1.80726027489,2.94334316254,6.08471059799,9.15563392639
9710,-1.12768793106,-0.0987192988396,-0.0895125940442,-1.44230079651,-0.0676963329315,1.1786211729
6990,0.275808215141,0.0791930258274,-0.695461690426,0.200041085482,-0.874580621719,-0.90609306097
29082,0.858823478222,0.567432224751,0.286997467279,0.871368050575,-1.44589316845,-0.187979862094
9670,0.78139847517,-0.649791955948,-0.17883336544,0.848976612091,1.19640469551,1.11225962639
81533,0.862980008125,-1.2867307663,-0.0955290198326,0.202344328165,0.345786601305,0.197150886059
10525,1.72747159004,-0.183204680681,0.73225492239,2.91504025459,2.15907478333,1.31882989407
2353,3.09343504906,3.66698455811,1.91960835457,5.08548164368,10.0,9.91171646118
57192,1.15515208244,-0.332042336464,3.17255949974,0.521405220032,2.67495107651,3.8589413166
3398,-0.565057039261,-0.109812289476,-1.17664170265,-2.35291194916,0.963040590286,1.5754417181
3775,2.56217122078,0.330258667469,0.530603408813,-0.285042285919,3.65424585342,0.394269406796
26064,-1.29013133049,0.486732542515,0.0632072389126,0.384647667408,-0.570573449135,-3.26760268211
29103,-1.27569079399,-0.730691075325,0.0960580557585,0.559799432755,0.412029206753,0.447175890207
3206,-3.3158595562,-1.05612015724,-0.232042491436,2.63882017136,0.0544884577394,0.449795842171
1500,1.10272228718,-0.23413258791,0.336679309607,0.402586638927,0.700480222702,0.801670670509
7690,-0.200674638152,-0.982048630714,0.307875573635,1.00929570198,-0.0301145613194,-1.39367651939
29911,4.69698143005,2.78271651268,2.32783770561,3.48677706718,3.16341161728,3.50673723221
2064,-5.80167007446,-1.98131752014,-2.66102099419,-3.28263831139,-4.32434606552,-9.84761619568
65123,-1.03483021259,-1.10027050972,-1.80478298664,-1.39886784554,-3.78026676178,-1.51777219772
5986,-0.682633757591,-1.14709067345,0.0559855252504,0.0649380981922,0.579679608345,1.7523431778
85377,-3.5267791748,-0.912853956223,-2.79889154434,-3.97320699692,-2.94655418396,-4.85608100891
9903,-0.531512856483,1.35217094421,0.926050901413,0.00873568281531,0.974633812904,4.41569137573
7088,-0.292618066072,-0.271118938923,-1.36536419392,-2.55620217323,-2.70754289627,-2.10702037811
22796,1.0384799242,1.6013481617,0.87992143631,-0.562153279781,2.14473676682,2.71972894669
51116,-0.895651161671,-0.305886149406,0.641900837421,1.47352313995,-1.17598247528,0.835551142693
54442,5.56511211395,4.90096759796,0.82666438818,1.79913294315,2.47842407227,5.35586643219
10695,1.29217553139,1.11755740643,0.449057966471,0.0334133990109,0.117485404015,-1.43583321571
102,0.582306861877,0.248947739601,0.276025831699,0.898656129837,0.330182135105,-1.63285040855
965,-1.93097484112,-0.892094314098,-1.10574603081,1.64120817184,-2.62211751938,-2.04696893692
3800,6.26112890244,3.98216843605,-0.907116532326,-2.76840400696,-0.116937786341,0.237799182534
10362,3.92287373543,1.37836968899,3.99969244003,3.12371873856,3.06538558006,4.81080007553
5300,1.29684948921,0.242659032345,-2.34274959564,0.853687822819,-0.83280390501,0.0631839632988
8270,1.93583524227,-1.16634428501,0.0444553494453,2.13274550438,-1.28249382973,0.338748037815
27242,1.96668434143,-2.68337392807,0.502313494682,0.436548411846,0.765763759613,1.04822278023
9928,1.03527390957,-0.306308567524,3.44865894318,-0.100894778967,1.06128144264,-1.47581076622
1534,-1.48688435555,-0.512514710426,-0.24171307683,0.656332731247,0.752156794071,4.10673999786
5654,-1.22737157345,-2.02460813522,-0.0351205468178,0.386097729206,-0.753358960152,0.551523208618
10810,-0.0610991567373,0.244902253151,-0.105359002948,0.0876585692167,-0.733906030655,-1.77653050423
7105,-0.0162071883678,0.390341311693,-1.40602564812,-2.83302736282,-0.660652279854,-4.82796192169
23014,-0.986067056656,0.121596083045,0.155185997486,-1.07178103924,0.579958200455,0.39266321063
55012,-2.66130876541,-1.66044771671,-2.28537797928,-3.23991155624,-1.47888958454,-4.0410118103
2887,-1.4443295002,-0.00334495306015,-1.35367310047,-1.57887923717,-2.11717557907,-2.16155791283
9183,1.30626487732,-0.944192647934,-0.124764293432,-0.437312871218,-0.803792893887,1.89572799206
11151,1.593963027,0.00966349244118,0.720838069916,-0.160289794207,1.28765404224,1.90771234035
7511,1.01568877697,0.0276002287865,-0.325885772705,-0.0260974727571,-0.126663088799,0.258548259735
10046,1.90733528137,-0.485615968704,-0.500146090984,-1.24535107613,-1.25517213345,3.1425113678
1829,1.01773738861,2.82663798332,0.359549582005,-0.38536220789,0.720261871815,0.145602539182
11000,0.869347751141,-0.137538135052,-1.66637945175,0.164184182882,0.456650078297,0.284882158041
976,-3.008872509,0.883311390877,-0.0897222310305,0.244767487049,0.623548567295,1.12498188019
3597,0.505135476589,-0.322402387857,0.147126376629,1.33131659031,0.567144155502,1.22558927536
178,1.39459526539,-0.536675453186,0.197231888771,0.30796790123,0.70643055439,1.76855492592
2625,0.745358765125,-0.52535456419,-0.532861590385,0.742625117302,-1.00119781494,-0.674624204636
6119,3.76283764839,-0.496234625578,1.93221712112,2.87011861801,-0.89485090971,0.609244048595
26136,-2.64879393578,0.0529582500458,-0.0438193082809,0.139982268214,0.885771751404,1.66221880913
6697,1.03254330158,1.09451031685,0.892048478127,0.655712962151,0.73527109623,-0.632260739803
5971,0.282855153084,-0.833210349083,-0.316852122545,1.33441329002,0.662701368332,2.81243252754
22934,-2.00776910782,-0.559911727905,-0.559807062149,1.19809925556,-1.95880830288,2.04766011238
9289,1.33460259438,-0.149985581636,-2.71535038948,-6.57638788223,-0.635519742966,-0.770663142204
4931,-1.72276687622,-0.0101022496819,-0.200278252363,-0.000657013675664,0.160106003284,0.69717335701
4200,5.02207946777,1.01914048195,-0.22860789299,1.21313214302,-0.517555713654,-1.63001203537
93594,1.04683125019,0.484320700169,1.07667887211,1.63228428364,-0.0576101765037,-0.196149006486
5982,1.41161572933,0.267975628376,0.397838622332,2.02623915672,-1.14333629608,-0.186555087566
26520,-2.1156668663,-0.447472035885,-0.388956576586,-0.282671868801,-0.47771731019,-0.804372787476
4998,1.55895137787,-0.368776082993,0.323803424835,0.634646713734,0.763276815414,0.865835666656
10038,-1.29160535336,-2.70795726776,-2.881046772,-2.667999506,-6.41201782227,-2.69159984589
60493,0.649066746235,0.8692035079,1.09274888039,1.48949730396,-0.361405849457,0.994298398495
51495,-0.298053920269,-0.590492486954,-1.06655919552,-2.05551862717,-1.23816514015,-5.11693382263
4482,-1.37907171249,-0.39948669076,-0.537752866745,-0.208229735494,-1.00547015667,-3.96536922455
23224,1.34698617458,0.82197290659,-1.67857813835,-3.66562604904,-0.433108925819,-2.55238723755
9690,1.28435659409,0.127307713032,0.659244120121,0.966205716133,1.38954687119,0.718637704849
80212,-2.21596860886,-0.9899700284,-3.60171699524,-1.81074547768,0.358461678028,0.703559339046
29928,0.770083785057,1.47128045559,2.64210534096,-0.095652282238,0.823984444141,0.288698792458
22809,-7.55889797211,-1.79342591763,-1.52831482887,-0.0363379269838,-3.9936041832,0.221421763301
50814,0.245221972466,-0.424881309271,-0.639651179314,-0.466770082712,-0.895967185497,-1.59112179279
55256,-4.41620731354,-0.51630449295,-2.38285493851,-2.55405688286,-1.51430571079,-2.78869080544
56997,1.89988946915,0.495892763138,0.479233086109,-0.0830145180225,4.79628324509,2.89985013008
81544,1.18200027943,-0.388818085194,1.49389767647,1.14263677597,1.78075349331,3.83110165596
6894,2.00029230118,3.83551096916,0.174186050892,-0.365974485874,-1.80990231037,0.0978471189737
64080,0.582868218422,0.115894600749,0.421963989735,-0.0961772501469,0.29805213213,1.56672120094
55818,-0.75241714716,-0.373039782047,0.0455505698919,-1.33379912376,0.404583007097,-0.672134876251
637,-2.19145393372,1.00162732601,0.673272848129,-0.321720510721,-1.02320468426,-0.372496545315
22823,2.71348023415,1.74694418907,-0.6392968297,-1.54183185101,-0.505409836769,1.65156507492
5287,2.07483482361,0.644829273224,-4.73383331299,-5.79781293869,-4.27748203278,-6.2509522438
91137,-1.35767054558,0.594599783421,0.817228198051,1.26826119423,-0.629671633244,0.0310094952583
23097,1.90978932381,1.38002538681,1.04230415821,-0.420797288418,0.905513525009,-0.677540659904
9851,0.616523265839,-1.19254148006,-0.0389776825905,0.334394335747,-0.755025267601,2.71838569641
23522,-0.410513699055,-2.23580670357,-7.44325113297,-5.82361221313,-1.7191016674,-1.55167734623
1123,1.00416684151,-0.773465752602,0.812518358231,0.0881806313992,-0.216668918729,0.144597262144
5603,-0.381669580936,0.272575318813,-0.832893013954,-0.868943929672,-1.58673977852,1.18567848206
51569,-0.619854807854,-0.142838343978,3.45323586464,0.472526669502,0.847761213779,0.129634618759
55699,0.0341866239905,0.00362753868103,2.59543371201,1.96645903587,0.725945532322,2.15238022804
2624,-0.445419549942,1.01331222057,0.253471851349,2.67042016983,0.320291101933,2.41647100449
8204,-2.36938667297,0.025073684752,-1.47555756569,-4.13515901566,-1.68321633339,-1.91690087318
9133,-5.91169929504,-1.62072837353,-1.24464607239,-0.533644199371,-2.41231536865,-5.0673327446
10921,-0.938816249371,0.34521394968,-0.0674166306853,0.0016662174603,-1.34811317921,0.0446589179337
51742,-0.834049165249,0.157087564468,-0.482867926359,-1.77827477455,1.29865527153,-0.597201764584
2954,-0.914891541004,-1.12103199959,-1.74099421501,-1.30069684982,-1.37780058384,-2.76177406311
27244,-1.34280025959,0.817890942097,1.05494308472,-0.0500949919224,-0.173432141542,-0.822044372559
23013,0.396119177341,1.69547605515,-1.09584236145,-1.62936222553,0.0334812998772,-0.454985141754
8050,-3.76552724838,-1.81733703613,-2.44433140755,-1.50209319592,-2.79791736603,-2.32314538956
79961,0.381515651941,-0.57920384407,-0.393576323986,-0.0322786271572,-1.15285253525,0.0194325149059
2017,-0.837476193905,0.720198512077,1.57156336308,1.60406374931,0.794603228569,-0.641663312912
55148,0.662400841713,0.645965218544,1.85578978062,0.0583957023919,-0.53175932169,0.543776094913
960,0.12335601449,0.531031131744,-0.059624440968,-0.858873546124,0.376868009567,0.820237874985
10451,0.875524163246,1.41913890839,0.0876302719116,1.04337346554,-1.07084918022,0.0486433729529
57406,2.17878627777,0.616510033607,0.683040142059,0.69940251112,0.860668420792,2.55768322945
51719,0.929013729095,-1.27824759483,1.30878829956,-0.437584221363,0.86906683445,-0.170212954283
7074,4.88532209396,3.47461223602,-0.253474444151,-0.437987923622,-0.536228477955,1.6957013607
10059,-1.25619339943,0.315567195415,0.102686114609,-0.456536382437,0.861899733543,-0.251160681248
51071,0.0887723565102,-0.128124922514,-0.290387153625,-0.253083586693,-1.33083891869,-2.30721902847
5796,1.08630394936,-0.480884194374,0.381533920765,0.464372217655,-0.469597041607,0.858335971832
55008,-0.679191768169,-0.529337108135,-0.281568676233,1.00145435333,-1.03778088093,2.7194776535
23597,-3.75935745239,-3.28218698502,1.01554715633,0.310288667679,-0.362968027592,-1.69043421745
8869,4.44515609741,9.12476921082,5.57022666931,3.06137943268,5.35575485229,4.88933610916
8727,-0.223327502608,0.280572742224,-0.363301903009,-1.6246547699,-0.856881678104,0.844763457775
63874,-1.1277140379,0.117158830166,-0.262259870768,-0.587246775627,-0.228946104646,-0.783377826214
8821,-0.583217859268,1.83808600903,-0.00823636353016,1.73682188988,0.449528932571,-0.381068468094
57178,-2.77976036072,-2.64894723892,-2.76569414139,-8.80206680298,-0.481101572514,-3.58792185783
5468,0.634365975857,-0.700161337852,-1.19217813015,-0.674489080906,0.121557585895,-0.202608451247
10557,-1.26820981503,1.49467909336,-0.637884259224,3.3069832325,-1.69350004196,-1.15646398067
831,0.718242049217,-0.0662199258804,0.580362915993,0.432188987732,0.0564419925213,1.52768313885
9531,-0.706195175648,0.764486849308,0.52270847559,0.126970589161,4.25448036194,0.858371138573
2767,1.3462266922,1.56548464298,4.24742460251,3.64402151108,3.03141927719,2.53972148895
1861,-4.11948347092,-0.350624352694,0.153947651386,0.443655490875,-0.1618206352,-3.5723528862
10165,-1.86086654663,-0.861250400543,-1.60536575317,-1.45654368401,-1.75173306465,-3.38503050804
7106,-3.82453203201,-1.29615116119,2.77631950378,-1.17752122879,0.838649392128,-0.144774064422
2908,-1.82811403275,-0.193957358599,0.515185236931,3.40058302879,0.936429858208,-0.190992638469
57761,-0.759843409061,-0.777333855629,0.0255325455219,0.159417137504,0.578620731831,1.36698317528
23338,-4.31812381744,-2.71173477173,-0.039959743619,2.6748008728,0.292209386826,0.181164458394
7852,0.790323615074,2.05703902245,-0.191771492362,-1.99553382397,0.885509431362,-0.995986878872
55033,1.47731471062,0.665613412857,5.13130569458,3.04021596909,4.75326442719,2.1814994812
57019,-0.488509505987,-0.442009150982,-1.68166518211,-1.12744295597,-1.95095777512,-3.74424767494
91949,-0.316555947065,-1.08350944519,0.310334354639,0.818306386471,-1.26665854454,-0.123351618648
84617,-3.89072561264,-4.07458591461,-0.282820373774,1.10212063789,-0.709445238113,1.73188281059
25,-0.999150514603,0.243959531188,0.044149838388,0.0974357426167,-1.67890191078,-4.08378314972
899,-1.36599588394,0.587931513786,4.76818323135,2.0943210125,-0.540096521378,0.0432163700461
79850,-5.42587757111,-3.60979032516,-2.01141309738,-1.66593194008,-1.57072782516,-2.20994329453
51466,0.812064945698,0.0637823939323,-1.20975852013,-5.33610677719,-0.517179250717,-3.44426631927
2852,-1.42342698574,-1.78209424019,0.193712338805,1.77663862705,-0.0114492923021,0.656663477421
55837,-0.203930735588,0.105864681304,0.0624010413885,-0.62961935997,-0.582348227501,2.19641399384
2131,0.946648478508,-0.369642555714,0.404284238815,0.488040328026,1.42571115494,0.917921721935
5427,-1.14371991158,2.12785148621,-1.78127288818,-1.3441671133,-3.09267783165,-2.94455051422
25966,-0.549952030182,1.01343643665,-1.0703510046,-1.64704060555,-1.31875634193,-1.98414337635
55608,-1.47301399708,-0.0873098820448,-2.15307450294,-3.92867851257,-0.117700427771,-2.256980896
1662,1.97486484051,1.56156480312,2.97361373901,3.08173322678,2.80158138275,6.95673131943
9702,0.297915875912,0.301190286875,0.924916267395,0.178039133549,0.554223835468,-0.396015495062
11031,0.577736139297,-2.91561150551,-2.04179048538,-2.77588701248,-1.12690472603,-7.6334810257
10057,-0.625454187393,-0.767457544804,-0.217869371176,-0.253868043423,0.345383882523,0.94014942646
5985,0.421273142099,3.3220243454,2.41130852699,0.366194844246,1.25152719021,1.00911772251
3280,0.705052137375,0.67256295681,0.373385250568,3.55615234375,-0.389243811369,-1.65919780731
55958,-1.27715754509,-1.56806349754,-3.89367699623,-1.05653977394,-0.0696995928884,0.0398483276367
51465,0.996579051018,-0.419656723738,-0.589920938015,-0.286703109741,0.331312984228,-0.667519450188
2542,3.98681640625,0.505328118801,2.74285745621,3.89100599289,0.785979747772,1.22470641136
10641,0.655960083008,0.388835132122,0.405776381493,0.875221252441,1.2894898653,1.66877138615
11137,0.412709265947,-1.05857896805,-2.33693265915,-3.73237514496,-0.794861137867,1.63346886635
9842,1.35055744648,-0.285320699215,0.472368359566,-0.202599585056,-0.114745661616,1.21539533138
10493,-2.95209264755,-1.19145858288,0.107994750142,-2.06999206543,1.57333350182,1.22596919537
10112,-5.43929576874,-0.248826175928,-0.0564891248941,-1.23108911514,-0.0756723359227,-2.71852326393
1001,1.97496294975,0.972603857517,-0.256291031837,0.994256019592,-0.605234622955,-2.34112930298
23635,0.966040611267,1.23480391502,0.136835947633,0.510515093803,0.068857960403,0.777078509331
29916,0.32947820425,0.243809074163,0.0923655033112,-0.116318657994,0.255800455809,1.92382192612
2810,1.84225463867,-0.38464230299,-0.574598073959,-1.36288356781,-0.273315399885,0.970792412758
5993,-0.025092869997,1.20769238472,-0.69836384058,-0.744782149792,-1.06212365627,-2.43981361389
11142,-4.41598129272,1.36593008041,-2.21663737297,-0.388721257448,-0.749868452549,2.05079317093
79187,1.62115323544,-0.524579584599,-1.73522520065,-0.444926381111,0.147711098194,1.00591957569
51382,2.78278541565,1.29719686508,4.68878746033,6.05069828033,4.9864025116,5.2346572876
8318,1.06817018986,-0.580743849277,0.708662092686,0.564944565296,1.02066874504,-0.369188398123
9695,0.145361542702,-0.129859238863,0.725833952427,3.95426607132,0.458413243294,-2.35024452209
9712,1.39837527275,1.73798465729,1.134583354,-0.277882933617,-3.66425228119,-2.40296912193
64943,-2.97452735901,0.622644901276,1.68255472183,0.531145513058,0.734225809574,-2.11448860168
9738,0.361823827028,0.461923867464,3.1232252121,0.956956863403,0.578161358833,-0.162648275495
6793,-0.531329870224,-1.22843682766,-0.801022171974,0.103620141745,0.220137193799,0.0600613355637
7358,-5.14049959183,-0.631168603897,-0.562795996666,-0.584098160267,-0.924694657326,-1.7068374157
58472,-1.26435375214,1.09683394432,-0.911211013794,-0.976884245872,-0.494842231274,-0.0733269453049
50865,0.1418479532,1.59838414192,-0.0772137120366,3.9995470047,2.65178537369,1.72472441196
23200,-0.204572826624,0.261961340904,-2.88990569115,0.765030682087,0.317346394062,0.502562344074
51293,1.42666649818,0.694915771484,-0.649874269962,0.503191828728,-0.0933631435037,0.0551866739988
10962,-0.362098455429,2.9276099205,-2.10705089569,-9.9804725647,-2.37307024002,-9.36228084564
10153,1.95087528229,1.6377158165,3.74763679504,1.80726265907,2.87921190262,0.82984995842
874,-5.24563598633,-1.73074030876,-1.64722001553,2.26380348206,0.913085460663,0.988833546638
