rid,DOS046_A375_24H:BRD-K14079892-001-01-2:5,DOS046_A549_24H:BRD-K14079892-001-01-2:5,DOS046_HT29_24H:BRD-K14079892-001-01-2:5,DOS046_MCF7_24H:BRD-K14079892-001-01-2:5,DOS046_PC3_24H:BRD-K14079892-001-01-2:5
5720,0.152085632086,-0.12380503118,0.447299987078,-0.190800011158,-0.670190453529
466,-1.80648374557,0.362556874752,-0.797850012779,-0.88639998436,-0.167036667466
6009,-1.25271904469,-0.890214622021,0.691749989986,-0.146750003099,0.192653104663
2309,-0.4964017272,-0.12754508853,-0.437350004911,-2.04019999504,-0.563978433609
387,-1.11117649078,-0.656458377838,-0.520949959755,0.686200022697,0.38063749671
3553,1.4701757431,0.403608322144,0.422499984503,0.0261499881744,0.397598743439
427,-0.0677883028984,-1.58311021328,-1.19034993649,0.655900001526,-0.0121458172798
5898,-1.87041282654,0.475329756737,0.539200007915,-0.409100025892,0.252446532249
23365,-0.910737216473,1.72757577896,0.910599946976,-0.491099983454,1.08349978924
6657,-0.288064837456,1.44684076309,0.897149980068,0.312100023031,1.99704837799
5054,0.216794118285,0.0372099988163,-0.15039999783,-0.357050001621,0.55111271143
3108,-0.335501909256,0.923229634762,-1.28150010109,-0.33109998703,0.476148426533
1950,1.48001360893,-0.366101324558,1.18070006371,0.332150012255,1.5098233223
351,0.97160589695,-0.14655533433,0.710399985313,-0.76550000906,0.432195186615
4846,0.304115742445,0.3145788908,-1.13189995289,0.653099954128,1.43808531761
1452,-0.0825590118766,0.0241199731827,0.0257500112057,0.842999994755,-1.39274358749
4776,2.91160869598,1.47747790813,1.13814997673,0.513499975204,2.11063432693
6908,-0.82996481657,-0.743925392628,1.00029993057,0.0524499937892,0.225141122937
672,0.852338135242,0.250099003315,-2.74169993401,0.227150008082,-0.655759215355
5710,-0.165446609259,0.944535374641,-0.333649992943,0.151350006461,-0.882506787777
2115,-1.40255355835,-0.218348741531,0.808250010014,-0.587650001049,-0.590044677258
7015,1.30071783066,1.68513131142,1.44060003757,0.313099980354,1.78708136082
8726,-1.23550999165,-0.349107861519,-0.129299998283,-0.182099997997,-0.610903263092
2185,2.0464527607,1.56174826622,1.28275001049,0.907100021839,1.79797959328
3315,-0.799978494644,0.714778363705,-1.46134996414,-0.314350008965,-0.15205951035
5289,-0.389355242252,1.58497333527,-0.00820004940033,-0.523249983788,0.0952640101314
868,0.233043536544,-0.435558944941,-0.599099993706,-0.177799999714,0.427226036787
1677,0.322013616562,1.25788545609,2.28979992867,-0.00984999537468,1.14363503456
7043,1.36673212051,0.528736710548,0.272450000048,-1.30430006981,1.15056395531
5613,1.31141257286,0.525057733059,0.0865499973297,-0.249300003052,1.31459927559
595,-0.964441180229,0.877577483654,0.663649976254,-0.108599990606,-0.225819677114
4793,-1.10557961464,-1.00347006321,-0.624499976635,1.7785500288,1.41906821728
2736,0.292197853327,-0.272938638926,1.64879989624,0.450449973345,1.18818616867
5290,3.67179727554,0.39715462923,1.51459991932,0.721600055695,1.86825537682
6194,-0.122571088374,0.312010765076,-0.199299991131,0.00034999998752,-0.273190408945
1676,2.05958890915,-0.697199523449,0.972350001335,1.21630001068,1.29082393646
23512,0.235762402415,-1.00073111057,0.534449994564,-0.13489998877,0.21140640974
148022,-1.22368264198,0.340720772743,1.49300003052,0.371100008488,0.678881883621
1906,0.823005914688,-0.137392386794,-0.0797500014305,-1.59579992294,0.407134652138
8878,-0.919054627419,0.574524462223,-0.692049980164,-1.4348500967,-0.918005824089
3091,0.043888181448,0.405124664307,0.937800049782,0.44034999609,-0.676404237747
5743,0.550379216671,-0.828750491142,-0.58679997921,2.34870004654,0.876477003098
5321,1.14784657955,0.0523821562529,-0.24019998312,0.606999993324,0.290324449539
4144,0.902688682079,-0.427590429783,-0.275600016117,0.292600005865,0.904755592346
1981,-0.836573123932,-0.0292651057243,0.348550021648,-0.161849975586,-0.00901975482702
695,1.53962492943,0.196056902409,-0.110350005329,-0.332949995995,-2.79387354851
10398,1.30010664463,1.41371119022,0.728150010109,-0.0969500020146,-0.142304584384
5708,0.932157754898,0.099168419838,1.08080005646,-0.783050000668,-0.485055118799
1213,-0.317755103111,0.494562298059,-1.67449998856,-2.37299990654,-0.718533158302
226,-0.122147500515,-0.0508815348148,-0.418500006199,-0.228300005198,-0.0845874845982
6777,-0.442456066608,-1.1971514225,0.478149980307,1.05785000324,-0.306309908628
2113,-0.225136563182,0.688373804092,0.656599998474,0.184699982405,-0.526910483837
3329,-1.02755355835,0.188425526023,0.242500036955,0.395249992609,-0.237520486116
1050,1.32891714573,-0.371743708849,-1.03764998913,1.46660006046,0.157993882895
9491,-0.0412808768451,-0.0169802866876,-0.270249992609,-0.205150008202,1.46307194233
22926,0.0141889452934,-0.554292440414,0.322750002146,0.662050008774,0.154889762402
5899,0.214862167835,0.172635838389,1.29570007324,-0.380400002003,0.253186672926
5467,0.280709803104,0.919054150581,0.44810000062,-0.118099987507,1.18524193764
6774,1.12998008728,0.276254117489,0.50569999218,0.6195499897,0.278947114944
1788,2.59299612045,1.32255387306,1.42289996147,1.09560000896,0.708450913429
5921,-0.83126604557,-0.794353187084,0.586650013924,0.267650008202,-0.847381174564
5721,0.316618978977,1.26208162308,-1.42920005322,0.834900021553,0.629987597466
2263,1.67272758484,-0.065503269434,-0.575450003147,1.04309999943,0.457424938679
808,2.653383255,0.75815975666,1.76819992065,2.16269993782,1.66707456112
30001,-2.21575713158,1.02539491653,2.25585007668,-0.805149972439,-0.707643151283
348,-0.358491897583,1.22443246841,1.50080001354,0.618849992752,-0.477349728346
30849,-2.06895208359,0.160742968321,-0.880150020123,0.151800006628,0.135666579008
1454,-0.363795697689,0.0790798068047,-1.32124996185,-0.442550003529,-1.26505875587
6500,-1.24126267433,-0.0146443098783,0.617299973965,0.0947000011802,-0.28830036521
5627,-2.03430652618,0.691333532333,-0.410099983215,-0.66639995575,-0.812339961529
5715,-1.75652384758,1.75502002239,-0.0834500044584,-0.00419998168945,-1.1828110218
4791,0.164264336228,-1.16275894642,0.930899977684,0.197300001979,1.26695394516
56924,0.681954026222,0.625854969025,-0.70140004158,-0.908199965954,0.104342728853
2690,-0.832093775272,0.254705250263,-0.426499992609,-1.49364995956,0.672679305077
1019,-0.324497938156,-0.760173916817,-1.47654998302,0.546050012112,-1.20924544334
51422,-0.178965255618,-0.490876227617,0.41660001874,-1.10100007057,0.169806689024
5788,0.793078064919,1.69835805893,1.86790001392,-0.254500001669,1.30194056034
6709,-0.295683026314,0.334611296654,-0.348250001669,-0.26314997673,-1.08406090736
1277,1.98696565628,-0.635608017445,-0.516900002956,-1.03789997101,1.22903764248
993,-0.970663785934,-0.660150170326,0.235100001097,-0.0280500054359,0.102735072374
7157,0.0231711193919,-0.371138185263,-0.464800000191,0.368550002575,0.746829748154
1958,-0.643554866314,-0.34962439537,0.0891999974847,-0.157900005579,-0.0574067980051
4582,0.17857863009,0.123713612556,-0.505249977112,-1.68194997311,0.673354387283
9212,-0.396717011929,0.732760071754,0.677100002766,0.163850009441,1.46621966362
8440,-0.747815847397,-0.289243072271,-0.419950008392,-0.690950036049,-0.927519857883
6790,0.480103433132,0.172827795148,1.95910000801,-1.81975007057,1.24095821381
8851,-0.827264249325,-0.466792911291,-0.31099998951,-1.64930009842,2.27401089668
2534,0.286492019892,0.561040639877,-0.238700002432,0.160799980164,-0.145544677973
4893,0.0935878455639,1.0461512804,1.83089995384,0.317049980164,1.434071064
665,-2.48781919479,-1.18652558327,-1.88499999046,-0.812600016594,-0.988324940205
4313,0.333723217249,0.402927875519,1.26880002022,0.122649982572,1.77149605751
1022,-0.0188092812896,0.55352139473,0.0962499976158,-0.507849991322,0.136922866106
5880,-0.0433102250099,0.276597678661,0.882799983025,-0.279949992895,0.0746770948172
3162,-1.17542052269,-0.231713652611,-0.273750007153,-0.586600005627,0.953695952892
1282,-0.885100066662,-0.300428509712,0.489849984646,-0.122349977493,0.742332339287
3383,-1.05034029484,0.619738578796,-0.662299990654,-0.355450004339,0.196608662605
727,0.761990904808,0.664024472237,0.701049983501,-0.20685005188,1.45208406448
4792,-0.261948674917,-0.293094664812,-0.0654500126839,-0.731550037861,0.223489657044
4794,1.45426225662,0.785798311234,1.00414991379,-0.721750020981,0.677122235298
902,1.91708707809,-0.243709445,1.02039992809,0.786949932575,1.04376459122
8091,-0.0574658513069,-0.91308003664,-0.324800014496,0.181749999523,0.0361840426922
3486,0.0497721210122,1.27584052086,0.149199992418,0.0821000039577,-0.23086181283
10818,0.332600474358,0.45458111167,0.598999977112,-0.181400001049,1.79141485691
3454,2.20950484276,0.525648355484,1.09169995785,0.313650012016,0.976551890373
4282,-0.84801197052,0.383731275797,-0.0257000029087,-1.67054998875,-0.984104633331
1605,-1.95112395287,-0.711470603943,-0.751749992371,-0.0322499871254,0.211289077997
10644,-0.284852176905,1.6394764185,-0.179899990559,-0.665249943733,-0.288061141968
2065,-1.37740957737,0.453614801168,-1.22634994984,0.369049996138,-1.31058061123
8321,1.18625247478,0.70658493042,-0.583549976349,-0.627200007439,1.37573039532
8503,0.177653253078,2.10017347336,-1.12275004387,-0.580550014973,0.548191249371
7027,-0.20541241765,0.120219290257,-0.184699997306,0.116800002754,0.577976942062
6850,2.33435845375,2.21949148178,0.153200000525,0.251299977303,0.770648002625
1978,-0.00437223911285,0.43623098731,-0.542299985886,-0.411599993706,-1.13403451443
896,-0.154690876603,-0.324715733528,-1.21909999847,-1.08529996872,-2.03563022614
5777,0.206418961287,-1.35437047482,-1.03065001965,-0.816799998283,0.712169528008
1846,-1.49102210999,-3.00929331779,-0.453649997711,0.36724999547,0.153671532869
5925,0.438526779413,0.444887161255,-0.758149981499,0.528050005436,0.750225365162
142,0.0119756311178,0.507412672043,-0.631799995899,0.119599997997,-0.123119965196
1021,-0.270184099674,-0.696316003799,-0.799650013447,0.0444499999285,0.194077655673
5699,-0.048197299242,-0.638464808464,0.0338500030339,-0.0646999925375,0.022342056036
8061,-1.38745999336,-1.02187466621,-0.0797500014305,-1.05795001984,0.263265758753
1870,0.610959887505,1.54786407948,0.0347999930382,-1.20620000362,0.624164581299
1398,-3.37666368484,-1.68292713165,0.272399991751,0.0392499864101,-3.13380050659
3312,-0.0986243933439,1.37193334103,0.864549994469,-0.493200063705,0.298579841852
891,1.07969582081,0.610726118088,-5.1047000885,0.50284999609,0.795590937138
4775,-0.115097403526,-0.231193929911,-0.436800003052,-0.874049961567,0.297750174999
5111,0.213586091995,-0.751268267632,-0.357700020075,-1.76400005817,-3.03303456306
5696,-1.9389436245,0.0537163317204,-1.2242500782,-0.134599983692,-0.197657957673
5588,0.914983570576,1.02554440498,1.19609999657,0.751549959183,1.22738921642
6839,0.383155226707,0.462481617928,-0.0256999991834,-0.44089999795,-0.353553056717
329,-0.82752597332,-0.800299823284,1.5352499485,-0.461050033569,-0.119758039713
5058,-1.26959776878,-1.49340867996,-1.35239994526,-1.72749996185,0.323598146439
998,0.00315968319774,0.455857515335,-0.676699995995,-0.311599999666,-0.603786826134
9134,0.55702239275,-0.563913285732,1.02730000019,-1.29065001011,-0.0218868926167
6616,1.58901309967,0.576383829117,1.75134992599,0.39105001092,1.74118328094
5223,-1.3739618063,0.76062297821,-0.553900003433,-0.46645000577,0.0673340037465
4690,0.76794731617,-0.317218601704,1.34354996681,1.67170000076,-0.0167230069637
958,1.66896486282,0.707202255726,0.610149979591,-0.116600006819,1.6174697876
1616,1.34960973263,1.12746238708,-0.064899995923,0.871100008488,-0.334153592587
991,-0.816930770874,0.234113767743,0.0555000007153,-0.453099995852,-0.23831166327
6347,1.04764044285,1.20282387733,0.766000032425,0.242049992085,1.12167239189
6714,-0.827579557896,-0.808465361595,0.862550020218,-1.38499999046,-0.517248809338
652,1.81462907791,1.18554079533,-0.741999983788,0.0992999970913,1.55663335323
4331,-1.1293823719,-0.259968817234,1.4727499485,0.311599999666,-1.35567843914
7099,2.91807746887,-0.479766011238,-0.269400000572,0.787349998951,0.251601994038
10320,-0.0775379091501,0.188563644886,-1.62070000172,-2.20480012894,-0.68726336956
2042,-0.243211865425,-0.244709998369,-0.581600010395,-0.22025001049,-0.065205603838
843,1.32082951069,-0.144654393196,0.191950008273,0.517300009727,1.85383951664
840,0.0552852153778,0.385800361633,-0.37809997797,1.24819993973,-0.875405073166
7048,-0.540046036243,-0.661193549633,-0.717849969864,0.554999947548,0.607151269913
4851,0.529156327248,0.519307374954,-0.34525001049,0.189300000668,3.31399178505
6464,-0.374935269356,0.480406582355,2.04914999008,0.796949982643,0.356574118137
23410,0.0730690956116,-0.107964158058,0.138249993324,-0.493900001049,0.306329727173
54205,-0.389243483543,0.90889364481,0.939399957657,0.229550004005,-1.38241946697
2770,0.105939090252,-1.89022731781,-0.570250034332,0.607500016689,2.12518429756
80204,0.45248451829,-0.381847143173,0.261949986219,-1.22360002995,3.60918402672
4208,-0.173915982246,1.22708594799,-0.112800002098,-0.141049981117,0.417864888906
1845,-0.376400500536,-0.36682933569,-0.703400015831,2.19044995308,0.694729626179
23368,2.92790651321,0.411755949259,0.749199986458,-0.508350014687,1.00810885429
5583,0.482943683863,-0.281322687864,0.812150001526,0.88244998455,0.254678368568
8900,0.645190000534,0.990203380585,2.33605003357,-0.558600008488,0.451798319817
581,0.153906047344,0.401222467422,0.383500009775,1.54250001907,-0.61314368248
6193,-0.633992433548,-0.280284494162,-2.27375006676,-0.630750000477,0.736340880394
6622,-0.146798446774,-0.0551671050489,-0.976450026035,1.05805003643,2.11572408676
11261,-1.10479843616,-1.65931689739,-1.37949991226,-0.0063000023365,-0.132046967745
6696,0.0330579131842,0.674650073051,0.585550010204,3.81314992905,0.60987752676
8312,-0.500475049019,0.471019506454,-1.08520007133,1.74114990234,0.849461197853
835,-0.711792051792,-0.344054877758,-0.669049978256,-0.731599986553,-0.0506013855338
8324,-0.380905985832,2.46853518486,-0.558850049973,-1.48495006561,0.545175433159
1848,-1.03337991238,-0.250012814999,0.456000000238,1.27530002594,-0.41785672307
154,0.106096893549,0.193644553423,-1.0245500803,0.157999992371,-0.0360940992832
4312,1.39574837685,1.65005087852,0.627300024033,0.305949985981,-0.317459285259
994,-4.02861404419,0.242521703243,-4.79809999466,1.48714995384,-0.83082818985
2048,-0.148431092501,-0.0471033751965,0.0146500170231,-0.466899991035,-0.158030390739
1111,0.746802508831,0.938989400864,0.571699976921,0.457450002432,-1.04881834984
5154,0.489233672619,0.131772518158,-0.50594997406,0.810499966145,-0.957263469696
2920,-0.50290119648,-1.02880394459,0.121150001884,0.65239995718,0.14662861824
3122,-0.982250928879,0.0249018371105,0.852949976921,0.850849986076,0.178159445524
2769,0.844457864761,4.49583244324,0.000450000166893,-1.00979995728,-0.281198173761
5900,-5.67651033401,2.70207953453,0.454450011253,-0.200650006533,-0.276326447725
6304,0.485936105251,-1.47404956818,-0.861450016499,1.00619995594,0.382608234882
5211,-0.871754944324,0.068920686841,-0.787800014019,0.136999994516,0.363697916269
2886,3.99305653572,1.48953771591,0.525250017643,0.349950015545,3.88191652298
9261,1.95519256592,-0.167680725455,-0.109999984503,-0.529500007629,0.384131669998
8569,1.94125831127,2.45818161964,1.58730006218,1.7623500824,1.35391700268
3303,-0.101748526096,-0.456687837839,-0.452600002289,0.184399992228,-0.189556598663
5331,0.313616782427,-0.748576819897,-0.702149987221,0.164149999619,-0.296662688255
5347,-1.04559075832,-0.0788426175714,-2.92024993896,0.851050019264,0.195790231228
4638,3.34716773033,0.938682854176,0.101799994707,0.67334997654,1.29760837555
2264,0.617935836315,0.236183702946,-0.69344997406,0.43599998951,1.29353106022
1029,0.96679931879,0.288584172726,0.502799987793,1.60084998608,-0.272077947855
1027,0.459650754929,0.819574832916,1.91419994831,1.27749991417,1.03261065483
2597,0.0,-0.300649732351,1.21394991875,0.740599989891,0.366291284561
55847,0.637253522873,0.758467793465,0.356150001287,-0.646849989891,-0.979187786579
25803,1.80812382698,1.45599424839,0.929800033569,-0.63220000267,0.760022163391
3480,-0.0106075555086,0.448189437389,-0.178700000048,0.434599995613,3.32125306129
2946,0.325144171715,-0.413653373718,0.791849970818,-0.638300001621,-0.0598814487457
9517,-0.269107103348,-0.565896630287,-0.735349953175,-0.144099995494,1.01859402657
25987,-0.975364863873,-0.267384797335,-0.394299983978,-1.01604998112,-0.645295441151
23670,0.262184053659,-1.53548002243,-1.35164999962,-1.41474997997,0.0596453696489
11182,0.338855803013,0.176857486367,-0.80009996891,0.0807000100613,-0.114687338471
2146,-0.566706776619,-0.920832395554,-1.02349996567,0.0579999834299,-0.652570664883
3385,-1.10379195213,0.945962905884,0.847500026226,0.415250003338,-0.407343953848
5261,2.91160535812,-0.0731417238712,0.537099957466,1.32015001774,1.23154687881
10765,-0.73415184021,0.895963788033,-0.929149985313,-0.151450008154,0.385437756777
25839,0.309998989105,0.781590521336,-0.215949997306,0.611150026321,-0.946773290634
4172,-0.441916555166,-1.38911652565,0.741999983788,-0.288899987936,0.999528884888
23161,1.59117090702,0.496826529503,2.08125019073,-0.260349988937,0.209887206554
10298,-1.26840913296,-0.63971722126,0.153449982405,-1.84064996243,-0.397964417934
1802,-0.801550924778,0.668198108673,-2.00784993172,-1.29655003548,-0.15217000246
58533,-0.428042173386,0.469847261906,-0.253050029278,-0.188550010324,0.100461244583
147179,-0.851879894733,0.556817889214,-1.13335001469,-0.883149981499,-0.690144121647
29937,-0.127209275961,-0.0670723617077,0.238049983978,-0.108450002968,-0.288729429245
6184,0.27305456996,-0.0383782684803,-1.54545009136,-0.676050007343,-0.0956896096468
9854,2.17155122757,-0.700991332531,-1.07219994068,-1.14234995842,0.795214951038
2553,-0.30339384079,-0.438339591026,-0.457600057125,0.078350007534,-0.0309525877237
5440,-1.00992369652,0.522635340691,0.153800010681,1.80235004425,-1.18121516705
54623,-0.685836434364,0.84606474638,0.10095000267,0.65775001049,0.339448660612
9533,1.76554656029,0.868670225143,1.54910004139,0.439750015736,0.77890431881
8607,-0.241513445973,-0.0364969372749,0.60615003109,1.37384998798,0.609633803368
207,-0.583532571793,-1.32496368885,-0.0348500013351,-1.37314999104,-0.848154127598
26054,-0.175591111183,0.426123082638,-0.671050012112,-0.899500012398,0.326427280903
10682,-0.97243064642,-0.831445097923,0.190149992704,-1.70615005493,-0.41518509388
8573,-0.784285604954,-0.690332889557,-0.831300020218,-1.1929500103,-0.0155828297138
23378,0.633287072182,0.137724012136,-0.668449997902,-0.826750040054,0.266418635845
8553,-0.505320549011,0.614687144756,-0.399650007486,-0.161550015211,0.0307083576918
622,-1.01280736923,-0.110110506415,-0.889100015163,-1.11884999275,1.09374499321
9467,1.92685341835,0.944571971893,0.199699997902,0.560050010681,-0.0336801707745
5525,-0.144941866398,-0.186480641365,0.983449995518,0.942200005054,0.368129909039
256364,-0.657536506653,-0.802028954029,0.435299992561,-0.924950003624,-1.30372488499
332,-0.381304979324,-0.170143827796,0.322200000286,-0.425099998713,-2.9450097084
2058,-1.32872462273,0.835912168026,-1.38604998589,-0.644249975681,-0.650937378407
7849,0.277742743492,0.143966823816,-0.545949995518,-0.431199997663,0.441704392433
23244,0.0600206777453,-0.149337217212,0.551800012589,0.00494998693466,0.432465434074
7494,-0.20490527153,0.646605908871,-0.459049940109,0.518850028515,-0.209448382258
4836,0.343751579523,0.023251414299,-0.238450005651,-1.41209995747,1.05522751808
23647,-2.11299538612,-1.40029597282,0.280099987984,1.02950000763,0.164567992091
10617,-1.41013455391,-0.0324559509754,-1.41879999638,0.115799993277,-1.35334479809
2184,0.420722782612,0.31783592701,0.733099997044,0.760349988937,-0.82023692131
5355,-0.425121456385,-0.398976504803,-0.58060002327,-0.209200024605,-0.716543793678
6659,-0.193260148168,-0.378865510225,-1.23199999332,-0.657549977303,-0.277021974325
7016,1.91628682613,-0.55409604311,-0.432799994946,0.212850019336,0.384816288948
90861,-0.507103085518,0.36294400692,-0.509199976921,-0.295599997044,-0.04133746773
10670,-0.827213227749,0.702578723431,-0.834500014782,-0.664150059223,0.555379033089
79071,-0.314990580082,-0.722388327122,0.733250021935,-0.972249984741,1.28237211704
64746,-0.142530873418,0.452782988548,-0.42769998312,-0.293400019407,-0.250458538532
5366,-0.806156396866,1.12802267075,0.228199988604,2.71765017509,0.842599034309
11344,-0.645934045315,-0.828127741814,-0.658450007439,-1.66140007973,-1.09040176868
10013,-0.735372364521,-0.686098754406,0.0957500040531,-0.786200046539,-0.562797784805
5829,0.446735173464,-0.0975744128227,0.417450010777,0.250349998474,-0.106618724763
5257,-1.22425222397,-0.95388764143,-0.32775002718,0.566100001335,0.649314343929
22794,-2.41829800606,0.0262190699577,-0.788299977779,0.634400010109,0.622240185738
9761,-0.349341332912,0.0448947064579,-3.16820001602,-1.72490000725,0.123224042356
23326,-1.36003541946,0.683743476868,-0.465599983931,-0.330049961805,-1.66848504543
10972,-0.272468835115,-0.835767567158,-0.0405500009656,-1.07780003548,0.27987241745
10523,-1.61361050606,-0.453377902508,-0.918949961662,-0.394750028849,-1.21365427971
79090,0.231252253056,1.19982814789,-0.69939994812,0.145950004458,0.187621921301
27032,-0.910446584225,-0.175362855196,-0.288049995899,0.443949997425,0.0358858406544
9097,-0.424821674824,-0.224819496274,-1.92314994335,-1.47765004635,0.486066132784
10513,-0.660933494568,-0.677277505398,-0.568850040436,-0.325600028038,-1.60016679764
1891,0.751801550388,-0.72756755352,-0.434399992228,0.0229500234127,1.37117612362
3066,-1.20868563652,0.263249754906,1.27550005913,0.280550003052,-0.347478359938
9801,-1.69676065445,-0.238699927926,0.567900002003,-0.821850001812,-1.43757641315
1459,-0.357185423374,-1.6471824646,-0.327449977398,0.878050029278,1.32444226742
9703,-1.23126268387,-0.221082597971,-1.23254990578,-0.0566500127316,-0.50013923645
10606,0.6018897295,-0.0330790653825,0.192999988794,2.33305001259,-0.860720098019
1017,2.26954269409,-0.480999469757,1.07264995575,0.619399964809,0.0714245662093
9813,2.38920116425,0.961192429066,1.31875002384,0.632800042629,1.15825843811
7485,-0.326760232449,-0.408487081528,-0.701600015163,-1.17194998264,-0.739583969116
2109,-0.0781128406525,0.417976289988,0.130899995565,0.146699965,-0.614262282848
23271,0.867069661617,-0.0680575966835,-0.0679499804974,-0.126749992371,0.339880526066
9915,1.53595352173,0.423957824707,0.354799985886,0.419099986553,1.00667858124
9552,0.075994849205,0.608608841896,-0.225600004196,-0.197399973869,0.275470465422
93487,-0.86383587122,-0.407550752163,0.128499984741,-0.0751499980688,-0.91634118557
2956,-0.11875385046,-1.08420777321,0.425950020552,1.56270003319,-0.010022200644
11065,-0.273528188467,1.17615556717,0.198249995708,-0.248600035906,1.50367641449
9653,1.39367556572,0.829850077629,-0.821750044823,-0.441199958324,2.02036094666
200081,-0.251478075981,1.17415583134,-0.381399989128,0.338250011206,-0.849659085274
3337,-0.652042865753,-0.489845871925,-0.0206499993801,-1.17984998226,0.000669002532959
11073,0.564458787441,1.26197361946,-0.0936499983072,-0.884899973869,0.835041284561
23,0.851025402546,0.622977256775,-0.159500002861,-0.548650026321,-0.311874508858
5641,-0.692482233047,1.36666584015,-0.0797500312328,-0.445150017738,0.583828449249
8720,-1.07467412949,-0.00799134373665,0.580550014973,0.195849999785,0.534311711788
10782,-0.39766728878,-0.501477360725,0.180299967527,-0.325050026178,0.325227588415
25932,0.0951659679413,-0.565821707249,0.353450000286,1.8057500124,-1.60212409496
3028,-1.19278359413,-0.436005890369,0.22625002265,0.767350018024,-0.00854410231113
6804,-1.02622032166,-0.942911267281,0.0407499969006,-0.218699991703,0.563312768936
890,-1.27739310265,0.519899249077,1.08880007267,-0.0834499970078,-1.09412932396
6390,-0.239696845412,-1.28301548958,-0.905149996281,-0.639199972153,-1.28267920017
4303,-1.15155529976,0.129130870104,-0.537000000477,-0.489349991083,-0.69058150053
10953,-1.81992137432,-0.939502835274,0.00585001707077,0.259550005198,-1.09921598434
22889,0.302909851074,0.0468757152557,0.263949990273,0.123699992895,-0.501064479351
3098,-0.800442695618,0.50390124321,0.117150001228,-0.51314997673,-0.702731251717
11044,1.30053269863,0.235835820436,0.675149977207,-0.225750029087,0.66596198082
8985,0.584789633751,0.0363332033157,0.113999992609,0.465550005436,-0.0535329729319
66008,-0.779943585396,-2.10628032684,-1.24639999866,-1.49670004845,-0.715150237083
9217,-1.1246881485,-0.0195784308016,0.179900020361,-0.598999977112,0.328015446663
701,1.38350307941,0.606256842613,0.478749990463,0.210099995136,1.37466597557
6182,-0.575248301029,-0.000181823066669,-1.11459994316,-0.805000007153,0.0
4860,-0.0925508439541,0.873344182968,-0.15649998188,-0.793749988079,-0.449457138777
7398,-1.22839105129,-1.17445898056,-0.379500031471,-0.418150007725,-1.05594265461
6117,-1.12934184074,-1.27225100994,-1.12205004692,-1.61294996738,-1.4911082983
23588,-3.32590007782,-0.754546999931,0.265349984169,-1.60745000839,-0.445487827063
949,-0.85621035099,-0.924599766731,-1.69814991951,-1.52154994011,-0.023167040199
7168,-2.10318422318,-0.0971404016018,1.35749995708,0.144649997354,-1.88150072098
9375,-0.660264313221,0.190346807241,-0.798650026321,0.11969999969,-2.44565391541
4927,-0.805794119835,0.149419501424,0.398049980402,0.744199991226,0.472633242607
2523,2.94802570343,0.201561287045,0.331250011921,-0.823549985886,0.676128923893
58497,-0.293794214725,-0.95007622242,-0.0113000050187,-1.47994995117,0.407605051994
6856,-1.32339000702,-0.0564083009958,0.0420499891043,0.0770000070333,-1.15045106411
26036,0.0846201777458,-1.08153605461,-0.51985001564,-0.188900008798,0.687991559505
10206,1.44662499428,0.0152769982815,1.34509992599,1.06340003014,1.32631921768
25793,0.0154537558556,0.0111563354731,0.193949997425,-1.60739994049,-0.803448081017
55556,0.622911632061,-0.375685572624,-0.932299971581,-1.07440006733,0.814421653748
3978,-0.238085150719,-0.394248694181,-0.765899956226,-0.156199991703,-1.72401762009
10681,-0.534156322479,-0.610445261002,0.190550029278,-0.591300010681,-0.732166945934
3638,0.130744725466,0.261635780334,0.535300016403,1.38394999504,-0.972338736057
8349,1.58218824863,0.645630180836,0.959249973297,0.618849992752,0.852344572544
6275,-1.46142220497,0.536721587181,0.0,-0.433349996805,0.280099660158
3895,1.21142411232,0.285374373198,0.950349986553,-0.116950005293,0.741327941418
392,-1.1390182972,-0.192599236965,-0.54365003109,-0.58085000515,1.08571386337
9170,-0.377062082291,2.64584159851,0.332000017166,0.328599989414,0.212876990438
80347,-0.867163300514,-0.435215950012,-0.742249965668,0.177850008011,-0.0282508134842
23300,-0.854032516479,-0.287305891514,-1.58904993534,-0.428250014782,0.348230391741
836,-3.32044363022,-0.58843177557,-0.113700002432,1.09450006485,-1.30842661858
11188,-0.526499450207,-0.520095944405,-0.115350008011,-0.163399994373,-0.694973468781
10898,1.37962639332,-0.37816247344,-0.183599993587,-0.870050013065,0.898649215698
9276,-0.602619826794,-0.873126626015,-0.573449969292,-1.02960002422,-0.187369346619
1647,1.79821801186,1.64304721355,0.888999998569,0.556599974632,0.829981565475
10285,-0.437285363674,0.539435505867,-0.234200000763,-0.724300026894,-1.16706061363
23386,0.095729380846,0.20685903728,-0.0814000368118,-3.26410007477,-1.08741879463
3156,0.459473490715,-0.206339403987,-1.7240499258,0.0695500075817,-0.240067631006
10237,-1.12183737755,-0.563043177128,0.543550014496,-0.240499988198,0.748269677162
7077,0.517128944397,0.672437429428,1.55929994583,1.00504994392,0.753727316856
11157,-0.461889714003,-0.852235674858,-0.202700003982,0.165450006723,-1.17725121975
22908,0.138694420457,-1.12018656731,-0.332699984312,-0.278349995613,-0.837916612625
10915,-1.20724225044,0.114535562694,-1.30245006084,-0.396950006485,-0.0287264939398
9897,1.26368713379,0.338071495295,0.894500017166,1.31699991226,0.789057850838
1759,-1.20660746098,-0.840040326118,-0.63814997673,-1.63380002975,0.247121557593
54541,-1.39831995964,-0.0827464312315,-0.474649965763,0.377700001001,0.0720464736223
211,-0.599035382271,0.121806308627,0.112199999392,-0.267349988222,-0.189996510744
5048,1.29238986969,0.336016654968,-0.611699998379,-0.0113499984145,2.07909989357
84722,-0.381917953491,1.08053863049,-0.526099979877,0.151699990034,0.513779222965
29890,0.804506599903,0.126352444291,-2.96210002899,-0.383899986744,-0.28726965189
9868,-1.13182020187,-0.341357141733,-0.774749994278,0.507650017738,-1.34554982185
873,0.711642146111,0.166496887803,-0.550999999046,-0.57230001688,0.249609768391
5580,-1.73833334446,-0.672541260719,-2.28740000725,-1.12680006027,-1.25412333012
3725,1.03630590439,-0.00716583430767,-0.722599983215,1.05104994774,-0.186849892139
23585,-0.833407819271,0.587242662907,-0.211899995804,0.620700001717,-0.0471338704228
51097,-1.53995895386,-0.0810327529907,0.270549982786,-1.90334999561,-0.931594967842
1831,1.83346569538,-0.050681501627,1.3001999855,0.201099991798,0.88437384367
7020,0.496510416269,0.633714318275,0.870850026608,0.0350999981165,0.863006830215
55893,2.23353362083,0.498412638903,1.15135002136,1.30675005913,1.10599970818
6944,1.33356547356,0.876382231712,1.1563000679,1.30095005035,1.75273120403
22883,0.327481597662,0.583524763584,-0.774949967861,-0.84399998188,0.813968002796
5601,0.625843703747,-0.74640005827,0.0328000001609,-1.47335004807,1.56205439568
10775,-1.05710446835,-0.82065653801,1.26725006104,-0.735949993134,-0.216741696
4780,0.629399418831,0.00216709822416,0.155349999666,2.88520002365,0.911535203457
10904,-0.701232850552,-1.41493225098,-0.852550029755,-0.575950026512,0.0714423507452
9917,0.962414860725,0.560209333897,-0.170499995351,0.501199960709,1.70289480686
1399,2.2139043808,0.0273973345757,1.3314499855,0.262600004673,1.21949911118
24149,0.285519182682,-0.393416345119,-0.865449965,-0.241600006819,0.849165439606
2222,-0.659107089043,-1.11416828632,0.520200014114,-0.329950004816,-0.322999358177
10131,-0.648831009865,-0.877487897873,-0.322400003672,0.486800014973,0.764544725418
2958,-0.795803129673,-1.8222925663,0.413549989462,-0.507750034332,-0.0467137247324
9650,2.4102370739,-1.15958166122,2.1006500721,1.32710003853,1.2702139616
7319,-1.2396466732,-0.105575479567,-1.64464998245,0.292850017548,-0.667318463326
4817,2.30469799042,0.895132780075,1.2444999218,0.736750006676,1.41315174103
9143,-0.628612697124,-0.358867228031,0.360899984837,-1.05955004692,1.11768591404
10494,-0.652043581009,-1.90958690643,-0.627200007439,0.0567000210285,0.442741930485
55324,-0.731447637081,-0.192599684,-1.52349996567,0.680700004101,-0.987655699253
23149,0.487187802792,-0.10673981905,-0.539200007915,0.665899991989,2.81843471527
9943,-2.18164825439,-0.0240848809481,0.0979499816895,-0.433449983597,0.480000466108
6599,-1.28781044483,-0.604318380356,-0.335700005293,-0.269500017166,3.26690244675
51031,-0.227401763201,-0.816394388676,-0.814049959183,0.535800039768,-0.209191381931
3566,2.25723981857,0.485399901867,-0.158749997616,0.0966500043869,0.399031698704
3815,1.58063435555,-0.398609995842,0.500999987125,1.8165500164,1.30827414989
8624,-1.57162451744,-0.201869517565,0.528549969196,-1.16339993477,-0.955315351486
27346,-1.69879436493,0.522250413895,-1.08675003052,0.33085000515,0.404994785786
10489,0.263872385025,-1.12040758133,0.970499932766,-1.00470006466,-1.00511741638
26128,-0.560080647469,-0.0771481096745,-0.0890000015497,-0.751649975777,-0.0041444003582
79921,-0.725819706917,-0.315113008022,-0.258450001478,-0.877550005913,-0.453757464886
55746,0.405296802521,-0.315387219191,0.211950004101,-3.45429992676,0.448837399483
23636,-0.551018595695,0.840407848358,0.387449979782,-0.606450021267,-0.602445363998
10892,-0.301963508129,-1.09842264652,-0.643450021744,-0.747349977493,-0.768215298653
10652,-1.94884312153,-0.542426764965,-0.763850033283,-0.197499990463,-0.232329130173
11004,-0.882204294205,-0.512378334999,-0.706600010395,-1.03920006752,-1.43000340462
23530,-1.06840515137,-1.33503961563,-0.716499984264,-0.67049998045,-1.00003552437
8826,0.95222389698,0.442616045475,0.0401500165462,-0.0164499878883,1.66409897804
3308,0.434949964285,0.648417532444,0.290849983692,0.308349996805,0.511473417282
7153,-1.43247795105,-0.928843438625,-0.818349957466,-0.921050012112,-0.785643279552
11041,-1.13367295265,-0.203189000487,9.99867916107e-05,0.771799981594,-1.27292466164
6342,-1.64466309547,-0.277478307486,-0.654150009155,-0.67745000124,-0.187940001488
5883,-0.210361331701,-0.2554910779,-0.196350008249,-1.07939994335,0.0871294587851
10589,-1.04860091209,0.658730864525,0.139049991965,1.00055003166,0.469043582678
5110,-0.258330047131,0.50207310915,-0.2975499928,-0.430750012398,-1.43381214142
4609,-1.09263885021,-0.308312088251,0.901549994946,-0.746949970722,-0.454426705837
5423,-1.52658951283,0.482332438231,0.234700009227,-0.0423500090837,0.281045228243
1070,-2.41400408745,0.122594892979,-0.755899965763,0.850100040436,-0.416416406631
10051,-1.25155711174,0.288729846478,-0.129250004888,-0.74950003624,-1.14914691448
6603,-1.89263105392,-0.389434337616,0.145750001073,0.190599992871,-1.87008023262
9019,-0.961047410965,-1.27975940704,-0.178149998188,-2.87870001793,-1.0018876791
10969,-0.65098208189,0.167400926352,-0.128949999809,-0.353049993515,-1.07789194584
9797,-1.2000644207,-0.735014796257,-0.375250011683,-1.139950037,-0.816251814365
4043,-0.768212199211,-0.35035982728,-0.691550016403,-0.0122500061989,-1.03468465805
9519,0.252271354198,0.0582719966769,1.47570002079,0.171199977398,-0.40579855442
8480,-1.67337656021,-0.300245285034,-0.71489995718,-0.828700006008,-0.457012236118
983,-0.309462428093,0.937091350555,0.874549984932,-1.09519994259,0.799638211727
10559,-0.721262216568,0.381137788296,-0.267449975014,-2.08470010757,-0.675705611706
8508,-1.98739123344,-1.25825572014,-0.238800004125,-0.533100008965,-1.19598889351
9275,-1.20888268948,-0.815833926201,-0.738549947739,-0.810350000858,0.930489301682
8914,1.03190088272,-2.66487383842,-0.990999937057,-2.50244998932,0.334247648716
54505,-0.0939147472382,-0.504564881325,-0.416750013828,0.151799976826,0.0749264359474
6919,-0.572504281998,-1.22888851166,0.892650008202,0.0438999980688,0.10765761137
2274,0.294529378414,-1.47497165203,-1.09815001488,-0.0315999984741,0.773433685303
2288,0.166276857257,0.287977337837,0.394450008869,-0.149149999022,0.240121021867
7994,0.357517331839,-1.65848922729,-0.541000008583,-0.687049984932,-0.159251734614
4216,-2.0755610466,-1.21283853054,-1.15904998779,-1.09984993935,-1.30039763451
7538,1.95211982727,-0.873996853828,-0.906599998474,0.243050009012,1.55033802986
3628,-0.924150466919,-1.39851212502,-1.47084999084,-0.25,-0.0483599714935
2037,-1.10573077202,-0.207445800304,-1.92219996452,-0.0286500006914,-0.820647954941
2771,-2.0863931179,-0.227081090212,-0.532999992371,0.0428499877453,0.369299173355
7264,-1.04833710194,0.565524339676,-0.355150014162,1.46884989738,-0.137374252081
1786,1.08351206779,0.543494045734,0.540799975395,-0.0915500000119,0.379339426756
5873,0.331824481487,1.43916893005,1.8382999897,0.0205499976873,1.67834424973
780,0.156124606729,-0.260309666395,-0.433599978685,-0.218099996448,-0.529318392277
9926,-0.959427833557,-0.420886605978,-1.29165005684,-1.15824997425,-1.29287385941
8446,1.16315960884,0.365188062191,0.252250015736,0.520600020885,0.256401479244
7159,-0.526638925076,0.748970150948,0.0437000095844,-0.208499997854,-0.243909031153
1026,-0.25331479311,-0.0243624150753,-0.402300000191,0.463599979877,1.16759467125
7082,-0.194796234369,-0.849903941154,-0.612699985504,-0.813000023365,-0.650988578796
10058,-0.343678355217,0.528632938862,-0.468100011349,-0.235749989748,-0.147234767675
10797,-0.225140750408,0.184276282787,0.778349995613,0.159850001335,-1.74663472176
11230,-1.83454418182,-0.397669196129,-1.00609993935,0.462150007486,0.258716851473
30836,-0.54216504097,0.562331259251,0.312700003386,0.956400036812,0.340737730265
27336,1.08682489395,-0.274574786425,-0.608000040054,0.900099992752,0.462530344725
9918,1.15607762337,0.563264787197,-0.929100036621,0.169099986553,1.41047692299
79073,0.0358674824238,0.144250720739,-0.459300011396,-0.773499965668,0.102875366807
9688,0.322396278381,0.156034007668,1.20194995403,1.14705002308,-0.96742773056
23659,-1.1018819809,-1.10446608067,-1.48880004883,0.547199964523,0.0192677974701
8396,-1.09663712978,-0.4064424932,-1.09265005589,-0.711000025272,-0.838508248329
23077,1.08011507988,0.0936617851257,1.26639997959,0.482000052929,1.1262793541
10857,-1.68309378624,-0.765333414078,-0.443200021982,-0.0820499956608,-0.849534094334
16,-0.360851585865,-0.0186701864004,-0.947250008583,-1.25314998627,-0.245954245329
2817,0.439492821693,-0.718632221222,-0.330449998379,0.208199992776,-1.13379788399
60528,0.529832839966,-0.233316034079,-0.86519998312,-1.00740003586,-0.129694640636
5359,1.48569583893,-0.637803912163,0.569800019264,-0.351350009441,-0.0945846140385
1514,-1.94412446022,0.104852966964,-0.128600001335,0.230500012636,-2.0773229599
1509,-4.10713386536,-1.13033986092,-0.515350043774,-0.874050021172,-0.333459824324
9181,-0.481777966022,-1.10380756855,-0.92175000906,-0.137749999762,0.426284849644
3611,0.850993156433,-1.53685128689,-0.868499994278,-2.96134996414,-0.515918552876
4783,-0.101062484086,-1.47926282883,0.69865000248,-1.40970003605,0.335788339376
10123,1.72300243378,0.690040588379,0.784350037575,-0.207949995995,1.64691948891
8895,0.68648993969,-1.32688570023,-0.0924499928951,0.512849986553,-0.0836084708571
9805,-0.0157552063465,0.901793003082,-0.632099986076,0.21645000577,-0.553397357464
4125,-0.724789440632,-0.297653675079,-1.48259997368,0.0594999790192,-1.37768208981
1635,-1.78257060051,0.0492598749697,-0.488049983978,-0.939750015736,0.240756258368
4154,-0.480411171913,-0.11828738451,0.79340004921,2.81920003891,-0.250407636166
26292,-0.567782044411,-0.961988091469,0.136749997735,-0.281049966812,-0.101638108492
5770,0.0052595436573,0.818424522877,0.156350001693,0.98970001936,-0.214712411165
25874,-0.284254014492,-0.430451393127,0.315050035715,0.299800008535,0.103447303176
11319,-0.440168648958,-1.26747953892,-0.824400007725,0.153799980879,0.114669531584
1153,-0.247654274106,0.227757811546,0.393000006676,-0.972149968147,-0.798965811729
11098,-0.855372309685,-0.440663218498,0.0148999989033,0.0189999938011,0.222364574671
8974,-0.336169183254,-0.0929647982121,-1.76940011978,0.571949958801,-1.36996567249
533,-1.24299514294,-1.11513996124,-1.25625002384,-0.905300021172,-0.517754375935
823,1.13611447811,-0.0180204808712,-1.57634997368,-1.15684998035,0.0170908123255
6812,-0.28483569622,-0.695264995098,-1.29460000992,-0.481449991465,-0.444574207067
3693,-1.85237383842,-0.253593921661,-0.445500016212,-0.434199988842,-1.83685648441
4891,-0.456851482391,-0.346936881542,-1.16544997692,-1.64925003052,0.696942865849
10954,-0.222558408976,-0.345439404249,-1.15015006065,-0.636699974537,0.736723124981
5909,0.188573360443,-1.00046432018,-1.64359998703,-1.25080001354,-0.0647111237049
9221,-0.453782260418,-0.845378339291,-1.13540005684,0.12120001018,-0.190904065967
847,1.31958556175,0.729335486889,0.791649997234,0.410500019789,-1.02441012859
11072,-1.56342458725,-1.41638529301,-0.607199966908,-2.02565002441,0.365498423576
10221,1.1327265501,-0.478266209364,0.219949990511,0.451050043106,-3.23719739914
7158,-0.801333010197,-4.49540281296,-0.94135004282,-0.939849972725,-0.56403875351
8678,-0.797268509865,-0.586280345917,-1.53364992142,-0.870849967003,0.0894370079041
11014,0.440865576267,-2.26598739624,-1.01285004616,0.37809997797,-0.468144476414
1994,-0.726719021797,0.408494621515,-0.338799983263,0.257699996233,1.28527152538
3482,-0.0268334299326,-1.80829143524,-1.15009999275,0.423649996519,0.0306413173676
25976,-0.0779151320457,0.972916245461,-0.979850053787,-0.567600011826,-0.359889775515
10491,-3.00387096405,-0.358884781599,0.0957000255585,0.309300005436,-0.867226243019
51053,0.497545987368,0.839327991009,1.92264997959,-0.243250012398,-0.20830129087
9267,-1.22758865356,-0.376949131489,-0.711650013924,0.364749997854,0.931879043579
5547,0.6783015728,-1.00829041004,1.14525008202,0.0133499801159,0.749588251114
6597,-1.37201297283,-0.371128410101,-1.2797999382,-2.79849982262,-1.31896650791
5836,-0.610769152641,-1.03742790222,-0.723999977112,-0.953949987888,-1.14323866367
6118,-0.244412481785,0.92593306303,1.93904995918,0.421350002289,-0.885004401207
2961,-0.540679872036,0.407823264599,0.700899958611,0.317200005054,1.25851929188
310,-1.84387803078,-1.00677537918,-0.488900005817,-0.044999986887,-1.07878792286
7296,-1.18275880814,0.354846060276,-0.837400019169,-0.615550041199,-4.43843126297
1429,-1.5913220644,-0.236493930221,-0.87549996376,-0.154949992895,-0.713362216949
2548,-1.48026823997,-0.666224479675,-1.07864999771,-0.428649991751,-1.08505773544
6499,-0.776505529881,0.680170297623,-0.103900000453,0.012600004673,0.0783926695585
642,-1.38109660149,-0.103597544134,-1.27139997482,1.3884499073,-0.240957319736
23076,-0.395320862532,-0.117928251624,0.00460000010207,-0.799199998379,-1.04596030712
10099,-1.09501409531,-0.308161765337,0.296299993992,0.0410499870777,-0.777280688286
9817,-1.01703941822,1.03640758991,0.159450024366,0.178600013256,-0.638935446739
9126,-0.368213117123,0.180270597339,0.588999986649,-0.756500005722,0.49198949337
3930,-0.164763003588,-0.743321239948,0.253800004721,-0.748400092125,0.335803508759
10450,-0.900131642818,-1.40873980522,-0.0715000033379,-0.764599978924,0.318728148937
54386,-0.574479520321,-1.30572938919,-0.902350008488,-0.440800011158,-1.14603042603
664,-0.77674639225,-0.532876253128,-0.403750002384,-0.312000006437,-1.6944129467
596,0.183787822723,0.690016210079,0.901900053024,-1.57404994965,2.31455755234
10180,-0.540155827999,0.161350488663,-0.00665000081062,1.36934995651,-0.506973564625
1445,0.443777740002,-1.07789850235,-0.993350028992,-1.10424995422,-1.17426145077
230,-0.826979339123,-0.40765440464,-1.3545999527,0.595950007439,0.400120735168
9246,1.30031478405,0.719238877296,1.62384998798,1.01510000229,1.07528936863
5092,-0.728932261467,-0.191254153848,-1.316650033,-0.837599992752,-0.147103652358
23463,0.108048468828,0.750348329544,-0.413150012493,-0.545599997044,-0.0421897768974
10007,-1.04168367386,0.142933487892,0.42720001936,-0.482550024986,0.00708934664726
4925,0.106827557087,0.0390047281981,-0.770650029182,-1.06069993973,0.13425141573
6251,-0.289326488972,0.459500521421,-0.376499950886,-0.492150008678,2.90699744225
5782,-1.07360827923,0.334044456482,-1.48469996452,-1.6548500061,-2.42091035843
5106,0.608038604259,0.0235932469368,0.277099996805,0.287950009108,0.401710748672
2673,-0.148282855749,-3.14705276489,-0.829050004482,-0.0160000026226,-1.41610193253
644,-0.697674036026,-1.37013673782,-1.21050000191,-0.809849977493,-0.756484031677
6284,-1.13718986511,-0.212994202971,0.673200011253,-1.28550004959,-2.61333107948
4605,1.19482779503,0.358767539263,0.0204499959946,0.599799990654,0.919512867928
6810,0.843654334545,-0.252599477768,-1.12374997139,-0.0776499956846,-0.169105648994
54499,-0.441051006317,-0.391544610262,-0.0516499988735,-0.429349988699,-0.315058112144
11007,-0.0567177534103,0.682249903679,-0.149849995971,-0.547399997711,0.138087630272
1643,-1.87262022495,-1.15189218521,-2.28649997711,-0.215150013566,-0.955442130566
25805,0.979151964188,0.0809720903635,1.9101998806,-1.52025008202,0.362887561321
3033,-1.0719794035,-1.35586774349,-0.628400027752,0.25435000658,-0.927577912807
2745,-0.591827273369,0.201140642166,-0.144250005484,-0.73860001564,-0.889148294926
9961,-1.80058884621,-1.32122540474,-0.926300048828,-1.42420005798,0.849643349648
3925,-0.607781291008,-0.286535233259,0.587549984455,-0.270850002766,-0.453624427319
2582,-1.4869222641,-0.181255042553,-0.72779995203,0.134900003672,-0.501821637154
5792,0.878829956055,0.787871181965,0.58654999733,0.793099999428,1.43111205101
5236,-1.36543989182,-0.0735742151737,-1.14509987831,0.388599991798,-0.160569608212
4016,1.83016300201,0.28728967905,0.923650026321,1.31105005741,-0.0395921766758
4651,-0.296541124582,-0.504811167717,0.567350029945,-0.375499993563,-1.17320621014
3988,1.03159570694,-1.05553996563,-0.149149984121,0.596300005913,-0.29341879487
26227,-1.40959584713,0.554845690727,-0.177300006151,0.384400010109,0.234293311834
7982,-0.873606085777,-0.86877566576,-0.945749998093,-0.310000002384,0.223444357514
3551,2.97811603546,-0.333805292845,1.66929996014,1.11870002747,2.52392816544
5108,-0.360891103745,-1.05029082298,0.106399998069,-0.661650002003,0.368676245213
8870,-0.453612744808,-0.515110492706,-0.666149973869,-0.695999979973,0.925002932549
2195,0.794652044773,-0.0532218888402,-0.756900012493,-0.118149980903,-1.00183188915
8731,-1.86621904373,-0.864032745361,-2.26405000687,-0.662149965763,-0.938064575195
1956,-0.745917916298,-2.08443117142,-0.317550003529,1.05279994011,-0.460380852222
10276,0.0957354083657,-0.0970845222473,0.289649993181,0.197350010276,-0.122055307031
1666,0.0391150712967,-0.946053504944,1.03180003166,-0.0137499999255,-1.97224879265
4864,-1.16465592384,-1.16999578476,-0.779350042343,-0.659950017929,-1.01743984222
4232,0.94285851717,-0.0805838555098,0.924300014973,-0.300399959087,0.802172839642
5050,-4.87098884583,-0.318727165461,-0.293799996376,-0.310799986124,0.133351683617
813,-0.812695920467,-0.302623569965,-0.103650003672,0.336999982595,-0.495106995106
3964,-0.105278171599,-1.73972582817,-1.02664995193,-0.0795999988914,1.0526047945
26020,-1.17320156097,-0.593161225319,-0.882300019264,-1.34835004807,-0.991178870201
481,-1.68021607399,0.0650485306978,-0.0546000003815,-0.962400019169,0.134499907494
5019,0.442417025566,0.91995871067,-0.598899960518,-0.438899993896,0.358775168657
291,-1.25480008125,-0.443894356489,0.243600010872,0.0538000017405,-0.451324045658
10973,-0.792116940022,0.0628062337637,-0.228900015354,-0.150249987841,-1.01045238972
9697,0.444968372583,0.0562243312597,0.522249996662,-0.943899989128,0.294529676437
5831,-0.544365406036,0.353587448597,-0.147349998355,-0.0564999952912,-0.285501182079
8202,0.797995388508,-0.0968429222703,-1.46420001984,-0.898400008678,-1.17738842964
57804,-1.28294360638,-1.06461715698,-2.64814996719,-0.703599989414,-0.863566040993
5566,0.805146872997,0.254124403,-0.456700026989,0.13259999454,-0.919342756271
57149,0.216676086187,-0.316408246756,0.063249990344,-0.418099999428,-0.157411783934
7416,-1.00976705551,0.509303748608,-0.108600005507,0.11740000546,-1.4417232275
10174,-0.408977091312,-1.62576007843,-0.132299989462,-0.692449986935,0.460346788168
6676,0.188604235649,-0.888029575348,1.13810002804,-0.0674000009894,-0.784169137478
8884,0.191191256046,0.896066009998,1.10804998875,0.466400027275,-4.87157487869
5997,0.238365486264,-0.271103978157,1.16110002995,-0.320349991322,-1.00989890099
57147,-0.395147532225,2.03197717667,0.175650015473,0.693549990654,0.731363654137
6909,-0.0386480987072,-0.240755423903,-0.987299978733,-0.101350001991,0.791178643703
9093,0.838468432426,0.047265149653,0.757399976254,0.299400001764,0.593582034111
23142,0.534696877003,2.214625597,-0.573400020599,0.0575999990106,1.10830128193
8444,0.846573412418,0.109179854393,1.25884997845,-0.850149989128,-0.02001093328
11232,-0.625419437885,-2.52921891212,-1.61449992657,-0.0667499899864,-1.32979893684
27095,-1.63694143295,0.0524291321635,-0.261950016022,-5.54570007324,-0.70657658577
10732,0.143817394972,-0.25173458457,0.702350020409,0.902549982071,-0.95656979084
23029,0.0447147488594,0.0842205584049,-0.18694999814,-0.0994499921799,-3.55028271675
9270,-0.244966074824,-0.418881088495,0.41479998827,-0.24675001204,-3.42894458771
47,-0.942453086376,-0.408395260572,-0.578949987888,0.219499990344,-0.0676612257957
5889,0.966839969158,0.114294618368,1.67145001888,1.31029999256,0.68030589819
8243,0.198923438787,0.818797230721,0.0172500014305,-0.00134998559952,0.630690813065
10730,-0.421846061945,-1.32436335087,-0.565250039101,-5.23194980621,-0.92401355505
30,0.163526892662,-0.193963348866,-0.655349969864,-0.0955999940634,1.46612894535
7466,0.997423291206,-1.39239108562,0.630250036716,1.76845002174,0.523907899857
89910,0.557851791382,-0.464086443186,-0.0409500151873,-0.774949967861,-1.13101732731
56654,0.371612995863,-0.0255220830441,-0.471450001001,-0.410299986601,-0.607345342636
501,0.382199883461,0.423232108355,3.55529999733,-1.7690500021,1.21391201019
5438,-4.25584840775,0.10630710423,0.518199980259,0.346500009298,-0.155643999577
26993,0.107139050961,1.40689778328,-0.761250019073,0.759350001812,1.19436764717
55111,0.110186621547,0.563460707664,1.6955499649,0.0280500054359,0.458117902279
8520,-0.633413434029,1.24819171429,0.566149950027,0.553100049496,-4.19366836548
10146,-1.72880578041,0.268719524145,-0.571249961853,-0.950100004673,0.352667987347
7165,-0.727459192276,-0.910095751286,0.568949997425,2.25535011292,0.338733017445
55011,-0.512426555157,0.60278236866,1.18514990807,0.98685002327,1.49705684185
6461,3.75752782822,1.786632061,0.620800018311,0.911800026894,1.35046863556
10813,1.21458029747,-0.216413110495,1.85844993591,1.13919997215,0.566483795643
80746,-0.101101011038,-1.00602889061,0.36155000329,-1.34074997902,-1.6864156723
10434,-4.06813430786,-0.452004343271,0.486349999905,0.132049992681,-0.264599114656
5607,1.42180502415,-0.414373487234,2.51055002213,2.13654994965,-0.568590521812
22827,0.328280091286,0.0914973318577,0.888300001621,0.444099992514,-0.624834537506
51635,-0.834325194359,-1.52910268307,-0.267300009727,-1.50915002823,-1.40010714531
84159,0.539150238037,0.495516389608,0.663499951363,0.368600010872,0.121599979699
3508,-0.572410881519,-0.269959688187,0.476799994707,0.492650002241,0.165422737598
84890,-0.0504159964621,-0.245571345091,-0.260650008917,0.129850000143,-0.615840375423
79600,0.815201163292,0.899082124233,0.699450016022,1.25380003452,0.364298403263
8574,-0.585324883461,0.0466423034668,1.15365004539,0.34810000658,0.111619845033
5529,-0.0501880347729,0.285516560078,-0.245000004768,0.178400009871,0.0383585095406
3909,1.05905795097,-0.359946757555,0.434649944305,0.0709500014782,0.782351076603
9637,-0.724813044071,-0.710244119167,0.258050024509,1.22220003605,0.179729342461
8518,-2.4673140049,-2.66735315323,0.181450009346,-0.0266500003636,-0.84931319952
6443,-0.427871584892,0.444701910019,0.222200006247,-0.867349982262,0.328548818827
58478,1.6141576767,0.335163652897,-0.348599970341,-0.802649974823,1.86171269417
4850,-0.0689122974873,-0.124785453081,0.322499990463,-0.751099944115,0.047826692462
23210,-1.42931556702,0.38147303462,-0.397100031376,-0.315500020981,-0.608992099762
54733,-0.811779618263,0.221137627959,0.347050011158,0.049950003624,-0.959087371826
55129,0.594968795776,-0.166657194495,-0.451200008392,-0.583849966526,0.44259417057
10273,-0.0926274731755,-0.645668148994,0.15815000236,-1.11360001564,0.186527013779
572,-1.36049509048,0.470598459244,2.320499897,1.34115004539,-1.28439354897
5716,0.124609366059,-0.315320760012,-0.210299983621,-1.15950012207,0.949608206749
22841,-0.391768693924,0.341199636459,-0.807200014591,0.0674500018358,-0.1010979563
2356,-0.855606138706,-0.349263846874,0.911149978638,-0.160549998283,-0.800299167633
6050,0.158073842525,-0.639466643333,-0.657850027084,-0.53225004673,0.585513114929
64422,0.101180240512,-0.294543325901,-0.521899998188,0.00640000402927,0.444064438343
8837,1.20970582962,0.511353850365,-0.397249996662,0.708250045776,0.19122838974
55127,-0.973790645599,1.31785655022,0.273350000381,-0.569149971008,0.337763786316
23335,0.470350205898,1.45342564583,-0.234849989414,0.351300001144,0.192919194698
10270,-0.898163676262,1.34186601639,1.34465003014,1.37049996853,-0.702959120274
6509,0.577924966812,-0.489546626806,0.725049972534,-0.229599997401,-0.398777455091
83743,0.12983751297,-0.300009697676,-0.732749998569,-0.305799990892,-1.07527256012
6772,0.568545281887,-0.0210558250546,0.195699989796,-2.68079996109,-0.097834713757
22887,-0.0730273574591,-0.912063896656,-0.747500002384,0.612350046635,-1.42330551147
51001,0.0673592686653,-1.21717905998,-0.836050033569,-1.51610004902,-0.721489369869
26511,-0.429401099682,-0.0474491417408,-1.51075005531,0.0918499976397,1.04264652729
7874,-1.67174112797,-0.946628272533,-0.956799983978,-0.53845000267,-1.18932247162
51070,-5.16644954681,0.169903039932,-1.28649997711,-1.42145001888,0.532774686813
1738,-3.41859531403,-0.441452741623,-4.17120027542,0.634249985218,-1.63321828842
3416,3.97484636307,-0.491317749023,0.117449983954,-0.19089999795,0.69436866045
9128,-0.458406150341,0.377233594656,-4.20499992371,-0.145000010729,-3.52536129951
9833,0.316840589046,0.0485594384372,0.30940002203,0.151250004768,-0.139783740044
4088,-0.145093560219,0.532881617546,-0.902500033379,-0.449349999428,-1.3861746788
5018,-6.09943008423,-0.776687383652,-2.9197499752,-4.22289991379,-0.371773898602
51375,0.685566365719,-0.346056908369,1.66935002804,0.102049998939,3.05524420738
55038,0.689147591591,1.88261437416,-0.734599947929,-0.190299987793,0.157967552543
23061,-0.758532762527,0.637446701527,1.28569996357,-0.142199993134,0.251640290022
64428,3.1317589283,0.931378364563,1.10634994507,1.23185002804,1.25106394291
11325,-0.562592983246,0.556494474411,-0.208399996161,-0.870000004768,-0.348985135555
9641,-0.406115949154,1.00349926949,4.64079999924,-0.350499987602,0.402473777533
23038,0.127410426736,0.621779739857,-0.453350007534,-0.702849984169,-1.55790042877
57048,0.242738753557,-0.340478271246,-0.393299996853,-0.879299998283,-0.0587337985635
94239,2.5493683815,1.56228303909,2.34599995613,0.327299982309,0.91192907095
51203,0.141241341829,-0.0506086349487,-5.14139986038,0.0770499929786,-2.74576282501
388650,2.75812101364,-0.15623190999,2.15124988556,0.127800002694,0.529211759567
23039,0.151900947094,0.646153688431,-0.000149995088577,2.05184984207,-1.24162447453
55179,1.035800457,0.361355721951,0.162200003862,0.158700019121,1.31997931004
5827,-0.301974058151,0.159464403987,-0.700349986553,0.892799973488,0.320463061333
10245,-0.0947430729866,0.408772289753,-0.00204999931157,-0.455700039864,-1.37065768242
6813,0.448503494263,0.0666504502296,-0.723150014877,0.763249993324,-1.2458999157
3251,0.262055248022,-0.428483009338,-0.0468000173569,0.194150000811,0.314723283052
23212,-0.121485501528,1.20723831654,-0.434050023556,1.00370001793,-0.400186270475
23536,1.14957380295,1.02762544155,0.875949978828,-0.915699958801,1.65169405937
51282,-0.482583999634,-0.104797594249,-2.14985013008,1.36240005493,0.750643908978
10227,-0.704311490059,-1.42481589317,0.433600008488,1.60995006561,-0.0203299820423
50813,-0.406685709953,1.19660282135,1.5123500824,-1.28110003471,0.885948300362
51024,-0.536440551281,-3.7338809967,-3.5788500309,0.113049983978,-1.91207516193
53343,0.317334979773,0.402532160282,-0.713749945164,0.251900017262,0.36985129118
1465,-0.671760082245,-0.507273316383,-0.0280999988317,-0.9906001091,-0.0439371466637
79006,-0.0891396403313,-1.04169821739,-0.07935000211,0.64610004425,0.634148836136
6988,-0.571319818497,0.113288298249,0.287800014019,-0.241350024939,-0.508715689182
11011,0.00350881367922,-0.147332847118,1.94580006599,0.0413500070572,0.775438010693
23325,-1.08509242535,-0.888639807701,-0.133949995041,0.319150000811,-0.290556699038
10049,0.779721856117,-0.402662456036,-0.247500002384,0.608350038528,0.481887042522
3157,-1.05740714073,-0.695200681686,-0.595300018787,-0.503750026226,-0.956312537193
200734,1.61820602417,0.234974831343,0.416449993849,0.914250016212,0.980491161346
9053,0.067396953702,-0.55992436409,0.848649978638,1.78935003281,-1.49926269054
79094,0.595572292805,-0.217967927456,0.345750033855,-0.113949894905,0.0136227309704
2778,-4.96668148041,0.397130638361,-0.216949999332,-0.0551999993622,0.366617441177
54881,-0.0858905017376,0.276580065489,0.637849986553,-2.22235012054,1.81221461296
54807,1.04092764854,0.110804244876,1.28129994869,-0.76449996233,-0.477237045765
323,0.791413903236,2.53044891357,0.0479000210762,-0.471899986267,-0.257673799992
26001,-0.996465981007,-0.943357944489,0.0928499996662,-0.227200001478,0.566785812378
10190,1.0421346426,0.262280791998,0.482200026512,0.812650024891,-2.66815900803
9686,-0.122406125069,0.54751265049,1.0067499876,0.351200014353,1.5362496376
54915,0.311633914709,-0.0522786453366,-0.895749986172,-1.21765005589,1.37118411064
23658,0.299917459488,0.410833895206,1.16879999638,-0.550300002098,-0.790483355522
7750,0.68782556057,0.741863012314,-0.408999979496,-0.908949971199,0.576067864895
79643,1.07556712627,-0.327728837729,-0.307549983263,1.0000500679,0.373626023531
9488,-0.294841378927,1.04930508137,0.315499961376,0.391750007868,0.533671379089
11200,-1.23779332638,-0.129602983594,0.901199996471,-0.416350007057,0.375416874886
65057,1.23994576931,1.67660784721,0.750700056553,0.84994995594,0.133131086826
6832,1.12911868095,0.129210442305,0.281300008297,1.33450007439,0.428476601839
23131,-0.370321214199,-1.20094251633,-1.38899993896,0.329050004482,-0.117672234774
10776,-1.8128092289,-0.524807214737,0.861549973488,-2.01445007324,-0.8371270895
6253,3.25874209404,-0.465545266867,1.93149995804,0.859300017357,0.516905903816
79716,1.09339499474,-0.358338981867,2.40625,0.646499991417,0.683095991611
29978,1.86380302906,0.232073649764,0.105799995363,0.265700012445,0.272292733192
9988,-0.0992778986692,-0.634495258331,-0.932150006294,-0.105399996042,0.85602581501
10845,1.1198580265,-0.757349610329,0.350649982691,-0.225249990821,1.81061005592
54957,-0.492777138948,0.0344266891479,0.984650015831,-0.552749991417,1.00661551952
79170,1.97159123421,0.773656845093,0.137400001287,0.414600014687,0.987514078617
10610,2.02484822273,-0.471321463585,1.09719991684,0.0675999969244,1.74180710316
128,-3.25781059265,0.805609226227,-0.949899971485,0.623800039291,-0.492379665375
51026,-0.506063640118,0.450107783079,0.661050021648,0.711550056934,-0.673206746578
5498,1.470490098,1.42422676086,1.13125002384,0.625699996948,1.34232521057
124583,-0.574689984322,0.149118453264,0.037349998951,-0.884950041771,-1.08448815346
9455,0.0179385244846,1.37895226479,0.36470001936,0.0424500107765,1.18113863468
1212,-0.925353586674,0.471152961254,-0.0212000012398,-0.460600018501,0.338560551405
5255,-0.597175717354,-0.104072511196,-0.541899979115,2.57089996338,1.25991857052
9448,-1.49854838848,-0.129312410951,-0.169999986887,0.902750015259,-0.295263946056
9924,-0.9599198699,0.0366332679987,-0.139750003815,-2.61520004272,0.342521607876
5480,-0.444343417883,0.427762329578,1.19930005074,0.107999995351,1.68248534203
1983,-0.597944140434,-0.390703469515,0.46250000596,-0.867449998856,-0.99837076664
56889,-1.90423667431,-0.553751409054,-2.9553000927,0.705950021744,-0.568829417229
79080,-1.90970754623,-0.673519849777,-4.13564968109,0.298200011253,0.444932550192
9016,0.33188444376,1.15051841736,0.239600002766,1.65524995327,-0.0831502750516
6915,1.59573888779,0.493416041136,1.65234994888,0.245549991727,1.20083713531
9709,-0.0745113790035,0.00102689862251,-0.616549968719,-2.17704987526,0.411631315947
116832,-1.23983931541,0.639685988426,0.287099987268,-0.899999976158,0.44658395648
670,0.859727203846,0.23900206387,0.92895001173,1.04250001907,0.4823127985
7867,0.319376170635,-0.371883034706,-1.66455006599,-1.04975008965,0.00988520868123
79143,2.65553474426,-0.47357904911,0.528699994087,-1.23660004139,0.00195941329002
11284,-0.425512105227,-2.01481080055,2.39925003052,-1.71359992027,0.107411824167
23443,0.354251027107,1.29553902149,-0.892899990082,-0.66345000267,0.477984964848
51599,-0.862244725227,0.453917443752,0.18425001204,1.69365000725,0.628575086594
5927,-0.818895578384,1.11296260357,-0.339700013399,-0.937150001526,1.72374033928
55793,0.0582190155983,-0.162954747677,0.564100027084,1.10089993477,0.992876887321
5867,-1.20670437813,0.817942857742,1.6805999279,4.1360502243,0.730419635773
7866,0.944921970367,-0.0876527428627,-0.594900012016,1.16085004807,0.0178278684616
25825,-0.0241259336472,0.380424946547,1.18449997902,0.723399996758,-0.621865510941
4067,0.115083560348,1.39575314522,-0.230900004506,-0.524900019169,0.23376058042
51015,0.850897550583,0.00541864335537,0.49920001626,1.02845001221,-0.248467043042
5891,0.79850590229,0.508244812489,0.706350028515,2.43140006065,0.182696118951
3300,-0.587287545204,-1.65829336643,-0.0605500042439,-0.410000026226,-0.550918757915
64781,-0.0289915502071,0.888933598995,-0.130400002003,-0.252749979496,0.762623310089
51056,0.671279549599,2.72391486168,0.949500083923,0.175650000572,1.02022731304
8550,0.213052406907,-1.21494972706,0.317650020123,-0.0234000049531,-0.234405577183
50810,-1.30782198906,-1.39520633221,0.130449995399,-0.085599988699,-2.32852244377
23011,1.00476813316,0.483454883099,0.495499998331,-0.298150002956,-0.0602290928364
11168,-2.08601760864,-0.77947306633,-7.07249975204,-0.216949999332,0.692887187004
1385,0.674796402454,-1.26883125305,-1.37389993668,-0.403550028801,1.34894883633
10150,1.464017272,-0.772482633591,0.499550014734,0.841600000858,0.375842273235
29763,0.456038355827,0.613148391247,0.548449993134,0.0335500091314,1.51747107506
9112,-2.55832004547,-0.85430264473,-0.589049994946,1.4919500351,-0.676468968391
23499,-1.09910929203,0.180057018995,1.43484997749,1.17250001431,-0.769601643085
85236,-0.432202517986,1.21508419514,1.59829998016,0.649749994278,1.21364533901
5096,-0.446335077286,-0.198221206665,2.68845009804,-3.55369997025,0.877830982208
55620,0.960162878036,-0.11441347748,0.261700004339,-0.44604998827,-0.523675441742
5373,2.55633878708,0.486532092094,1.17764997482,1.88835000992,2.64948296547
51170,-0.281272053719,-2.00574278831,-2.01789999008,0.430699974298,1.12185430527
54850,1.51711273193,1.16361486912,0.099849998951,-0.0460999906063,1.11413669586
80349,-0.815024673939,-0.516025424004,0.528549969196,0.27404999733,-0.0332472249866
355,-0.478185921907,-0.0419700890779,-0.801049947739,1.76709997654,0.094223856926
1062,0.422898471355,-0.177942246199,-1.01814997196,1.85674989223,0.475086808205
8804,-0.0762095153332,-1.22024834156,-0.455599963665,-0.947700023651,0.930917024612
80758,-0.983318328857,0.0628385096788,-0.64610004425,0.298300027847,-1.15677249432
375346,-0.187611892819,-0.403800606728,-0.53820002079,-0.410699993372,0.620973229408
51385,0.00871314108372,0.405969053507,0.252700001001,-3.30835008621,0.355109333992
55748,-1.69024693966,0.388341724873,0.200200021267,-4.20809984207,-1.3886449337
10318,-1.87135863304,-0.322653621435,-0.0328000038862,-1.14209997654,-0.469779163599
54681,-1.12109231949,2.03452157974,0.815149962902,-0.077899992466,0.735379219055
7905,0.545071363449,-0.513608038425,1.12059998512,-0.26004999876,-0.911358892918
28969,-0.742897391319,0.993824660778,1.0039999485,-0.401950001717,-0.0853653252125
10668,-0.929490327835,1.5369591713,0.804899990559,0.0527500063181,0.447087883949
51005,-0.74089038372,0.251648783684,-0.701499998569,0.872749984264,-0.451172173023
8800,0.421256542206,0.32164439559,0.539399981499,0.346599966288,1.29271769524
54438,1.60300898552,3.34573221207,5.09340000153,0.369450032711,0.535523355007
55825,-0.390900403261,-0.444381177425,-0.740000009537,1.13014996052,0.278972804546
8835,1.44811892509,1.33059835434,-0.175750017166,1.29719996452,0.933799982071
64429,0.114579074085,-0.0423658788204,-0.492349982262,0.181550011039,0.366123557091
3682,-0.447265684605,-0.0842115581036,0.495600014925,0.0481000244617,0.459534078836
10329,-0.27328363061,1.54430949688,-0.437449991703,-0.717100024223,-0.26488801837
27109,-0.182165622711,-0.10754262656,-1.54094994068,0.7242000103,-0.726002752781
51335,0.661128818989,0.518884658813,0.166999995708,-0.10055000335,-3.31302833557
3202,-0.574751019478,0.251790583134,-0.963249981403,0.270049989223,-0.400737732649
2896,0.069347858429,0.125945165753,0.0148000009358,-0.284049987793,-5.1435508728
79902,-0.475422888994,0.551473021507,0.865900039673,0.437700003386,0.422361135483
29083,-1.07634937763,0.694222688675,0.029650002718,-0.850300014019,-0.412270128727
5747,0.224192291498,2.11651873589,-0.113299995661,0.0746500194073,1.29581856728
22905,2.22889089584,-0.567410826683,3.09124994278,-0.535849988461,0.23946917057
63933,-1.76384496689,-0.00303782522678,1.5897500515,-0.146399989724,-0.292684793472
9847,-0.792719900608,-0.147343054414,-0.139249995351,-2.3724501133,-0.343291968107
51021,-1.69870126247,0.750668764114,0.520699977875,-0.143700003624,-0.0293525308371
8996,0.682266116142,-0.4308796525,-0.567600011826,2.00569987297,0.318786174059
7376,0.544416964054,1.43816590309,1.16639995575,-2.36104989052,-0.0321076624095
5357,-0.121859066188,1.06604170799,1.45965003967,-0.249099984765,0.893398821354
56940,-0.70222145319,-0.823106050491,-0.405050009489,2.00434994698,-0.650474250317
6195,-0.624039292336,-0.963645100594,-0.885599970818,1.78830003738,-0.689796388149
1633,-0.681482076645,-1.05773591995,-0.229149997234,2.03100013733,0.0137220621109
23321,1.04650986195,0.616041481495,-0.482600033283,0.466049998999,1.72387433052
51160,-4.37898159027,-0.48690316081,1.23335003853,-0.957149982452,-0.677491426468
55604,1.39394569397,-0.25434961915,0.0902500152588,0.0119000002742,1.47718548775
2063,-0.0171049386263,-1.92519903183,-0.0737500041723,-1.10095000267,0.0969873666763
54512,-3.45097875595,0.583966016769,-0.97184997797,-0.202199995518,-0.867583632469
9124,-0.708014130592,1.22800004482,0.592599987984,-0.447250008583,-0.380597829819
79174,0.151869207621,1.51908957958,-0.570600032806,-0.0463500022888,1.18666553497
23223,-0.251201421022,0.287881880999,-0.5257999897,0.256650000811,0.715578913689
39,0.760669052601,0.0569448806345,-0.511200010777,-0.3899500072,-0.490869104862
57215,0.619237720966,-0.820037484169,-0.0772000104189,3.70700001717,0.350041389465
1052,0.650511145592,0.734179615974,0.592550039291,-0.43829998374,1.3415517807
23139,1.28830659389,0.168401375413,0.661799967289,-0.0322999805212,0.166679427028
79947,-1.24520552158,2.61022567749,0.677150011063,0.0488499999046,0.43432572484
4616,1.04499983788,-0.622230291367,0.54129999876,1.09579992294,-0.583280563354
9710,-0.371116250753,0.333875119686,-0.968400001526,-0.452449977398,-1.33652484417
6990,-0.231221213937,-0.515509784222,-0.348399996758,0.338599979877,0.386614382267
29082,-0.283887267113,-0.951845884323,-1.3233499527,-0.222299993038,-0.700936079025
9670,2.40613245964,0.693482160568,1.37575006485,1.62725007534,0.698281526566
81533,0.223210215569,-0.272092342377,-0.374749988317,1.42460000515,-0.759399592876
10525,-0.254786103964,0.659482240677,-1.00839996338,-0.205050006509,2.1198580265
2353,-0.259284436703,-0.350597292185,0.742649972439,-0.53820002079,2.16492128372
57192,1.20547091961,-0.952679157257,4.47275018692,1.33264994621,0.00799849629402
3398,-0.31244161725,-0.827040016651,0.350050002337,0.967949986458,1.20447683334
3775,0.788464903831,-0.0572606921196,1.19079995155,-0.197349995375,-0.351642042398
26064,2.80644130707,-0.146483168006,-0.104199998081,1.02055001259,3.3620865345
29103,-0.571055710316,2.05355286598,1.73074996471,1.13274991512,-0.383785784245
3206,-0.476910889149,-0.0316939353943,0.347800016403,-0.869400024414,-1.3389043808
1500,1.49965524673,0.377829551697,0.244650006294,0.170749992132,0.916342496872
7690,-0.733902692795,-0.72698700428,0.159449994564,-1.04189991951,0.28564196825
29911,1.84035360813,-1.16268253326,1.38255000114,0.985699951649,-0.116221413016
2064,-0.50398683548,0.461190670729,0.21780000627,-0.235650002956,-2.81503009796
65123,-0.976528286934,0.732787549496,0.533949971199,-0.0401499867439,-1.30918335915
5986,1.95398306847,0.182180449367,0.0330999791622,0.911599993706,0.159389674664
85377,0.343713819981,-0.433823049068,-0.672699987888,0.623799979687,0.872291505337
9903,-0.57613158226,0.312283098698,0.265249997377,2.29279994965,-0.890015125275
7088,-0.912279129028,-0.389762818813,0.39770001173,-0.246050000191,-0.866285324097
22796,-0.760725200176,-0.399555504322,0.597100019455,0.920600056648,0.330899477005
51116,-1.29441046715,0.591954708099,-6.16514968872,-1.27464997768,-0.749189257622
54442,-0.875846982002,1.9015173912,-1.03849995136,1.29554998875,1.24575817585
10695,-0.769907772541,1.82391381264,-1.43355000019,-0.530349969864,-1.15304756165
102,-0.933077991009,-0.625972151756,-1.02044999599,-0.295500010252,-0.875028789043
965,0.508322834969,2.61884880066,0.513899981976,0.0524499714375,-0.9042121768
3800,0.763966798782,-0.0907083824277,0.173350006342,-0.488299995661,2.93954801559
10362,0.230225563049,-0.895139455795,-0.574349999428,-0.549349963665,-0.590511322021
5300,0.390170574188,1.09375393391,-0.886600017548,-0.17515000701,-3.50215959549
8270,-0.61347413063,1.87714147568,-0.129000008106,0.464599996805,-0.751153171062
27242,1.36677777767,-0.204912856221,-1.21504998207,-0.140049993992,0.39742410183
9928,-0.584651708603,-0.4964389503,0.0393000245094,-0.573949992657,-1.89251148701
1534,0.609957575798,0.619541764259,-0.46305000782,-0.656849980354,-1.03487181664
5654,1.276948452,-0.753290832043,1.97305011749,0.0958500057459,0.347941815853
10810,1.11836719513,-0.0676910281181,0.312000006437,-2.74125003815,-0.486546844244
7105,-0.771186888218,-0.574524104595,-1.4362000227,-0.459600001574,-1.26325070858
23014,0.995589613914,-0.146036863327,0.065750002861,0.144599989057,1.40749394894
55012,-1.53300619125,0.497250914574,0.674649953842,-0.392300009727,2.21372556686
2887,-0.527370750904,-0.693642139435,1.51435005665,0.208450004458,0.144117712975
9183,1.70047450066,-0.284041821957,-0.214349985123,0.322899997234,-3.1661233902
11151,0.180641412735,0.768079042435,-0.676450014114,0.157450020313,0.504978775978
7511,-0.518087685108,-0.826711654663,-0.435099989176,0.642050027847,1.05515956879
10046,-0.886215209961,0.65106010437,-0.375450015068,-0.671400010586,2.5021777153
1829,2.15201163292,-1.63597106934,1.12794995308,0.768700003624,-0.781453371048
11000,1.72506666183,-0.326224565506,-0.959300041199,0.759799957275,-0.363204926252
976,0.0827205181122,-1.21668553352,-0.814899981022,0.400399982929,-0.527548491955
3597,1.32770550251,0.056557521224,0.863399982452,0.603900015354,0.0863804668188
178,0.972022116184,-0.397825777531,1.80270004272,0.0618999898434,0.778693974018
2625,0.0837685763836,0.841337025166,6.0268497467,-1.39734995365,-0.553057193756
6119,1.22154998779,0.573514103889,0.5924000144,-0.231350004673,0.389275789261
26136,2.17404747009,1.34308457375,0.972800016403,0.308400005102,0.352645516396
6697,-1.28086566925,0.136589169502,-3.29995012283,-0.924000024796,-1.15918958187
5971,-0.57303404808,0.119057402015,-0.919800043106,0.691599965096,-0.702966570854
22934,-0.958340883255,-0.202859550714,-0.700349986553,-0.460949987173,-0.19578397274
9289,-0.362879037857,-0.0985216200352,-0.505900025368,1.24395000935,-1.10647940636
4931,2.04553413391,0.202243551612,0.777449965477,0.730199992657,1.33792173862
4200,0.902128100395,-0.235268235207,0.181999996305,-0.101750001311,0.611788332462
93594,-0.152827709913,0.347830116749,0.421200037003,0.403200030327,-0.294017136097
5982,-0.697266042233,0.0153375817463,-1.08024990559,-0.607100009918,0.0917996391654
26520,-1.20683860779,-1.76780164242,0.169449999928,-1.52560007572,-0.00108551490121
4998,0.600679516792,1.06616461277,-0.612299978733,-0.320849955082,0.340652406216
10038,-1.20322263241,0.278097838163,-0.909799993038,-0.615299999714,-1.41349315643
60493,-0.819552063942,-1.03731167316,1.52840006351,-0.396899998188,0.35172906518
51495,0.394669055939,0.325381338596,-0.988200008869,0.737699985504,1.34415793419
4482,-0.276081740856,-0.715455412865,0.481200039387,-1.00644993782,0.643207848072
23224,-0.553469061852,-0.402401328087,-0.0379999876022,0.19865000248,-0.823851644993
9690,0.998208761215,-0.533340096474,0.0135500133038,-4.66275024414,-1.01968920231
80212,0.153274491429,1.80229330063,0.150299996138,1.22215008736,-0.955027401447
29928,-0.629343748093,0.742747306824,0.291350007057,1.08654999733,0.0469149053097
22809,0.82101225853,0.891097784042,-0.309249997139,-0.119800001383,-0.605345726013
50814,-0.764728546143,-1.65986192226,-6.04265022278,-1.80505013466,0.600318431854
55256,-0.457622647285,-4.53747224808,-0.791949927807,-1.55830001831,-0.323504477739
56997,-0.720866322517,0.0596070699394,-0.288650006056,-0.161599993706,0.208589911461
81544,0.128696337342,1.46984744072,2.02559995651,0.675500035286,2.73214292526
6894,0.479984283447,0.441779762506,-0.84350001812,-1.3640999794,3.15965652466
64080,-0.135791242123,1.41374564171,-0.883350014687,-0.797349989414,-0.644708395004
55818,-1.95397686958,-0.583002209663,3.20450019836,1.74099993706,-0.614918470383
637,0.250015884638,0.985328137875,-1.12129998207,0.653550028801,0.239654392004
22823,1.01345932484,0.735519826412,0.153500005603,-0.823100030422,0.429315268993
5287,0.378574311733,-0.432727605104,-1.38365006447,-1.17904996872,-0.479748249054
91137,0.0223197937012,-0.573838293552,-1.25330007076,-0.21914999187,0.122305512428
23097,-0.12196893245,-0.981601178646,0.0319499969482,-0.968200027943,-1.01820659637
9851,-1.11910307407,-0.59234637022,0.0112000107765,0.560050010681,0.553984463215
23522,1.6347335577,-0.543565690517,-0.988649964333,2.89004993439,-0.497097879648
1123,1.72440755367,0.677378058434,2.23405003548,0.419749975204,0.23579762876
5603,1.45524191856,0.988277196884,0.111899971962,0.0608999729156,0.00962597131729
51569,0.267593502998,0.744476318359,0.859600067139,0.14304998517,-1.20013928413
55699,0.134491160512,-0.566835045815,0.178400009871,0.183600008488,-1.18221819401
2624,-0.0445022583008,-1.06794893742,1.02404999733,-1.06169998646,-0.766486406326
8204,-0.776959478855,-0.595040202141,0.173449993134,-1.06764996052,-4.02051496506
9133,-0.73159635067,-0.655453443527,-4.22895002365,-0.326700001955,-0.424747645855
10921,-0.075248003006,-0.728996813297,0.0951500013471,1.57019996643,-0.332421183586
51742,-0.0149300843477,-2.85625195503,-0.868399977684,-0.744700014591,0.414478093386
2954,-0.684799969196,0.856012940407,1.05494999886,-1.12030005455,0.782330930233
27244,-0.261911392212,0.537595510483,-0.585799992085,1.15995001793,0.0679436922073
23013,1.93834495544,0.274022817612,-2.50985002518,-0.851849973202,-0.633120059967
8050,-1.12859904766,0.234754160047,-0.458499997854,-0.165649995208,-3.21648836136
79961,0.549797773361,1.37068724632,-2.88024997711,0.63765001297,1.20493960381
2017,-1.17103672028,-1.66275310516,-0.861649990082,3.06870007515,-0.388027429581
55148,-0.0906198173761,-0.189409792423,-0.93029999733,1.36065006256,-1.21498441696
960,-1.50130140781,0.721182346344,1.00109994411,-0.430350005627,0.514211058617
10451,-0.5607380867,2.4095864296,0.89620000124,0.667200028896,1.49174070358
57406,1.81092453003,0.224674910307,0.941100001335,1.26205003262,-0.204126358032
51719,0.648511648178,0.0849584639072,3.33159995079,0.502399981022,1.08637833595
7074,2.95185422897,0.474754095078,-0.835049986839,-0.29644998908,0.477732658386
10059,-0.307797670364,-0.788370668888,0.827899992466,0.708799958229,-0.489248096943
51071,0.529113709927,-3.11137151718,-0.230749994516,-0.351950019598,1.11735212803
5796,2.37261486053,-0.200275674462,0.359600007534,0.703700006008,2.05866575241
55008,0.214101046324,0.666317164898,1.35374999046,0.321199983358,1.28170859814
23597,-1.38133788109,0.112085431814,1.78614997864,0.808250010014,0.405972242355
8869,-0.463615059853,-0.229467242956,-1.29495000839,0.196899950504,-0.23857294023
8727,-1.0221927166,-0.427813440561,-0.138599991798,-0.203700006008,-0.834179997444
63874,0.112837381661,-0.163408428431,0.998300015926,-0.827549993992,-0.346840858459
8821,-0.312185049057,-0.110707134008,-1.35660004616,0.135699987411,-0.412099123001
57178,-0.340660512447,0.38489100337,0.675150036812,-1.23205006123,-0.0514058023691
5468,-0.904861569405,0.401352584362,-0.779150009155,1.49399995804,0.275542229414
10557,-0.829808831215,-0.559094667435,0.253149986267,-0.480450004339,0.213666707277
831,1.57687842846,-1.82987117767,0.237799972296,0.739400029182,-2.74927210808
9531,-0.622652232647,-0.623607873917,-0.428600013256,-6.33524990082,1.86497533321
2767,-0.302154004574,0.623460650444,-0.49770000577,-1.10170006752,1.03117084503
1861,-0.121208660305,0.977204203606,1.00580000877,-0.976150035858,0.0106328427792
10165,0.458938956261,-0.017914250493,1.04110002518,-0.756900012493,0.0093734934926
7106,-0.657837033272,0.143582507968,-0.354950010777,-0.446900010109,-0.00731807947159
2908,-0.880257725716,-0.909624159336,-0.0989499911666,0.216350018978,-0.135301798582
57761,-0.739886760712,-0.804883241653,-0.843299984932,0.466800004244,2.61916732788
23338,-1.03560042381,-0.124470211565,-1.0367000103,-0.326299995184,-0.413580238819
7852,0.791593849659,0.936982929707,-0.15854999423,0.579949975014,1.39667451382
55033,0.72859275341,-1.04673182964,-0.464150011539,-0.672500014305,-0.558034777641
57019,-0.202434584498,-1.10432815552,-0.96305000782,-2.23825001717,-0.268447726965
91949,0.480679869652,-2.69830369949,0.931100010872,-0.691150009632,-0.487159907818
84617,-1.36243247986,-1.85020923615,1.51785004139,-0.507350027561,-3.49316048622
25,0.00693196058273,2.87913537025,0.168449997902,-0.617449998856,0.431509137154
899,2.40018582344,0.631327867508,-0.37294998765,0.463749945164,-1.12037289143
79850,-1.27105128765,-1.46232926846,2.30235004425,-1.77139997482,-1.10402464867
51466,-0.232116550207,1.06639754772,1.75174999237,-0.110749989748,3.94225788116
2852,1.91693174839,0.148402243853,1.29569995403,1.12890005112,-0.503031611443
55837,0.00888089835644,-1.00900936127,-0.240799993277,0.593100011349,3.16293382645
2131,0.497136920691,1.68944525719,0.198150008917,0.319749981165,0.20862659812
5427,-0.18068999052,-0.0298983454704,-0.150199994445,0.50284999609,-1.19350409508
25966,1.75080502033,-1.59055531025,-0.359549999237,-0.494350016117,0.593003213406
55608,-1.71663868427,0.635139226913,-0.157700002193,-0.0722500011325,-1.00250399113
1662,2.06979560852,0.867692947388,3.01594996452,-0.87735003233,0.269501030445
9702,0.885364949703,-0.534274458885,0.553750038147,0.486150026321,-0.51034116745
11031,1.47957897186,1.29005944729,0.757750034332,0.0409999787807,4.06423091888
10057,0.143606305122,-1.47031724453,-1.14074993134,-0.038149997592,-0.366042494774
5985,2.30751132965,-0.587115108967,0.142850011587,1.10885000229,0.319524884224
3280,-0.517243981361,-1.55544936657,0.95870000124,0.135699987411,-0.276139825583
55958,1.31941950321,0.881137132645,0.381150007248,0.11930000782,0.380841463804
51465,2.32407140732,-0.0733848959208,0.368650019169,0.0649499967694,0.488457143307
2542,-0.229662001133,0.0777857229114,2.19735002518,-0.0118499994278,-0.912954390049
10641,1.44216549397,2.79415416718,0.830450057983,1.17649996281,0.912402629852
11137,0.0725422650576,-0.645839869976,2.63429999352,-5.77290010452,-2.26413011551
9842,1.12914872169,0.173258900642,0.92769998312,0.578199982643,1.70283305645
10493,-0.926727056503,-0.356045305729,0.308950006962,0.104999996722,-0.232135415077
10112,-1.03658103943,0.18957477808,-1.59739995003,-0.115350008011,-0.195953890681
1001,1.31347572803,2.99306201935,-0.78250002861,0.404049992561,-2.48025298119
23635,1.76258325577,0.718633711338,0.546800017357,1.58695006371,0.605518639088
29916,-0.738505125046,0.621107816696,-0.635399997234,2.08920001984,1.49493169785
2810,-0.877789974213,0.672337651253,-0.378799974918,-0.253499984741,-0.851495742798
5993,-0.393928408623,1.14216578007,-0.822950005531,-3.27235007286,0.814199328423
11142,-0.0643896982074,0.817899227142,0.444900006056,-0.38330000639,-0.48516818881
79187,-1.03486025333,1.40450894833,0.29390001297,-0.141599997878,2.87392091751
51382,-0.488314926624,-1.21529269218,-0.366700023413,-4.99499988556,-0.0746135115623
8318,1.18352544308,-1.49892997742,0.15499997139,-0.308799982071,0.57040309906
9695,0.157225295901,-0.495466202497,-0.0426499843597,-0.356200009584,0.608224749565
9712,-0.0773437768221,-0.0732238143682,0.297349989414,0.612550020218,-0.0121460147202
64943,-0.431267291307,0.0363332033157,0.549349963665,-2.85909986496,-4.13230371475
9738,0.897691965103,0.127707749605,-0.481799989939,-1.13435006142,1.05825531483
6793,-0.294049799442,0.0704065263271,0.299699991941,0.775200009346,0.858690142632
7358,-0.405301392078,-0.118985496461,-0.72705000639,-0.59350001812,-0.307781010866
58472,0.395819813013,-0.505353331566,0.828449964523,1.05949997902,0.0443422198296
50865,-0.827816665173,0.381792515516,0.255299985409,-0.318000018597,0.795352220535
23200,-0.217275798321,0.621581315994,0.0564500018954,0.621499955654,-0.119686536491
51293,-1.66601347923,-0.0652372986078,-0.715849995613,-0.402000010014,2.14679098129
10962,-0.417039453983,-0.0760885477066,-1.91610002518,1.67669999599,-0.755877733231
10153,0.610739946365,-0.105202242732,-0.693599998951,-0.873849987984,0.824996769428
874,-0.571095705032,0.614365577698,-0.873600006104,0.328350007534,-0.370247036219
