rid,NMH001_FIBRNPC_6H:BRD-A32582647-001-01-3:10,NMH001_FIBRNPC_24H:BRD-A32582647-001-01-3:10,NMH001_NEU_6H:BRD-A32582647-001-01-3:10,NMH001_NEU_24H:BRD-A32582647-001-01-3:10,NMH001_NPC_6H:BRD-A32582647-001-01-3:10,NMH001_NPC_24H:BRD-A32582647-001-01-3:10
5720,1.36510002613,-0.26835000515,0.254213362932,0.319062262774,1.06428861618,0.924003362656
466,0.840099990368,-0.0507499948144,1.03448688984,0.0208536833525,0.58731842041,-0.821539342403
6009,0.929000020027,-1.09080004692,-0.234723508358,0.250499546528,-0.306974440813,0.70634162426
2309,-0.374199986458,-0.510500013828,0.453388005495,0.577658236027,0.265545874834,0.946571946144
387,-0.134800001979,-0.123750001192,-0.536168694496,-0.200123175979,-0.535583496094,0.476290553808
3553,-1.3260999918,-1.08029997349,-0.326967328787,-0.111583530903,-0.711284697056,-0.138039663434
427,0.985499978065,0.811699986458,-0.067855283618,-0.816676080227,-0.322929561138,-0.310713410378
5898,-2.33800005913,-0.27889996767,-1.7796459198,-0.461332499981,-0.778342783451,-0.974792480469
23365,-0.841000020504,0.201449990273,-0.26347181201,0.193609148264,0.238489672542,0.342600047588
6657,-0.244100004435,-1.03410005569,-1.09027731419,0.765199005604,0.466270744801,0.827433586121
5054,0.0,1.09679996967,-0.217938289046,-0.15376919508,-0.109746217728,-0.799780011177
3108,-0.834699988365,0.0879999995232,-0.061042830348,-1.11906182766,1.24348115921,0.566154122353
1950,-1.01030004025,0.586999952793,-0.187989279628,-0.961981832981,-0.861576080322,-0.250506311655
351,0.183200001717,-0.0622499883175,0.000920898688491,0.000624244450592,-0.0929741337895,-0.390262037516
4846,-0.906899988651,0.543449997902,-0.126077711582,-0.244112074375,-1.45145070553,0.0776668339968
1452,-0.360700011253,-0.0689000189304,0.804167330265,0.520424902439,-0.0955602526665,0.421023249626
4776,-0.806200027466,-0.347050011158,-0.363213151693,-0.193815276027,-0.474989622831,-0.130515307188
6908,-0.0653000026941,-0.207799986005,0.130140349269,1.06046271324,0.807082176208,0.657646894455
672,-1.03330004215,0.760300040245,0.67540627718,0.192739918828,0.359921902418,-0.426105380058
5710,-0.116099998355,-1.00810003281,0.518312454224,0.847224831581,-0.0903633832932,0.266690075397
2115,4.34770011902,-0.258349984884,0.143715858459,-0.142439633608,0.172346279025,-0.0646496117115
7015,-1.15180003643,0.183899998665,-0.394316732883,-1.25469219685,-0.956229388714,-0.355201005936
8726,-1.0148999691,0.10625000298,-0.489575445652,-0.328871846199,1.79324245453,-0.984357774258
2185,-1.35490000248,-1.07910001278,-0.608846068382,-0.461001873016,-1.01893126965,0.0654966086149
3315,-0.238199993968,0.186599999666,-0.512704253197,0.166712924838,0.493064701557,0.0460875108838
5289,-0.619400024414,-0.678749978542,0.84372150898,-0.936512768269,-0.739434838295,-0.0932569503784
868,-0.55940002203,1.13515007496,0.841482281685,0.280303388834,0.000231638550758,0.245044797659
1677,-0.649900019169,-0.196299999952,-0.348942875862,-0.790277779102,-0.784228920937,-0.491867125034
7043,-1.42089998722,-0.733650028706,-0.753150880337,-0.302077978849,-0.541359961033,-0.169923171401
5613,-0.8125,-0.835999965668,0.68900179863,-0.559624791145,0.0935150533915,-0.825618743896
595,-0.402900010347,0.298649996519,2.25990176201,0.604147493839,0.918638110161,0.58386516571
4793,0.74169999361,-0.811100006104,0.35943800211,0.00865752995014,-0.673318862915,0.126934677362
2736,-0.714600026608,-0.968400001526,0.177550643682,0.177733629942,-0.585811376572,-0.0800963640213
5290,-0.0582999996841,-0.321099996567,0.690051674843,-0.740044593811,-0.601325750351,-0.234830051661
6194,0.0,-0.537899971008,0.00171316298656,0.00426777079701,1.94686818123,1.12401854992
1676,-1.26670002937,-0.394950002432,-0.932608664036,-0.602998018265,-0.900216817856,-0.110662013292
23512,0.856199979782,-1.21615004539,0.372287660837,0.543856620789,0.916235566139,-0.203508451581
148022,-1.32760000229,-0.446099996567,-0.204106271267,-0.613481163979,-0.742217183113,-0.546891987324
1906,-0.727800011635,0.32855001092,-0.661948442459,-3.59181046486,-1.18773257732,-0.288630127907
8878,-0.231299996376,-0.493699997663,0.278965562582,0.647555112839,-0.345789581537,0.348544180393
3091,0.567300021648,0.235650002956,-0.164669245481,-0.0698362588882,0.572364211082,-1.46035885811
5743,1.21840000153,-0.720049977303,-0.798065364361,-0.234645828605,-0.152074486017,-0.240698769689
5321,-0.316100001335,-0.291400015354,-0.286235749722,-0.0998792201281,-1.44063663483,-0.179712548852
4144,0.528299987316,0.0327000021935,-0.246891349554,0.528759300709,0.230555981398,0.477490365505
1981,-0.82950001955,0.784550011158,0.808267831802,0.517687559128,-1.39748573303,1.30685150623
695,1.64139997959,-0.130250006914,0.071045063436,0.239383131266,0.376158893108,0.192463800311
10398,0.930599987507,0.0797500014305,-0.673971891403,0.343542337418,0.849408507347,0.942906737328
5708,0.0,0.170000001788,-0.679864823818,-0.11754630506,-0.126987561584,-0.28292542696
1213,0.570599973202,-0.365450024605,-0.149596571922,0.732478797436,0.426112771034,-0.795209407806
226,-1.11510002613,0.526700019836,0.135218441486,0.680016338825,0.378162711859,0.853194952011
6777,-1.23570001125,-0.00485000014305,1.26905453205,-0.395552426577,0.492468416691,0.735961258411
2113,-1.09220004082,0.52530002594,-0.205914229155,-0.22077254951,0.000721484422684,-0.570241451263
3329,-0.424899995327,0.13789999485,-0.361750125885,0.0601667761803,0.867204666138,0.711043715477
1050,-0.0811000019312,-0.209600001574,0.423401206732,0.0447079241276,0.28761446476,0.295095682144
9491,-1.27209997177,-0.336600005627,-0.992014288902,-0.413512408733,-0.807867646217,-0.207647323608
22926,-1.63870000839,-0.64794999361,0.155388966203,-0.128201186657,-0.765872359276,0.416643083096
5899,-0.373199999332,0.356000006199,0.506872653961,-0.452578365803,0.0408593639731,0.766074359417
5467,-0.945999979973,-1.34395003319,-0.756870269775,-0.203585386276,-0.265400707722,-0.158947765827
6774,0.377099990845,1.59880006313,-0.0121969543397,0.239303529263,-0.0661112070084,0.101911783218
1788,-2.13369989395,-1.32800006866,0.332829475403,0.219699651003,-0.359957695007,-0.142567530274
5921,-0.861000001431,0.31020000577,1.19018566608,0.39942201972,0.0513664260507,0.5749989748
5721,0.625599980354,-1.18005001545,0.396195113659,0.410757482052,-0.428701758385,0.538195669651
2263,-1.32980000973,-0.165950030088,0.380427181721,-0.200043991208,-0.965636372566,0.0420345440507
808,-1.46710002422,-0.265299975872,-0.627282440662,-0.378450423479,-0.535183668137,-0.0132748037577
30001,-1.84969997406,-0.603749990463,0.000323258340359,-0.319766074419,0.0954925715923,1.3543112278
348,-0.303600013256,-0.871199965477,0.178048163652,-0.528830647469,-1.25613880157,0.682265460491
30849,0.223900005221,-0.637349963188,1.78571438789,-0.425179302692,0.786867976189,0.661012768745
1454,-0.022199999541,-0.418499976397,0.0592411346734,0.00549077335745,0.464911520481,0.407574474812
6500,-0.232299998403,0.202349990606,1.89940345287,1.07117271423,0.838049709797,0.116784229875
5627,1.79369997978,0.438650012016,0.0973691046238,0.749110162258,0.654760718346,2.76116752625
5715,-0.64770001173,0.103500008583,0.15701186657,-0.134693816304,0.358160912991,0.688811779022
4791,-0.860899984837,-0.723399996758,0.573956847191,-0.676351428032,0.0125994086266,-0.046914845705
56924,-0.674499988556,-0.557349979877,0.0814142227173,0.193508297205,0.634783029556,-0.539063572884
2690,5.41489982605,0.346199989319,0.472832232714,-0.842600882053,-0.799652934074,-0.0863097608089
1019,1.38440001011,0.152350008488,1.41078674793,0.72224098444,0.890765309334,-0.204712972045
51422,0.91939997673,-0.499100029469,0.611109972,-0.756842553616,0.200140118599,0.360023736954
5788,-0.266799986362,-0.747949957848,-0.215906828642,-0.644565284252,-1.91673386097,0.578270375729
6709,-0.133000001311,0.0024000108242,1.36744844913,1.080078125,0.553205013275,0.640584886074
1277,1.29739999771,1.05104994774,-0.542964577675,0.211891204119,-0.313440620899,-0.0844061076641
993,0.654500007629,0.264349997044,0.9236369133,0.734587430954,1.07315397263,-2.93679213524
7157,-0.00989999994636,0.650150001049,0.686390161514,0.00656076334417,0.066572368145,0.290095388889
1958,0.741199970245,-0.0148999989033,-0.667808532715,-0.373219281435,-0.160386994481,-0.622537136078
4582,-0.543600022793,-0.381300002337,3.61561608315,0.856951117516,0.0965873375535,-0.44018343091
9212,-0.655600011349,-1.08134996891,-0.379344463348,-0.90583050251,-0.312249362469,0.187102615833
8440,0.0472000017762,0.163949996233,0.379356354475,0.460975140333,1.67186260223,-0.442999780178
6790,0.0905999988317,-0.463450014591,-0.482211172581,-0.717087268829,1.25962126255,0.936856150627
8851,5.7937002182,-0.765649974346,0.490607142448,1.20294582844,0.316715180874,-0.192950725555
2534,0.767599999905,0.558349967003,0.532759606838,1.01554989815,0.898725509644,0.739271342754
4893,-1.11329996586,-0.236300006509,0.000890731811523,-0.809786140919,-0.648369014263,0.559606552124
665,0.0331999994814,0.62190002203,0.356233268976,0.832601010799,0.710996627808,0.119335405529
4313,-0.397899985313,-0.337249994278,-0.317210376263,-0.558947563171,0.321146458387,0.0453800782561
1022,-0.837000012398,-0.50024998188,-0.416654527187,-0.491594910622,-1.4724881649,0.733329057693
5880,-0.499199986458,0.0835500061512,-0.073550671339,-0.065110988915,-0.981020450592,-0.453139811754
3162,-0.33599999547,-0.175549998879,-0.716275990009,-0.862852394581,0.0804983898997,0.266949236393
1282,0.924899995327,-0.337599992752,0.371786147356,-0.322325915098,0.584097266197,-0.0209699571133
3383,-0.850300014019,0.154049992561,-0.807257056236,-1.07740402222,-1.00357365608,-0.174368828535
727,-0.51859998703,0.202850013971,-0.172400921583,-1.03016424179,-0.562295079231,-0.00336346030235
4792,0.905200004578,0.427899986506,-0.0805809497833,0.490442872047,-0.390156060457,-0.0629657283425
4794,-1.10660004616,-1.12264990807,-0.288473784924,-0.822746098042,-0.574418604374,0.525019526482
902,-1.16960000992,-0.69604998827,-0.0987250059843,-0.470436483622,-0.589891910553,-0.0738388523459
8091,0.776000022888,-0.00190001726151,0.970638751984,0.946622610092,1.11125326157,0.16894967854
3486,1.41270005703,-0.434850037098,-0.285666793585,-1.40748238564,-0.467037469149,0.45493376255
10818,-0.521000027657,-1.07784998417,-0.979561030865,-0.49000787735,-0.547537088394,0.525450110435
3454,-0.578999996185,-0.819399952888,-2.23676371574,-0.239173695445,-1.07662129402,0.396901726723
4282,-0.743499994278,-0.256349980831,-0.301344424486,0.679731845856,-0.476033478975,0.297699093819
1605,1.18929994106,0.972949981689,0.0574978888035,0.762615561485,0.363429009914,0.840761184692
10644,-0.343699991703,-0.334250003099,0.905452013016,0.736730337143,-0.605722308159,0.506545186043
2065,-1.08029997349,0.220449984074,-0.104212522507,0.13338047266,-0.472865313292,-0.140318989754
8321,-1.52639997005,0.175500005484,0.285744190216,-0.45854139328,0.220145851374,3.33188271523
8503,-0.936600029469,-1.26545000076,0.428193926811,1.12880921364,0.815165042877,0.672023952007
7027,-0.524800002575,0.282749980688,0.634765267372,-1.38196706772,0.65657222271,0.963583290577
6850,-1.16900002956,-0.807550013065,0.619372546673,-0.436388015747,-0.930012345314,-0.231402248144
1978,0.2757999897,0.525449991226,-0.515638887882,0.457147836685,0.519971132278,0.303242146969
896,-0.202800005674,0.705799996853,-0.467989057302,0.135151594877,0.686827003956,-0.106801658869
5777,-0.0931999981403,-0.298400014639,-0.252039551735,-0.649952590466,-0.402058184147,-0.472805470228
1846,-0.968100011349,0.369099974632,0.266146600246,0.223483234644,0.694295763969,0.710383057594
5925,-0.985300004482,-0.0976999998093,-0.510140955448,-0.308097779751,1.5397131443,-0.721658706665
142,-0.105700001121,-2.42825007439,-0.104313924909,0.781558394432,0.967727541924,0.339741110802
1021,0.28560000658,0.875949978828,-0.0296687632799,0.597246408463,0.62739109993,0.257111430168
5699,3.80110001564,0.153600037098,0.0643692314625,-0.875414073467,-1.30724740028,-0.208674684167
8061,-0.376800000668,0.0647000074387,0.14332100749,-1.03054571152,0.0237396173179,0.636653602123
1870,-0.45609998703,-0.360350012779,0.0839538872242,-0.977535367012,0.109815530479,3.48467993736
1398,0.223900005221,-10.0,0.126420795918,1.18399143219,0.184068441391,-1.57690489292
3312,-0.144600003958,0.780849993229,-0.0103100538254,-0.119710758328,-0.255929112434,0.826667904854
891,-1.7595000267,0.0663000047207,0.0186317935586,-0.299184381962,-0.399979710579,-0.171176493168
4775,-0.773100018501,-0.262749999762,-0.597867846489,0.197710931301,0.342658430338,0.288158923388
5111,0.842100024223,0.520049989223,0.245839595795,0.583813428879,0.850363075733,-0.416849315166
5696,0.131300002337,-4.32899999619,0.174363911152,-0.835674285889,-0.687239289284,2.83405303955
5588,-1.24100005627,-0.464900016785,-0.22230617702,-0.52428996563,7.21403121948,-0.522058486938
6839,0.382800012827,0.479600012302,0.584931373596,0.402288973331,7.5459151268,0.593807935715
329,0.384000003338,0.420699983835,0.291159927845,0.46647465229,0.482790470123,-0.380940556526
5058,-0.117100000381,-0.0028500109911,-0.950951695442,-0.443160861731,0.208703458309,0.398756206036
998,-0.351999998093,0.609400033951,0.299179643393,1.2713316679,-0.535453557968,2.47539019585
9134,-0.00789999961853,0.0260999947786,-0.122993133962,-0.486222177744,0.73234307766,-0.717150509357
6616,-0.525399982929,4.77524995804,0.17959074676,0.696813523769,0.85566842556,-0.136707365513
5223,0.110299997032,-0.408350020647,0.364241570234,1.04372000694,0.231137916446,0.678781330585
4690,0.659799993038,-1.35080003738,-0.488717764616,-0.411699265242,-0.592005908489,0.0375778675079
958,0.458600014448,0.0728000104427,0.247810065746,-1.65344250202,-0.907269239426,0.274259805679
1616,-0.670300006866,0.553699970245,0.287419080734,0.526562213898,-0.566593706608,-0.306524515152
991,0.327600002289,-0.151699990034,0.881736695766,-0.0597286224365,-2.18111658096,0.0156255215406
6347,0.457199990749,-0.876699984074,-0.348919868469,-0.528471469879,-0.726901531219,0.281810343266
6714,-0.556599974632,0.267149984837,0.691262722015,0.457580178976,-0.0110810995102,0.702713608742
652,0.930400013924,-0.46075001359,-0.392290711403,-0.900178611279,-0.780876338482,0.00773557275534
4331,0.487800002098,0.119550004601,0.657100856304,0.402935862541,0.305742233992,0.415325403214
7099,0.0746999979019,0.19374999404,0.32438609004,-0.592715501785,0.109406128526,-0.387518316507
10320,-0.622500002384,0.218950003386,-0.48551440239,-1.08602333069,0.394399940968,0.0720801800489
2042,0.741599977016,-0.240549996495,-5.39488840103,1.14228057861,0.690775990486,-0.924935042858
843,-0.808300018311,-0.136849999428,-0.883986890316,-1.29472529888,-0.817372441292,-0.400445878506
840,0.76859998703,1.00390005112,0.13577093184,0.680505752563,0.426659673452,0.41233843565
7048,-0.597000002861,-0.154100000858,-0.424270272255,-0.457324296236,-0.420004338026,-0.66571521759
4851,-1.13069999218,-0.571449995041,-0.11301176995,-0.129964292049,-0.445608913898,-0.00102779269218
6464,0.903100013733,-0.570649981499,0.482668578625,-4.85524749756,-1.5212225914,0.0875940620899
23410,-1.46300005913,-0.797899961472,-0.798706054688,-0.0358446836472,-0.548080861568,0.18291054666
54205,0.327199995518,0.732349991798,-0.0520735085011,-0.584305584431,0.430914223194,-0.465325534344
2770,-0.251300007105,0.47104999423,-0.690932869911,0.617125153542,1.08751118183,-0.190487712622
80204,-1.32589995861,-0.217000007629,0.180535897613,-0.398539721966,0.391107082367,-0.421700537205
4208,-1.62660002708,0.300949990749,0.23284445703,-1.21110546589,-0.282700359821,0.951137363911
1845,0.662500023842,-0.0970499962568,0.136036664248,-2.09193015099,0.606603145599,0.382363736629
23368,-0.510500013828,-0.771950006485,0.36202943325,-0.0347379520535,-0.589956641197,-0.0656635612249
5583,0.0478999987245,-0.13275000453,-0.398804813623,2.41149020195,-0.50635766983,0.265013992786
8900,-0.390100002289,-0.127149999142,-0.411598533392,-0.262388259172,-0.682661890984,-0.0439291745424
581,-0.539099991322,0.163350000978,-1.0722836256,0.450471639633,0.124467633665,0.51438087225
6193,-0.705200016499,-1.16814994812,-0.80462628603,1.23902213573,1.10303092003,-0.250076860189
6622,-0.0116999996826,0.286249995232,-1.47008037567,0.20293609798,-0.855067670345,-0.0811897069216
11261,0.772099971771,0.740100026131,0.0372900664806,0.193857207894,0.869762420654,0.263513922691
6696,-1.30799996853,4.91155004501,0.0780401825905,-0.180621445179,0.567567944527,0.194064214826
8312,-0.822200000286,-0.0732000023127,0.0372543185949,1.08041584492,1.02791833878,1.08078241348
835,-0.234899997711,0.659750044346,1.00966572762,0.761643409729,0.584938883781,1.37238609791
8324,1.17180001736,0.16194999218,0.69916164875,1.31685638428,0.198961526155,1.05745339394
1848,-0.674499988556,-0.611450016499,-0.371026903391,-0.577630877495,0.00734612345695,0.169070005417
154,0.83370000124,-0.638949990273,0.135835617781,-1.26048576832,-0.390388607979,-0.742919385433
4312,0.0988999977708,-0.12650001049,-0.134247466922,-0.627756893635,-0.644924521446,0.296395272017
994,0.113899998367,0.494100004435,0.93426823616,0.696986198425,-0.300366193056,0.865785896778
2048,-1.41910004616,-0.325300008059,0.301596283913,1.17347538471,0.113801375031,0.627490758896
1111,-0.102899998426,3.39569997787,-1.25218462944,-0.34573084116,0.529279351234,-0.241421550512
5154,0.110299997032,0.318399995565,0.27761438489,-0.344992101192,0.250600606203,-0.475045502186
2920,2.09050011635,0.218299999833,0.196374773979,0.0559113919735,0.198174417019,-0.289993345737
3122,-0.466899991035,-0.515200018883,0.120684102178,-0.899025201797,-0.68743878603,0.47703447938
2769,-1.16260004044,-0.426400005817,-0.382726579905,-0.383697211742,-0.793511509895,-0.421969860792
5900,-0.172000005841,-1.1115000248,-1.1903629303,1.00525939465,-0.462841004133,0.11434853822
6304,0.0208000000566,0.223349988461,0.407884418964,-0.250165820122,-0.0280816853046,0.334440797567
5211,-0.268099993467,0.0244500041008,-0.312099933624,0.874945640564,0.0236324816942,0.43069460988
2886,0.134000003338,-0.551850020885,-2.73207354546,-3.52445816994,-0.383281260729,0.189852267504
9261,0.769500017166,-0.142949998379,-4.5292596817,1.01400089264,-0.439876168966,0.571198582649
8569,-0.773100018501,-0.710900008678,-1.3857486248,-0.972207307816,-0.519962787628,-0.490030050278
3303,0.255499988794,1.57169997692,-0.0687381923199,-1.01753950119,0.589663088322,-0.254335820675
5331,-0.134700000286,0.265450000763,-0.43358206749,-0.392081797123,-0.460118889809,0.243039831519
5347,-0.894500017166,0.625649988651,-0.0477523766458,0.976932287216,0.04702879861,0.592821717262
4638,-0.170000001788,0.488549977541,0.161343902349,-0.129011034966,1.43698322773,0.499008536339
2264,-0.0821999981999,0.0543500036001,0.420540630817,-0.697279751301,0.203470051289,0.606923341751
1029,0.616400003433,0.121050000191,-0.409295499325,-0.383547902107,-1.76495707035,0.92295396328
1027,0.36289998889,0.582499980927,-0.686909377575,0.522634625435,0.995650708675,-0.241713315248
2597,0.0,-0.00034999998752,-0.000407610903494,-0.00190922641195,-0.000215423468035,0.000182252144441
55847,-0.33370000124,-0.154500007629,-0.0797599479556,0.2659316957,-0.58483850956,-0.359705239534
25803,-1.40170001984,-0.730450034142,-0.543211817741,-0.371349036694,-1.01123976707,-0.316282391548
3480,1.02079999447,0.728800058365,0.318599432707,0.809713840485,0.7024923563,0.404220849276
2946,-0.580900013447,-1.1073499918,0.0135176535696,0.0871406793594,0.384308964014,-0.306997060776
9517,0.749000012875,0.311899989843,0.428748071194,0.904513776302,-0.389334857464,0.234317183495
25987,-0.182300001383,-0.319599986076,-0.564348816872,0.584148347378,0.853915393353,-0.314304947853
23670,-0.163900002837,0.113099999726,0.273274183273,0.500429153442,0.212380111217,0.253429681063
11182,-1.63380002975,-1.05274999142,-0.410191893578,-0.233349204063,0.538387179375,-0.0632907599211
2146,-0.0237000007182,-0.25514999032,1.02352714539,2.69667315483,-0.217945843935,-0.126834928989
3385,-0.369500011206,-0.685199975967,0.302213013172,0.0203734524548,1.95185685158,1.01774740219
5261,-1.84200000763,-0.773400008678,0.0480537563562,0.347155958414,-0.55949473381,-0.342671722174
10765,-0.324299991131,0.631299972534,0.251876682043,1.03834152222,0.0021699629724,0.710056900978
25839,1.11419999599,0.438149988651,0.179480701685,0.150544553995,0.945358753204,0.780641436577
4172,-0.376800000668,0.157700017095,-0.52571618557,1.85210978985,-0.130885571241,0.589580059052
23161,-1.32799994946,-0.500449955463,-0.0645865947008,-0.912152528763,-0.703910052776,-0.294678419828
10298,0.30189999938,-0.528800010681,-0.0142274247482,-0.238127112389,-0.264283269644,0.789434850216
1802,2.03169989586,-1.11185002327,0.153073906898,0.417105525732,-0.446240633726,0.933597922325
58533,0.842599987984,-0.181850016117,0.0398042686284,0.712942063808,1.44779264927,0.385803639889
147179,0.707899987698,-0.61755001545,1.78400158882,-0.206326901913,1.02179729939,0.396500587463
29937,1.37129998207,0.386900007725,0.673814535141,-0.196880668402,0.821341097355,0.68864440918
6184,0.164900004864,-0.47389999032,0.862759411335,0.813819766045,1.29718470573,0.482825875282
9854,-0.897099971771,-0.273750007153,-0.0781276226044,-0.135812774301,-0.0495201423764,0.476242661476
2553,-1.36249995232,-0.186100006104,0.7956392169,0.88328909874,0.568597555161,0.673161387444
5440,1.24479997158,-0.503700017929,0.233534812927,-0.564174711704,0.357382714748,-0.384736567736
54623,-1.83949995041,0.31170001626,-1.27939367294,0.28954488039,0.58781337738,0.127063035965
9533,0.190999999642,-0.100899994373,0.841371297836,-0.42187410593,-1.24880278111,0.324247360229
8607,-1.1970000267,-0.422100007534,0.563504934311,-0.0378523766994,-0.320809930563,-0.193328469992
207,0.368900001049,-0.151800006628,0.844375967979,0.423410922289,0.376987278461,-0.171715438366
26054,-1.54250001907,-1.01454997063,0.0629698783159,-0.430895328522,-0.576496839523,-0.513086915016
10682,-0.53100001812,0.376699984074,1.5902326107,0.769001960754,1.03624010086,0.825172781944
8573,-0.224500000477,0.112550005317,1.06808412075,0.897528290749,1.10278582573,0.439697086811
23378,-0.679099977016,-1.17385005951,1.28344273567,0.376496493816,-0.504107475281,0.24986794591
8553,-0.577499985695,-0.145999997854,-0.198532164097,-0.404115021229,-0.0637996867299,-0.253879129887
622,-1.29579997063,0.0295000076294,-0.369863122702,-0.244178816676,0.117116518319,-0.180715993047
9467,0.621699988842,0.813350021839,0.775631964207,-1.04338157177,-0.955141067505,-0.0579460859299
5525,-0.521300017834,-0.0411999970675,-0.366619110107,-0.886719226837,-0.709946513176,0.330458670855
256364,1.23199999332,0.258849978447,0.279544949532,-0.62590098381,-0.102040380239,-0.560963571072
332,-1.2526999712,-0.0124999880791,0.790537416935,0.880993366241,0.161698579788,0.151466310024
2058,1.04569995403,0.0491500198841,0.77814245224,0.4510871768,-0.0614901036024,0.729522705078
7849,-0.589299976826,0.485450029373,0.161356508732,-1.03335785866,-0.000282663851976,-0.250225126743
23244,0.0859000012279,-0.0494999885559,1.14511799812,-0.507363975048,0.207630202174,0.275459259748
7494,0.210800006986,-0.0639999955893,-0.100946262479,0.145354658365,0.90894562006,-0.251347541809
4836,-0.438100010157,-1.31034994125,-0.444793134928,-0.38722640276,0.483196496964,0.0898275151849
23647,-1.42910003662,0.675549983978,0.463900029659,0.51985681057,-0.229822516441,0.644555687904
10617,-0.350600004196,-0.563199996948,0.0839533954859,-0.0960179716349,1.26685631275,0.182218581438
2184,1.56980001926,0.290600001812,-0.390271425247,-0.0773903280497,0.218416556716,0.0703704506159
5355,-0.687200009823,0.811250030994,0.1631911695,-0.0485641360283,-0.702988564968,0.188570708036
6659,0.269699990749,1.11535000801,-0.00321235437877,0.00497427769005,0.755698740482,0.536625146866
7016,0.330099999905,0.389800012112,-0.657531380653,-1.01502799988,-1.71068024635,-0.636806428432
90861,0.372999995947,0.411350011826,0.39178404212,1.10177564621,1.36995327473,1.2539242506
10670,0.119400002062,0.0753499940038,-0.235521733761,0.946780800819,-0.370599061251,0.170191004872
79071,-1.12399995327,-0.624200046062,1.08743214607,0.292591571808,0.769924998283,0.169539675117
64746,-0.394699990749,0.0542999953032,0.520837008953,0.437950640917,0.273666739464,-0.589688539505
5366,-0.662999987602,-0.952199995518,0.0179680231959,-1.5976742506,-0.259661138058,-0.418014109135
11344,0.9007999897,0.470049977303,0.349222421646,0.0688635408878,-0.151259958744,0.457374334335
10013,-0.452600002289,-0.434900045395,0.310868501663,0.817463517189,-0.776276409626,-0.0334222763777
5829,-0.615400016308,-0.401800006628,0.00118477852084,-0.0026630256325,-0.204770863056,-0.362702906132
5257,0.0755999982357,-0.279599994421,0.780674815178,0.0460774376988,-0.701299548149,1.00844943523
22794,-0.426499992609,-0.406549990177,0.274449199438,-1.20229625702,0.24271298945,0.640717983246
9761,-3.0367000103,-0.614299952984,0.538532614708,-7.71880149841e-05,-0.55702072382,-0.691302239895
23326,1.22699999809,0.931900024414,-0.608404874802,0.00430714106187,1.66346395016,-1.08513653278
10972,0.0886999964714,0.0197000056505,0.0640698224306,-0.191439762712,1.24210953712,0.540337920189
10523,0.304699987173,-0.511349976063,0.441593527794,0.86667984724,1.04189825058,0.465358614922
79090,5.61990022659,-0.859850049019,-0.934429585934,-0.443302065134,-0.534876406193,0.119796156883
27032,-0.245199993253,-0.223900020123,0.389762282372,-0.841386318207,-1.48826014996,0.504214048386
9097,-1.24440002441,-0.0173000097275,0.662881612778,-1.17654895782,-0.65872079134,-1.539737463
10513,-0.144999995828,-0.592549979687,0.0374918431044,0.930968046188,1.02351438999,-1.4128510952
1891,-0.523000001907,-0.153449982405,-0.445531487465,-0.178171053529,-0.390657514334,-0.124325811863
3066,-1.20179998875,0.248899996281,0.589609622955,0.758475542068,0.603600382805,0.151897281408
9801,0.935599982738,0.501299977303,0.668659090996,-0.0876862108707,-0.111225828528,-0.012477979064
1459,-0.61210000515,-0.452199995518,-0.212721094489,-0.581199705601,-0.699836909771,-0.386219203472
9703,-0.275599986315,0.348850011826,1.08644223213,0.991818070412,0.896354794502,0.8199031353
10606,0.287200003862,-0.519050002098,-0.740371406078,-0.0532425045967,0.0314500667155,-0.723209023476
1017,-1.24989998341,0.559500038624,0.182122305036,-1.21883487701,-0.290975511074,-0.160227075219
9813,-1.54480004311,0.511099994183,-0.285452246666,-0.0242828018963,0.454768389463,0.949498295784
7485,0.907800018787,-1.75534999371,-0.142091751099,-1.11318588257,0.346996605396,-0.316229045391
2109,0.460399985313,-0.15854999423,0.266273260117,0.828759968281,0.834641158581,0.0885025411844
23271,-0.0577999986708,0.0924000144005,0.14776481688,-0.0446939095855,-0.533420085907,-0.926270604134
9915,0.0850000008941,-0.036950007081,0.00146207073703,0.00176048872527,-0.471067965031,-0.0628348737955
9552,-0.912800014019,-0.879099965096,-0.642610192299,0.349992126226,-0.0571947321296,0.0782118141651
93487,0.564499974251,0.337150007486,-0.14595836401,0.768667757511,0.748724281788,-1.05278110504
2956,0.712000012398,-0.266350001097,0.984429836273,0.294299781322,0.862144052982,-0.508705973625
11065,-0.243799999356,0.195699989796,1.41892540455,1.14453327656,0.29541900754,-0.767937541008
9653,-0.0715999975801,-0.717900037766,0.274654269218,-0.106151163578,0.177565306425,0.522855877876
200081,0.86369997263,0.120999991894,0.291622132063,0.740975618362,0.532258927822,-0.136547058821
3337,0.410100013018,0.12064999342,-2.99830770493,-0.328029155731,0.399836301804,-1.28962302208
11073,-1.31190001965,0.316699981689,0.922066986561,-1.07551646233,0.00522635132074,-1.16027462482
23,-0.0878000035882,-0.053149998188,-0.559488892555,-1.18484485149,-0.862539231777,-0.466577023268
5641,0.376700013876,-2.20210003853,1.60175001621,0.182903662324,0.479834169149,-0.125859409571
8720,-0.131899997592,-0.594099998474,-0.307677984238,-0.777735888958,0.138273611665,-1.06679010391
10782,-0.765799999237,0.166150033474,0.271247506142,0.10794994235,0.262745380402,0.446756273508
25932,-0.175200000405,0.958350002766,0.120815575123,0.292023420334,-0.348536610603,-0.427465587854
3028,0.319799989462,-0.0226500108838,0.728814721107,0.208058863878,0.392718821764,0.489666759968
6804,-0.653100013733,-0.803600013256,0.0875987261534,-0.48845076561,-0.992633163929,-1.0523172617
890,-1.0406999588,0.12650001049,0.725551962852,0.740871667862,-0.482266485691,0.285346180201
6390,0.272500008345,0.521950006485,2.34214186668,1.4657034874,-0.207933500409,0.175980627537
4303,0.914900004864,0.378899991512,0.270290791988,0.791582047939,-0.140526503325,-0.725152492523
10953,1.34850001335,-0.189249992371,0.934729993343,0.490648716688,-0.0631989613175,0.594796776772
22889,-1.17330002785,-1.15529990196,-0.142416089773,0.150494426489,-1.44900035858,-0.150694534183
3098,-0.926999986172,-0.45015001297,0.420205593109,0.53189176321,-0.496170163155,0.239833861589
11044,-1.54579997063,-0.915199995041,-0.225048154593,0.252510994673,-1.07858657837,-0.530589699745
8985,1.16410005093,-0.623299956322,-0.730721950531,-0.173669576645,1.18441343307,-0.00447361171246
66008,-0.0218000002205,-1.22385001183,0.256115525961,0.556478023529,-0.22780752182,0.11209192872
9217,0.0,-0.139200001955,0.751499116421,0.33312112093,-0.318501293659,1.05825662613
701,-1.06830000877,-0.419350028038,-0.240527540445,-0.3522747159,-1.03140962124,-0.0600123852491
6182,0.349000006914,0.25125002861,0.795492053032,0.21943962574,-0.385288357735,0.538697719574
4860,-0.713699996471,0.603300035,-0.370331764221,0.29506573081,1.03861582279,0.434907764196
7398,0.335099995136,-0.116950005293,0.813536882401,-0.0390310883522,-0.0124241113663,-0.794592142105
6117,2.29690003395,0.644749999046,1.12102901936,0.355982601643,0.898131489754,0.134447038174
23588,0.216999992728,-0.763999998569,0.757933735847,-0.565308332443,1.31937265396,-0.22748991847
949,-0.45870000124,-0.726899981499,0.602163255215,2.4820151329,-0.573859453201,0.266601622105
7168,0.537999987602,-0.342199981213,0.0994570627809,0.610472798347,0.272275090218,0.189195990562
9375,1.45140004158,0.175349995494,1.04020082951,0.273766875267,-0.433401942253,0.373498678207
4927,-1.29040002823,0.0252500008792,0.542947411537,0.401865303516,0.0870888456702,0.443805515766
2523,1.56019997597,-0.72494995594,-0.681189954281,-0.941747605801,-0.842821598053,-0.248320490122
58497,-0.385500013828,-0.927749991417,-0.257716178894,-0.313582599163,0.628485381603,-0.444791704416
6856,1.3382999897,-0.193499997258,0.48525249958,-0.485062509775,-0.714859604836,-0.790074169636
26036,0.994000017643,-0.342299997807,3.54395055771,0.0801219344139,0.37961640954,-0.173803627491
10206,-0.810699999332,-1.05964994431,-1.06197595596,-1.69969022274,-0.304124385118,-0.0972130447626
25793,0.755400002003,0.541249990463,-0.173422828317,0.635336279869,0.74458438158,0.474018484354
55556,-0.730599999428,-1.17165005207,1.21519851685,-0.183822885156,0.142380133271,0.547933518887
3978,0.0701000019908,1.31295001507,0.452792108059,1.25013232231,0.453792333603,0.540393650532
10681,1.42159998417,0.0252999961376,-0.772032678127,-0.0697287917137,0.415295541286,0.923616528511
3638,0.696099996567,-0.356399983168,-0.237385392189,-0.778432488441,-0.170323908329,-0.869597554207
8349,-0.855300009251,-0.73685002327,-0.144099891186,-0.435284167528,-0.723043382168,0.0569569170475
6275,-0.674499988556,0.382400006056,-0.311926573515,-0.592472493649,-0.304409205914,-0.660061120987
3895,-0.421600013971,-0.104349993169,-0.49802133441,-1.4317522049,-0.674627959728,-0.135603427887
392,1.29560005665,0.236950039864,-0.365085333586,0.488339811563,-0.305369496346,0.43733716011
9170,-0.902700006962,-0.227200031281,0.526128411293,0.373696357012,-2.22321891785,-0.102614700794
80347,-0.163299992681,0.445749998093,0.355420172215,0.34843313694,0.178371608257,1.15142989159
23300,0.655799984932,0.512950003147,0.488588660955,0.566773355007,0.825180411339,0.152916014194
836,-0.512399971485,-1.69934999943,-0.336498588324,-1.07520890236,-0.0866813734174,-0.607807219028
11188,1.15419995785,0.350849986076,0.991111159325,0.378261506557,0.51550579071,-0.739901542664
10898,-0.674499988556,-0.463650017977,-0.773358047009,-0.496598899364,-0.128671735525,0.0255695581436
9276,0.209800004959,-0.399250000715,0.119489014149,-0.44908863306,0.433614999056,0.381218254566
1647,0.883199989796,-0.0766499936581,-0.545753479004,-0.646735906601,-0.17621345818,0.108288422227
10285,0.0505999997258,0.970800042152,0.282806456089,-0.0274636000395,-0.144646733999,-1.04467666149
23386,0.148200005293,-0.109699994326,0.0842333883047,0.997921943665,0.792965650558,-0.125696286559
3156,0.0861999988556,-1.32570004463,-0.0804440677166,0.743012428284,1.04644215107,-0.312945753336
10237,-0.122599996626,0.256900012493,0.272982478142,1.09723806381,0.391436547041,0.326323270798
7077,-2.21810007095,0.181050002575,-0.425766825676,-0.116528272629,-0.145036697388,0.532634913921
11157,0.415699988604,1.05229997635,0.755088269711,1.39991676807,0.839898109436,-0.391985297203
22908,0.626699984074,0.032900005579,-0.327539116144,-0.00422158837318,-0.0660021603107,-0.302361249924
10915,0.387800008059,-0.328649997711,0.482411623001,0.549161314964,1.65078997612,0.0659045130014
9897,-0.522300004959,-1.03589999676,-0.902379870415,-0.430324316025,-0.615680932999,-0.37769946456
1759,0.659699976444,0.0829000174999,0.478272944689,0.529021680355,-0.321817100048,-0.0750122219324
54541,1.00059998035,0.120550006628,-0.604938268661,-0.820366561413,-0.0648994445801,-0.250679820776
211,-0.885100007057,-0.410400003195,-1.87935709953,0.107041180134,-0.70273822546,-0.836469888687
5048,-0.674499988556,-0.918099999428,-0.782734632492,-3.31362891197,-0.36317139864,-0.282418847084
84722,-2.00219988823,-0.0636000037193,-0.417416036129,-0.368982166052,-0.641158461571,-0.454816758633
29890,-0.862900018692,1.18720006943,0.0249290913343,-0.342734456062,-0.338579148054,-0.368034660816
9868,-0.437299996614,0.0887000113726,0.11143244803,0.200450032949,0.654269337654,-0.196362391114
873,-0.139100000262,0.247199997306,-0.463258683681,-0.680287480354,-1.25297760963,-0.313509583473
5580,0.718400001526,0.0588499978185,-0.169821053743,-0.523934364319,-1.30682492256,-0.25627925992
3725,-0.643899977207,0.126800000668,0.128208428621,-0.5522108078,-0.654088973999,-0.290137171745
23585,0.718200027943,0.181900009513,0.373615801334,0.78076338768,0.330661058426,-0.9687718153
51097,1.08990001678,2.1642999649,2.23768258095,1.12203383446,0.180851310492,0.657500684261
1831,0.339100003242,0.303849995136,0.0110283195972,-0.0901528522372,-0.659009218216,0.123979479074
7020,-0.820200026035,-0.323900014162,-0.376906812191,-0.588651061058,-0.555641651154,0.323873072863
55893,-0.598999977112,-0.63789999485,-1.04109954834,-0.0607823431492,-1.04379963875,-0.00209578871727
6944,-0.72000002861,-1.35944998264,-0.808196127415,-0.619766652584,-0.713386714458,-0.0971246510744
22883,0.755599975586,0.767500042915,1.70391023159,-0.582685172558,-1.10600340366,0.611952066422
5601,0.0,-1.70315003395,-0.14134311676,-1.05055320263,-1.05010223389,-0.316694974899
10775,0.0856999978423,0.616850018501,-0.433195710182,-0.935820817947,-0.595747351646,-0.368244200945
4780,0.205099999905,0.333449989557,0.510545253754,-0.227525278926,-1.52268970013,-0.405187934637
10904,1.75230002403,-0.18275000155,-0.329986065626,0.642750859261,0.0560965836048,0.500433266163
9917,-0.188999995589,-0.544999957085,0.634351968765,-0.943436741829,-0.856531441212,0.216157525778
1399,0.511699974537,-0.5299000144,0.111525386572,0.129608854651,-1.12864923477,0.0198100209236
24149,0.0318000018597,1.08809995651,0.0946646258235,-0.898483812809,0.871448755264,-0.276089936495
2222,-0.984600007534,0.302550017834,0.373811632395,-0.125154912472,0.594453811646,0.687310278416
10131,-0.559099972248,0.830649971962,-0.238027274609,-0.883379876614,0.572091221809,0.243889600039
2958,-0.583800017834,-1.45939993858,-0.84137570858,-0.322667717934,0.197354137897,0.606108784676
9650,-0.878600001335,-0.427649974823,-0.236806437373,-0.721570849419,-0.774125158787,-0.151482284069
7319,1.25520002842,-0.133049994707,-0.484258413315,0.234766691923,-0.0317476913333,0.654501676559
4817,-0.906700015068,-0.208650022745,-0.0181416384876,-0.329948782921,-0.770669996738,-0.182213157415
9143,-0.41139999032,-0.0978999957442,0.233154386282,0.813849508762,0.606681168079,-1.21451199055
10494,0.0905999988317,-0.0512999892235,1.10268950462,0.790198624134,-0.56643974781,0.511593937874
55324,0.715200006962,1.11119997501,0.268148243427,0.929725170135,0.255048841238,-0.802955150604
23149,-0.984799981117,-0.554949998856,-0.951040446758,-0.818350374699,-0.438260436058,-0.348453491926
9943,0.190699994564,-0.751800000668,0.725535094738,-1.07605731487,1.23221433163,-0.404817819595
6599,0.867100000381,0.27089998126,0.869906187057,0.807090461254,0.672723889351,0.920539021492
51031,0.687399983406,0.0736999958754,0.53983271122,0.534748375416,0.883415222168,0.445233047009
3566,-2.41619992256,-0.639199972153,-1.04464566708,-1.03935933113,-0.5762155056,0.110848963261
3815,-0.752699971199,0.167200013995,-0.666441857815,-0.143365383148,0.738396525383,0.000163063406944
8624,0.650600016117,0.78845000267,0.0879634544253,1.01727592945,0.2876971066,-0.420476824045
27346,-0.692399978638,-0.169849991798,0.29754152894,-0.103482231498,0.714620828629,0.575372815132
10489,0.273699998856,0.561800003052,0.310345470905,0.281452417374,-0.032735735178,0.615604221821
26128,0.0,1.43424999714,0.297484993935,-1.31688773632,-0.275676399469,-0.891161322594
79921,1.24880003929,0.10879996419,-0.855810940266,0.397014856339,0.323984414339,-0.877386152744
55746,-0.230000004172,0.173449993134,0.211797133088,-0.723242878914,0.463231563568,-0.928602576256
23636,0.406399995089,0.42460000515,0.0140478312969,1.03385102749,0.0806539356709,-0.262071818113
10892,1.53489995003,0.653900027275,1.04775452614,0.632986366749,0.258908212185,-0.262683838606
10652,0.0498000010848,0.466150015593,-0.204754263163,0.429720878601,1.39275622368,0.228774100542
11004,0.419299989939,0.45759999752,1.11048924923,-0.135271191597,0.80103957653,-0.9745054245
23530,0.0108000002801,0.574100017548,0.406894415617,0.0605623424053,0.990543305874,-0.293174475431
8826,-0.968299984932,0.577399969101,-0.927867174149,-0.448082506657,-0.895494520664,0.418527811766
3308,-0.250200003386,0.234300017357,0.194612383842,-0.00169102230575,-0.743448913097,-0.259018242359
7153,-0.373600006104,0.0719500035048,0.793703258038,0.236428916454,0.190605700016,-0.965193152428
11041,-0.902300000191,0.185649991035,0.272844552994,1.08353602886,0.61496835947,0.792857766151
6342,-0.411500006914,-0.116200000048,0.275828421116,0.91249614954,0.244249254465,1.12027060986
5883,0.0656000003219,0.380349993706,0.115759149194,-0.0138426274061,-0.778383851051,0.0166314840317
10589,-0.176400005817,-0.393649995327,0.0203804075718,0.815072715282,-0.55825817585,0.347720503807
5110,-1.4917999506,0.948349952698,0.326931685209,0.727759122849,0.460594892502,-0.322028160095
4609,-0.840099990368,0.0594999939203,-1.37491631508,-0.734797000885,0.684221327305,0.434200942516
5423,-1.21449995041,-0.881349980831,-0.362592875957,-0.356618970633,-0.677471876144,0.325332760811
1070,1.78919994831,-0.144699990749,-0.906702160835,0.11064492166,0.975166201591,-1.63076519966
10051,0.625400006771,-0.00854999572039,0.696854114532,0.225543856621,-0.0904257893562,-0.539723277092
6603,-0.180999994278,0.567700028419,0.151110231876,-0.825776159763,1.05623686314,0.394884347916
9019,0.697600007057,0.354600012302,-0.0965775176883,0.514078617096,0.311518162489,-0.81668639183
10969,1.42139995098,0.911799967289,-0.231800764799,0.863794982433,0.543697655201,-0.810546696186
9797,0.387699991465,0.428999960423,0.160695686936,1.40051674843,0.390949726105,-0.455836325884
4043,1.24240005016,1.12724995613,-0.0793564543128,1.13917207718,0.374472886324,0.787758469582
9519,-0.170499995351,0.142499998212,0.334110885859,0.333340197802,0.256213963032,1.69817578793
8480,0.805199980736,0.126800000668,-0.108917728066,0.324178576469,0.18717546761,0.146620288491
983,-0.801900029182,0.0816000029445,0.258797645569,0.0331472456455,0.356607407331,0.0194762200117
10559,-0.36289998889,0.0116000175476,0.824414789677,-0.484733074903,-0.275207549334,0.121895708144
8508,-0.610700011253,0.59969997406,0.139466747642,1.46171939373,-0.116201072931,-0.0769147574902
9275,0.372599989176,0.478049993515,-0.538705706596,0.329510480165,0.25592443347,0.490595191717
8914,-1.11000001431,-0.173699989915,-0.0238053649664,-0.972781777382,-0.308114528656,-0.500645518303
54505,1.57249999046,-0.222200021148,-0.0920551642776,-0.298826396465,-0.244834691286,-0.294818997383
6919,-0.553499996662,0.280799984932,-0.190051734447,-0.348384916782,-1.51660978794,-0.273353517056
2274,0.106700003147,0.109899997711,-0.221191585064,-0.156412154436,-0.827951788902,0.442714065313
2288,-0.000699999975041,0.0,0.000816905638203,0.000900140905287,-0.515861153603,-0.114859551191
7994,0.648400008678,0.929649949074,0.24622502923,0.910432338715,1.21675407887,1.0326513052
4216,1.81579995155,0.151650011539,1.16700434685,0.626012861729,0.302823126316,-0.244137585163
7538,-0.826600015163,-0.220150023699,0.152783572674,-0.131397917867,-0.61463201046,-0.448055148125
3628,0.193200007081,1.11750006676,-0.104490861297,-0.744812130928,0.912405431271,0.744493186474
2037,-0.115400001407,0.212750002742,-1.16727042198,-0.72701972723,0.728571772575,-1.9593064785
2771,0.166999995708,-0.611299991608,0.310961723328,0.290491312742,-0.541623651981,0.280722200871
7264,0.903900027275,0.341800034046,0.869198620319,0.772033572197,0.753943920135,0.653264760971
1786,0.0,-0.65625,0.00169806624763,0.0017453028122,-1.55847394466,-0.670134067535
5873,-1.62020003796,-0.574949979782,0.0683800280094,-1.10773837566,-1.27073347569,0.142556369305
780,-1.49950003624,-1.35940003395,0.24060742557,-1.14306688309,-1.10832226276,-0.541275978088
9926,1.53069996834,0.524199962616,1.16418528557,0.377365529537,0.988907814026,0.0217098593712
8446,-0.521799981594,-0.316300004721,-0.5711581707,-1.40525519848,-0.491594195366,-0.289499133825
7159,0.958299994469,-0.614799976349,0.615445017815,0.929003477097,0.451657295227,0.286080539227
1026,0.851899981499,0.19335000217,-0.03710597381,0.210303410888,0.575245797634,-0.0990317761898
7082,1.38119995594,0.705300033092,-0.0883548855782,-0.965443015099,-1.34082353115,0.320805668831
10058,1.58659994602,-0.991250038147,-0.828188478947,-0.378455072641,0.0713824033737,0.425572693348
10797,1.46800005436,0.385699987411,-0.557084262371,0.332359522581,0.892964720726,-0.646704792976
11230,0.335599988699,0.0824000239372,-0.0349980145693,1.02201652527,0.439718008041,0.523923933506
30836,0.943300008774,0.112900003791,0.306457698345,-0.635473012924,0.843264341354,-0.00328199565411
27336,-0.906799972057,-0.970849990845,-0.000882844440639,0.00240241084248,-0.789177298546,-0.319543838501
9918,-0.459500014782,-0.000800013542175,-0.650024712086,-1.20585358143,-1.32842898369,-0.481402277946
79073,1.25199997425,1.22764992714,0.986907541752,-0.154965251684,-0.219165027142,0.602493047714
9688,1.10679996014,-0.0128999948502,0.85285538435,0.343268364668,0.89658010006,0.51072281599
23659,1.76150000095,0.782650053501,0.363290250301,-0.237698495388,-1.01274597645,0.854273915291
8396,0.0,-0.420500040054,0.587117433548,0.991880297661,0.379609823227,0.0170973837376
23077,-1.78100001812,0.272650003433,0.133932411671,-0.797670006752,-0.333195328712,-0.269935488701
10857,1.02240002155,-0.48685002327,0.00318864639848,0.0046843867749,-0.0224496982992,0.234900176525
16,0.525200009346,-0.29595002532,0.345710903406,0.256207406521,-1.38628041744,-0.046775482595
2817,-1.03509998322,-0.123449996114,-0.203896939754,0.116597212851,-0.0433660447598,-0.289738804102
60528,0.616100013256,0.0603000000119,-0.077393732965,-1.97326898575,0.255279868841,0.604785203934
5359,0.0,-0.421199977398,0.209063261747,-0.572512626648,0.748494625092,-0.430909693241
1514,0.496800005436,-1.01300001144,1.5338037014,0.52340978384,-0.372759222984,-0.112042635679
1509,-0.745299994946,0.568350017071,-1.00834035873,-0.560675442219,0.651144862175,0.0770777761936
9181,0.578599989414,0.208000004292,0.562523663044,0.764602482319,-0.377535402775,0.450309365988
3611,0.586700022221,0.128999978304,2.0456571579,1.38493824005,0.671804487705,0.436423271894
4783,-1.61090004444,0.0208500027657,-0.1946439147,0.73155349493,-0.445471376181,-0.734150111675
10123,-1.09870004654,0.42950001359,-1.04048502445,-0.0393348634243,-0.367619991302,0.0661944076419
8895,0.441399991512,-0.412450015545,0.119484342635,0.375104129314,-0.945640146732,-1.13534271717
9805,0.0,-0.423799991608,-0.128186658025,0.905016064644,1.22268497944,0.0194075703621
4125,0.116400003433,0.658749997616,0.515978932381,0.284531414509,0.19838231802,0.886059045792
1635,1.30439996719,0.283450007439,0.515914440155,0.129403635859,0.989412069321,0.779747188091
4154,0.77999997139,0.535950005054,0.800846099854,-0.526480317116,0.753910660744,1.80662047863
26292,-2.61400008202,0.365000009537,0.623425722122,0.478935182095,1.17631983757,0.165455251932
5770,-0.803300023079,-1.17024993896,-0.5047519207,0.144038200378,-0.340031206608,-0.269025295973
25874,1.16600000858,-0.112350001931,-0.804263234138,-1.7097287178,0.161561816931,0.352325767279
11319,-0.449699997902,-0.858900010586,1.89751827717,-0.158357381821,-0.00263799726963,0.763686656952
1153,-0.674499988556,0.635699987411,0.123269483447,-3.20929408073,0.537963151932,0.783631622791
11098,0.41969999671,-1.12115001678,1.04283261299,0.808432579041,0.992873668671,0.105486601591
8974,0.389899998903,-0.921400010586,0.183794349432,-0.704701423645,-0.602206587791,-0.544476985931
533,0.520900011063,0.341399997473,0.439869076014,0.889317810535,-0.484829962254,-0.521441996098
823,-0.0226000007242,-0.309450000525,-0.0780641436577,-1.01589727402,0.240616589785,0.366589337587
6812,0.377700001001,1.59695005417,0.527997374535,0.880376577377,0.704498946667,-0.0913188606501
3693,0.674499988556,0.223399996758,-0.25370746851,0.463227748871,0.785492002964,0.232489496469
4891,0.880200028419,-0.55370002985,0.604312479496,-0.683213710785,0.289880812168,-1.19705069065
10954,1.30190002918,0.104549974203,0.0172102451324,0.126076042652,-0.0266963690519,1.25302314758
5909,-0.878400027752,-0.320450007915,0.674587607384,0.0352378115058,0.76936006546,-0.784300863743
9221,-0.0226000007242,-0.109400004148,0.90249055624,0.971799612045,-0.547995448112,0.98362159729
847,0.341100007296,-0.590199947357,-0.61785030365,-0.38429531455,-0.0642129033804,-0.356222510338
11072,-2.43689990044,0.868250012398,0.00957149639726,-0.305220812559,-0.27457305789,0.72519081831
10221,-1.40310001373,-0.830350041389,-0.661734640598,-1.12958502769,-0.880428731441,-0.231063961983
7158,-0.216499999166,-0.217399999499,-0.171018779278,1.00579321384,0.322666049004,0.134975165129
8678,-0.522899985313,-0.323549985886,0.134091064334,0.0564280822873,-0.628090262413,-0.619938850403
11014,0.452100008726,-0.0196000337601,0.386168837547,0.402543365955,0.112335331738,-0.764052689075
1994,-0.8492000103,-0.767599999905,0.0152561366558,0.794507801533,0.102105937898,0.0537658333778
3482,0.764299988747,-0.36645001173,-0.0326239690185,-0.946215987206,-0.387381017208,-0.113626077771
25976,1.42349994183,-0.159899994731,0.00415088236332,-0.280519664288,1.26037549973,0.121648430824
10491,0.992900013924,-1.22195005417,0.201829582453,0.038977175951,0.476143598557,0.460384368896
51053,0.534600019455,-0.0614999830723,0.00177910155617,-0.000861757202074,-0.274897754192,-1.17359948158
9267,0.381999999285,-0.472000002861,0.900924682617,0.71298456192,0.813205122948,-0.827392160892
5547,0.983299970627,0.704650044441,-0.279932796955,-1.20685076714,-1.19964027405,0.886463403702
6597,1.36849999428,1.03489995003,0.288415968418,1.07955896854,-0.126354545355,-0.348482221365
5836,-0.92150002718,0.332399994135,-0.221897244453,-0.568708240986,-0.435272037983,-0.405484557152
6118,0.921700000763,-1.37174999714,0.371381402016,-0.469795763493,-0.74278062582,0.15795327723
2961,-0.917100012302,-1.03480005264,-0.244271382689,-1.0404112339,-0.935440838337,-0.734416246414
310,1.19860005379,0.555500030518,0.665417969227,1.09300589561,0.605468511581,-0.392762899399
7296,1.22650003433,0.530550003052,0.835438489914,-0.55172753334,0.873589873314,-0.445585727692
1429,1.02660000324,0.64595001936,0.164687484503,-1.187286973,0.106064274907,-0.63660722971
2548,1.00530004501,0.660549998283,0.115873575211,1.22031390667,0.484450995922,-0.356371700764
6499,0.158999994397,0.517699956894,0.255631059408,0.880575299263,0.708935499191,0.686682522297
642,0.0335000008345,0.275950014591,0.421832978725,1.13032829762,3.60435509682,-0.468940615654
23076,1.6507999897,0.740449965,-0.311194300652,1.02874803543,1.40355420113,-0.379062056541
10099,0.0438000001013,0.393700003624,-0.0728376805782,1.19419670105,0.53489112854,0.549795567989
9817,0.86930000782,0.52380001545,0.00916803441942,0.466373682022,0.25443097949,0.72695684433
9126,0.0,-0.0367000028491,-0.105136975646,-0.988388121128,0.30572861433,-0.530849516392
3930,0.674499988556,-0.267549991608,-0.160792738199,0.800599098206,0.82357108593,0.742915272713
10450,1.19070005417,1.2664000988,0.280178040266,-0.815258085728,0.337061107159,0.825833380222
54386,-0.381900012493,-0.341499984264,0.0800259411335,0.206454664469,1.3631695509,-0.0101782381535
664,0.314300000668,0.47104999423,0.0875618457794,0.0119037926197,0.227812662721,-0.583217382431
596,-1.06350004673,-0.118100002408,0.386114835739,-0.717841744423,-0.323954820633,-0.9841837883
10180,-0.845700025558,0.0963499993086,-0.395136356354,-0.298146665096,-0.555761277676,0.167390882969
1445,0.412600010633,-0.0469000041485,0.235665678978,0.83236593008,-0.440124392509,-0.627469182014
230,0.74739998579,0.33210003376,-0.164341211319,-0.514673531055,-0.177350655198,-0.260180711746
9246,0.850099980831,-0.423749983311,-0.298770189285,-0.144409582019,-0.152978867292,0.0733218416572
5092,1.02859997749,0.309199988842,-0.407441049814,-1.00027215481,-0.5574452281,0.655187785625
23463,0.461600005627,-0.00559999980032,0.254025161266,-0.207665383816,-0.26623877883,0.637109339237
10007,0.545199990273,0.0389000177383,-1.24944663048,0.223299264908,-0.451095014811,-0.0849807709455
4925,0.679600000381,0.584749996662,-0.584849476814,0.0120050162077,0.482831835747,0.361509203911
6251,-1.06180000305,-1.09140002728,-0.125401496887,-0.607467412949,-0.928988754749,-0.27719527483
5782,0.22310000658,0.125950008631,0.764528334141,0.608117222786,-0.409973025322,0.107199586928
5106,1.42320001125,0.619449973106,-0.341423541307,-0.874986946583,-0.625453710556,0.361923903227
2673,-0.538900017738,-1.25285005569,0.68053239584,0.1650146842,0.331000775099,0.735594451427
644,1.1495000124,1.08019995689,0.52621525526,0.17429125309,0.746281921864,-0.020857848227
6284,0.139400005341,0.648350000381,-0.162268176675,0.542682349682,-1.3202829361,-1.16337811947
4605,-1.38619995117,-0.307850003242,-0.190202251077,-0.732926189899,1.33006906509,0.382299304008
6810,0.496399998665,-0.281199991703,-0.493031740189,-0.0551546066999,-1.49273681641,-0.273534864187
54499,0.937099993229,0.157250002027,0.362027138472,0.659583806992,0.770342290401,0.114058576524
11007,0.504899978638,0.259649991989,-0.267663687468,-0.087188385427,1.04796659946,0.013347197324
1643,1.39450001717,0.547999978065,0.31802546978,0.109818190336,0.195021897554,0.214793071151
25805,-0.289900004864,-0.367399990559,0.107064127922,3.4614918232,0.661615371704,-0.718900322914
3033,-0.194000005722,-0.152449995279,-0.593544006348,-0.487841248512,0.349822700024,-0.120672702789
2745,0.499599993229,-0.651650011539,0.354427963495,0.994153738022,-0.15568099916,0.42163553834
9961,0.337000012398,-0.125400006771,-0.189459487796,-0.546629548073,-0.646416127682,0.3681614995
3925,0.833400011063,0.904599964619,0.560326457024,1.26079010963,0.22492903471,0.667543411255
2582,0.636799991131,-0.26060000062,-0.513892889023,1.5488628149,-0.902765274048,0.753211975098
5792,-0.338999986649,-0.57959997654,0.110492371023,-1.17751562595,-1.18271267414,-0.133873790503
5236,0.382699996233,-0.196599990129,0.496941149235,0.084120631218,0.701790392399,0.216089993715
4016,-0.140499994159,0.163649991155,0.434664547443,-0.0330921262503,0.325463175774,-0.0545844249427
4651,-0.223199993372,-0.539049983025,2.15512633324,0.533924996853,-0.422824680805,-0.487208485603
3988,-0.943499982357,0.940400004387,-0.256184875965,-0.465518712997,-0.576390743256,-0.303120911121
26227,0.0,-0.227200001478,0.551931619644,0.370853245258,0.159768089652,0.276923000813
7982,1.0896999836,-0.553149998188,0.216063708067,0.581708371639,-0.480500042439,0.764667510986
3551,-0.252499997616,0.0429500043392,0.412327528,-0.872629702091,-0.261570900679,-0.496998131275
5108,-1.22809994221,0.561149954796,0.331776976585,1.42094969749,1.15270543098,0.374012768269
8870,0.276800006628,0.0706999897957,-0.10954670608,-0.153818204999,-0.11277063936,0.175624966621
2195,2.05819988251,1.12080001831,0.205561190844,-0.137364149094,-0.408715903759,-1.06288528442
8731,0.786199986935,-0.127999991179,0.618416786194,0.970128297806,1.65476775169,-0.4964851439
1956,0.674499988556,0.28955000639,-0.440252006054,-0.217370912433,0.423039644957,0.243097141385
10276,-0.386500000954,0.161599993706,-0.18741132319,-0.347119510174,1.05912446976,0.701738417149
1666,1.05690002441,-0.138949990273,0.33130222559,0.632400214672,-0.253331452608,-0.513001084328
4864,-0.123599998653,-0.782450020313,-1.02804744244,0.0173562914133,-0.294974297285,-1.19854211807
4232,-2.11030006409,-0.667600035667,-0.0007112287567,9.48425440583e-05,-1.36654019356,-0.0516799539328
5050,-1.90709996223,0.134299993515,-0.0387666448951,0.00679533509538,0.502545535564,0.418894231319
813,1.54719996452,1.10109996796,0.50912219286,0.858855724335,0.921762883663,0.878315329552
3964,-1.48099994659,-0.665250003338,-0.842159986496,-0.990700602531,-0.974057734013,-0.733462691307
26020,0.0,-0.370700001717,-0.00159728527069,-0.583947360516,-0.681010842323,0.172748342156
481,0.127599999309,-0.0960000008345,0.0196156613529,1.17877042294,-0.0492354333401,0.056259162724
5019,8.91110038757,0.70459997654,-0.468123912811,-0.021793782711,0.739231526852,-1.09886717796
291,-2.19409990311,-0.94319999218,-0.956016242504,-0.551335215569,-0.17259144783,-0.808957576752
10973,0.426200002432,0.0999500006437,0.301563084126,0.479579985142,0.554642677307,-0.194493785501
9697,1.36870002747,0.705799996853,-0.100074887276,0.224841028452,1.38807308674,0.168867647648
5831,0.0864999964833,-0.694399952888,-0.487637042999,-0.0327439904213,0.975505590439,0.692650854588
8202,1.00499999523,0.505549967289,-0.0673494637012,-0.597007572651,-0.53012996912,-0.396631360054
57804,0.509500026703,-0.113399982452,-0.374088674784,-0.106768488884,-0.501566767693,0.0794170275331
5566,-0.0939000025392,-0.82824999094,-0.400615245104,-1.63651394844,-1.10663509369,-0.348520934582
57149,0.817200005054,0.53979998827,0.561801433563,0.5419678092,1.22472035885,0.185488343239
7416,1.02160000801,0.196050018072,0.154325082898,0.299970597029,0.950764894485,0.24692723155
10174,0.735800027847,-2.90459990501,0.686207413673,0.750999927521,1.29598402977,0.302061140537
6676,-0.657400012016,-0.0578000023961,0.401464611292,0.353120684624,0.61848706007,-0.531960844994
8884,-0.0449000000954,0.212199985981,-0.211627811193,0.125775575638,0.332200288773,-0.214418143034
5997,-0.285899996758,0.897300004959,-0.323475569487,-0.425761014223,0.345793694258,-0.155658707023
57147,0.73290002346,2.02239990234,0.255515038967,0.276012033224,0.651621222496,-0.163737073541
6909,-0.417199999094,5.07695007324,1.19481229782,0.474427044392,6.08104562759,0.337582707405
9093,0.000699999975041,-3.88564991951,-0.000196257125936,-0.00130000000354,-1.66192960739,-0.116949379444
23142,-3.62930011749,-1.08619999886,-0.247919499874,-0.0967283844948,0.366826236248,0.763762354851
8444,2.77369999886,0.303649991751,1.24217379093,0.46888679266,-0.126463189721,-0.036135211587
11232,1.57729995251,-0.0207000002265,-0.180279314518,-0.318623483181,0.186002284288,-0.78308057785
27095,0.695699989796,0.515950024128,0.879816770554,0.940443515778,0.620331406593,3.7908244133
10732,-0.171299993992,10.0,-0.51934581995,-0.438066810369,-0.117987960577,0.976921319962
23029,1.79489994049,-4.78499984741,0.68870729208,0.9948605299,0.897081553936,-0.657934010029
9270,-0.258100003004,1.19000005722,0.0882029980421,0.282797724009,1.65045893192,0.687389969826
47,0.00769999995828,0.68774998188,-0.0433882921934,0.724143326283,0.365267813206,0.643666505814
5889,-0.936900019646,0.242300003767,0.0367508977652,-0.658433198929,-0.0722260922194,0.724192976952
8243,-0.844200015068,-0.300099998713,0.731708586216,-0.729537248611,-0.649870574474,-0.387719333172
10730,0.296700000763,5.33724975586,-0.500242054462,-0.209356158972,1.03264379501,-0.118355669081
30,0.39849999547,0.84525001049,1.84375882149,2.66302204132,-0.226462543011,0.523457765579
7466,-0.143000006676,0.528249979019,-0.256630539894,-0.893894791603,0.72877395153,0.985640764236
89910,-0.618300020695,-0.209649994969,-0.390468776226,-1.8131428957,-0.965007185936,-1.16863822937
56654,0.412900000811,0.766749978065,0.825786709785,0.858913779259,-0.483254253864,0.128068089485
501,0.0,-0.0318000018597,-1.68989098072,0.525812149048,0.474616348743,-0.264691472054
5438,-5.72300004959,0.418850004673,0.482150971889,0.779598116875,0.414752960205,0.527298569679
26993,-0.370599985123,-0.239549994469,0.0755109488964,1.12241387367,-0.0613722279668,-0.00496363639832
55111,0.0878999978304,-0.76004999876,0.406857460737,-0.935129404068,0.276359677315,0.465965032578
8520,-0.158500000834,1.33875000477,1.0500446558,0.50228369236,1.53524184227,-0.124730721116
10146,0.967299997807,0.582399964333,0.46586304903,-0.00988060235977,0.477519571781,-0.414194345474
7165,-0.909900009632,0.877099990845,-0.448209434748,1.58826994896,-0.283779829741,0.311813056469
55011,-4.77290010452,-1.70040011406,-0.545024812222,-0.274021625519,-0.0328132659197,0.01320056431
6461,-0.642300009727,-0.318650007248,-0.264189958572,-0.144454047084,-1.99559688568,-0.274550825357
10813,-0.120999999344,1.27905011177,-0.201369151473,-0.280233860016,0.43776589632,0.135703921318
80746,-0.674499988556,-0.79129999876,-0.486534416676,0.35268509388,-0.251265108585,-0.340923368931
10434,0.709999978542,0.510300040245,0.122150830925,0.711019456387,1.10836744308,-0.689657926559
5607,0.248199999332,-0.0121999979019,0.100585833192,-0.159112811089,0.150679141283,-0.200813055038
22827,0.870299994946,0.777800023556,0.074530094862,0.00390212424099,0.418727368116,0.571401774883
51635,1.63160002232,-0.292549997568,1.15165126324,1.25088119507,-0.0656733289361,0.455223590136
84159,0.160799995065,-1.08060002327,-0.24359986186,-1.0077893734,1.36063921452,0.25155633688
3508,-0.216199994087,-1.11115002632,0.0289258882403,-0.676050305367,-0.335049003363,0.295430570841
84890,0.931500017643,-0.521000027657,0.569044828415,0.667213082314,-3.8341794014,-0.551045060158
79600,0.181400001049,-0.371500015259,-3.17589712143,-0.612264990807,0.86734688282,-0.0482348687947
8574,-0.324699997902,0.0488499924541,-0.448700785637,0.374842405319,0.162538051605,0.78716135025
5529,-2.37549996376,-0.037099994719,-5.47139835358,-1.38182377815,-0.557305216789,-3.23686671257
3909,0.0,5.24504995346,1.02012562752,2.87711167336,0.618872284889,0.0211878716946
9637,0.0310999993235,0.452350020409,0.839484095573,0.182585477829,1.21695661545,0.632325172424
8518,-0.178900003433,-0.0285499989986,0.338014632463,1.29057478905,0.241658493876,-0.443997293711
6443,-0.111500002444,-0.216399997473,-0.0954936817288,0.801132917404,0.12708440423,0.61279052496
58478,-0.188500002027,-0.242149993777,0.0191567912698,0.664933383465,0.401191592216,-0.119650945067
4850,-1.38670003414,-0.0817999839783,0.0381577908993,0.142901167274,0.445364654064,0.370033323765
23210,0.261500000954,-0.0512499809265,-0.504781186581,-0.108549892902,0.272839605808,0.173256248236
54733,-2.90809988976,0.439500004053,-0.953275322914,-0.974400639534,1.03735160828,0.138890862465
55129,0.136800006032,0.725899994373,0.0517589747906,-0.470175713301,0.28894162178,0.618808805943
10273,0.0,0.00065000000177,0.65444368124,0.0030014901422,-0.257347911596,0.732842206955
572,0.0,0.812700033188,0.333615452051,0.869094312191,-1.3036968708,-3.70326137543
5716,-1.21790003777,-0.123899996281,-0.109118998051,0.154463797808,0.113448180258,0.0809882432222
22841,3.72729992867,0.600000023842,0.91167229414,0.176666617393,-0.11466370523,0.498386830091
2356,1.11860001087,-0.385949969292,0.623211860657,1.45900380611,-0.0185773521662,-0.279642909765
6050,0.762600004673,0.453900009394,-0.907681941986,-0.201187342405,0.191000461578,0.502009034157
64422,-1.15989995003,0.0993499904871,-0.664980828762,-0.528580129147,-0.199432998896,0.459398031235
8837,-0.684800028801,-0.236849993467,-0.47747194767,-0.09124545753,-0.324581593275,0.0917169898748
55127,-0.328399986029,-0.154650002718,0.786974430084,0.479158461094,1.1581120491,1.04206454754
23335,-1.4226000309,0.144749984145,0.181332752109,-0.200405552983,-0.178909778595,-0.144187197089
10270,-0.0138999996707,0.154599994421,2.24188566208,0.133986353874,-0.0553225725889,0.31768527627
6509,0.0,0.228399991989,-0.248702973127,0.32096990943,0.323440849781,0.897950410843
83743,1.76110005379,0.870750010014,-0.109585672617,-0.921890795231,0.68682962656,0.591943264008
6772,0.923500001431,0.634050011635,-0.225970670581,0.72134077549,-0.387181222439,0.301132708788
22887,1.48559999466,-0.0993499755859,0.776733636856,0.594815015793,-0.170850023627,0.462565481663
51001,-1.75339996815,-1.71545004845,-0.342257559299,-0.386537879705,1.73154652119,0.0520493686199
26511,0.0443999990821,-0.306500017643,-1.9608001709,0.131489306688,-0.492770701647,0.237504303455
7874,1.17050004005,0.251200020313,0.53683757782,0.677784979343,0.312899500132,-0.25079575181
51070,0.786099970341,-0.707900047302,-0.806375563145,0.521826684475,1.06666851044,0.340484410524
1738,-0.841799974442,0.32025000453,0.472493290901,-0.0547818616033,0.342666566372,-0.637980699539
3416,0.157499998808,0.0667999982834,-0.245600432158,2.72026085854,0.201139748096,0.900144577026
9128,0.556200027466,1.02929997444,0.65823751688,0.0262630060315,0.356635689735,-0.473861455917
9833,0.272100001574,4.10050010681,-0.170054033399,-0.76566696167,0.208827421069,0.456598639488
4088,0.111699998379,1.25029993057,-0.265252888203,-0.358506500721,0.72146999836,-0.579838573933
5018,0.0500999987125,0.426449984312,-1.00234377384,0.744667232037,0.597229897976,0.238701984286
51375,-6.35379981995,-0.812450051308,-3.25567913055,-0.146648019552,-0.949312090874,-0.469292700291
55038,-0.356999993324,0.46850001812,-0.0477299168706,0.198871329427,0.856100916862,0.49985229969
23061,1.72210001945,-1.04495000839,0.066434264183,0.892874360085,-0.0944994091988,1.3373131752
64428,-0.580500006676,-0.782549977303,-0.100562505424,-0.521109044552,-0.856693744659,-0.302076548338
11325,1.74609994888,0.14090000093,1.32586324215,0.642783522606,-0.287551343441,-0.312905192375
9641,0.308200001717,-0.412849992514,0.146798104048,-0.850884735584,-0.285505503416,-0.334403276443
23038,-0.352200001478,0.814300000668,1.2776722908,0.695803999901,-0.026851862669,0.75117868185
57048,0.0399000011384,1.25609993935,0.348485767841,0.218991026282,0.666975855827,1.08864068985
94239,-0.997900009155,-0.329449981451,0.405587077141,-0.933550715446,0.494174718857,-0.341293632984
51203,-0.875400006771,0.176349982619,0.0956548675895,-0.389870077372,-0.532027959824,-0.346854150295
388650,-1.53219997883,-0.221400007606,-0.0023734245915,-0.750253975391,-0.767021477222,0.224116176367
23039,1.14470005035,0.383099973202,-0.119992665946,0.741531133652,-1.20121014118,-0.325889348984
55179,0.501800000668,-0.295150011778,0.167190521955,-0.252833008766,-0.373215943575,-0.403452634811
5827,0.101499997079,0.326350003481,-0.22704359889,1.20542752743,1.11265981197,0.274820625782
10245,-0.108000002801,0.313800007105,-1.09801220894,0.63429582119,0.444030582905,0.388321697712
6813,-0.739099979401,2.15675020218,-0.219281092286,1.70985341072,-0.764566659927,0.109410889447
3251,0.284900009632,-0.145400002599,-0.924588143826,0.0701462328434,0.662501513958,-0.101396523416
23212,-0.920799970627,-0.107600003481,-0.0732399970293,-0.350824058056,0.732371330261,-0.174057155848
23536,-1.52649998665,-0.135100007057,-0.228544563055,-0.991041183472,-0.166351288557,-0.0339247733355
51282,0.674499988556,0.048599999398,0.154829084873,1.0120600462,-0.486642599106,0.37339091301
10227,-0.0293000005186,-1.34109997749,-0.373957902193,0.912703692913,0.295173734426,-0.108159691095
50813,0.568899989128,-0.864349961281,-0.977750003338,-1.05308461189,0.842980504036,1.19993507862
51024,1.37660002708,0.505599975586,0.284630447626,0.36425703764,0.146132990718,-0.107114113867
53343,-0.369800001383,-0.482800006866,0.316005915403,0.986957490444,-0.406498283148,0.435179740191
1465,0.953800022602,0.149299994111,1.55472779274,0.647145628929,1.21129357815,0.0507508218288
79006,0.574100017548,0.832899987698,-0.226512596011,1.30462539196,0.494914442301,0.624029159546
6988,1.55780005455,-0.199400007725,0.334303081036,-0.248924434185,-0.652934849262,0.100905001163
11011,-0.585500001907,1.45799994469,0.0546088591218,-0.264951258898,-0.568231642246,0.104796260595
23325,1.09159994125,0.319550007582,0.348866254091,0.106339514256,0.381009548903,-0.347309529781
10049,-0.491400003433,-2.01239991188,-0.55245834589,-0.648214817047,-1.61573469639,-0.412952184677
3157,-0.392100006342,0.080150000751,0.0,-0.000393352325773,0.000115997245302,4.27595514338e-05
200734,0.830699980259,0.150049999356,-2.27706408501,-4.06651067734,-0.647521138191,-0.434587270021
9053,-0.431100010872,-4.90100002289,0.402897387743,2.75185894966,-0.112514838576,0.0467622801661
79094,-0.449400007725,0.0238000005484,-0.214149355888,-0.613478243351,0.703643321991,-0.443922847509
2778,-0.327499985695,-0.0762999951839,0.102453447878,0.00366261322051,0.41552567482,0.372321277857
54881,0.350199997425,0.18805000186,0.36244598031,-1.53016090393,-0.0484227091074,0.454429268837
54807,-0.580099999905,-0.172850012779,-0.0249517261982,0.0368733257055,0.435751974583,6.69295883179
323,-1.02779996395,-1.34720003605,-0.199568003416,0.743593275547,-0.67652451992,0.00763289630413
26001,-0.222100004554,-0.748800039291,0.104461111128,-0.946989536285,-1.60048222542,-1.35830533504
10190,-0.217500001192,0.369350016117,-0.471044033766,-0.555170357227,0.418547958136,-0.684746861458
9686,0.946500003338,-2.85940003395,0.66984885931,0.848623991013,1.73440265656,-0.249500438571
54915,0.680599987507,0.497799992561,0.287239521742,0.954049944878,-0.464313209057,1.09392416477
23658,0.69580000639,0.548200011253,0.814488828182,0.781123995781,0.57664167881,0.531005442142
7750,-0.041400000453,0.973399996758,0.571999907494,1.17319297791,1.08396244049,0.133464396
79643,0.794900000095,2.34640002251,1.37689447403,0.743444740772,7.51847410202,0.612884640694
9488,-0.22499999404,0.986550033092,0.387809813023,-1.01650226116,-0.944263756275,0.107490152121
11200,0.390799999237,5.40395021439,1.11742675304,-0.0462903380394,0.767164885998,-0.61968678236
65057,-1.05050003529,0.625400006771,-1.03867745399,0.00689921528101,-0.524773716927,0.0544513761997
6832,-0.997099995613,-0.770900011063,0.100017949939,-0.873335003853,-0.648046970367,-0.566971361637
23131,0.327899992466,0.178849995136,0.686686515808,1.33785533905,-0.322627425194,0.674302816391
10776,0.389899998903,0.173700004816,0.0803193449974,1.33671069145,1.0352076292,-0.836618483067
6253,-1.09329998493,-0.168500006199,-0.000196257140487,0.348385035992,-0.965616881847,-0.415391266346
79716,-0.554099977016,-4.96684980392,-0.369921088219,-3.80084896088,0.577126920223,-0.186467811465
29978,-0.696399986744,-0.620350003242,-3.04414987564,-0.535966515541,-3.06237220764,3.69293951988
9988,0.268799990416,-0.178200006485,-1.97790956497,-2.647595644,0.469156771898,-1.1925432682
10845,0.082000002265,-0.292800009251,1.41873967648,-2.4249382019,-0.591759085655,-0.364681184292
54957,-0.393000006676,-0.950000047684,1.15294480324,-0.7827039361,0.00630535185337,-0.769941151142
79170,-1.22409999371,-0.52270001173,-0.222877845168,-0.236729592085,-0.39610093832,-0.0636772215366
10610,-0.719399988651,-0.0865499973297,-0.433793246746,-0.7458537817,-0.336155503988,0.427068591118
128,-2.61689996719,0.409399986267,0.219800785184,0.749196946621,0.775908708572,0.383938372135
51026,-0.476099997759,-0.036299996078,0.245652854443,-0.24306717515,-0.510496616364,-0.926823556423
5498,-0.199499994516,-0.54230004549,-1.90816640854,-0.0155900418758,-0.17102612555,0.282186388969
124583,-0.525200009346,0.389750003815,-4.60180234909,0.511930823326,0.26292014122,-0.496923685074
9455,-0.197799995542,-0.434150010347,-1.7820032835,-0.740028321743,0.196490988135,0.00446181558073
1212,0.2106000036,0.371950000525,-0.660210549831,0.907361209393,-0.614566206932,-0.0915667116642
5255,-1.18050003052,-0.6386500597,0.084466047585,-0.618817448616,-0.484905391932,0.0379916466773
9448,0.144299998879,0.584349989891,0.297334313393,0.893976569176,0.474809139967,0.444141417742
9924,0.0719000026584,0.74665004015,0.252472221851,1.20934689045,0.330445706844,0.540916025639
5480,-0.236499994993,-2.16195011139,0.54186975956,3.60446596146,0.486215829849,0.697244465351
1983,-0.769999980927,0.496200025082,0.301700383425,1.11348795891,-7.3666176796,0.642355024815
56889,1.57369995117,0.587350010872,0.201334685087,1.09300768375,-0.201856017113,0.550259113312
79080,-1.24279999733,-3.30684995651,-0.25594240427,-0.579399943352,0.304160028696,0.275599718094
9016,-1.63689994812,-0.305400013924,0.268701255322,-0.781757056713,-1.04158699512,0.0915809124708
6915,-0.800599992275,0.785799980164,-0.120331287384,0.741653561592,-0.660258889198,0.152810782194
9709,0.319799989462,-0.117100000381,0.963759899139,-0.356019288301,1.79249167442,0.367747366428
116832,0.146400004625,0.215050011873,-0.0579012408853,0.134724706411,-0.341912865639,2.45379543304
670,-1.42669999599,-0.284750014544,-2.42865347862,0.167578905821,-0.239994853735,0.616923213005
7867,2.05590009689,0.806100010872,-0.281114816666,-0.89551192522,0.144996196032,-0.49145179987
79143,-0.114200003445,0.488200008869,-1.24964392185,-0.210778161883,-0.270753085613,-0.65826612711
11284,-0.206799998879,1.08579993248,0.505198359489,0.167806625366,-0.589395999908,0.50850456953
23443,0.550599992275,0.158149987459,-0.548794746399,2.54442214966,-0.904479563236,-0.259243309498
51599,-0.776799976826,2.72154998779,-0.180869817734,-0.865387201309,0.00786141306162,-0.0300771892071
5927,1.22889995575,-0.23884999752,0.777951836586,0.75674289465,0.0129555724561,0.393079429865
55793,-0.61360001564,-0.744949996471,0.676248371601,-0.0679736882448,-0.456257909536,0.117184609175
5867,0.803799986839,0.530799984932,0.88072603941,0.281100332737,0.17035767436,0.837236523628
7866,0.125699996948,0.481449991465,-0.653613626957,-0.388836145401,0.68600744009,-0.580322265625
25825,-0.12690000236,0.377699971199,5.30245113373,-0.721666455269,9.35731697083,0.341171741486
4067,-0.0317000001669,0.816900014877,0.859333395958,-0.52341902256,0.266965806484,-0.116544604301
51015,0.167899996042,-0.838750004768,-0.803014099598,-0.161698788404,-1.01342451572,0.443392306566
5891,1.19679999352,0.355649977922,0.586433708668,-0.382995694876,-0.321701109409,-0.729604661465
3300,1.33319997787,0.0626499950886,0.278710842133,0.868838310242,-0.302466601133,0.0340544879436
64781,-0.223700001836,0.943050026894,-0.461630821228,0.392662167549,-0.0769743993878,-1.1528750658
51056,-0.732200026512,0.292850017548,-0.509716749191,-0.939213991165,0.165788009763,-0.686705827713
8550,0.394899994135,-0.567049980164,0.092102907598,0.394625097513,-0.409613221884,-0.668995320797
50810,0.348699986935,-0.6929500103,-0.837717175484,-0.307244300842,-1.59360575676,-0.626247406006
23011,-0.419499993324,-0.563199996948,-0.190109997988,-0.700359284878,0.320515036583,0.000507414340973
11168,0.482699990273,-0.337850004435,1.25751554966,0.697242617607,0.979193985462,-0.510363698006
1385,-1.44009995461,-0.386349976063,-0.706903278828,0.0594724453986,-0.0706704035401,-0.67054015398
10150,1.91919994354,1.12279999256,1.52252030373,-1.01382780075,0.463014662266,-0.440472126007
29763,-0.574500024319,-0.220749989152,0.283677130938,-0.323243379593,-0.233245775104,-0.207648426294
9112,-0.308600008488,-0.431100010872,-0.358632683754,0.3198133111,-0.777244210243,-0.0353420674801
23499,0.0193000007421,-0.302899986506,0.406464159489,1.04733705521,0.152390107512,-0.0542401224375
85236,-0.18520000577,0.571349978447,-0.163206934929,0.297870218754,0.0807023942471,0.41250628233
5096,0.247199997306,0.321799993515,1.41180455685,-0.465551972389,0.593738675117,0.527540147305
55620,-0.95870000124,-0.207899987698,-0.55257076025,-0.534092664719,-1.03536236286,0.0612022280693
5373,-1.26549994946,-1.28585004807,-1.51183366776,-0.308417618275,-0.475633084774,-0.701450049877
51170,-0.881699979305,0.137949988246,0.19639326632,1.61536240578,0.536126971245,0.0242538750172
54850,-1.46239995956,1.37195003033,-0.595763087273,-0.539959907532,0.170054405928,-0.747036039829
80349,1.26839995384,4.83529996872,0.555022001266,0.89188605547,1.40951228142,1.11522197723
355,0.72000002861,0.916500091553,-0.035882152617,-0.285531818867,0.132570713758,-0.0924839377403
1062,-1.03509998322,2.73880004883,-0.396825879812,0.5657761693,0.852128207684,0.35255202651
8804,0.88529998064,0.772400021553,0.486429452896,-0.332587808371,0.263652056456,0.389355897903
80758,0.030700000003,-2.20694994926,-0.629986286163,0.89920437336,0.352051526308,0.390613615513
375346,0.129099994898,0.432900011539,0.937187194824,-0.017584502697,-0.373345077038,0.606385350227
51385,-1.16110002995,-0.967949986458,-0.368463456631,-1.09153461456,0.313540130854,0.644289135933
55748,0.674499988556,1.06624996662,0.379774928093,1.15978240967,0.859589636326,-0.528821110725
10318,0.152500003576,0.244599997997,0.145111829042,0.624633908272,-2.15762758255,-0.458677530289
54681,0.226199999452,-1.00109994411,0.0288584008813,-0.165527954698,0.751992344856,-0.316855341196
7905,0.520699977875,-0.74405002594,-0.0696282833815,-0.924680173397,0.679014205933,-0.191918089986
28969,2.17770004272,-0.294550001621,-0.675967693329,1.70562899113,-0.378135472536,-0.517441809177
10668,-0.841199994087,-0.0740000009537,0.466930121183,0.388309538364,0.333283364773,-0.749847233295
51005,-0.0794000029564,-0.652449965477,0.0378148034215,0.291082292795,-0.385939359665,0.568768978119
8800,-0.63529998064,-0.42460000515,-0.0420924834907,-0.115967988968,-0.167366549373,-0.354099273682
54438,-1.49510002136,3.86089992523,-0.438014119864,-0.455647140741,-0.0800420567393,-0.0979744791985
55825,-0.901199996471,0.161749988794,1.62895894051,-0.491880774498,-0.220110565424,0.641938388348
8835,-0.853500008583,0.625600039959,-0.120992742479,-0.464923202991,-0.425263106823,-0.0530629456043
64429,0.120700001717,-0.168050006032,0.395354628563,-0.459661602974,0.264302968979,-0.23027291894
3682,-0.141900002956,-0.181400001049,-1.0301027298,-0.651427328587,-1.15791666508,0.0231743752956
10329,0.750699996948,0.128999993205,1.28600752354,0.467060357332,-0.309733986855,0.818730115891
27109,0.396400004625,0.574200034142,-0.0319521278143,0.573160469532,0.268447935581,-0.0241407826543
51335,0.967000007629,-1.87735009193,0.135100081563,0.952795684338,1.71022224426,-0.226280912757
3202,0.017899999395,0.663800001144,-0.429810106754,0.693542063236,-0.329216867685,-0.107664525509
2896,0.415100008249,0.0416500121355,-0.317513167858,0.475082248449,0.0427262783051,0.116018652916
79902,0.405400007963,1.06914997101,0.985552191734,1.24556541443,-0.355120450258,0.705013275146
29083,-3.14319992065,1.10264992714,1.14376926422,0.143660962582,0.418184310198,-0.739905834198
5747,0.328900009394,-0.597900032997,0.753050923347,-0.706083297729,-0.856185495853,-0.282655447721
22905,0.19470000267,-0.726649999619,-0.857658028603,-0.613912582397,-0.965281903744,-0.523381829262
63933,2.5978000164,0.49899995327,0.184641182423,0.693185508251,0.746408939362,0.836182713509
9847,-0.748399972916,0.114200010896,0.157287091017,0.57717949152,0.239320412278,-0.672652482986
51021,0.192900002003,-4.46500015259,0.555271208286,1.1508936882,0.309594273567,0.983226358891
8996,-2.72810006142,-0.690999984741,-0.153557777405,-1.03062546253,-0.799400568008,-0.0558959543705
7376,-0.956600010395,-0.261999994516,-0.212728708982,0.186217203736,-0.70524263382,-0.765054345131
5357,-0.720399975777,-0.285750001669,0.21972694993,-1.29005479813,-0.0317811854184,-0.367695569992
56940,0.814499974251,-1.25214993954,0.0404657423496,1.06410050392,-0.816694259644,0.104052767158
6195,-0.0509999990463,0.482700020075,1.37738001347,0.209411337972,0.230801016092,0.620566129684
1633,-0.198300004005,-1.11059999466,-0.337939381599,0.945299088955,0.42194968462,-0.0563498139381
23321,1.32550001144,-0.241899996996,-0.0338451191783,0.00102529523429,-0.136469170451,-0.435389310122
51160,0.913100004196,0.269400000572,-0.106982506812,0.0946335271001,1.07716441154,0.0833661779761
55604,-0.119800001383,0.823549985886,-0.576904416084,-0.0412325561047,0.374495327473,2.02614951134
2063,0.0678000003099,-0.375450015068,-0.496745049953,0.964059770107,-0.661432504654,0.983146309853
54512,-0.271600008011,-0.65374994278,0.0370293706656,-0.72036087513,0.285669565201,0.914914608002
9124,0.124099999666,-0.552199959755,-0.329823672771,0.29590767622,-0.010385970585,-0.099283054471
79174,-0.693400025368,-0.439050018787,-0.925166547298,-0.0786400735378,-0.167268574238,-0.309959828854
23223,0.994799971581,-0.950999975204,-0.0247762873769,-0.961351394653,0.45692935586,-0.211139157414
39,-0.0535999983549,-0.603700041771,-0.251603156328,-2.36727929115,0.566790938377,-2.03636908531
57215,0.498199999332,0.503700017929,-5.19894361496,-0.0156632810831,0.983119368553,0.447014331818
1052,0.234699994326,0.723500013351,-0.531887829304,-0.1628729105,-0.724859297276,0.0845739543438
23139,2.45059990883,-0.804949998856,-0.00443263351917,0.721546411514,0.850897371769,0.485598683357
79947,0.248799994588,-0.732749998569,0.424240171909,-0.888533174992,-0.249956995249,-0.0750178471208
4616,0.377099990845,0.945200026035,-0.60745382309,-0.193252906203,-0.193448454142,-0.458296924829
9710,-0.215599998832,0.792299985886,0.130193918943,0.473125934601,1.25296616554,0.187042593956
6990,1.79419994354,0.311749994755,0.657515287399,-0.468436896801,0.635239124298,-0.665576636791
29082,-1.53059995174,0.716199994087,0.250171482563,-0.0343819856644,-0.481018215418,-0.447458535433
9670,-0.917500019073,-0.105749994516,-0.206709742546,-0.127599522471,-0.514495134354,-0.628948390484
81533,0.4117000103,0.0806499868631,0.0800463631749,-1.54566037655,2.05162501335,0.630690574646
10525,-1.25010001659,1.07509994507,-0.606245338917,-0.357000917196,-0.500232100487,0.558278501034
2353,-0.544200003147,-0.361849963665,-0.298086643219,-0.202140390873,-1.10186934471,-0.529876291752
57192,0.841700017452,0.119550004601,-0.0151627063751,0.281019747257,0.785682976246,0.377852618694
3398,-0.623899996281,0.843000054359,0.209104076028,1.59460425377,-0.54113805294,-0.106570392847
3775,-1.51470005512,-0.169800013304,0.277887791395,-0.448239266872,0.216045796871,1.45783245564
26064,-1.26950001717,0.110200017691,0.000618964724708,-1.75290369987,-1.56164288521,-0.266192793846
29103,0.272199988365,0.903249979019,0.648254692554,-0.891458392143,-0.47099429369,1.98732495308
3206,1.34399998188,1.10385000706,0.27581396699,-1.18622946739,0.358963131905,0.361558407545
1500,-0.414499998093,-0.346899986267,-0.572478353977,-0.742548525333,-1.00665855408,-0.245114549994
7690,-1.22029995918,-0.0670500025153,0.0204229205847,0.0867148041725,0.0662788003683,0.184972465038
29911,-0.476900011301,0.173250004649,0.260574132204,0.268379628658,0.101085618138,0.229993328452
2064,0.814400017262,0.81099998951,0.784141361713,0.828833460808,0.253436893225,-1.22224926949
65123,0.285899996758,0.664350032806,0.311145246029,0.329318016768,-0.472301244736,-0.320429831743
5986,0.0518000014126,-0.285099983215,0.0490163713694,-1.12858426571,-0.545821785927,-0.414397895336
85377,0.0,0.232550010085,1.45461165905,3.50956773758,0.436670809984,1.25435042381
9903,2.95309996605,0.409550011158,0.0150508508086,-0.443376421928,-0.435585051775,0.0142848789692
7088,1.2539999485,-0.131349980831,-0.0238588899374,0.994258701801,0.729517877102,-0.275642335415
22796,-1.95079994202,-0.312900006771,0.0944975018501,0.13048453629,0.487873882055,0.352194368839
51116,0.283399999142,0.0709000006318,0.0502327978611,1.35705673695,1.64069223404,-0.246013313532
54442,0.538399994373,0.133949995041,-0.125394403934,-0.106310665607,0.527727067471,0.672194540501
10695,-0.391499996185,0.645399987698,-0.365891754627,-0.846415817738,1.17954730988,0.157696917653
102,-1.11440002918,4.8422498703,0.908025026321,0.364804446697,0.287581413984,0.672547101974
965,-0.342500001192,-0.0892000049353,-0.244053289294,-0.615943193436,1.31098389626,2.4313750267
3800,-0.845399975777,-0.409000009298,0.173523470759,1.0872477293,-0.260609805584,0.963264107704
10362,0.824599981308,-4.99835014343,0.366901606321,0.213762253523,0.296054571867,0.273961931467
5300,0.323000013828,0.126850008965,-0.198145806789,-0.417401760817,-7.16837453842,0.359605073929
8270,0.0789000019431,3.93509984016,-0.469655156136,-0.237433925271,5.06907749176,0.362121582031
27242,-0.26550000906,-0.115299999714,0.0938422828913,-0.903928399086,-1.10268890858,0.0100914482027
9928,0.292499989271,0.971150040627,0.102214992046,0.16573753953,0.531382322311,-0.548387110233
1534,1.79219996929,0.177700012922,1.69733798504,0.312988072634,0.53784352541,2.15357470512
5654,-1.02429997921,0.343600004911,0.199680447578,0.267651796341,-0.394455254078,-0.139387980103
10810,-0.222599998116,-0.393150001764,0.0949613749981,0.408650189638,-0.389267861843,0.275517165661
7105,-0.108900003135,0.0691000074148,0.0885645523667,0.639313876629,-0.490506827831,-0.177589684725
23014,1.72459995747,0.0768499970436,-0.342131108046,-0.0118324160576,0.727161884308,-0.458057254553
55012,1.12020003796,0.788900017738,0.545036435127,1.39977908134,1.1991007328,1.10888314247
2887,-0.396499991417,-0.886749982834,0.680273532867,2.65182566643,-0.941315591335,1.83601677418
9183,-0.960699975491,-0.0941000059247,-0.11433455348,-0.362503290176,-0.314341843128,0.369564533234
11151,-0.490200012922,-0.799649953842,-0.155901223421,0.101929180324,-0.425704240799,-0.907664895058
7511,0.662599980831,0.337099999189,1.76096200943,0.413434505463,0.0908797681332,-0.120936222374
10046,-0.301200002432,5.15889978409,-0.0903373807669,-0.481486350298,0.229835361242,0.209339529276
1829,-0.315499991179,4.03585004807,0.127252444625,-0.775577366352,0.290964365005,0.04126348719
11000,-0.00449999980628,-0.439999997616,-2.37520265579,-0.394513845444,-0.97776901722,-0.436895608902
976,0.882399976254,0.310850024223,-0.44163993001,3.86692428589,-0.112061053514,-0.0432547032833
3597,-0.112000003457,-0.31685000658,-0.687947571278,-0.262287557125,-0.693840265274,-0.121726803482
178,1.09660005569,-0.445699989796,0.104514442384,-0.321616381407,7.39380216599,1.25631725788
2625,-1.13370001316,4.56360006332,0.471924364567,-0.279599636793,0.123960621655,0.0395655632019
6119,-0.0329999998212,0.159750014544,0.13319593668,0.42152941227,0.399336576462,0.416841745377
26136,-0.1875,-0.45064997673,-4.63992214203,0.1035092026,-0.284995734692,-0.641884565353
6697,1.77999997139,0.311900019646,-0.326331734657,-1.17370712757,0.756831884384,-0.321972072124
5971,0.708199977875,-0.261200010777,-0.845104336739,0.0888266563416,-0.0886227265,0.805370926857
22934,1.34630000591,2.13255000114,-0.373689591885,-0.114234536886,0.586354911327,0.170888885856
9289,-0.346100002527,-0.533699989319,0.0978321656585,-0.130629077554,-0.225347429514,0.093761138618
4931,-0.170499995351,-0.163599997759,-0.000513287784997,-0.00152346934192,-2.0662612915,0.055365845561
4200,-1.05449998379,0.285099983215,1.28427791595,-0.523660898209,0.947860717773,0.458070158958
93594,0.936399996281,-0.134400010109,-1.56533145905,-1.43836355209,-0.47391808033,-0.294056296349
5982,0.640299975872,0.142399996519,0.320997357368,-0.21808680892,1.57740783691,0.803067445755
26520,0.402599990368,-5.26109981537,0.597405314445,0.324315905571,0.356974244118,-0.126093909144
4998,-0.847599983215,-0.895500004292,-5.64575004578,-3.03820037842,1.09800362587,-0.0138330683112
10038,-0.0397999994457,-0.0129000246525,0.596641242504,0.481873333454,0.833891749382,0.68152487278
60493,0.527599990368,0.100400000811,0.547544598579,0.489502608776,-0.705364465714,-0.326010644436
51495,-0.246199995279,-0.254050016403,-1.1150778532,0.313867807388,0.390784591436,-0.478369861841
4482,-0.335599988699,-0.198849990964,-0.288024276495,-0.533630311489,1.95509314537,1.52027833462
23224,0.409799993038,0.951799988747,1.03048849106,0.383437752724,-0.342419087887,-0.255118697882
9690,0.321299999952,0.941149950027,0.447170138359,-0.0719366371632,-0.316170185804,-1.4987193346
80212,2.49160003662,0.496749997139,-0.0335384756327,0.310818552971,-0.0404667556286,1.10161995888
29928,-0.816399991512,1.46600008011,-0.247965484858,1.26045882702,-0.360560029745,-0.4910389781
22809,1.77540004253,-0.144250005484,-0.991607487202,-0.438444018364,0.323389232159,0.369642406702
50814,1.56700003147,-0.184900000691,-1.06748664379,1.24253630638,0.360723912716,0.38574591279
55256,0.285899996758,0.557999968529,-0.0270985811949,2.87470674515,1.22688889503,-0.777667939663
56997,-0.163599997759,5.35865020752,0.852810740471,0.219888210297,1.29435276985,-0.452274799347
81544,0.516799986362,0.185499981046,-0.605614006519,-0.586098015308,-1.06786394119,-0.283292502165
6894,1.01479995251,-0.0256500020623,-0.171055883169,-0.129373788834,-0.192500844598,-0.416779696941
64080,0.446099996567,-0.349550008774,-0.0187308397144,0.228358268738,-0.241116181016,0.150153040886
55818,-0.461699992418,-0.278850018978,1.02344632149,0.470056056976,0.948528051376,-0.0299865007401
637,-0.317999988794,-0.888650000095,-0.441930681467,-0.709179997444,-0.299746364355,0.0580596923828
22823,0.0494000017643,0.07230001688,1.26776051521,1.03776896,-0.0147484317422,-0.307430446148
5287,-2.5718998909,-0.668150007725,1.42536067963,1.23722016811,0.14577755332,-3.88304662704
91137,1.51709997654,0.0352999977767,0.124145612121,-0.222783654928,0.568805634975,0.268740832806
23097,0.506900012493,0.0873000025749,0.466784775257,-0.814137876034,2.08511734009,1.09944534302
9851,-0.384299993515,-0.446599990129,-0.896700680256,-0.615770936012,-0.305656433105,0.092611476779
23522,2.22259998322,0.226850003004,-0.893081367016,0.507304549217,0.558561265469,0.507283508778
1123,0.302300006151,-1.25260007381,-0.0155129171908,-0.504348933697,-0.0378100425005,0.337292343378
5603,-0.0746999979019,4.82079982758,0.447223991156,0.688917994499,0.0809969902039,-0.365708470345
51569,0.256300002337,-3.08844995499,-0.777144312859,1.92269539833,-0.187754869461,-0.425564348698
55699,1.16320002079,-0.113099992275,0.429584532976,-0.725664019585,0.308570832014,-0.481013208628
2624,2.22149991989,-0.323249995708,-0.344690352678,-0.597626388073,7.56092071533,-0.753004193306
8204,1.68760001659,0.639649987221,0.546982824802,-0.31716504693,0.35776874423,-0.0758675634861
9133,1.45869994164,0.380999982357,-0.134020343423,-0.0699533522129,0.768762111664,-0.799660027027
10921,0.819500029087,0.150849997997,0.00109251402318,-1.85048830509,-1.16260039806,-2.55349898338
51742,-0.290800005198,0.503700017929,1.10242509842,0.700552105904,0.106555990875,-0.0833204761147
2954,-0.444400012493,1.64260005951,0.125685438514,0.346079230309,0.386453002691,0.570276379585
27244,0.465200006962,-1.22500002384,-0.368697077036,-0.465305328369,-2.7601275444,0.61638045311
23013,-0.296299993992,1.58794999123,-0.333644807339,0.473665207624,-0.704356074333,0.113553062081
8050,-0.825100004673,-0.231549978256,0.55296933651,-0.263305664062,0.137430012226,0.398084461689
79961,-0.568899989128,0.109649993479,0.408449858427,-0.36362850666,0.110296681523,0.0120107680559
2017,0.293099999428,0.247950002551,0.634314954281,0.661039829254,0.0772662609816,-0.37020611763
55148,2.18860006332,-0.0434000007808,0.719821929932,-0.0873680785298,0.798616051674,0.36682921648
960,0.35229998827,-5.22195005417,-0.140096336603,-5.62914705276,-2.08992552757,-0.0517942011356
10451,-0.189999997616,-0.0495000034571,0.166273087263,-1.01081001759,1.27094626427,2.27269458771
57406,-1.1017999649,-1.30034995079,-0.76863360405,-1.72319817543,-0.690833687782,0.432161003351
51719,0.644400000572,-0.390100002289,1.05582928658,0.687365889549,1.7059431076,0.367366433144
7074,-1.10450005531,0.562649965286,0.277628332376,1.90858399868,0.840695142746,0.756359219551
10059,-0.678499996662,-0.242900013924,-0.787558436394,-2.86489057541,-0.669859647751,-0.900891780853
51071,0.435799986124,-0.977149963379,-0.7882797122,-2.96693229675,0.543524086475,0.114795967937
5796,-0.730599999428,-0.217300012708,-0.284995496273,-0.408308684826,-2.72528839111,-0.206246078014
55008,1.25329995155,0.0995500087738,1.47182965279,0.166319936514,-0.603281855583,0.251450836658
23597,0.756600022316,0.977500021458,0.292227268219,-0.622102022171,0.489434093237,0.234899520874
8869,0.391600012779,4.90150022507,0.330068767071,0.475105077028,1.50452518463,0.257320046425
8727,0.815400004387,0.547800004482,0.261410713196,1.56620037556,0.712504088879,-0.344016969204
63874,1.85669994354,-0.57230001688,-0.658546447754,-0.931870222092,-0.0143439024687,0.811322271824
8821,-0.674499988556,0.720049977303,-0.426002264023,-0.159218281507,-1.0188062191,0.120960816741
57178,-0.131200000644,-4.84994983673,0.00229238928296,0.251399964094,0.689944863319,0.605917990208
5468,-1.40579998493,0.187650024891,-1.11193370819,-0.400736361742,-0.861803174019,0.483639776707
10557,0.395500004292,3.73775005341,0.00909495726228,-0.141466587782,0.674808442593,0.0400326251984
831,0.49430000782,0.810699999332,0.16361951828,-0.540429592133,-0.00505654141307,0.544563114643
9531,0.815199971199,0.415749967098,0.870385944843,0.588993191719,1.43721055984,-0.25959199667
2767,-0.585500001907,0.147499993443,0.34010848403,-0.172273099422,-0.643616199493,1.24283194542
1861,0.205400004983,-0.182249993086,0.534012854099,-0.589648604393,-0.133532941341,0.497815459967
10165,0.933300018311,0.11289998889,0.802687525749,-0.00895525515079,0.445630699396,-0.58740645647
7106,0.0,0.141449987888,-0.147206768394,0.707116007805,0.825120091438,-3.64616632462
2908,0.907000005245,-0.0783999860287,-0.31225720048,-0.590673983097,0.156488880515,2.51227617264
57761,-0.74430000782,-0.454999983311,0.0256873462349,-0.00604847818613,-1.00297188759,-0.310451865196
23338,0.042500000447,0.367800027132,1.95719790459,-0.602369487286,-0.826412498951,-0.649090886116
7852,-1.51820003986,-0.678399980068,0.501336097717,0.659741103649,0.306006133556,0.507510900497
55033,-0.0931999981403,-0.123599991202,-0.0432427451015,0.404136478901,2.06039428711,2.68925070763
57019,1.00240004063,0.569649994373,1.64321935177,0.648483932018,0.851543426514,0.373439520597
91949,-0.440699994564,0.171300023794,-0.263019353151,-0.265350699425,-0.153211325407,0.0675575584173
84617,2.1343998909,-5.02794981003,0.0865522325039,-0.572266757488,-0.0423007905483,-0.631585001945
25,1.43250000477,-0.31534999609,-0.177170366049,0.481465220451,-0.217672616243,0.027824819088
899,1.47590005398,0.703800022602,-0.0992251932621,0.298361897469,0.566766917706,0.525676727295
79850,1.17369997501,-4.75229978561,0.31271892786,0.47363063693,0.509330332279,-0.260166674852
51466,-0.102899998426,0.261250019073,0.592021286488,1.03767776489,0.733431696892,0.334171354771
2852,-0.141200006008,-1.04690003395,-0.356920301914,-0.473210215569,-0.45574426651,0.305677324533
55837,1.00510001183,0.137949988246,0.330266833305,0.410531699657,0.16308131814,1.05862700939
2131,-0.110200002789,0.126250013709,-0.167022034526,-0.088361941278,-1.81176328659,-0.041704133153
5427,-0.245800003409,0.886600017548,0.146531224251,0.148456424475,1.5424489975,1.17237746716
25966,0.733299970627,2.31329989433,-0.259199470282,-0.168178260326,1.27449917793,0.0472641326487
55608,-0.254700005054,0.862249970436,0.41637635231,0.313322633505,-0.714196145535,-0.173041343689
1662,0.52009999752,0.621800005436,0.0331844165921,-0.806505441666,-0.237349659204,0.418568432331
9702,-0.386700004339,-0.130600005388,-1.54684662819,-1.84461975098,-1.01160538197,-0.274837046862
11031,0.0551000013947,0.570949971676,0.260813117027,0.199451982975,1.02397334576,-0.0942462831736
10057,1.81550002098,5.62909984589,0.845671117306,-0.497365057468,0.157339528203,0.143312677741
5985,-1.09449994564,0.161200001836,-0.270011305809,-0.123827338219,0.465881824493,-1.18394136429
3280,-0.586399972439,-0.313649982214,1.11525702477,-1.20526063442,1.00365352631,-0.182706236839
55958,-1.78649997711,-0.976150035858,-0.961414337158,-1.50409638882,1.2715357542,0.372967481613
51465,-0.743600010872,0.888249993324,-0.176840692759,-0.217783302069,-0.0587015002966,0.389527350664
2542,0.486900001764,-0.0812999904156,-0.345053344965,1.65650594234,0.531306624413,0.239530920982
10641,0.00279999990016,0.293650001287,-1.80205047131,-0.663866996765,-1.03093361855,-0.11362619698
11137,0.326700001955,0.909550011158,0.58159995079,0.0504176914692,0.384590566158,0.782118439674
9842,-0.158000007272,0.415250003338,-4.12611055374,-0.217003434896,-0.570709884167,0.190957963467
10493,0.52380001545,0.22444999218,0.505363225937,0.997395634651,0.0832478106022,-0.730350792408
10112,-0.280600011349,0.394250005484,0.0329177901149,0.33907020092,0.0862438902259,0.622734189034
1001,1.98629999161,-0.124600023031,1.27820527554,-0.820560097694,7.23059797287,0.200745999813
23635,-0.619499981403,0.0920000001788,0.793031454086,-0.773322343826,-0.562620460987,-0.67842900753
29916,-1.67630004883,3.11969995499,0.377966940403,0.906768023968,-0.377320766449,0.608153522015
2810,-0.309700012207,0.202749982476,-0.484905183315,2.31047201157,7.44229459763,0.773106694221
5993,-0.258700013161,0.0228000059724,0.0993398651481,0.59385228157,0.161985635757,1.08348178864
11142,1.04560005665,0.578850030899,0.690343141556,0.846813440323,-0.546263217926,-0.150312945247
79187,-0.268299996853,0.0353999733925,0.0584046021104,-0.0172673780471,0.121972814202,0.209475830197
51382,0.426299989223,0.284350037575,-0.0328713431954,0.412429183722,-0.511626422405,0.869694232941
8318,-0.755800008774,-0.0100499987602,0.108081191778,0.103629007936,0.350676625967,0.42952772975
9695,0.566999971867,-0.131449997425,0.75388532877,-1.39192152023,-0.395987659693,0.60011613369
9712,-0.242699995637,4.54349994659,-0.228020578623,-0.821570217609,1.17805707455,-0.00125157088041
64943,-1.2228000164,0.226600006223,0.208901822567,0.330781042576,0.487362891436,1.10879027843
9738,0.120200000703,4.97749996185,0.46235537529,0.419669985771,0.728730499744,0.489136278629
6793,-0.64880001545,4.15530014038,-0.730877757072,-0.25198674202,0.306570231915,-0.345099687576
7358,-4.47499990463,-4.54659986496,-1.03676080704,0.538183152676,-0.0114647448063,-3.43717336655
58472,2.74289989471,2.25285005569,0.107042044401,-0.472990065813,1.44908189774,-0.310652792454
50865,-2.89170002937,-3.80509972572,0.463390141726,0.0287937968969,2.21772861481,1.30403029919
23200,-0.302199989557,-1.28944993019,-1.00413441658,-0.941083848476,-1.79748773575,-0.120666153729
51293,0.822399973869,0.929650008678,-0.0537886023521,0.245643824339,1.10113012791,0.580151438713
10962,-0.295100003481,0.167699992657,0.000294073077384,0.699771404266,0.432784795761,-0.653939425945
10153,0.815500020981,0.367999970913,1.13876080513,-0.0171471387148,0.0135385990143,0.718577742577
874,1.10160005093,0.476800024509,-0.0879265889525,0.748852312565,-0.705238521099,0.086429476738
