rid,CPD002_MCF7_24H:BRD-K69116396-001-01-7:10,CPD002_MCF7_6H:BRD-K69116396-001-01-7:10,CPD002_PC3_6H:BRD-K69116396-001-01-7:10,CPD002_PC3_24H:BRD-K69116396-001-01-7:10
5720,-0.116839006543,-1.31230735779,-3.17182302475,0.140618979931
466,-0.296825289726,-1.97956299782,-0.626911878586,-0.723851203918
6009,-0.634935796261,0.542243361473,-1.36083197594,-1.08319997787
2309,1.18912446499,1.1269364357,2.3442940712,1.48115050793
387,-1.39625406265,1.22909772396,-0.648552715778,-1.35853409767
3553,-0.065101519227,-0.114042207599,0.826070904732,4.17557621002
427,-0.332598656416,-0.432690769434,-0.364226073027,-0.877034664154
5898,-0.400374352932,-2.28343653679,-1.74197793007,-0.275263100863
23365,0.270452171564,0.244823753834,-0.190818965435,-0.967610657215
6657,-0.423494845629,1.42352080345,1.16357672215,0.176136150956
5054,-0.0555082112551,0.352986216545,-2.71787381172,0.719577550888
3108,0.260667324066,0.52106398344,0.159425675869,-0.332215845585
1950,0.244866997004,0.732200503349,1.40815126896,1.72474741936
351,-0.122652098536,-0.988159179688,-0.446219980717,0.461687624454
4846,-0.415565341711,-0.0273259282112,-1.05533874035,-0.273060083389
1452,0.310363948345,0.67385238409,-0.334837496281,0.324964523315
4776,0.131069213152,1.35231685638,4.08624982834,1.2550239563
6908,-0.0521917939186,0.101164743304,-1.87926673889,-0.702007174492
672,-1.6603525877,0.012515515089,0.790387988091,-1.12447881699
5710,-0.869402170181,-0.490973383188,-2.23207163811,-0.174572721124
2115,-0.721336424351,-0.840621590614,0.141248077154,-0.249822974205
7015,-0.473256319761,-0.0911547988653,1.7352437973,0.893675088882
8726,-0.900153398514,-0.244452446699,-0.882118046284,-0.814219355583
2185,-0.0221876204014,0.29614558816,2.55507588387,0.742392480373
3315,0.128305569291,0.336400061846,-0.644854784012,-0.558028936386
5289,0.350338935852,-0.415186226368,0.257728636265,0.626082241535
868,1.15633583069,-0.503746449947,0.666351437569,2.09008741379
1677,0.0660048425198,2.14535522461,-0.432883411646,-0.748678207397
7043,-0.526545882225,-1.2560300827,1.29314684868,-0.774754822254
5613,0.211498022079,-0.56699192524,2.24548721313,-0.68169260025
595,-0.0215401351452,-0.0475478321314,-0.737451791763,-0.960653722286
4793,0.251290082932,0.0847919881344,1.33550596237,0.763155162334
2736,-0.637503623962,-0.470928788185,0.900379419327,-0.348834842443
5290,0.300232023001,1.59312975407,3.82876586914,1.41968774796
6194,-0.0466710329056,-0.322387337685,-1.96844887733,-0.31345897913
1676,-0.20622074604,-1.20605301857,3.67117190361,-0.0878477245569
23512,-0.875328779221,-1.09906101227,-2.86672067642,-0.125435546041
148022,1.29715847969,3.90958738327,0.81877207756,0.0715568214655
1906,0.403748422861,-0.529707729816,-1.82473623753,-0.753177702427
8878,2.61212825775,0.494530558586,1.32397866249,1.84289216995
3091,0.0783321857452,-2.16337275505,-1.11439752579,-0.472148001194
5743,-0.47281563282,3.93428182602,0.535931110382,1.29898953438
5321,0.0855875909328,0.551973819733,2.25662565231,0.767581820488
4144,-0.927764713764,-0.608271360397,-0.0492045283318,-0.332054883242
1981,-0.710423648357,0.293595463037,2.5029797554,-0.701177954674
695,0.609584391117,-0.671934485435,-0.0285940766335,-0.81662940979
10398,-0.428400427103,-0.579445064068,-0.919547021389,-0.95906996727
5708,0.184121266007,-0.163887917995,1.54734754562,-1.0452786684
1213,-0.404194295406,0.230727851391,-2.261241436,-0.947341918945
226,0.251966416836,-0.843966364861,-1.03898787498,-0.548115313053
6777,-0.372535586357,-0.134853094816,0.920349061489,-0.133857548237
2113,-0.0246475636959,-0.31688863039,1.03786325455,-1.13677668571
3329,-0.815380334854,-0.842698693275,-4.69105434418,-3.11691141129
1050,-1.28516960144,-0.856912374496,1.44070613384,-1.45340430737
9491,0.134711563587,1.15245914459,3.3360414505,-0.0589291900396
22926,0.42846006155,0.367385387421,1.28628468513,0.138984948397
5899,0.807949781418,0.808083415031,0.601791262627,-0.149561852217
5467,-0.754804968834,-0.755864799023,0.682257652283,1.34848284721
6774,-0.31422495842,-0.477776885033,0.265733659267,-0.51541519165
1788,-0.0615691766143,-1.04097259045,1.10054385662,0.2709877491
5921,0.336214542389,-0.380847811699,-1.88920378685,0.533766686916
5721,-0.843000411987,-3.6187915802,-0.912029445171,0.302828967571
2263,0.441075146198,1.58329117298,3.71706914902,1.07508218288
808,-0.769422650337,2.24918866158,4.95630550385,1.06231808662
30001,0.16019231081,-0.0384973287582,1.12713980675,0.431283324957
348,0.379229724407,1.18100452423,2.28276109695,0.114946603775
30849,0.00517192482948,-0.265113115311,1.51753151417,-0.435953885317
1454,1.89796924591,0.218689054251,-0.256664931774,1.0570602417
6500,-0.423229813576,2.21427226067,-0.540063083172,-1.5050829649
5627,0.429768145084,2.47868895531,6.25036621094,0.348935216665
5715,-0.128065288067,-0.805307865143,-1.86902737617,-0.0786224007607
4791,-0.731072187424,2.39772796631,3.80915951729,0.262529551983
56924,-1.01243424416,-0.953642249107,1.09360730648,0.689885675907
2690,-2.14451360703,0.603348016739,2.92291021347,-0.955423533916
1019,-0.907615125179,-0.954433560371,-5.23644018173,-1.7611066103
51422,1.55530428886,1.23934912682,6.16011190414,0.0109646171331
5788,-0.434112608433,0.0181567519903,-0.579919099808,-0.0706669986248
6709,0.542932033539,1.84334683418,0.109809041023,-0.636475205421
1277,1.02468657494,0.127883732319,0.273034274578,-0.110126167536
993,-3.79739665985,-0.993189930916,-1.07433819771,-4.18202733994
7157,0.667638361454,0.299516558647,2.94785571098,0.440703392029
1958,0.801134765148,2.99414253235,0.700620174408,-0.146810859442
4582,-0.346688210964,-0.592500329018,0.107139766216,0.372786641121
9212,-1.35302090645,0.137089461088,2.94225263596,-0.501099824905
8440,-0.0503941848874,0.229400038719,-1.58384168148,-0.0706361830235
6790,-1.07475662231,-1.29960846901,-2.84447669983,-1.77684760094
8851,-0.716540932655,1.33241081238,0.766340255737,-1.07578420639
2534,0.335492819548,-0.849791526794,1.374304533,1.01995563507
4893,0.449397772551,-0.459229439497,1.70949339867,1.16880810261
665,1.07802808285,-0.0846187770367,-1.46194577217,0.501782894135
4313,0.0353944152594,0.0346566736698,0.816400229931,0.445408582687
1022,1.19084262848,-0.430333018303,-0.455619841814,0.992534279823
5880,-1.33147144318,-1.36052143574,0.767390906811,-0.456887245178
3162,2.41892004013,0.396817684174,-0.915085196495,1.35744857788
1282,-0.662592291832,-0.0297253131866,2.90983724594,0.256271958351
3383,2.45252728462,3.93650913239,1.96289265156,2.30064225197
727,-0.341429233551,-0.102785676718,1.48657369614,0.868047237396
4792,2.12194728851,0.730039060116,0.203382849693,1.78760778904
4794,0.203639864922,0.528989076614,2.09096837044,0.0834873467684
902,0.335557758808,0.729649305344,-1.15707468987,1.17491436005
8091,-0.924998879433,4.08385944366,-0.566917777061,-0.175691694021
3486,-0.338873535395,1.01058936119,-2.12425708771,0.376137435436
10818,-0.315252572298,-0.736647248268,0.544151246548,-0.479769051075
3454,-0.301969707012,1.04342269897,1.18078815937,0.0698524340987
4282,-0.669643580914,-0.303365111351,-1.40151262283,-1.38126111031
1605,-1.1444272995,-1.10752665997,-0.0899485051632,-0.433002471924
10644,0.228081971407,0.349991798401,0.179863423109,0.5430367589
2065,1.52009022236,-0.463313341141,-0.851786613464,1.51880288124
8321,0.208894863725,-0.776433646679,1.1593528986,0.556199729443
8503,0.728709518909,-0.459819972515,2.14429950714,-1.05111575127
7027,-1.66226422787,-0.447577238083,0.821354091167,-1.8441619873
6850,-0.390361607075,-0.111370787024,1.9355455637,0.592959046364
1978,0.220693871379,-3.69998860359,-1.90177416801,-0.116735346615
896,-1.41423726082,-0.978692054749,0.281220078468,-1.60129773617
5777,-0.239177018404,0.487429887056,2.22787284851,0.81854391098
1846,4.48125314713,0.971943020821,-0.879437923431,-0.159784242511
5925,-1.34185481071,-0.426509588957,1.38230752945,-0.250661492348
142,-0.997053146362,-0.970701575279,-0.751049339771,-1.55639672279
1021,0.141405388713,-0.715553462505,0.103326380253,-1.38623189926
5699,-0.62356454134,-0.840448796749,-0.365432798862,-1.68086194992
8061,2.00760483742,-2.05583167076,0.781495392323,0.237186774611
1870,-0.921876847744,0.138153135777,1.22698545456,-0.632038116455
1398,-0.589365184307,-1.89649534225,-2.17969655991,-0.889676213264
3312,-1.61364662647,0.18332464993,-1.20041251183,-2.49823570251
891,-1.69108355045,0.0752609372139,-2.26719927788,-0.117953717709
4775,-0.0472183376551,-0.449511528015,2.80020570755,0.328252792358
5111,-2.22438097,-1.36476111412,-6.49370956421,-2.58473134041
5696,-0.0902017652988,-0.340964615345,-1.58836388588,-0.478745102882
5588,-0.612236738205,0.183283865452,1.65250062943,-0.171415612102
6839,-2.33283376694,-0.298720479012,-0.651768922806,-1.19015955925
329,-0.186260819435,-0.628573536873,-0.681403517723,-0.421165943146
5058,-0.500165343285,0.2624155581,1.74529981613,0.16561986506
998,-1.16617631912,-0.665601372719,-0.155982494354,-0.560802936554
9134,-1.39362454414,-0.702558398247,1.6594285965,-0.421507358551
6616,-0.299557447433,1.37993109226,1.72036576271,0.672867953777
5223,-1.79068243504,-1.06852626801,-1.65193939209,-0.867776632309
4690,0.238596588373,0.384565144777,-0.0997082591057,-1.22392511368
958,0.14031240344,0.968310058117,2.22846007347,0.60235029459
1616,1.20085906982,-0.0666074454784,1.81664872169,0.249285280704
991,-1.16207647324,-3.68576431274,-1.84195613861,-0.610674858093
6347,-0.0420297086239,3.8828754425,3.66415381432,0.993054270744
6714,-0.117771327496,0.596369206905,-0.841725587845,-1.04448759556
652,0.214564710855,1.03385138512,1.05113267899,0.146285325289
4331,-1.37328982353,1.31865620613,-3.21124124527,-0.238488644361
7099,-1.09944832325,-0.275376230478,1.21692442894,-0.414740264416
10320,-0.812177956104,-0.827098727226,-0.305383563042,-0.361616849899
2042,-1.4151699543,0.699496746063,1.12364435196,1.45917248726
843,0.214809343219,0.471748054028,2.11805200577,0.521607339382
840,-0.159491688013,0.554645121098,-2.25886034966,-1.53333473206
7048,-0.301385253668,-0.973181962967,-0.439318776131,-0.337956815958
4851,1.90332746506,-0.840628385544,-0.314583420753,0.130427002907
6464,0.309770941734,0.792625486851,3.55747461319,2.39190912247
23410,-0.250995367765,4.32379198074,0.68482208252,-0.599161148071
54205,-1.92866516113,-0.381233334541,-4.14589738846,-2.17630410194
2770,-0.918394804001,-0.379929542542,-0.541470825672,-0.929912388325
80204,-1.05164849758,-0.295152842999,-0.105223029852,-1.13066351414
4208,-1.20797634125,-0.202795371413,1.59903240204,-0.699528634548
1845,1.68058085442,0.084239885211,-0.146878287196,0.500337600708
23368,1.08822774887,-0.176154643297,1.82016611099,0.0968473479152
5583,1.15109717846,1.08406114578,1.58018517494,0.6317101717
8900,-0.489153504372,0.0280877202749,0.150368332863,0.483821809292
581,-0.00249946117401,-0.0454295277596,-0.236806467175,0.912421882153
6193,-0.709765195847,-0.02788823843,1.10173988342,-0.922144412994
6622,0.290268450975,-1.54395961761,0.64538872242,1.11757206917
11261,-0.862370729446,-1.32517576218,-0.629878222942,-0.0719053372741
6696,2.66261649132,-0.71504086256,-0.0761276334524,-0.619736671448
8312,0.841285645962,1.08282577991,0.190978497267,0.476914554834
835,0.0105354487896,2.81453514099,1.43582713604,-1.31714165211
8324,0.1086833179,0.722653746605,0.00306537002325,0.993824243546
1848,1.4290651083,1.3062646389,0.294299602509,1.47461843491
154,-0.553144752979,0.307107686996,-0.299897670746,0.748065233231
4312,-0.216487437487,1.25972771645,0.800628662109,1.58359861374
994,1.15717887878,-3.20795083046,-0.108416438103,0.608987808228
2048,-1.04703378677,-1.36278676987,0.0997647643089,-1.86652672291
1111,-2.0979475975,0.837609350681,1.65133535862,-1.63088583946
5154,1.07474386692,-1.55428683758,0.497553437948,1.16253352165
2920,-0.267898499966,0.880296289921,-1.34428596497,-0.666254758835
3122,-0.185011148453,1.56005060673,1.00785422325,0.72284835577
2769,0.0720584392548,0.1570212394,3.26537394524,0.40019851923
5900,2.96434211731,0.379569113255,0.408112674952,1.25003731251
6304,-1.23844158649,2.24237132072,-0.162684857845,1.03598952293
5211,0.412675797939,-1.48566854,-0.542177677155,-0.300935566425
2886,-0.24444937706,1.26722967625,1.22705709934,1.11707532406
9261,-1.91659867764,0.17023293674,-0.0613558888435,-0.20523494482
8569,0.025576621294,1.09261286259,2.67039704323,-1.02638435364
3303,-1.899081707,-1.262180686,-1.77426123619,-1.79283738136
5331,-0.129392847419,-0.0516014955938,0.318810850382,0.125131011009
5347,-1.89681601524,-1.08413803577,0.709514379501,-1.25395345688
4638,-0.983816802502,-0.228275343776,-1.40663123131,1.17007339001
2264,-0.764403700829,0.416146576405,-0.182911321521,-0.253791034222
1029,1.25865995884,1.20323991776,-0.0646274089813,0.407599002123
1027,-0.453059613705,-1.26800310612,-1.66131687164,0.349485516548
2597,-0.772685289383,-0.000440020638052,-0.000203527262784,0.22753444314
55847,-0.680631637573,-0.123889267445,-1.67646121979,-1.65164232254
25803,-0.420909911394,-1.23826897144,1.1050658226,-0.544707894325
3480,0.308479070663,-0.0256633758545,0.583618581295,0.28314948082
2946,-0.0133114475757,0.554115712643,2.69819378853,-0.176367506385
9517,-0.191004961729,0.11472016573,0.400337815285,-0.348618000746
25987,0.715736329556,-0.677727878094,-1.1180742979,-0.273286998272
23670,0.245617002249,-0.054450571537,-0.73316180706,0.0283329188824
11182,3.04275298119,2.84339022636,2.51973438263,0.119925662875
2146,-1.63918399811,-0.970553100109,-2.67711544037,-1.94999682903
3385,-1.16837477684,-1.74942708015,-2.24893283844,-1.65530586243
5261,-0.853578567505,0.0622492432594,1.58068585396,-0.371222198009
10765,2.27124667168,-0.205575630069,2.16836857796,1.57949829102
25839,-0.873167335987,-0.674403309822,0.432024896145,0.33621904254
4172,-1.51454496384,0.295806020498,0.428347200155,-2.52780032158
23161,0.640239953995,2.41538381577,-1.46954870224,2.0633482933
10298,-0.46952649951,-0.242021530867,-1.55365848541,0.0936335474253
1802,-0.890568375587,-0.789967060089,-1.19875216484,-1.85191941261
58533,1.15067708492,-1.77678561211,-2.67111110687,-0.0591015927494
147179,-0.591649889946,0.382796019316,1.00579845905,0.914220750332
29937,0.28221693635,0.091555416584,-2.58989334106,-0.282477468252
6184,-0.902313947678,-0.587386786938,-1.36214327812,-0.496224403381
9854,0.749424397945,1.27186834812,0.766447663307,-0.159764021635
2553,0.0809823572636,-0.781530499458,0.632498145103,0.138704925776
5440,-1.90222907066,0.211441755295,-3.11329054832,-1.67941117287
54623,0.424495488405,-1.38037359715,1.05137681961,-0.223581284285
9533,0.17628890276,1.74723482132,3.4138507843,0.853526711464
8607,-1.11863923073,0.158995509148,-0.300479948521,-1.39504575729
207,-0.698857784271,0.25314283371,-0.451359838247,-0.297894954681
26054,1.74032521248,-0.149462223053,1.26993715763,-2.84087705612
10682,1.34131741524,-0.244915723801,-2.27390098572,0.579308748245
8573,0.769208312035,2.3706908226,4.09264039993,-0.419569790363
23378,-0.096619874239,-1.27189946175,0.993867754936,-0.860475838184
8553,2.30895900726,1.84764838219,-0.585132360458,1.10796916485
622,-1.23421907425,-1.49471628666,-0.703672349453,-2.03108620644
9467,0.678722679615,-0.30977421999,1.69554913044,0.359666466713
5525,1.34045851231,-0.0563518479466,-0.80926835537,0.496100157499
256364,-0.0145436450839,2.71591901779,0.189830109477,-0.408718943596
332,-2.69740462303,-1.76681184769,-0.88297277689,-2.00737333298
2058,1.73625659943,2.22143745422,-0.453297406435,0.9353069067
7849,0.291717529297,-0.233318120241,3.65807819366,-0.336564153433
23244,0.4339838624,0.00731766223907,0.287429273129,0.38988173008
7494,0.0331279784441,-0.870247483253,2.28330421448,1.24341571331
4836,-0.78387594223,0.62420797348,2.09129452705,-0.568510890007
23647,-0.0691073834896,-0.390719503164,-1.59998953342,0.565011024475
10617,0.717701554298,-0.330953299999,-1.82987833023,1.88490271568
2184,-1.05307173729,-0.415289908648,-2.10259151459,-1.29936110973
5355,0.662893295288,0.75550866127,-0.500905692577,0.973748981953
6659,2.50924038887,1.27797353268,-0.181739419699,0.806811451912
7016,0.0979891717434,-0.895970106125,1.23037624359,0.501898229122
90861,-0.412835657597,-1.49426817894,-0.77899646759,-0.855906844139
10670,0.264585971832,0.381780147552,2.47930693626,-0.980007410049
79071,1.50150346756,0.522455155849,0.149548441172,0.113274596632
64746,-0.348764896393,-0.798148572445,-5.13678884506,-1.39590573311
5366,0.431002616882,0.768933773041,-0.411360800266,1.00553381443
11344,1.1075104475,0.104899913073,-0.451367348433,-0.30969953537
10013,0.705202400684,0.213317736983,-0.160949587822,2.23450803757
5829,1.69137620926,1.93132591248,2.05975937843,0.122959800065
5257,-0.0346241891384,1.19421219826,0.914241552353,0.253302961588
22794,0.243145227432,1.00915229321,0.948629438877,0.109677523375
9761,0.990550637245,0.361680239439,-0.586461365223,-1.07479786873
23326,-0.162193581462,-0.898056745529,-7.53658819199,-2.09246969223
10972,-0.246030122042,0.304750323296,-1.45112991333,-0.842476129532
10523,0.038193821907,0.495018661022,-2.55438423157,-1.64474511147
79090,0.555352330208,7.01568508148,2.93556308746,1.36238336563
27032,0.936702668667,0.0278837941587,-0.190965235233,-0.848603010178
9097,-0.234446287155,-2.10950756073,0.49665915966,-0.937164247036
10513,-1.76703763008,1.80277371407,0.101268202066,-0.291295707226
1891,0.609401583672,-0.779143333435,1.48142719269,1.05363786221
3066,0.676966965199,-1.38702201843,-1.28579306602,-2.25159215927
9801,-3.49354171753,-1.02689981461,-3.24288964272,-0.699711918831
1459,0.688040018082,1.14771389961,1.43311572075,0.612651765347
9703,0.31400001049,-1.13779616356,0.244571685791,-0.06708329916
10606,-1.03995966911,-0.823196649551,-3.21602201462,-2.420586586
1017,-0.842804133892,0.700289845467,1.48451709747,0.274083137512
9813,-0.110250040889,0.84209305048,0.32621961832,1.32360553741
7485,-1.55722332001,2.24560785294,6.30776834488,-0.477287262678
2109,-0.35028102994,-3.73898458481,-1.64777874947,1.07670295238
23271,-0.101458162069,-0.573063313961,0.311663657427,0.929512381554
9915,0.119896382093,1.61010909081,2.49419927597,-0.0498230755329
9552,0.755396962166,0.090239405632,0.242217868567,1.664691329
93487,-1.84310460091,2.36385321617,-2.86817741394,-1.23549342155
2956,-1.63344407082,-1.35548996925,-1.20653486252,-1.14307451248
11065,-1.60862565041,0.192159667611,-0.942216992378,-0.49963003397
9653,0.79931473732,3.42944455147,2.65107750893,0.563839316368
200081,0.625620365143,-1.39592337608,-2.91268873215,-0.649603486061
3337,-1.34979367256,-1.38515532017,-3.60186886787,-1.44928610325
11073,-0.802989780903,0.709673702717,0.0180648565292,-0.42097350955
23,-0.192855075002,0.986073613167,1.16264915466,0.0216249525547
5641,0.165413379669,-0.782965958118,-1.3771982193,0.337958544493
8720,-0.196759641171,0.457028657198,0.593606173992,0.612754702568
10782,-0.36324185133,-0.508235275745,-0.60232591629,-0.35578918457
25932,1.52146613598,0.195547670126,-1.10346853733,-1.83630013466
3028,-0.422367781401,-3.10084605217,-1.9409828186,-3.31080102921
6804,1.01746916771,0.0182056501508,1.49308693409,0.56615793705
890,-2.35250449181,-0.335162550211,-1.03843152523,-1.91025137901
6390,0.193451046944,-0.914581894875,-2.1864361763,-0.804648995399
4303,1.40324032307,-0.384867548943,2.41606473923,2.24557065964
10953,3.72564315796,-0.345180273056,-1.87231695652,0.753292560577
22889,0.728959739208,1.21670663357,1.8669680357,1.29502296448
3098,-0.491349697113,-0.926587998867,0.0867666006088,-0.112584665418
11044,0.130803883076,0.652050018311,1.97704315186,0.181418120861
8985,1.22143745422,-0.378310024738,-0.0187738835812,-0.910850226879
66008,-0.0431653782725,-0.65980052948,-0.501961529255,-1.11145234108
9217,-0.320638656616,2.56762242317,-1.11701488495,-1.2380259037
701,-0.225999504328,0.826946556568,2.98375558853,0.599631249905
6182,-0.712314069271,-0.672414600849,-0.936120033264,-1.08560812473
4860,-0.582118093967,-0.0791368484497,-3.24945616722,-1.65340483189
7398,-2.17745089531,0.0515704154968,-5.0033659935,-1.89359092712
6117,-0.62346124649,-0.418119698763,-2.5345916748,-0.620244503021
23588,0.2564265728,-0.984751582146,1.41164851189,0.704123854637
949,0.693374812603,0.409522593021,-0.602448582649,-1.87361693382
7168,0.965534687042,-0.420185923576,-2.06185603142,-0.0302656814456
9375,-0.0189725831151,1.4027030468,-1.14269280434,0.524909198284
4927,0.11433018744,-1.04274499416,-1.41295838356,-1.65996336937
2523,0.0461668670177,0.746627867222,1.03289580345,0.560796380043
58497,0.553252696991,0.213738769293,0.614690005779,-0.269984960556
6856,-0.173090085387,0.116975709796,-0.974726974964,-0.370629966259
26036,1.89000630379,1.52921998501,0.76260393858,3.20230746269
10206,0.381405562162,0.70253521204,2.17063522339,0.639968276024
25793,0.668782353401,-0.339018762112,-1.20936083794,0.552600681782
55556,-0.224563509226,-1.31579339504,3.05790090561,-0.965572237968
3978,-2.12380719185,-1.04968309402,-0.761947035789,-1.47262072563
10681,2.35340690613,0.0313510745764,0.406828522682,-0.419381916523
3638,0.549749970436,2.39832830429,2.81777405739,3.71565628052
8349,1.98552501202,0.365190982819,3.54647684097,1.62235713005
6275,0.210267856717,0.264461189508,-1.05779612064,1.58916389942
3895,1.27488040924,1.9084353447,0.883890628815,1.02102971077
392,-0.978646576405,-1.10456645489,2.39626550674,-0.305713623762
9170,1.41231894493,0.237514212728,0.779612064362,-0.00521112978458
80347,-0.0746017098427,-1.11331701279,0.367786467075,-0.554306387901
23300,-0.966652393341,-1.62323045731,-4.76909971237,-1.55242872238
836,-0.0552861690521,0.302001774311,2.75942659378,-1.08152794838
11188,0.535687506199,0.643044292927,-1.59849715233,1.3280351162
10898,-0.606801509857,0.646887362003,1.18947446346,0.626510739326
9276,0.598245024681,1.54198110104,0.309735029936,0.410752087831
1647,0.994718372822,1.4884557724,1.29950547218,1.24595546722
10285,-0.226383000612,-0.619276940823,-0.570679485798,-0.00433541834354
23386,0.60782456398,-1.31823420525,-0.984668731689,0.022697031498
3156,1.38386631012,1.48255801201,2.19259333611,2.33879971504
10237,-1.4487888813,-0.660466074944,-1.9425085783,-1.20397281647
7077,1.32150387764,0.927139759064,4.33690214157,1.33971405029
11157,-0.496311903,-0.22124093771,-2.40272474289,-2.13465929031
22908,-0.997152209282,0.398621141911,-1.72172164917,-0.847380638123
10915,-0.275116562843,-1.15919744968,-0.957427382469,0.0570520758629
9897,-0.191227287054,-0.0246607363224,1.34952104092,-0.0456808209419
1759,0.909638047218,-0.0937479734421,1.49498689175,0.0245758667588
54541,6.22686290741,4.8878235817,0.0204295516014,4.44333076477
211,0.922606348991,-0.617634534836,0.664712548256,0.930067002773
5048,0.113849952817,0.402203798294,2.32773280144,0.368567943573
84722,-1.16453099251,-0.572879314423,0.903438389301,-1.39310073853
29890,-0.254668712616,1.58638739586,3.01067209244,-0.000123053789139
9868,0.325307428837,-1.41855025291,-1.50489354134,0.080129288137
873,-0.547136902809,-0.28724271059,-0.43230676651,-0.699090957642
5580,-0.261021435261,0.120615869761,0.628180980682,-0.572147548199
3725,1.26091313362,0.857178866863,1.19577765465,-0.764842391014
23585,-0.709495544434,-0.221613705158,-3.47339081764,-1.53094267845
51097,2.60065031052,0.0896994248033,-1.29191279411,0.122325070202
1831,2.05496549606,-0.671295404434,0.372513473034,1.91534018517
7020,0.0474881157279,-0.0435544550419,1.02076363564,0.747231960297
55893,-0.473459094763,1.04246854782,2.90943145752,0.746389508247
6944,-0.425887405872,0.258821487427,1.66237831116,0.596338272095
22883,0.49600020051,1.63668310642,1.69919598103,0.308879613876
5601,0.367784738541,-2.9015390873,-0.892732977867,0.313400804996
10775,-2.89843606949,-0.265927493572,-0.083012253046,-1.70814943314
4780,0.627223014832,-0.89542979002,1.60055708885,0.0484211444855
10904,0.203135579824,-0.329074442387,-0.0566513687372,-0.504564523697
9917,-0.526622593403,2.69149756432,2.15036344528,0.197173237801
1399,1.38925993443,0.298202514648,0.214757978916,3.64188241959
24149,-0.247066989541,0.163387537003,0.786626875401,0.96153229475
2222,0.367534518242,-0.991841614246,-0.133221447468,1.8052213192
10131,-0.875460863113,-1.16723287106,-1.5963255167,-1.44750356674
2958,-0.59368622303,-0.166265547276,-1.44535279274,-3.03657341003
9650,0.736363887787,1.67378425598,-2.12935447693,2.14262771606
7319,0.273925483227,0.0680510699749,-0.136280328035,-0.31273624301
4817,0.342471122742,1.54532063007,4.1177778244,0.913707494736
9143,2.83703565598,2.41173696518,1.17542088032,0.315719246864
10494,1.40300810337,-0.585495471954,1.52155900002,0.734337508678
55324,-1.83981728554,-1.32144355774,-3.75322031975,-0.777740001678
23149,-0.498158872128,-0.473006099463,2.85929203033,-1.0828769207
9943,-0.295034408569,-1.83660674095,-2.62043118477,-0.336614131927
6599,0.375787079334,0.273534417152,-0.236905157566,-1.90479719639
51031,-0.344778716564,-0.589061081409,2.61091184616,-0.0588264688849
3566,0.724760055542,0.498273223639,1.77099311352,0.502904951572
3815,0.0932111740112,3.70343255997,1.08850955963,-0.454326868057
8624,-0.826881766319,-0.37895205617,-2.91927456856,-2.17362546921
27346,-0.0624118447304,-0.695791482925,-1.47010731697,-0.956943750381
10489,0.795412182808,-0.1398473382,1.84366452694,1.12316274643
26128,-0.160177439451,1.37334752083,-1.22267794609,0.397899597883
79921,0.369541913271,-1.03705239296,-2.04843664169,0.190482616425
55746,-0.346086293459,-0.607387363911,0.956053316593,-0.68231767416
23636,-0.840937793255,-0.710748553276,-2.08825469017,-1.13347351551
10892,-1.34329748154,3.05632781982,-0.769163370132,-0.209395945072
10652,-0.273855984211,0.845956623554,-1.17802810669,-0.454268455505
11004,-2.25810170174,-0.938585579395,-3.6432557106,-1.03902816772
23530,0.63761818409,3.3812494278,-0.647606611252,-0.918909013271
8826,0.258992910385,0.0591372847557,1.86096823215,0.666853070259
3308,0.363259166479,1.26059019566,1.74167191982,1.21009230614
7153,-3.51023864746,-0.16429105401,-3.06649518013,-2.48537015915
11041,-1.26834082603,0.231089711189,-0.632164716721,-0.986082732677
6342,-1.15410733223,1.1609313488,0.147218763828,-0.716240465641
5883,0.195663288236,-0.452237814665,-0.174571916461,0.360222041607
10589,0.638074755669,-0.960411429405,-2.27163505554,-0.551467955112
5110,-0.431261062622,-1.21167325974,-0.748157680035,-0.586529135704
4609,2.29255414009,-0.246991753578,-2.18739676476,-0.935982346535
5423,-0.159312203526,-0.31633669138,-0.260752230883,-0.639780700207
1070,-0.389292299747,0.382597029209,-2.32212305069,-0.601974487305
10051,-1.28958821297,-1.32405328751,-1.47401857376,-1.36198687553
6603,0.0302159488201,-0.0935564637184,-1.0434794426,-2.07491374016
9019,0.0112687647343,-1.37805461884,-4.57611513138,-2.16470456123
10969,-2.04346251488,-4.65815544128,-4.65891027451,-3.14756560326
9797,-0.43801599741,1.33601915836,5.50007915497,-1.12042403221
4043,-1.05442273617,-0.469538033009,-0.0688469260931,0.0902356058359
9519,0.314211606979,-0.737985908985,0.161753296852,-0.850687980652
8480,-1.77125346661,-1.6948120594,-3.10510540009,-2.42311239243
983,-1.49011874199,0.707729518414,-1.71782565117,-1.69363057613
10559,0.784201979637,0.512162983418,2.30242824554,0.767791152
8508,0.597158670425,-1.02062094212,-1.28935945034,0.417954176664
9275,-0.157796561718,-0.145702973008,-2.03817796707,0.475330710411
8914,-1.27090919018,1.95275235176,3.07243609428,1.31994557381
54505,-1.71605920792,-0.256187081337,3.65207290649,-2.41033387184
6919,1.22056269646,-1.18337917328,1.57655596733,0.851761460304
2274,2.60127449036,-1.29970467091,-1.30520427227,0.682553648949
2288,-0.12101662159,0.000710046500899,0.244581624866,0.845827639103
7994,0.696757912636,-0.453674554825,-0.15811739862,0.376560151577
4216,-0.344660013914,0.543385624886,-0.841102898121,-0.0705855488777
7538,2.60168409348,0.69273942709,1.59956169128,0.611688971519
3628,1.80219471455,1.53173589706,-1.96599304676,-0.960982143879
2037,-1.32582259178,0.901988625526,-0.842033088207,-0.822473466396
2771,-0.131143763661,-0.73447060585,0.514172792435,-0.292894035578
7264,-0.75863546133,-0.930156707764,-1.26599943638,-2.12718081474
1786,-0.402861982584,1.0398529768,1.43011033535,-0.290609776974
5873,-0.806407868862,0.700592935085,1.26869893074,0.433276355267
780,1.22134017944,0.793342411518,1.25851261616,2.28566861153
9926,1.6663544178,-0.327815026045,-1.00618696213,0.349726319313
8446,0.494615733624,0.10032068193,1.53471064568,0.791013717651
7159,1.285115242,1.68567657471,2.58044505119,1.15078556538
1026,2.65357232094,-1.008497715,1.25423824787,2.40794968605
7082,-0.671335816383,0.981944978237,-0.38603118062,0.385426580906
10058,-0.641309261322,-1.97002458572,-0.538179516792,-1.57566297054
10797,0.631795406342,-0.00575801730156,-4.89151859283,0.666636765003
11230,1.54896640778,-0.284891158342,-0.0924363508821,0.370881229639
30836,-1.13031435013,-0.800871968269,-1.549451828,-0.960272729397
27336,-0.122389011085,-0.435129523277,0.930193901062,-0.0731107443571
9918,1.04100370407,1.43444800377,1.62690758705,1.03334450722
79073,-0.913743138313,0.338464975357,-1.20309937,-1.39885020256
9688,-0.0338448286057,-1.53732132912,-2.00195503235,-0.75618326664
23659,-0.631142199039,0.518204391003,-1.72407484055,-0.596736550331
8396,0.323213487864,3.06781077385,-0.441198915243,-0.47260081768
23077,-0.0712436288595,1.21992313862,2.13101887703,0.235220775008
10857,-1.55861032009,-0.220347374678,-1.40994119644,-1.71191620827
16,2.76855111122,2.11364531517,2.22121119499,4.06420564651
2817,0.745140492916,-0.304353028536,4.68786668777,0.185768410563
60528,-1.37591004372,-0.654606223106,0.748718142509,-0.879334449768
5359,-1.20667827129,-0.369678080082,-0.610082864761,-1.05336797237
1514,2.47395968437,-0.977149307728,-1.2595717907,0.0073174238205
1509,0.514077663422,-0.255939245224,1.37632668018,1.19023132324
9181,1.31874477863,-0.497618675232,0.184707552195,0.90869641304
3611,0.717822313309,-0.802105665207,-0.51310968399,0.150202900171
4783,3.71986484528,0.61402630806,0.44161477685,1.82986938953
10123,0.255926132202,-0.0445267707109,0.28784891963,0.234495311975
8895,-1.0446896553,0.298626631498,-4.30960273743,-1.40049290657
9805,0.749038517475,0.122608870268,-1.63919103146,-1.38472688198
4125,0.802755594254,-0.126516133547,-0.254284769297,0.422031015158
1635,0.697581231594,1.00510251522,0.445869147778,-0.457618534565
4154,0.0259199440479,-0.0418315827847,-1.1391710043,-0.760989427567
26292,-1.85082840919,-2.03696990013,-4.54295635223,-1.68895471096
5770,0.472067773342,-1.40101122856,2.31515860558,-0.1406006217
25874,-2.16923666,0.1718300879,-0.214168682694,-0.0825284123421
11319,0.742013394833,-0.218027591705,-0.5526714921,-1.31271457672
1153,0.48946967721,0.491938054562,-2.11321425438,-0.711399674416
11098,2.58452963829,-0.107843898237,-1.25009965897,1.47569000721
8974,1.12525725365,-0.0770823359489,0.270867943764,-0.710777521133
533,0.0510181486607,-0.201582789421,-2.14620304108,-0.75656247139
823,0.881795823574,2.52216672897,1.02773416042,0.148887187243
6812,0.611385345459,0.268429964781,5.95569753647,0.00594654679298
3693,1.3747241497,0.620809435844,-1.69117724895,0.0984497964382
4891,0.78311753273,-0.00380000472069,1.4077026844,1.33066642284
10954,0.27139171958,0.423071682453,-0.921631097794,0.109724134207
5909,2.61982107162,-0.0795144736767,-0.270576417446,2.05683326721
9221,-0.921687424183,-0.996501088142,-0.68338739872,-2.64818334579
847,-0.605239570141,0.265755474567,1.54539823532,-0.514975428581
11072,0.278866946697,0.603578150272,-0.934591650963,-0.975558161736
10221,-0.393831849098,-0.191964834929,0.551097035408,0.0801358371973
7158,0.406380832195,-0.567373454571,0.404759764671,-0.0447488129139
8678,-0.953789770603,-0.274962663651,-1.16136538982,-1.80231785774
11014,-0.576399028301,-0.706898152828,-2.3929605484,-1.18864142895
1994,-0.871385395527,-0.0303792953491,-0.614969909191,-0.995061278343
3482,1.53454816341,0.795418202877,0.665942430496,0.717086315155
25976,0.920881986618,0.729116439819,-0.647851705551,1.81545233727
10491,0.956043362617,-0.261159181595,-1.39241814613,-0.685881316662
51053,-3.12418627739,-0.305094182491,-2.1713013649,-1.14392220974
9267,0.423149764538,-1.24034881592,-1.35763859749,0.914528250694
5547,-0.646385252476,0.906341671944,1.10798788071,0.916537582874
6597,-0.0153511501849,-0.668000936508,-1.48263299465,-2.01374840736
5836,1.07620596886,0.507600665092,0.128816783428,0.539592027664
6118,-1.50376391411,1.37470293045,-0.463978439569,-0.835750460625
2961,0.146402657032,-0.531430900097,-0.510706663132,0.289716660976
310,-0.790994405746,-0.715740323067,-4.19192504883,-1.059491992
7296,1.98859214783,0.0448516607285,-0.945106744766,0.500587403774
1429,-1.53190946579,-1.14324021339,-3.21186542511,-0.909947991371
2548,-0.094041660428,-0.859738230705,-2.78526353836,-0.0266615152359
6499,-0.0841911286116,-1.13620388508,-0.711749315262,0.87244784832
642,-0.820979237556,-0.880906224251,-1.9373729229,-2.58536291122
23076,-0.107362084091,-1.27834296227,-3.0960688591,-2.44985151291
10099,-0.738043129444,-0.616271555424,-0.353318035603,-0.658341050148
9817,0.141438394785,-0.75243139267,-0.522668838501,0.410999745131
9126,-0.336991131306,0.0782752782106,1.26091217995,0.891754686832
3930,0.647221922874,-0.0200118422508,0.0642746388912,0.368673175573
10450,-0.221635550261,-1.04516661167,-0.545087456703,-0.372542202473
54386,0.0237404592335,-1.04414176941,0.163973599672,0.585905015469
664,-0.743315577507,-0.483040720224,-3.86543321609,-0.835939586163
596,-2.18468379974,-0.0291226990521,0.837748527527,-0.526114940643
10180,0.801461756229,1.06799817085,0.342485666275,1.05281853676
1445,-0.207435742021,0.00754715502262,-0.596562743187,-0.536680221558
230,1.76599991322,0.26437741518,0.0322758853436,2.15043663979
9246,0.628429293633,1.20913350582,2.9977722168,1.62685418129
5092,-0.189950674772,0.187010630965,-1.24248862267,-0.452470481396
23463,-1.16611075401,-0.141414791346,-0.22301697731,0.401910245419
10007,1.79659819603,-2.69089651108,-0.650927186012,0.35332775116
4925,0.297686755657,0.338699072599,1.2158626318,1.33580183983
6251,-0.306478708982,0.320530533791,2.13191604614,-0.543146014214
5782,1.7379193306,0.243955329061,-2.01261544228,2.16515350342
5106,2.12642765045,0.0583524107933,2.94652223587,3.84139299393
2673,2.16789340973,1.62905573845,0.791687905788,1.09507131577
644,0.122481897473,-0.331874072552,-1.45616602898,0.580424070358
6284,-1.1033217907,-2.6601755619,-2.86337018013,-1.4317458868
4605,-2.15975832939,0.285871297121,2.78292274475,-2.43697690964
6810,2.05460119247,1.35743975639,0.851370096207,1.87912392616
54499,-0.321199566126,-1.14238977432,-2.52366614342,-2.89312505722
11007,-0.702453374863,-1.5078753233,0.582484304905,2.928388834
1643,1.64930069447,-1.21878123283,-2.12251138687,-1.32419133186
25805,-1.22922897339,-1.46313738823,-0.573348999023,0.214925378561
3033,-1.64277291298,-1.44729614258,-0.127096503973,-1.37845861912
2745,1.33348667622,0.383643865585,0.128519266844,2.25062918663
9961,3.30124235153,1.52330327034,2.92059516907,1.13310468197
3925,-2.95504331589,-0.668580412865,-0.15625500679,-1.50614070892
2582,0.185018286109,-0.0708548724651,-0.520251393318,0.300801903009
5792,0.162406504154,2.40453839302,1.75284647942,0.62998175621
5236,0.0566172748804,0.566289842129,-0.143286943436,0.771372675896
4016,0.594565987587,-0.202322870493,-0.725397348404,0.404485106468
4651,1.61249899864,2.02179861069,-0.9619576931,1.06083321571
3988,0.601728975773,-0.914375424385,-1.31836891174,-1.0061955452
26227,2.81608128548,2.00550174713,-0.589975595474,3.51955246925
7982,-1.17613363266,-0.0369083806872,0.882600784302,-0.402797460556
3551,0.515525817871,1.82061266899,3.23193407059,2.18693065643
5108,-0.213093996048,0.325563192368,-0.306155860424,-0.581531703472
8870,1.22105967999,0.92862534523,-1.54105758667,0.160373866558
2195,-0.411416620016,1.95096719265,-1.57675004005,-0.43607956171
8731,0.767672777176,0.365062445402,-2.14599990845,-0.129096761346
1956,0.498232066631,0.456064552069,-0.23736011982,4.14971113205
10276,0.694785237312,-0.162609830499,-0.45556229353,1.90930581093
1666,-1.01301908493,-0.465002954006,-3.45359706879,-0.478105962276
4864,-0.372187793255,0.0541919991374,0.135244369507,3.13123583794
4232,0.404076009989,0.438452512026,2.03859043121,0.0476450249553
5050,-0.37216463685,-1.03633964062,0.345412731171,-0.139850437641
813,0.76926445961,1.06028819084,-1.10265421867,0.361192554235
3964,0.336003661156,0.48600435257,1.23462498188,-0.730688214302
26020,1.63647913933,0.399224460125,0.0358927100897,2.39781188965
481,2.29121637344,0.00701431185007,-2.00372695923,-0.690980792046
5019,-2.34075331688,-0.513195872307,1.74890244007,-2.14736795425
291,-3.01642203331,0.50691819191,-4.25852823257,-1.92202365398
10973,-0.0603464394808,-0.834540843964,-1.69067239761,-0.693933367729
9697,-1.69285225868,-0.052330635488,1.85336947441,-0.870982408524
5831,1.9515914917,0.237682968378,-1.09449255466,-0.499446600676
8202,1.20141386986,-1.16318249702,1.6437625885,3.33747339249
57804,1.06274533272,-0.796612858772,0.876544654369,1.41645216942
5566,-0.33011084795,0.977402508259,3.13702774048,0.0497906766832
57149,0.234575018287,-2.23431944847,-1.99537861347,-0.518118917942
7416,-0.0860568284988,-0.80854678154,-1.83111274242,0.151369839907
10174,0.0775938183069,-1.51214468479,-0.882247567177,0.276314198971
6676,0.0866890698671,-0.955332040787,-1.98194658756,-0.222958028316
8884,0.977275013924,-0.664988577366,0.662196159363,-1.38907182217
5997,0.686765372753,0.64263767004,-3.62103152275,0.244148746133
57147,0.874123454094,-0.358823686838,-0.929716646671,-0.972887635231
6909,0.379495680332,-0.606430709362,0.214610040188,-0.469037622213
9093,0.516213774681,-3.71556639671,-0.0957736074924,0.0342552363873
23142,-0.080159470439,-0.217176944017,0.502382218838,0.952057540417
8444,-0.038086026907,1.01564025879,0.740492045879,1.04634737968
11232,0.454738765955,-1.58911132812,-0.920503854752,-1.63674783707
27095,-0.0674571543932,-2.3281378746,-2.69134521484,0.271014094353
10732,0.269095033407,0.562616527081,0.406394898891,0.640549778938
23029,0.66140627861,-0.416915506124,-1.6188044548,-0.755998253822
9270,-0.849114894867,-0.714958548546,-1.98847281933,-0.233857303858
47,0.766202867031,4.57178258896,-1.28595781326,0.607112705708
5889,-1.52506148815,-0.625397026539,-0.27140301466,0.61179792881
8243,-0.706583082676,0.865882813931,2.14241886139,-0.0850953608751
10730,3.60087513924,0.97873622179,2.06647515297,0.167769148946
30,0.341424405575,0.217128396034,0.562320351601,-0.0343113280833
7466,-0.161961466074,-0.484410792589,-0.818947136402,0.094926379621
89910,1.08926200867,1.0133920908,-0.234668910503,-1.4165610075
56654,1.65651905537,-0.681802690029,0.319615483284,0.86183577776
501,0.533687949181,-0.577123820782,-0.162896513939,0.045352846384
5438,-4.01445484161,-1.62323737144,-0.400788903236,-0.902390956879
26993,2.24155187607,0.105657115579,-0.0719982981682,0.377484321594
55111,-1.21742296219,-0.755442678928,-0.990285754204,-0.880533516407
8520,-1.41132986546,-0.846715569496,-2.48339605331,-1.72311961651
10146,-1.3166577816,-1.65645122528,-0.769637823105,-2.72156095505
7165,-1.12012350559,0.162116467953,1.48184013367,-0.739518642426
55011,-1.42717003822,-0.337798207998,0.508414983749,0.91947644949
6461,-0.140034765005,-0.81042277813,1.59035277367,0.0902554094791
10813,1.54479050636,-0.6376734972,-0.407030463219,-0.675276994705
80746,-0.76349657774,-0.788097977638,-3.15280103683,-2.57698655128
10434,-1.9999332428,-2.76555967331,-3.61054563522,-1.12990951538
5607,0.429831564426,-0.343406111002,0.234741166234,1.11648929119
22827,-2.26249027252,-2.5245912075,-2.29422903061,-0.808711886406
51635,0.179877519608,1.04970574379,-4.46615695953,-0.120895281434
84159,0.317377597094,0.719126224518,3.30824971199,1.96402657032
3508,-0.185156404972,-0.420620113611,1.82909750938,2.83702421188
84890,1.57683348656,0.399346828461,-2.715487957,-0.622889816761
79600,-0.0129575878382,0.844113230705,2.29639625549,0.642374634743
8574,-0.207600802183,-0.767636060715,-4.05074310303,0.312760055065
5529,0.638690948486,-0.611942231655,-3.33783006668,-0.566220223904
3909,0.406455397606,1.07432365417,1.62602007389,1.30828595161
9637,0.670347452164,0.253904104233,0.290103822947,2.43153882027
8518,0.184585034847,0.612679481506,-0.228930532932,-0.945904493332
6443,-0.869240760803,2.46047115326,-2.28066301346,-0.337150663137
58478,-0.147415593266,-2.93504905701,-0.968444049358,-0.756645321846
4850,-0.314798653126,1.35624539852,1.45290613174,-0.690417170525
23210,-0.665129125118,-0.897499978542,-3.55172586441,-1.60513496399
54733,0.877547800541,0.562785327435,-4.3466424942,0.0877376869321
55129,1.11317873001,0.249642550945,-0.751022338867,0.00268661975861
10273,0.0,-6.28600978851,-0.765663206577,0.404053121805
572,0.116017214954,0.276685357094,-3.75209784508,-0.694846868515
5716,-0.444127559662,-0.0574507713318,-2.00163054466,-0.661613106728
22841,-0.0457297563553,0.531586170197,0.095951102674,0.191790491343
2356,-0.214545160532,-0.270923823118,-0.615328431129,-2.95779728889
6050,-0.333043009043,1.61235821247,-2.92332839966,0.509213745594
64422,-0.483505129814,0.664789438248,-0.929109096527,-1.50152301788
8837,-0.0257769152522,-0.615286529064,0.7811024189,0.637046217918
55127,-0.0230861902237,1.53557741642,2.59438157082,-1.04253101349
23335,-0.0848117619753,0.577428877354,1.57934749126,0.178519278765
10270,-0.080966681242,0.332746863365,-3.10470962524,-0.143727093935
6509,-0.617179214954,1.71233379841,1.22434258461,3.19532155991
83743,-2.10172080994,-0.654198408127,0.385380029678,-0.462330847979
6772,-1.11751246452,0.62422978878,0.654809296131,-0.134906306863
22887,0.711223602295,0.225250035524,-1.04491877556,0.762020349503
51001,-1.03026068211,-1.55001592636,-2.01783442497,-1.87304472923
26511,-0.444799631834,-1.36110007763,-0.601218938828,1.11200153828
7874,-0.492785811424,-0.998008847237,-1.30613052845,-1.57325983047
51070,-0.678153991699,-0.485183417797,-1.61403179169,-0.794705867767
1738,-3.47636556625,-1.4293794632,-5.87077188492,-3.49122262001
3416,-0.838366210461,-0.0337864756584,1.7959305048,-0.80940926075
9128,-2.81688499451,-0.707062840462,-2.27815413475,-1.90791237354
9833,-1.28419947624,-0.269976735115,2.36977720261,-0.401150494814
4088,1.89675736427,0.53412592411,-0.427249670029,1.33006572723
5018,0.785826086998,-0.238381892443,-3.06651854515,0.755709171295
51375,-0.485080301762,-3.39201045036,-0.554200053215,-0.407918810844
55038,-1.0605840683,0.582734763622,-0.213215738535,0.824931979179
23061,-0.465084850788,1.58318579197,-0.770301222801,0.280494391918
64428,0.0268233418465,1.93759906292,3.80136585236,0.993352770805
11325,0.418166607618,0.22513641417,-0.35978025198,0.333521127701
9641,-0.59185385704,-0.87917971611,1.07178997993,-0.777708590031
23038,2.70307731628,0.384611219168,1.46129834652,1.41452097893
57048,0.285108417273,1.2346521616,1.51239538193,0.221602037549
94239,-0.458244532347,0.278192013502,2.89773488045,0.114723436534
51203,-1.87256646156,-2.97402644157,-0.13770198822,-0.740187346935
388650,-1.5215035677,0.675854623318,1.24809551239,0.157608687878
23039,0.336472570896,-1.36243915558,-0.823274612427,-0.98703110218
55179,-0.507309377193,0.74512398243,2.31827139854,-0.201090693474
5827,-1.29290282726,-0.704199075699,-0.0465343594551,-0.964867711067
10245,0.333637565374,1.58851647377,0.292400717735,-0.476446986198
6813,0.875076591969,-1.28968369961,-6.13902616501,0.865310132504
3251,-0.392344892025,-2.05264186859,-3.53951883316,-1.55268907547
23212,-0.86535513401,-0.210367277265,-0.590658485889,1.00342595577
23536,1.12473344803,-0.668225944042,0.848317205906,0.118408337235
51282,-0.695282280445,-3.56098508835,0.0416500642896,-0.436394751072
10227,0.78256726265,0.727029681206,0.592771291733,0.0141945183277
50813,0.0869604349136,-0.578594326973,-0.414007514715,-0.72881758213
51024,0.0445993244648,-2.59201169014,-0.379957020283,-0.14892488718
53343,-0.292573362589,1.43577003479,3.52952980995,0.47775515914
1465,0.726563692093,-0.32035446167,-0.523916780949,0.353949368
79006,-0.941828072071,-0.900129914284,0.129175841808,0.536047279835
6988,-2.09717059135,-1.48021507263,-1.55718278885,-1.41559815407
11011,2.29543590546,1.55767405033,1.43339943886,0.724897861481
23325,1.09164476395,-4.34630584717,-0.423651516438,0.531432747841
10049,-0.25809237361,1.08135604858,0.171228960156,-0.107050277293
3157,3.5777759552,3.4707505703,-1.20702028275,5.59100389481
200734,0.594398200512,-2.18464231491,2.22533726692,1.2808470726
9053,2.33062195778,0.0547015368938,1.48620676994,-1.69088149071
79094,1.20119810104,0.720442712307,1.20366084576,0.676249742508
2778,0.353504240513,-0.882167220116,-0.787361979485,0.221708580852
54881,-0.521826863289,-0.699911057949,2.43212628365,-0.182856857777
54807,0.491474181414,-0.439915716648,-1.38360607624,2.15694046021
323,0.818390786648,1.67405962944,3.17300796509,1.28408789635
26001,0.206913128495,-1.14684069157,-3.34007549286,0.573663711548
10190,-1.17473363876,-1.0374045372,-1.93082213402,-1.56869339943
9686,1.28548920155,0.0552279949188,-0.012009061873,1.12169504166
54915,0.584762454033,-0.666459560394,-1.75166773796,-0.258219778538
23658,-0.151049137115,-0.908447623253,-4.77154493332,-0.349578171968
7750,-2.48474192619,-0.429180085659,-0.326957345009,-1.11180365086
79643,-0.567969083786,-0.85830616951,-0.563124299049,-1.32945263386
9488,-0.46233522892,0.292199581861,0.427442669868,-0.217699572444
11200,-1.20828342438,-1.38583028316,-2.99744677544,-1.16189908981
65057,0.299470722675,-0.608276724815,1.79597771168,-0.0953710526228
6832,0.577650904655,-2.54757356644,0.995924115181,0.190560728312
23131,0.869037032127,1.07155227661,5.71798992157,-0.284457445145
10776,-0.901603877544,-0.744931340218,-4.16058349609,-0.395905464888
6253,1.01449418068,0.453086942434,2.57570457458,0.541138529778
79716,1.65622663498,0.0725392699242,3.45004892349,2.00442266464
29978,1.11957716942,0.600273549557,-6.82763385773,0.685415685177
9988,0.517853140831,0.936515927315,2.5631403923,0.475071012974
10845,0.121864795685,0.0163418650627,1.6641985178,0.0699711292982
54957,-0.752007603645,-1.60404014587,0.783092141151,-0.695588231087
79170,-0.379309475422,2.22093582153,3.61661076546,0.764867603779
10610,1.70863199234,-0.22091986239,0.985787272453,3.27858924866
128,-0.287216812372,0.0385087281466,0.0199463143945,-0.462103664875
51026,-0.91724807024,0.166507929564,-2.54504442215,-0.366199731827
5498,0.29716232419,1.00064778328,2.0083398819,1.10413122177
124583,-1.26053726673,-1.27015936375,-2.85603475571,-0.417113304138
9455,0.610869884491,-0.0447252243757,0.851597070694,0.290919959545
1212,-2.19275808334,0.101270459592,0.649872660637,-0.299439370632
5255,-0.348623275757,-0.29071983695,1.3442350626,1.07507824898
9448,1.34955239296,0.386384606361,-2.12623429298,1.37764573097
9924,1.20193743706,-0.264795005322,1.91262662411,1.59971690178
5480,0.0955907702446,-1.00249910355,-1.86149859428,0.904288768768
1983,-2.87719583511,0.193758100271,-1.11864519119,-2.0754597187
56889,0.85971558094,1.11855351925,0.202648103237,-0.700404703617
79080,-2.10014843941,-0.441400915384,0.654384493828,-3.58066892624
9016,-0.269046187401,0.159990102053,0.550806820393,0.0356101468205
6915,-0.196206510067,1.65385389328,1.6125972271,0.0556395500898
9709,2.63863277435,2.0151450634,1.08237314224,1.89412617683
116832,-0.740551948547,0.171254992485,-1.15808141232,-0.928399801254
670,-0.890825271606,0.23608481884,1.21477353573,0.139566600323
7867,-0.400510072708,0.171542957425,-2.00280642509,-4.06675863266
79143,0.538381159306,1.5124874115,1.60624825954,0.551247954369
11284,0.468632936478,3.13476228714,-0.163243085146,-0.232580453157
23443,0.0956249162555,-0.0880094468594,1.73607861996,0.278232038021
51599,0.226908117533,0.216077357531,0.980645298958,0.116825401783
5927,1.18042552471,-0.630170583725,0.834695994854,0.625586271286
55793,0.373432189226,-0.350614786148,-0.203661233187,0.770276665688
5867,-0.0379195809364,0.999756455421,-0.332062721252,0.199757754803
7866,-0.236965477467,-0.643316090107,-2.90993666649,-1.24459397793
25825,-0.729592263699,-1.12725031376,-4.59192228317,-0.92172896862
4067,-0.675175070763,0.132364600897,1.56214690208,-0.787402749062
51015,-2.37255167961,-0.587574124336,0.337095230818,-1.12689471245
5891,-0.27525895834,0.979802548885,0.616076827049,1.82433724403
3300,0.405014157295,0.7553845644,1.1319886446,0.0499281138182
64781,-0.775873422623,-0.37299901247,1.15421676636,0.356969207525
51056,-0.471630096436,-0.954793274403,-0.0914107859135,-0.904034078121
8550,1.07127296925,-0.166180819273,0.567297279835,0.351881146431
50810,-2.11536955833,-0.697525978088,-3.66142702103,-2.05708289146
23011,-0.145671933889,-1.4713768959,0.612649917603,0.571924686432
11168,-0.735507726669,1.46026337147,-0.507857859135,-0.0025187432766
1385,-2.15992903709,-2.09042072296,0.97987896204,-1.23256194592
10150,1.04660201073,0.174191296101,-1.69402587414,0.354711741209
29763,-0.698183834553,1.32210683823,0.439046263695,-0.676767706871
9112,1.26277709007,0.072186216712,-0.112322948873,0.322569578886
23499,0.525978505611,0.309064477682,-0.371843844652,0.702807426453
85236,-2.40662002563,-0.409667044878,-0.824688196182,-1.2329543829
5096,0.0444323346019,-1.50780773163,-1.34735512733,-0.645840764046
55620,0.596359491348,-0.648525893688,1.71892976761,1.18065035343
5373,-0.860824048519,0.867459118366,2.69035863876,0.910247087479
51170,0.217959493399,-0.428810119629,2.00927901268,-0.0254192948341
54850,0.935239434242,1.46302163601,0.89957100153,-0.207801535726
80349,-0.692512392998,-1.74745845795,-3.29642486572,-1.54509544373
355,-0.308763056993,0.190660476685,-1.38294172287,-0.576459765434
1062,-0.718218445778,0.0154441520572,0.0964696481824,-0.139843702316
8804,0.761978268623,0.760477900505,1.23181831837,0.100070521235
80758,-0.00422066450119,-4.77566623688,-1.71542096138,-1.14139330387
375346,-0.700109124184,0.503189146519,0.633713781834,-0.866040349007
51385,-0.386963784695,1.28811907768,1.54952573776,0.338826775551
55748,0.19797334075,-0.72179210186,-2.40010786057,-1.20729875565
10318,1.73684215546,-2.66501951218,-6.01911640167,1.96771764755
54681,-2.57130885124,-0.0726880729198,0.333401918411,-4.07923412323
7905,-2.05011844635,-0.633468747139,-1.87257885933,-0.845702946186
28969,-0.201708212495,1.84258234501,-0.322707295418,-0.901794075966
10668,-0.454934179783,-0.432589650154,-1.56960463524,-0.361241400242
51005,0.425452113152,0.223348289728,1.32192492485,0.969675242901
8800,-0.852696180344,1.08571970463,3.6100590229,0.771037817001
54438,0.170405954123,0.399813532829,5.10720348358,-0.158317327499
55825,-1.16476774216,0.107188731432,0.15613886714,-0.161978170276
8835,0.647065758705,1.70724534988,2.26324129105,0.82385545969
64429,-3.98157739639,-1.06141662598,0.152059644461,-1.19654393196
3682,-1.38184785843,-3.29645490646,-2.96794676781,-1.65264451504
10329,0.249698713422,-0.661349058151,-1.6434789896,-2.01732110977
27109,-0.710049271584,-1.32016146183,-3.81182074547,-0.94810205698
51335,0.915188491344,0.69546443224,1.40861582756,-0.780373871326
3202,-0.383999556303,0.240446642041,1.30280590057,-0.214150458574
2896,1.65849173069,-0.340230494738,0.8996347785,1.67615938187
79902,-1.3260062933,-2.25710725784,-0.209554672241,-0.542408943176
29083,-1.22467267513,-1.0086261034,-3.95200419426,-2.02264308929
5747,1.43457460403,1.55034399033,-1.38722229004,2.60136604309
22905,0.379739701748,-0.0669192075729,1.53648257256,0.829229593277
63933,-0.693296015263,-0.883787870407,-1.3352997303,0.25400185585
9847,0.100681424141,-0.408965706825,-6.13235902786,1.03682947159
51021,-0.162947058678,-3.73170471191,-1.58750200272,0.586770832539
8996,-0.929074347019,-1.0426350832,-0.474987208843,-1.52667284012
7376,-0.22118768096,0.673851728439,1.47103667259,-0.0592692196369
5357,-0.210394635797,0.473527789116,-1.50005364418,-0.285434424877
56940,-0.331426143646,-0.87375831604,-0.756257891655,-0.666066706181
6195,0.664488852024,0.406778454781,-0.658814430237,-0.423119097948
1633,-0.785293757915,0.0697180628777,-1.81909430027,-0.14929972589
23321,1.14818429947,2.07505321503,1.50284576416,1.19586324692
51160,0.573310494423,-3.71975016594,0.807767271996,1.16650462151
55604,0.397719085217,-1.40884804726,0.198548048735,0.17491081357
2063,-1.43875646591,-3.85946893692,0.987646877766,0.890018284321
54512,-2.11845874786,-0.100221574306,0.300800979137,-1.88084256649
9124,1.26688039303,0.271488338709,-0.678795397282,-0.21800711751
79174,-1.11209487915,-0.10279866308,0.567555248737,-0.445778548717
23223,0.887632369995,0.19502954185,-0.463805615902,-3.73772144318
39,0.434262096882,-2.05496120453,2.22250247002,1.16681540012
57215,-1.08995485306,0.956380844116,-0.149704307318,-1.94917285442
1052,-0.180547609925,0.720816731453,2.64321398735,-0.354074090719
23139,0.574052870274,0.612828671932,1.92888259888,1.40444970131
79947,-0.139272391796,0.323910117149,0.598117649555,-1.15586960316
4616,-1.15380191803,-0.874673843384,-0.117512524128,0.766781747341
9710,0.494918823242,-0.210001125932,0.644643783569,0.530614495277
6990,0.130725264549,-0.986113667488,-2.44573903084,0.416966944933
29082,-1.03068089485,-3.48051381111,-1.93859767914,-1.69128930569
9670,0.445646584034,0.913567304611,4.02241039276,0.418639928102
81533,0.742809057236,0.252994000912,2.7818365097,0.270062178373
10525,0.116767965257,0.197971522808,1.87604010105,0.103153847158
2353,0.867433130741,0.754549860954,0.30633726716,-0.102986603975
57192,2.91822290421,1.01044869423,1.0271037817,-0.285283029079
3398,-0.74663746357,-1.11965608597,-0.67176258564,-0.114562958479
3775,-1.0001616478,-1.09644925594,-1.28955495358,0.151707321405
26064,0.486908644438,0.582212030888,0.564495205879,1.92687606812
29103,-0.537650942802,-0.0422874093056,-1.45584535599,1.20480036736
3206,-0.903961181641,0.453633219004,-2.07051372528,-1.20914840698
1500,0.285379856825,-0.437110900879,-1.39530432224,0.487332880497
7690,0.531454324722,0.0256274342537,0.127893209457,-0.604968369007
29911,1.30719065666,0.615947365761,0.676012277603,1.12871789932
2064,1.03509271145,0.0826690942049,-1.12893712521,2.14266061783
65123,-0.159093618393,-0.488267987967,-0.054459258914,2.69050955772
5986,-0.364467740059,-0.914946317673,0.304612994194,2.26949644089
85377,4.23652601242,-1.09259521961,-0.336579024792,0.642583250999
9903,0.270489990711,-0.18220949173,-0.710909903049,-1.09490001202
7088,0.88149613142,0.200211986899,-1.24430823326,-0.857023239136
22796,0.782942116261,0.308111488819,-3.91005253792,-0.458658218384
51116,-1.99725091457,-0.861357927322,1.17770028114,-1.5279750824
54442,-0.559687495232,-0.278930127621,-1.67616868019,-0.805943548679
10695,0.23813405633,1.20835351944,0.6266477108,0.769637107849
102,0.165167421103,2.27510166168,2.25665521622,0.4969201684
965,-0.939723849297,-0.6056599617,-0.448259830475,0.589546084404
3800,1.19741225243,3.26502656937,0.444373846054,3.25486207008
10362,-0.199904173613,-3.74721097946,-1.12908136845,0.155980959535
5300,-3.03730201721,-0.579492688179,-1.75734758377,-3.89378404617
8270,-0.788040757179,-0.923282921314,-1.19943892956,0.00271564722061
27242,0.966669559479,0.744720458984,1.25999164581,1.22401642799
9928,0.487595260143,-0.146799907088,1.51413369179,0.221738830209
1534,-0.341211110353,-1.10017514229,-1.37861168385,0.342369735241
5654,-0.0647142976522,1.0993090868,0.564975857735,0.0066978931427
10810,0.279680103064,1.76915228367,1.88614821434,-0.753375649452
7105,-1.25888931751,-0.722248256207,-1.88283205032,-0.868655979633
23014,0.471286386251,-0.613459408283,0.58054459095,-0.0890660583973
55012,-0.0885143727064,-0.355990678072,-1.57607746124,-4.02492427826
2887,1.69464325905,1.04410362244,2.34922194481,-0.227819770575
9183,-1.24770927429,0.447931587696,-1.18551659584,-2.29928612709
11151,-0.484432905912,-2.06282305717,1.64652132988,-0.702372431755
7511,0.257899165154,1.19885444641,0.866009712219,1.30936694145
10046,0.212114751339,-1.30002105236,-0.891851603985,0.325090885162
1829,-0.762129306793,1.2794907093,2.99883842468,0.888583660126
11000,0.11454898119,0.109589934349,2.82938551903,0.399266988039
976,2.08568334579,-0.0611115694046,-0.794743180275,0.436376452446
3597,0.57512575388,1.8584959507,3.90815830231,1.66800844669
178,-1.1774661541,1.72689342499,-0.358900547028,-0.2940928936
2625,1.03024983406,-0.298904538155,0.632364690304,3.7946023941
6119,-1.11203956604,-1.29590010643,-1.64876937866,0.105943471193
26136,0.543652951717,-2.81260585785,1.92798638344,0.0244537591934
6697,-1.11227464676,-0.22721798718,-1.78524160385,-1.4238152504
5971,3.07817840576,0.0809344127774,0.073693215847,1.76632750034
22934,-0.03766939044,-0.911918878555,-2.21998023987,-0.0253602452576
9289,1.55931401253,1.62329554558,0.743463039398,1.58570814133
4931,0.130359888077,1.36580455303,0.975234389305,0.575624704361
4200,-0.954476475716,0.48870202899,0.598561525345,-1.31685626507
93594,0.523010969162,1.76862502098,-0.335745275021,1.96490895748
5982,-4.82920646667,-1.88317847252,-1.39894807339,-1.5781018734
26520,0.801184058189,0.057137131691,-0.506264984608,-0.825380921364
4998,-0.478295087814,0.714726567268,2.49183607101,0.81364607811
10038,-1.12270271778,-0.0151728987694,-1.03932499886,-0.00886292755604
60493,-1.4605743885,-0.769968152046,0.529194355011,0.398718774319
51495,-1.64362478256,0.358154088259,1.01178872585,0.356168627739
4482,-1.65008068085,0.771003961563,0.617655515671,0.142733573914
23224,0.289343833923,0.83786123991,0.205703437328,1.86988377571
9690,-1.97082901001,-0.298984140158,-1.64743089676,-1.37044870853
80212,0.934989273548,0.448854923248,2.40001606941,4.15652418137
29928,-0.265848100185,-0.555061459541,-2.12176632881,-0.230877578259
22809,-4.46207427979,-0.554530501366,0.317111730576,-1.47654938698
50814,0.341122746468,-0.168998360634,0.00919117033482,0.459013432264
55256,-1.91498422623,-1.04593503475,-3.6132516861,-0.972187638283
56997,-0.513089537621,0.448860108852,-0.839906930923,-0.719046413898
81544,0.357012748718,-0.500820279121,2.41141462326,0.790794849396
6894,1.40117001534,0.917878687382,0.215474247932,1.34447312355
64080,0.0112881809473,-0.981267929077,-1.94244861603,-0.770796298981
55818,0.339209377766,-1.1108314991,-0.0685132443905,0.0275209397078
637,0.403757154942,0.56900036335,-0.787529706955,0.253312051296
22823,0.340598642826,-0.110704302788,1.0873568058,-0.748490691185
5287,0.39865899086,0.31213375926,0.737479925156,0.495597690344
91137,-0.499891996384,0.480418682098,-2.18618249893,-1.27211999893
23097,-0.251904666424,1.60934710503,-0.436145454645,-0.426175892353
9851,1.04299163818,1.48806977272,-0.921828150749,0.516854405403
23522,-1.05484557152,-1.04541969299,1.10456430912,1.69822382927
1123,0.11281055212,-0.1975055933,3.24066448212,1.87478506565
5603,-0.514811694622,0.132606685162,-0.400580644608,-0.121904537082
51569,-0.24327839911,-0.073344618082,-2.66656732559,-0.760089159012
55699,-0.351891130209,3.26931476593e-05,-0.0632054507732,-0.793709635735
2624,1.22776484489,-0.40517398715,0.897039890289,1.10267055035
8204,-1.61773228645,-1.37525367737,-4.95975065231,-0.46522384882
9133,-1.64061999321,-0.829874157906,-2.54016423225,-0.984806656837
10921,0.607035160065,-0.287776082754,-0.463951051235,2.81031703949
51742,-0.669722080231,1.17087709904,-0.511274933815,0.888755857944
2954,-1.63570737839,-1.23203015327,0.450458973646,-0.680910408497
27244,0.139686226845,-0.303950339556,1.21094703674,-0.158966392279
23013,-0.117637142539,1.01791405678,-0.0165545344353,-1.05237078667
8050,-0.419855386019,-0.992403209209,-1.64575278759,-0.756476998329
79961,1.28213381767,-0.883273243904,0.798052668571,0.641680598259
2017,-0.396348804235,-0.0395764410496,-1.38201785088,-0.710609316826
55148,0.557841777802,0.0336787700653,-0.14269335568,-1.79198622704
960,0.311387181282,1.43236637115,0.588855862617,-2.84741568565
10451,0.130211800337,0.862396001816,1.09759616852,0.233682945371
57406,-0.320369571447,1.23200857639,2.22638225555,-0.0682882666588
51719,-0.132993265986,0.370144367218,-0.246166467667,-0.737951397896
7074,0.718372762203,1.26578915119,0.855015993118,0.414864063263
10059,-0.754679739475,-0.288038551807,0.584028363228,-0.862495422363
51071,-0.647311449051,-0.521734118462,-0.531444787979,0.231209874153
5796,0.81169295311,0.531730115414,2.631285429,0.648978054523
55008,-0.405810892582,0.299385607243,-0.24318151176,0.197355270386
23597,-0.211315184832,-0.157245874405,-2.26189684868,0.492664396763
8869,1.98484826088,-0.060082256794,1.64757788181,0.854847192764
8727,-0.502906084061,-0.0415684357285,-1.04908931255,1.22395944595
63874,-0.227662578225,1.04512619972,1.27706050873,0.24775955081
8821,1.21341395378,0.692553639412,0.141153812408,0.234523236752
57178,-0.203339740634,0.741250216961,0.237746953964,0.898464679718
5468,1.18747985363,-0.381286740303,-0.558209002018,0.487799823284
10557,-0.599621593952,0.33755427599,-1.32392442226,-1.19777584076
831,0.807298660278,1.25386309624,1.51720070839,1.33172214031
9531,-0.725511372089,-0.61283904314,0.260669946671,-0.388259828091
2767,0.182351231575,-0.538211762905,-0.250293791294,-0.754979133606
1861,-0.756874501705,-0.366827487946,0.626704454422,1.55543351173
10165,0.0119219720364,0.137134417892,-1.15619885921,-0.938268065453
7106,0.532867312431,-0.775588572025,-1.83240187168,-3.78061151505
2908,0.0238992273808,0.448964774609,0.732210814953,-0.0409426242113
57761,1.66797447205,2.13650751114,3.1255106926,1.90039241314
23338,0.352877616882,2.33519363403,-2.04109787941,-1.60265123844
7852,-0.0113148093224,2.64340162277,2.35561943054,0.322643816471
55033,-0.358373552561,0.562313854694,-0.392342299223,-0.099218159914
57019,-0.132133349776,-1.15728449821,-0.631111800671,-1.66015017033
91949,-0.33791205287,-0.979946494102,-0.383358120918,-0.282778531313
84617,-1.62768495083,0.107884049416,0.591622769833,-0.712937474251
25,-0.51781129837,0.555611491203,1.31304097176,2.81672382355
899,-0.817637503147,-0.50632250309,-1.043872118,-1.28103494644
79850,0.386002898216,0.507534921169,-1.48673379421,-0.738319337368
51466,-0.931863903999,-0.758209943771,-0.411501318216,1.45728254318
2852,-1.49900865555,1.48176801205,0.172245800495,0.181353449821
55837,-0.138127610087,-0.09882850945,-0.416171193123,-0.508931279182
2131,0.630789220333,0.915982186794,3.23836302757,0.428217530251
5427,-3.15964269638,-1.18418550491,-1.47430372238,-2.42454433441
25966,-0.362273395061,-0.631762862206,-0.27716550231,0.551811933517
55608,0.157172948122,1.58435964584,-1.7457139492,-0.526061356068
1662,0.193031057715,-0.801265120506,-1.03133618832,-1.5009188652
9702,0.576260089874,1.19966101646,1.37789905071,0.7750852108
11031,-0.148997142911,1.12053143978,2.29206562042,0.430340737104
10057,0.459663182497,1.15371775627,0.129844397306,1.80088353157
5985,-2.35008215904,0.261055529118,-1.00719702244,0.188512355089
3280,2.09208679199,0.0407409667969,-1.19288790226,0.705586791039
55958,0.178558170795,1.50132369995,3.69775056839,1.59012103081
51465,0.763000130653,0.324428379536,0.367177248001,0.981944203377
2542,0.283140063286,-0.330901443958,-0.0582480430603,-0.79526591301
10641,-0.86031126976,0.798025906086,1.76358151436,1.3436473608
11137,0.0303733274341,-0.39772772789,-2.55294561386,-0.731947720051
9842,0.101224958897,-3.11621975899,-0.0441654324532,0.443046540022
10493,2.46187591553,0.212363779545,-0.428413271904,1.13887810707
10112,-1.3286588192,0.356862485409,-0.7803170681,-2.60155320168
1001,0.453936845064,-0.522398710251,0.67621409893,1.28642225266
23635,-0.465458214283,1.1076785326,4.38297462463,0.0230160951614
29916,0.536870002747,0.0611111968756,2.00326037407,1.38468229771
2810,0.0741128250957,0.181594029069,-1.35227286816,0.188384920359
5993,1.5210340023,-0.409555435181,0.957432508469,0.953656435013
11142,0.225956082344,-0.715583920479,-0.470456331968,-1.11439466476
79187,-0.952342569828,0.36883354187,0.984512865543,1.24877417088
51382,0.362733751535,-3.84529280663,0.407972037792,0.316332489252
8318,-3.64845395088,1.52115476131,1.70565342903,-2.18909311295
9695,1.55007517338,0.926936745644,1.00898993015,1.37493598461
9712,1.62874090672,-1.24394702911,-0.300062209368,-1.22776246071
64943,-0.279810637236,0.0456979572773,0.311948657036,-1.25870108604
9738,-0.143760025501,-0.533865094185,0.422095358372,-0.364798486233
6793,-0.420438885689,-0.664756774902,-0.21752011776,-1.24072027206
7358,0.293511152267,-1.14467811584,-3.16680860519,-0.417921513319
58472,2.91424512863,0.0491070374846,-0.466336369514,0.546783864498
50865,-1.21133089066,0.16289255023,-0.360236555338,-0.910151481628
23200,-0.42723929882,-0.0373456478119,1.95224273205,0.923215806484
51293,-0.293460190296,-0.657288789749,-1.46580314636,-2.56221461296
10962,0.286389052868,2.16098070145,-1.56059753895,-0.251798421144
10153,-0.6082072258,0.488363713026,-0.615314722061,-1.50267374516
874,0.113156110048,-0.197097614408,-1.2387907505,-2.22368788719
