rid,CPD002_MCF7_24H:BRD-K61443650-236-09-9:10,CPD002_MCF7_6H:BRD-K61443650-236-09-9:10,CPD002_PC3_6H:BRD-K61443650-236-09-9:10,CPD002_PC3_24H:BRD-K61443650-236-09-9:10
5720,-5.98169994354,-2.18927717209,-0.580788135529,-10.0
466,-2.69609999657,-1.11940050125,-2.27282500267,-5.66149997711
6009,3.80780005455,0.418805778027,-0.353642702103,1.91960000992
2309,0.0954999998212,-0.100568413734,0.944669246674,4.51289987564
387,-1.77960002422,-0.979162156582,0.398011505604,-5.9889998436
3553,1.66559994221,0.824652373791,0.693468332291,-7.27939987183
427,-1.49070000648,1.08173179626,0.918660283089,-4.63460016251
5898,0.907700002193,0.265292912722,-0.451349884272,8.41180038452
23365,-0.773100018501,-0.127559602261,2.60350108147,-3.75419998169
6657,0.750899970531,1.54163718224,1.55894303322,5.08620023727
5054,3.16880011559,2.0321855545,1.39692521095,-4.90210008621
3108,-0.629999995232,-0.143403112888,-0.198889404535,2.14619994164
1950,2.31949996948,0.230407387018,0.962884426117,3.92499995232
351,1.27909994125,-0.668581366539,0.44922465086,4.42350006104
4846,-0.484899997711,-1.9570376873,-0.209546804428,-0.201199993491
1452,2.4333999157,-0.464152097702,0.422555446625,1.11790001392
4776,0.575200021267,1.19535803795,0.813828468323,5.9781999588
6908,-2.53859996796,-1.84310567379,-1.36218285561,-4.70039987564
672,-1.30680000782,1.9850435257,-1.07448101044,-8.43369960785
5710,-0.149100005627,-0.851395606995,1.20680320263,0.968200027943
2115,-0.0731000006199,1.88776659966,0.349122405052,-4.2185997963
7015,1.39789998531,0.831651389599,1.34609436989,10.0
8726,-0.882000029087,-1.332254529,-2.17944812775,-2.38199996948
2185,1.34010004997,1.01987314224,1.02293729782,4.0939002037
3315,0.000699999975041,-0.163889527321,5.54218482971,6.10510015488
5289,2.62540006638,2.68877410889,-0.49497833848,5.22940015793
868,0.987600028515,0.311804026365,0.722926318645,8.17280006409
1677,-0.594200015068,1.35428333282,1.29615342617,0.950500011444
7043,-0.00850000046194,0.328696936369,1.01623749733,-1.17550003529
5613,1.59969997406,0.605613827705,0.178547248244,2.04940009117
595,-1.58550000191,-1.45205831528,-0.373995840549,-3.19059991837
4793,1.07760000229,1.08212292194,-0.141773745418,0.787699997425
2736,3.71770000458,0.290814936161,2.88393592834,2.2664000988
5290,1.08630001545,0.540359973907,0.748342514038,7.61880016327
6194,0.0,-0.589684247971,-1.21560573578,2.75460004807
1676,1.00929999352,0.761515259743,0.281000465155,1.31099998951
23512,-2.66890001297,-1.69509577751,-1.9608938694,-4.6658000946
148022,5.22800016403,-0.577866077423,-3.054697752,-0.377099990845
1906,1.07899999619,1.84075093269,1.05099701881,2.08629989624
8878,6.07569980621,3.35773849487,5.38728618622,6.80630016327
3091,1.1576000452,-1.28570091724,-0.571008086205,-1.07379996777
5743,0.0,0.0234841704369,3.33165478706,-0.0634000003338
5321,1.53450000286,0.290788710117,0.915870308876,1.75479996204
4144,0.368400007486,-1.22029650211,-0.34600007534,3.90359997749
1981,-0.409900009632,-0.506425619125,-0.160119816661,0.133499994874
695,-1.45150005817,0.188547253609,-0.144977658987,0.0653999969363
10398,1.42149996758,0.783258020878,-0.573729217052,-1.0909999609
5708,0.168899998069,-1.92893862724,-2.89577913284,0.0
1213,-0.410499989986,-1.98114359379,-1.60811257362,-1.43859994411
226,0.558300018311,0.125215232372,-1.11389970779,0.745999991894
6777,-0.428000003099,-0.131283611059,0.507084965706,0.482600003481
2113,1.12699997425,0.976402044296,0.790170252323,-0.528100013733
3329,1.65050005913,3.43236160278,0.762466549873,3.5732998848
1050,3.62660002708,1.24910986423,1.18985855579,6.32119989395
9491,0.978299975395,1.97818446159,0.0991949141026,2.65019989014
22926,-1.62740004063,-2.5899643898,-3.37106513977,-4.30119991302
5899,0.463099986315,1.50634384155,-0.150332719088,-3.16849994659
5467,1.11699998379,1.50543212891,2.11891007423,5.49639987946
6774,1.40160000324,1.08206105232,-0.334054380655,6.27339982986
1788,0.844299972057,-0.355559825897,-0.0930044651031,3.58069992065
5921,0.279300004244,1.10707938671,-0.391475021839,1.70000004768
5721,-1.55529999733,-1.12519741058,-0.191456317902,-0.60900002718
2263,1.11249995232,1.62294602394,1.19111859798,5.90590000153
808,0.674499988556,1.48238277435,0.00397926568985,3.79959988594
30001,-1.72590005398,0.0972967967391,-1.38103234768,-3.82130002975
348,1.17900002003,0.94974899292,0.701909542084,7.79040002823
30849,-2.21269989014,-0.838583707809,-1.86388373375,-4.98820018768
1454,0.186900004745,0.548258662224,0.000722587108612,-0.412099987268
6500,-0.772800028324,-0.852708816528,1.1906400919,-4.48780012131
5627,-1.79289996624,5.25936126709,-0.831139087677,-4.10890007019
5715,0.590399980545,-1.14667868614,-0.748232841492,-2.35840010643
4791,2.06430006027,-0.0172423273325,3.84134721756,1.6862000227
56924,-0.603699982166,-0.0387014895678,-2.83090615273,-9.07240009308
2690,-0.873000025749,0.841380000114,4.26232862473,4.0938000679
1019,-0.773299992085,-1.46594822407,-2.14637565613,-9.20020008087
51422,4.85200023651,1.13633167744,2.59120965004,-0.35949999094
5788,0.962300002575,0.141908079386,0.293221592903,3.74210000038
6709,1.10290002823,-0.114118978381,0.0492848157883,-1.62860000134
1277,0.987399995327,0.760884344578,-0.510156154633,-5.46979999542
993,-2.16700005531,-2.60828733444,-1.02400898933,-3.41409993172
7157,-2.1928999424,-0.551065564156,0.721264302731,1.58050000668
1958,1.49170005322,5.20152854919,3.6602678299,10.0
4582,-1.0857000351,-2.71850299835,-0.144927695394,-4.39209985733
9212,-0.502099990845,0.55048340559,-0.648719608784,-2.20959997177
8440,0.812300026417,0.307651698589,-0.399766474962,2.3329000473
6790,-2.11039996147,-1.98941278458,-2.53079223633,-3.22510004044
8851,0.343100011349,-0.625890791416,2.08438420296,3.25440001488
2534,2.52900004387,0.336198180914,4.11302232742,0.277900010347
4893,-0.610700011253,-1.44508206844,0.109993010759,10.0
665,-0.213499993086,0.0499289780855,-2.9647192955,-4.36660003662
4313,0.861299991608,0.456606924534,0.111973151565,2.2321999073
1022,4.36609983444,1.96629917622,3.86890935898,6.02670001984
5880,-0.834599971771,3.39252567291,-0.674943327904,-8.55770015717
3162,8.78020000458,9.28259086609,9.09462547302,10.0
1282,2.56080007553,1.00589966774,1.62699484825,1.46050000191
3383,1.05350005627,1.04715538025,6.66525650024,-2.03430008888
727,0.517899990082,2.70545864105,2.09751319885,6.3109998703
4792,-1.08190000057,-2.36076545715,2.82784080505,4.01830005646
4794,0.672599971294,1.44175934792,2.17599534988,4.86390018463
902,0.620100021362,0.68184876442,-0.959767580032,3.23079991341
8091,0.186900004745,-0.525269508362,-2.73600268364,-9.05830001831
3486,1.76950001717,0.790331244469,-1.82470297813,-10.0
10818,1.43680000305,1.29870450497,1.1401257515,5.37849998474
3454,0.970899999142,0.66907119751,0.844474434853,6.25759983063
4282,-0.69779998064,-1.24003314972,0.172971561551,-0.149100005627
1605,-3.6006000042,-1.81545484066,-0.220406860113,-8.53520011902
10644,5.396900177,0.511937975883,-0.203860521317,-1.33860003948
2065,-0.620100021362,-2.70806407928,-1.86665797234,-5.41900014877
8321,1.24510002136,1.43754816055,1.80131530762,2.60409998894
8503,-1.70770001411,0.0905298441648,3.01247549057,1.49530005455
7027,-0.983799993992,-0.198303222656,-1.74040007591,-6.65199995041
6850,0.246399998665,1.52684557438,1.53542375565,5.14099979401
1978,-2.32139992714,-1.05420994759,-0.963812708855,-3.81069993973
896,1.07140004635,-0.293588846922,0.604708135128,2.88890004158
5777,-2.69000005722,-0.176910251379,2.31745862961,-3.81489992142
1846,6.23220014572,0.702400386333,-4.46207666397,-5.87960004807
5925,1.31560003757,0.0262151509523,1.19420564175,2.36430001259
142,-1.45799994469,0.950633049011,-1.74766349792,-5.43249988556
1021,-0.499799996614,3.36447620392,8.333111763,-0.908399999142
5699,-0.35949999094,-0.0499375462532,-0.748106181622,-5.10010004044
8061,9.6716003418,5.17755508423,-4.33570432663,-8.05480003357
1870,-1.410400033,-0.808004140854,0.800765156746,5.11100006104
1398,1.69060003757,-1.44072079659,-1.60951805115,1.57899999619
3312,0.953100025654,4.28155422211,7.39231204987,6.90369987488
891,-0.146699994802,-0.259727567434,-0.430547535419,2.742000103
4775,0.407299995422,0.07914057374,0.441628336906,1.13419997692
5111,-4.17250013351,-3.19712853432,-0.690122842789,-7.05789995193
5696,0.674499988556,0.802963554859,0.426586806774,-9.54129981995
5588,0.978399991989,0.954685926437,0.95316773653,10.0
6839,-2.62930011749,-4.66503810883,-6.62886476517,-8.52250003815
329,-1.52460002899,-1.7539331913,-0.54711920023,2.43379998207
5058,1.14180004597,0.309313595295,1.86232733727,10.0
998,-2.64849996567,-0.110031634569,0.908070147038,1.64750003815
9134,-1.64869999886,-0.0867199897766,0.830241501331,3.89700007439
6616,1.76670002937,0.704836905003,1.35480475426,8.18200016022
5223,-1.43270003796,-1.49494504929,-1.11091673374,-2.1047000885
4690,1.28320002556,-1.97172355652,-2.11092853546,0.0716999992728
958,0.456499993801,1.21189200878,0.495577871799,2.34349989891
1616,1.94589996338,-1.49312508106,-1.25317180157,4.69159984589
991,-1.24090003967,-3.64007043839,-4.92611265182,-0.750800013542
6347,1.47800004482,0.933653116226,0.340302556753,10.0
6714,-0.196299999952,-1.18690764904,-0.279097825289,-5.40220022202
652,1.98749995232,-0.000858068466187,0.75183904171,7.30039978027
4331,-1.21229994297,-0.204946726561,-0.874016165733,-1.29089999199
7099,1.41680002213,1.0009124279,-0.607242822647,10.0
10320,0.844099998474,0.352932065725,0.801777601242,5.50920009613
2042,0.122000001371,0.265401899815,1.65357756615,3.96440005302
843,1.34850001335,0.837385773659,2.94956660271,4.37060022354
840,0.690900027752,0.400699079037,-1.14566278458,-4.7610001564
7048,2.14369988441,0.461492449045,-0.455788373947,-2.79649996758
4851,1.35339999199,0.548040091991,2.00708985329,6.72370004654
6464,0.985300004482,0.369550406933,0.652071356773,5.54909992218
23410,0.700800001621,3.85893082619,0.22124260664,-2.04320001602
54205,0.475400000811,0.749298512936,2.24632620811,0.600099980831
2770,1.54190003872,0.882310986519,-0.784754931927,1.05120003223
80204,1.38950002193,0.617787897587,4.10032987595,10.0
4208,0.96899998188,1.26594555378,2.03781986237,7.90299987793
1845,3.33109998703,-2.96246933937,-0.673954427242,2.7867000103
23368,0.517499983311,0.917886435986,1.55267643929,5.9186000824
5583,0.0,0.102966114879,-1.16925692558,0.556100010872
8900,1.10360002518,0.0679966509342,1.653444767,2.94059991837
581,-1.10819995403,-0.764682888985,-0.877694666386,1.11640000343
6193,-0.498800009489,0.348468661308,0.836938619614,-2.23950004578
6622,1.29739999771,1.12230885029,-0.356598526239,5.30219984055
11261,-0.319099992514,0.440079182386,2.62179231644,3.04450011253
6696,0.833000004292,-0.596330165863,0.680588722229,0.924099981785
8312,-1.43250000477,0.269310802221,-0.814882695675,2.1587998867
835,-0.563300013542,-0.805465698242,-0.93440592289,-1.70420002937
8324,1.2256000042,1.03882837296,3.8796620369,10.0
1848,2.63770008087,2.36663889885,4.58094263077,2.85120010376
154,-1.08259999752,1.44307494164,5.98264217377,3.8329000473
4312,3.65289998055,2.14678359032,8.88784599304,10.0
994,-0.352800011635,-4.09738636017,-6.2301697731,-9.3606004715
2048,2.14899992943,0.479735136032,4.96998691559,0.885900020599
1111,-0.615299999714,0.179946213961,-0.0833471417427,-4.57229995728
5154,0.620100021362,-0.408338367939,-0.15827703476,6.42040014267
2920,0.347999989986,-0.574976563454,3.54302096367,3.1031999588
3122,1.05270004272,1.88749504089,1.24843788147,6.04390001297
2769,0.982200026512,0.472410708666,1.3151692152,7.08470010757
5900,-0.296400010586,-1.47568678856,-0.619662761688,1.30149996281
6304,-0.826099991798,2.12020158768,0.914246320724,6.68109989166
5211,-2.41490006447,-0.370819121599,0.436179131269,-2.09980010986
2886,0.53719997406,0.181538626552,0.061728477478,5.3814997673
9261,1.52950000763,-0.210870951414,0.615420281887,0.177300006151
8569,0.62190002203,0.464288055897,0.718088507652,2.50359988213
3303,3.65939998627,3.6913087368,-0.403670787811,10.0
5331,-2.02480006218,-0.620035111904,0.186921551824,-1.40789997578
5347,-2.90359997749,-2.81984376907,0.212677568197,-4.00710010529
4638,0.930100023746,0.257454991341,0.0707629173994,1.68850004673
2264,-1.25600004196,1.17665338516,0.528280198574,1.19729995728
1029,-0.741400003433,0.234164565802,0.647241950035,-3.86570000648
1027,0.717999994755,-1.20408082008,-0.196337223053,2.83080005646
2597,-0.000699999975041,-0.142416507006,-0.000577861850616,-0.434399992228
55847,-0.0322000011802,0.172111660242,-0.885412454605,-0.84969997406
25803,-6.16830015182,-0.314092844725,-0.423831641674,-2.21639990807
3480,0.683499991894,1.62381625175,2.49913883209,-0.382699996233
2946,-0.172399997711,-1.39804303646,-0.0721213370562,-6.2266998291
9517,0.290100008249,0.587363481522,1.27827620506,1.13339996338
25987,0.353300005198,0.425551533699,0.447623729706,1.45749998093
23670,2.31100010872,3.60209274292,3.63785862923,-1.74880003929
11182,-1.0664999485,0.721238255501,-0.75220143795,-3.00370001793
2146,-2.28590011597,0.923254609108,2.68267536163,-2.35969996452
3385,-3.6521999836,-1.15816056728,1.75812661648,-4.52080011368
5261,-0.148200005293,0.913855671883,1.01107680798,5.94999980927
10765,2.28769993782,0.944205880165,2.73149204254,3.7569000721
25839,-3.07760000229,-0.285371243954,-0.0632945001125,-5.4060997963
4172,-1.19879996777,-1.55048561096,-1.60047340393,-8.67860031128
23161,1.30139994621,1.15359222889,2.61379241943,9.21560001373
10298,-3.47779989243,-0.735833287239,-0.200774013996,-2.67840003967
1802,-0.775600016117,0.220819324255,-2.37236070633,-1.32519996166
58533,0.750400006771,-1.72680795193,-2.36489105225,-3.0773999691
147179,0.651799976826,-1.32155406475,0.411935031414,0.751100003719
29937,-0.438699990511,0.653082191944,-0.400438249111,-1.01040005684
6184,-0.916599988937,-1.08510303497,-1.6425549984,-0.183699995279
9854,-1.55050003529,4.39651679993,0.467211306095,2.1577000618
2553,6.08150005341,-0.972630918026,-0.903814971447,4.69929981232
5440,-0.871299982071,0.273935467005,-2.32762479782,-1.097900033
54623,0.898699998856,-0.160201907158,0.735340237617,1.18190002441
9533,0.98869997263,0.457328081131,-3.33775949478,6.55950021744
8607,-2.81719994545,-0.805265665054,-0.281656652689,-10.0
207,-1.10889995098,-2.02130699158,-0.732557594776,-2.1914999485
26054,0.967999994755,0.114780843258,0.0592396259308,3.17720007896
10682,-1.70519995689,-0.0816937088966,-0.64789634943,-5.5188999176
8573,2.77369999886,2.06738948822,1.26567995548,1.41869997978
23378,-0.17460000515,-0.241153597832,-3.27123808861,-0.964500010014
8553,4.09409999847,6.29464244843,2.43063998222,-5.11509990692
622,-6.78879976273,-5.04976224899,-1.53026914597,-4.49749994278
9467,-0.199200004339,0.699245333672,0.523384153843,6.92689990997
5525,-0.246500000358,-1.33943128586,-1.58895945549,-5.06680011749
256364,-4.08319997787,-0.638469457626,1.55609369278,-1.72130000591
332,-1.50600004196,-2.41773724556,-2.76591420174,-10.0
2058,0.129500001669,0.464676231146,-0.487278163433,-4.26310014725
7849,-0.326599985361,3.55217480659,4.3250412941,2.27769994736
23244,-0.73189997673,-0.605408370495,-0.0911784470081,-5.87799978256
7494,-1.16149997711,-0.318998277187,3.73009300232,6.07280015945
4836,0.554499983788,0.530325114727,-1.6995780468,-4.66800022125
23647,-2.07360005379,-1.16591632366,-1.88190960884,-5.73070001602
10617,-0.330099999905,-1.54742002487,2.02784585953,-0.0860999971628
2184,-1.52429997921,0.0392491668463,-0.833281517029,-2.82279992104
5355,1.08360004425,-0.315395742655,0.542780816555,0.384200006723
6659,1.63740003109,1.3777487278,2.13276958466,5.64160013199
7016,1.64849996567,0.219098433852,0.0519818067551,7.19449996948
90861,-0.971499979496,-1.60361456871,-1.08623182774,-2.82459998131
10670,-1.08039999008,-3.35757064819,-1.71942591667,3.91890001297
79071,-4.28800010681,0.220955148339,0.561126708984,-0.393200010061
64746,0.853500008583,-1.73162555695,-2.4640212059,0.0675000026822
5366,1.48259997368,3.94123291969,4.06116676331,5.21110010147
11344,0.172099992633,-1.24174892902,-1.70227861404,-5.24749994278
10013,-0.657299995422,-0.622750580311,0.182265251875,-6.74910020828
5829,3.09759998322,0.46649980545,-2.38691759109,-2.27600002289
5257,-1.56920003891,-0.745469152927,-0.914749383926,-1.47179996967
22794,-2.28139996529,-0.649015128613,-1.41112399101,-3.6345000267
9761,-0.143399998546,-1.91133832932,-3.86864829063,-9.52849960327
23326,0.485799998045,-0.819683551788,-3.77372407913,0.610099971294
10972,-0.365700006485,-1.63799774647,-4.3251991272,-2.921200037
10523,-0.833400011063,-1.76982426643,-2.96375226974,-4.47840023041
79090,-1.59809994698,5.04601573944,4.68566989899,3.51539993286
27032,0.606999993324,1.89314520359,0.436336427927,-0.0229000002146
9097,1.09019994736,0.151668161154,0.23863491416,-0.822099983692
10513,-0.48109999299,0.0209777653217,3.78886914253,-8.0579996109
1891,-1.66330003738,0.366668611765,0.117699146271,-4.05719995499
3066,-1.52139997482,0.0995447263122,-4.804895401,-6.03590011597
9801,0.296299993992,-0.793751895428,-0.223577439785,-2.58049988747
1459,1.39690005779,1.45626783371,-0.0373731851578,7.60300016403
9703,-2.32130002975,-1.57489717007,-1.00281238556,-2.75869989395
10606,-1.41229999065,-0.472786009312,-0.125135600567,-5.1779999733
1017,-1.12390005589,0.573284804821,0.592058777809,-1.17069995403
9813,0.949599981308,1.43321537971,-0.261264681816,7.64879989624
7485,-1.69939994812,0.244920760393,8.00073814392,-9.52429962158
2109,-3.98699998856,-0.801878452301,-2.04595828056,-10.0
23271,2.16470003128,-0.141215518117,-0.644027471542,2.16910004616
9915,0.972299993038,0.45915210247,0.483957648277,2.34279990196
9552,1.20190000534,-0.0140274316072,0.637573778629,-2.39240002632
93487,0.453700006008,2.34023118019,-1.66935193539,-0.434399992228
2956,0.00400000018999,-0.908448696136,-1.41180634499,-2.4430000782
11065,-2.74469995499,0.0267781168222,-0.900236487389,-4.40430021286
9653,0.400999993086,0.421454489231,2.09149742126,2.04940009117
200081,0.44010001421,-1.15151166916,-3.74571371078,-1.98529994488
3337,3.43829989433,10.0,0.959997951984,6.31220006943
11073,0.609399974346,1.58842074871,0.682992756367,0.963900029659
23,1.68990004063,-0.217207059264,-0.58840405941,3.46140003204
5641,1.52670001984,2.6561524868,1.75935912132,5.07999992371
8720,-0.806200027466,1.39147949219,0.638201832771,4.0625
10782,1.93939995766,2.44977974892,2.57315206528,5.83739995956
25932,0.0819000005722,-0.0165677815676,-0.359131723642,-1.45840001106
3028,-3.65860009193,-2.62901520729,-3.47853565216,-8.87090015411
6804,3.76430010796,0.316464543343,-1.86484146118,-2.74149990082
890,-2.61299991608,-5.06233263016,-2.28814101219,-6.59759998322
6390,-1.08550000191,-1.79152500629,-2.59247922897,-9.90289974213
4303,-3.11849999428,3.11276817322,3.05233621597,1.91600000858
10953,-0.248799994588,-1.61808276176,-2.40321540833,-1.28770005703
22889,0.0533000007272,-2.39729809761,-5.34863519669,-2.10800004005
3098,0.358500003815,-0.540631353855,-0.3446367383,0.129600003362
11044,0.69580000639,-0.0156284160912,-0.318368941545,1.46860003471
8985,1.25859999657,-3.89158058167,-0.937693834305,-4.14429998398
66008,-0.747200012207,-2.70741415024,-2.20463848114,-5.42549991608
9217,-0.114100001752,1.95717406273,-2.94226264954,-4.26999998093
701,1.22950005531,0.45704293251,0.200412720442,3.02810001373
6182,-3.21460008621,-2.88197922707,-2.15308618546,-10.0
4860,2.33489990234,2.74675488472,6.141705513,7.05380010605
7398,-0.158000007272,-2.27735257149,-4.95837163925,-7.05609989166
6117,-0.857599973679,-0.774957418442,-0.81448584795,-10.0
23588,2.47000002861,0.0483861751854,-0.240407317877,0.324400007725
949,-2.51279997826,-0.634802103043,0.789306044579,-1.11389994621
7168,0.578100025654,2.09512424469,0.955585837364,0.965200006962
9375,-1.22000002861,-0.810777366161,-1.26527500153,0.264699995518
4927,-1.20819997787,-1.86008417606,-1.89640808105,-6.75369977951
2523,1.39769995213,0.242680028081,0.882086455822,3.62569999695
58497,-1.38479995728,-2.63329315186,-2.77797532082,-5.58209991455
6856,-0.0838999971747,-0.112612903118,-3.30350208282,-5.18580007553
26036,-0.72619998455,-1.28659689426,-3.11190843582,-2.43230009079
10206,1.15590000153,1.16205811501,0.4629355371,7.7609000206
25793,0.158999994397,-0.840260863304,0.643117964268,-1.25220000744
55556,-0.827899992466,0.421777814627,0.256651759148,-7.25890016556
3978,-4.38940000534,-3.35384607315,-1.87270617485,-10.0
10681,-1.46399998665,-0.502077043056,0.399970918894,-5.76980018616
3638,-1.27769994736,1.94004404545,5.49553251266,10.0
8349,1.27199995518,0.366988331079,0.473704785109,6.64410018921
6275,-0.0300999991596,0.496483445168,-0.00949347019196,-7.9689002037
3895,2.06900000572,1.51253330708,0.291689813137,1.12839996815
392,-2.91659998894,-0.912322461605,-2.92896866798,-0.643899977207
9170,1.108700037,-2.78924894333,1.81385874748,1.21609997749
80347,-2.22519993782,-0.669787883759,-0.556171357632,-4.1345000267
23300,-1.02139997482,-1.81450974941,-1.25357306004,-3.85899996758
836,1.63639998436,1.56623268127,1.61218607426,-0.458099991083
11188,-2.08299994469,-1.66082763672,-2.03319787979,-3.73280000687
10898,-0.0627000033855,-0.458122640848,0.314874768257,1.01909995079
9276,-0.993499994278,-0.979152321815,-0.0556949041784,-2.24469995499
1647,3.483700037,1.95557403564,7.84561729431,8.67469978333
10285,0.673399984837,-2.35628342628,-1.12377429008,4.46649980545
23386,-0.489300012589,-0.599241912365,-1.02254712582,-1.6032999754
3156,0.671100020409,0.791133403778,0.799982666969,6.14060020447
10237,-0.810000002384,-1.00678002834,-2.14078021049,-4.84709978104
7077,1.17739999294,0.435131907463,0.593828082085,1.81459999084
11157,-0.733200013638,2.31353235245,-1.03392744064,-3.96479988098
22908,-0.0146000003442,-1.83731162548,-4.41313123703,-4.53159999847
10915,-0.92619997263,-0.638442099094,-1.20022749901,-4.13700008392
9897,0.573700010777,0.31678301096,0.474438965321,-1.87339997292
1759,-1.82319998741,-2.46859836578,-0.0249614417553,-1.35640001297
54541,2.84850001335,3.43669843674,7.1784029007,0.326599985361
211,3.16420006752,0.924078464508,2.975284338,5.37249994278
5048,0.767400026321,0.611593902111,0.865880191326,-0.377400010824
84722,-0.572899997234,-0.384051024914,-0.228614658117,-0.850300014019
29890,1.92100000381,0.599996864796,0.774098932743,3.25990009308
9868,0.950500011444,0.174718260765,-0.961833834648,-3.75489997864
873,-1.81910002232,-2.21988677979,-0.209241241217,-2.39730000496
5580,-0.101499997079,-1.93508577347,-2.34762954712,-6.18109989166
3725,1.52909994125,4.16967630386,3.19608449936,9.09850025177
23585,-0.940999984741,-0.579837083817,-1.74671602249,-10.0
51097,0.937600016594,-1.02322936058,-1.23246014118,-9.10499954224
1831,0.0286999996752,0.0981064587831,1.43599462509,0.83780002594
7020,1.28050005436,0.106700278819,0.134734392166,3.32769989967
55893,0.495799988508,0.939836144447,0.137528344989,3.11139988899
6944,-0.687600016594,0.979929745197,0.722851037979,0.477200001478
22883,0.3125,-0.650030076504,-0.67182546854,-5.97469997406
5601,0.809300005436,-0.623378753662,-0.795567929745,-0.188700005412
10775,-2.76570010185,-3.75088834763,-3.50649333,-8.25839996338
4780,3.60529994965,0.323313415051,1.77567541599,8.11419963837
10904,1.31019997597,-4.28556251526,-2.35587668419,-4.63649988174
9917,0.314900010824,0.542199015617,0.44767421484,1.55480003357
1399,1.33340001106,0.345498979092,-0.195065617561,6.24679994583
24149,1.51750004292,-0.780471861362,-2.30297636986,-0.609799981117
2222,-3.00049996376,-0.333190500736,1.49882042408,0.0789000019431
10131,-2.90510010719,-1.55979597569,0.299290597439,-5.15710020065
2958,-1.53410005569,0.429034531116,-2.71048331261,-3.60649991035
9650,0.978500008583,0.892693459988,0.0531468093395,4.98199987411
7319,-0.628400027752,0.257482111454,-0.00554757704958,-5.69180011749
4817,0.928399980068,0.19215002656,0.536619007587,4.15360021591
9143,1.52639997005,-1.06426715851,2.94305682182,-3.68680000305
10494,-3.15280008316,0.555955648422,0.805436789989,-3.65569996834
55324,-0.569000005722,-4.39691972733,-5.16515731812,-7.36749982834
23149,-1.84730005264,0.460163444281,-0.536205470562,-2.64869999886
9943,-0.46669998765,-0.402873516083,-1.35665118694,5.24949979782
6599,-1.45879995823,-0.985972762108,-1.48249292374,-2.83610010147
51031,-3.44059991837,-0.922456979752,-2.88080477715,-8.22410011292
3566,1.12779998779,1.0609651804,1.18162274361,2.22440004349
3815,1.22029995918,3.57864809036,0.351257562637,1.02670001984
8624,-0.927999973297,1.52643752098,-0.915802299976,-2.29949998856
27346,-1.85800004005,-0.25222709775,-0.333256930113,-10.0
10489,1.1792999506,0.231430709362,-0.624351263046,2.33610010147
26128,1.28349995613,1.07224500179,0.372792899609,-2.76169991493
79921,-1.05560004711,-0.511026382446,-0.0991303324699,-3.94849991798
55746,0.329199999571,-0.247319489717,-0.972942352295,-1.90709996223
23636,-0.29469999671,-1.62943148613,-1.98332428932,3.52800011635
10892,0.326599985361,3.14075899124,5.01306581497,-0.840699970722
10652,-0.602800011635,-0.148578584194,-1.35877966881,-1.27919995785
11004,-0.177300006151,-2.91343784332,-3.55488681793,-10.0
23530,-2.30909991264,1.31553125381,8.07369041443,-7.72399997711
8826,2.09039998055,0.761513769627,0.675039291382,2.86360001564
3308,1.88499999046,0.207311302423,1.3057718277,3.90420007706
7153,-2.04539990425,-0.269822657108,-4.47912788391,-10.0
11041,-5.35109996796,-4.16834926605,-4.07901573181,-10.0
6342,-4.12090015411,-2.79163956642,-1.63662397861,-8.96720027924
5883,-1.77999997139,-0.982772469521,-1.57487785816,-4.10680007935
10589,0.823099970818,-0.376014888287,-2.27364444733,0.250200003386
5110,-0.433099985123,-1.49009871483,-2.14409136772,-5.5109000206
4609,1.04289996624,4.10287046432,2.58143949509,2.37730002403
5423,-0.861400008202,0.706571936607,-0.939685702324,-2.76379990578
1070,-0.294900000095,0.265400469303,-0.499211937189,-4.03709983826
10051,-1.51310002804,-0.896988272667,-0.623937189579,-5.08489990234
6603,-9.40170001984,-1.04190766811,0.0960293412209,-3.20420002937
9019,-0.316399991512,-0.362166136503,-2.42452812195,-4.76730012894
10969,0.0,-0.101481460035,-0.3883061409,0.112999998033
9797,-0.193000003695,5.62738895416,3.43773722649,-5.31050014496
4043,-1.51329994202,-3.26742053032,-0.5227009058,1.85920000076
9519,0.421700000763,0.683056354523,0.989999592304,6.88040018082
8480,1.30460000038,1.98618555069,1.44133174419,0.980199992657
983,-2.37240004539,-0.750070989132,-3.11076617241,-10.0
10559,-1.48080003262,0.0783738866448,-3.92899894714,2.07550001144
8508,-2.5460999012,-1.35210967064,-1.38288629055,3.86540007591
9275,0.787899971008,0.48514637351,1.12132716179,1.16079998016
8914,-5.52869987488,-2.16819882393,-0.100834533572,-3.17510008812
54505,5.58559989929,1.21753191948,4.68954849243,-0.276199996471
6919,-2.46950006485,1.59397387505,0.760209321976,0.833299994469
2274,2.3357000351,4.04102182388,1.21618115902,1.54369997978
2288,0.551699995995,-0.0626940503716,-0.0662874802947,2.26040005684
7994,1.81490004063,-2.43345427513,-2.07967829704,0.563600003719
4216,-2.12540006638,-2.39054131508,-1.05728816986,-5.50400018692
7538,2.53229999542,2.50129055977,4.52763986588,10.0
3628,5.87559986115,-0.126816540956,-1.38543283939,-1.27960002422
2037,-1.72720003128,-0.044817596674,-0.0310171842575,-2.82579994202
2771,-1.44739997387,-0.513403952122,0.207418978214,-8.58959960938
7264,-1.92960000038,-1.52171373367,-2.42539906502,-9.33720016479
1786,-0.485100001097,-0.195579618216,-1.36578154564,-0.749899983406
5873,0.572600007057,1.43369972706,3.19985866547,8.63640022278
780,-0.137199997902,-0.831821799278,0.923080563545,-2.88829994202
9926,-0.357800006866,-1.25449323654,-1.42545425892,-5.82550001144
8446,1.23280000687,0.44052362442,0.545231938362,2.78710007668
7159,0.840699970722,0.247219726443,-1.12398397923,5.42929983139
1026,1.63409996033,2.15341281891,7.09400606155,10.0
7082,0.650699973106,0.54394286871,-1.45157921314,2.44670009613
10058,0.718599975109,-1.56784677505,-1.19350779057,1.13929998875
10797,0.924300014973,-0.142757415771,-1.04357433319,3.0569999218
11230,-1.68499994278,-0.309219300747,-0.377353429794,0.042199999094
30836,1.40320003033,0.659908354282,-1.62474346161,2.84990000725
27336,0.674499988556,-0.182587921619,-0.0254059880972,-1.95469999313
9918,0.645600020885,0.38530933857,0.316115796566,4.77880001068
79073,-1.54670000076,-1.35967862606,-1.45013391972,-4.57159996033
9688,-0.491100013256,0.548798203468,-0.813500404358,-5.83529996872
23659,1.21570003033,0.818837046623,1.06003713608,1.31529998779
8396,-3.17459988594,2.28130459785,-2.49025440216,-10.0
23077,1.20609998703,0.767185389996,0.70935434103,1.19930005074
10857,-1.61430001259,-0.548895955086,-3.39714550972,-2.51220011711
16,-0.83780002594,-1.43369328976,-3.45218491554,-0.944500029087
2817,7.56050014496,1.0830051899,0.602496027946,3.39599990845
60528,1.25610005856,-0.54710996151,-1.94789290428,0.429399996996
5359,-0.199100002646,3.75972318649,4.57063341141,-0.0355999991298
1514,3.60080003738,1.64543259144,2.12830591202,10.0
1509,-2.28570008278,-1.92751967907,0.369843423367,2.04670000076
9181,5.78809976578,1.62984287739,1.41087150574,2.73609995842
3611,0.963100016117,1.36828196049,-2.83290290833,0.904299974442
4783,2.21339988708,7.00977420807,4.20072126389,3.75959992409
10123,0.753199994564,2.0278096199,1.81696105003,4.72219991684
8895,-0.678399980068,-0.991434276104,-2.95174670219,-6.60059976578
9805,0.0785999968648,-1.65419507027,0.133221656084,-2.68009996414
4125,-1.29970002174,-0.749106526375,-0.491047650576,-1.1290999651
1635,-1.15289998055,-0.0534820407629,-1.30454969406,-6.25409984589
4154,1.21050000191,-0.16962492466,-0.649317622185,-3.16779994965
26292,-1.79799997807,-1.57217550278,-0.602969765663,-5.02470016479
5770,1.50849997997,0.554635286331,0.52454161644,0.803200006485
25874,-4.24259996414,-1.60760045052,-0.345813214779,-1.24199998379
11319,-0.927900016308,-1.41594064236,-1.22635340691,-5.57740020752
1153,0.186499997973,0.232866734266,0.824058413506,0.188999995589
11098,-0.212799996138,-0.712587714195,-3.05758237839,-5.61749982834
8974,8.77120018005,6.33385467529,1.16332483292,2.06719994545
533,0.280400007963,-0.790524959564,1.20023822784,2.71959996223
823,-2.26880002022,0.580343902111,0.739396929741,-1.30589997768
6812,-0.218500003219,-0.324932783842,5.56293678284,0.121100001037
3693,1.89300000668,-1.52343440056,-0.903984665871,-4.35510015488
4891,-1.11039996147,-3.02006793022,-1.35763514042,-0.387199997902
10954,-2.17890000343,-1.0116109848,-1.99953091145,-5.01849985123
5909,0.63480001688,-0.137770578265,1.05716323853,2.65260004997
9221,-0.459699988365,-0.814772307873,-1.22185564041,-4.42290019989
847,0.384700000286,0.814371943474,-0.218867048621,-1.79100000858
11072,1.10430002213,0.257164061069,-0.8215239048,3.07909989357
10221,1.82519996166,1.51496243477,3.69081711769,3.2392001152
7158,0.722699999809,0.079960167408,-5.40693759918,-10.0
8678,-1.12559998035,-0.732362627983,1.75513243675,-0.394600003958
11014,-0.140300005674,-1.24303281307,-1.5760935545,-3.54419994354
1994,0.133200004697,0.223619610071,1.47302532196,-5.74079990387
3482,0.54549998045,0.78368139267,0.517677605152,1.37790000439
25976,0.65649998188,3.60572290421,5.24461936951,7.16650009155
10491,-0.968800008297,-0.878475546837,1.19275355339,-0.906400024891
51053,0.168699994683,-1.4134002924,-2.29186034203,2.53489995003
9267,0.194000005722,3.19500565529,2.57250118256,2.52360010147
5547,0.298000007868,-0.152565062046,-1.30656754971,-2.25469994545
6597,-0.903699994087,-0.473733842373,0.36697140336,-1.17019999027
5836,-0.815500020981,0.175166636705,1.03370094299,-2.99970006943
6118,-2.36279988289,0.349055945873,0.458329856396,0.180500000715
2961,-0.0997999981046,1.28637170792,0.839271426201,2.03159999847
310,-1.3710000515,-1.59620440006,-2.19254779816,-6.39480018616
7296,2.77859997749,2.34724235535,-1.22504389286,3.77369999886
1429,-1.27460002899,0.441059201956,-0.280201733112,-5.77939987183
2548,-3.51049995422,-1.19919371605,0.150100156665,-6.90460014343
6499,-3.78189992905,-1.09869265556,-0.431893348694,-5.28210020065
642,-0.884899973869,-1.97592926025,-4.08589076996,-9.45720005035
23076,0.105099998415,-1.56865274906,-3.49327039719,-6.8954000473
10099,1.10839998722,-0.614901006222,-0.777993500233,0.0855000019073
9817,3.68770003319,0.246975466609,-1.95833647251,7.01039981842
9126,0.984799981117,0.169822335243,0.191230893135,1.43280005455
3930,-0.145799994469,-3.42092227936,-0.868314266205,-3.93449997902
10450,-3.36350011826,-0.611789405346,-0.324059098959,-4.65649986267
54386,2.51970005035,-1.49193453789,-0.781467676163,4.90840005875
664,-0.0873000025749,0.504738628864,-1.25814366341,-4.0311999321
596,-0.0654999986291,1.47985196114,0.633769452572,1.2228000164
10180,0.98299998045,-0.329522669315,-0.884941577911,2.66059994698
1445,0.219099998474,-1.83096086979,-0.135390207171,-2.04489994049
230,-2.26830005646,-1.35953712463,4.06120109558,-8.09980010986
9246,-0.256799995899,0.384783118963,0.213188648224,6.92399978638
5092,-2.92750000954,-0.906252086163,-0.868524670601,-2.50559997559
23463,-2.54390001297,0.00927069783211,-1.56274211407,-3.93759989738
10007,0.0810000002384,-0.319207072258,0.844512522221,-9.67169952393
4925,0.318800002337,0.879794359207,0.77065038681,-0.0168999992311
6251,2.43959999084,1.23978698254,0.979356169701,-3.94510006905
5782,0.506500005722,0.115396790206,-2.94015169144,-2.58240008354
5106,0.0923999994993,-0.220999479294,4.42245864868,5.13490009308
2673,2.43819999695,0.31436753273,-1.67070674896,4.91890001297
644,-0.900200009346,-0.786355376244,-0.635633409023,-3.93160009384
6284,-1.46749997139,0.709133148193,-0.0637564063072,-0.214699998498
4605,-3.78200006485,-0.728239774704,0.0871573835611,-4.3611998558
6810,1.19099998474,-1.03069603443,-0.786131978035,2.02600002289
54499,-1.52960002422,-1.21758186817,-3.4097340107,-4.41520023346
11007,-3.76559996605,-0.742562770844,-1.56295883656,-3.30819988251
1643,-1.83650004864,-3.16567635536,-1.45173740387,-4.93410015106
25805,0.0204000007361,1.23278832436,8.18204402924,10.0
3033,-3.51830005646,-0.0411553382874,0.872279047966,-10.0
2745,1.41320002079,-0.610540688038,1.97782325745,3.23280000687
9961,0.392899990082,0.579219698906,0.897729992867,-2.00099992752
3925,-5.7375998497,-0.856898188591,1.39779090881,-9.5423002243
2582,-2.79990005493,-1.34368813038,1.67485165596,-4.2048997879
5792,0.659900009632,0.587162256241,0.69074511528,5.29549980164
5236,-1.72790002823,-0.458300769329,-1.85127449036,-9.0641002655
4016,-0.139300003648,-0.476604700089,-2.68326282501,-3.5406999588
4651,7.33960008621,0.651218354702,2.25192642212,3.15129995346
3988,-1.05529999733,-0.21594530344,-0.933772206306,-6.21180009842
26227,1.85399997234,-0.667614579201,-0.0233620405197,-0.144299998879
7982,-2.69589996338,-0.696667850018,-0.862483978271,-3.28609991074
3551,1.58239996433,0.872481763363,0.0423434525728,0.749000012875
5108,-0.891799986362,-0.572031438351,0.64982098341,-5.22800016403
8870,1.15289998055,4.32409000397,-0.12716910243,-0.171499997377
2195,2.46370005608,0.0720224007964,-0.562113165855,3.73810005188
8731,-0.201600000262,-2.32093763351,-3.62017846107,-2.64919996262
1956,3.8763999939,0.489563792944,0.85685890913,-1.90170001984
10276,-0.734399974346,-1.5926015377,-3.27985095978,-3.02629995346
1666,-3.87940001488,0.0605277121067,0.0737938731909,-4.3329000473
4864,1.51419997215,4.72906160355,5.99597263336,10.0
4232,1.09389996529,-0.0127199888229,0.785488128662,1.47880005836
5050,-4.81230020523,-1.48159098625,0.346271216869,2.97740006447
813,-0.437700003386,-0.575212478638,-0.72659856081,-0.883199989796
3964,2.93330001831,0.569797217846,0.216100484133,2.35209989548
26020,2.18099999428,-2.11417198181,-1.03132045269,1.51719999313
481,5.75390005112,3.17620253563,-2.3755106926,-7.18669986725
5019,-0.564800024033,0.200025171041,-0.634461164474,-5.57079982758
291,0.00289999996312,0.537767112255,-0.637719213963,-4.51130008698
10973,0.0262000001967,-0.131321117282,-0.119303032756,-8.16250038147
9697,0.6507999897,0.144459486008,-1.11591207981,0.201800003648
5831,-3.90499997139,-0.643099606037,-0.197465240955,-3.79809999466
8202,1.89030003548,-3.45075297356,-1.33729863167,4.78429985046
57804,0.293000012636,-0.388875633478,-0.447596639395,-2.578799963
5566,0.169799998403,0.170270740986,0.337278664112,-1.80350005627
57149,-0.92610001564,-0.35668951273,-0.0983748584986,-3.03940010071
7416,0.337199985981,0.00112446397543,-0.35866484046,-0.281699985266
10174,-0.749199986458,-0.928571224213,0.360180258751,-2.60209989548
6676,-1.21119999886,-0.286588609219,0.0353591442108,-4.85830020905
8884,-2.28299999237,0.217115283012,-2.45843839645,1.90199995041
5997,10.0,7.96598911285,8.5597820282,7.79990005493
57147,-0.579200029373,2.0888197422,0.130733162165,-3.87520003319
6909,3.41490006447,2.02788567543,5.47159290314,10.0
9093,0.266799986362,-0.632138133049,0.0193217396736,3.29189991951
23142,1.92100000381,-1.92829489708,-2.30307245255,-0.899500012398
8444,1.69060003757,1.63790845871,1.85250091553,4.27419996262
11232,-1.09590005875,-3.29675006866,-5.93341112137,-1.90369999409
27095,-2.36929988861,-2.02888178825,-3.98837327957,-8.32789993286
10732,-2.49699997902,-1.92536306381,-2.03167462349,-2.70770001411
23029,-1.10769999027,-3.87403917313,-0.429149121046,-1.39489996433
9270,0.270900011063,-3.62145709991,-0.148762196302,-2.73550009727
47,-1.26740002632,1.1943166256,3.66966199875,2.78150010109
5889,-1.58130002022,-0.854510068893,-0.230443179607,-5.53660011292
8243,-2.17280006409,-5.11363315582,-5.40948629379,1.07840001583
10730,0.326799988747,-1.01005578041,-0.751480340958,1.32130002975
30,0.204699993134,-0.540422916412,-0.494892895222,1.07439994812
7466,1.06830000877,-0.483982652426,0.101398490369,6.03980016708
89910,-0.220699995756,1.14493632317,0.809839844704,-2.05900001526
56654,-2.23060011864,-2.20178318024,-2.97316718102,-4.42030000687
501,0.299899995327,-1.59791779518,1.34602975845,1.05069994926
5438,-2.5952000618,-1.49868571758,-1.78227734566,-6.72900009155
26993,3.89030003548,0.375884115696,0.805872321129,5.55089998245
55111,-1.29030001163,0.141367599368,-0.040721476078,-7.96000003815
8520,-2.27769994736,-0.537177085876,-2.71133804321,-8.79730033875
10146,-0.596800029278,0.266423553228,-1.2655094862,-1.6848000288
7165,-0.865499973297,-0.513612747192,1.96360599995,-3.14660000801
55011,0.402300000191,-0.739292919636,1.7103395462,-1.66919994354
6461,0.872300028801,0.43540379405,0.525068819523,1.42289996147
10813,-0.571799993515,-0.333155542612,-1.87960910797,0.503799974918
80746,-1.32280004025,-0.240036800504,-1.49158883095,-6.66970014572
10434,-0.668399989605,-1.86707305908,-0.26275229454,-5.41029977798
5607,-0.740899980068,1.30394566059,1.92151165009,-0.121299996972
22827,-0.100800000131,-2.41687941551,-1.67627739906,0.0
51635,-0.694500029087,0.310862243176,-2.11890220642,-0.779500007629
84159,2.11350011826,0.171482458711,1.46892166138,6.10279989243
3508,1.2473000288,1.11162173748,1.4717861414,5.62200021744
84890,-0.723900020123,-3.02935576439,-3.77819085121,-7.40759992599
79600,-1.47539997101,-0.544104874134,0.354731827974,-0.0661000013351
8574,-5.68669986725,0.192071899772,0.855896055698,-4.7281999588
5529,0.9742000103,0.42420232296,0.935861110687,-2.38910007477
3909,2.04259991646,0.338319331408,1.29862272739,-8.41219997406
9637,5.43009996414,2.43180394173,0.241520941257,0.819199979305
8518,-0.218999996781,-0.633640468121,-0.108240351081,-2.43689990044
6443,-1.73819994926,1.53773033619,-1.37254929543,-3.56220006943
58478,0.156700000167,0.273497700691,-3.86951375008,-2.53800010681
4850,1.60479998589,0.0549950040877,-0.71600997448,5.07800006866
23210,2.85879993439,-0.09503865242,-3.80547428131,5.27269983292
54733,4.21449995041,0.296406149864,-1.12308359146,-10.0
55129,-1.42610001564,-0.293894886971,-0.371759146452,2.76869988441
10273,-0.000699999975041,-3.47662830353,-3.53831100464,-6.33820009232
572,-0.642599999905,-0.0816300660372,-3.5891919136,-10.0
5716,-1.7731000185,-0.0927349925041,-0.327233910561,-3.2186999321
22841,2.74160003662,1.06265616417,-0.649233460426,6.69999980927
2356,-0.226600006223,-0.492181718349,-5.23978805542,-2.23020005226
6050,-0.334800004959,-0.750328183174,0.0386826694012,-0.7174000144
64422,-1.60969996452,-0.572030186653,1.18629050255,-4.9158000946
8837,1.06739997864,-0.389136403799,-0.318741321564,-2.03800010681
55127,0.513700008392,-2.33258104324,-0.765096664429,-4.26989984512
23335,1.17420005798,0.631249248981,0.335398972034,5.33209991455
10270,2.24370002747,-0.0801236405969,-5.69400405884,-3.20569992065
6509,4.39149999619,0.944166958332,0.395622968674,-0.164299994707
83743,-0.0925000011921,-1.87450289726,-0.51565104723,2.87989997864
6772,-0.218899995089,0.924101293087,3.44287991524,0.420899987221
22887,0.534300029278,-0.462157696486,-3.25964331627,-1.89479994774
51001,-0.301800012589,-0.396399855614,-3.41675209999,-5.9063000679
26511,-1.44260001183,-0.0943746417761,0.67308652401,2.78299999237
7874,0.729099988937,-1.9254348278,-2.01538848877,-1.34899997711
51070,-0.171100005507,0.602142751217,0.34343418479,2.4468998909
1738,-1.10239994526,-2.42834401131,-0.356332540512,-8.71770000458
3416,0.708999991417,0.0813694149256,-0.319012254477,1.37049996853
9128,-1.0243999958,-1.06789112091,-6.8393201828,-5.16219997406
9833,-1.79229998589,-0.733340859413,-2.03885364532,-4.95599985123
4088,5.29099988937,4.48398208618,-1.38736963272,-0.0615999996662
5018,-2.4156999588,-2.75232696533,-2.00258779526,-8.82059955597
51375,1.12249994278,-2.27744817734,-2.12207841873,-0.351399987936
55038,-1.75600004196,-1.59789586067,-1.90631639957,-4.1061000824
23061,-0.963599979877,-0.611847639084,-1.44847989082,2.40199995041
64428,0.626600027084,0.562234401703,0.712646603584,5.40600013733
11325,0.166700005531,-0.375238418579,-1.37576520443,-2.4632999897
9641,-1.66270005703,0.998970270157,3.98085141182,-3.27239990234
23038,-2.87680006027,-0.50081551075,-0.351745665073,-2.01850008965
57048,-2.70110011101,0.0139004662633,-0.994248330593,-2.68470001221
94239,0.621999979019,-0.0279213637114,1.10104548931,5.56909990311
51203,-3.90969991684,0.316850960255,-0.20608496666,-1.49259996414
388650,1.15269994736,0.348881542683,0.826262116432,2.69120001793
23039,-1.4632999897,-0.699199616909,-0.810074090958,-3.59559988976
55179,-0.172000005841,-0.55632185936,0.815772473812,5.04659986496
5827,-5.63570022583,-1.3936021328,-0.0560874193907,-7.2217001915
10245,-0.712700009346,1.39970469475,-0.228798016906,-1.25559997559
6813,-5.16989994049,-0.959529936314,-8.20589637756,-3.83189988136
3251,-0.620400011539,-0.551297307014,0.0119439661503,-1.02349996567
23212,-1.16550004482,-2.67060852051,-5.84049797058,-2.18300008774
23536,0.889400005341,0.654005408287,1.47544634342,7.55480003357
51282,-1.02049994469,-2.7369761467,0.950268983841,1.97739994526
10227,-4.46789979935,-0.719117999077,-0.518227577209,-2.56609988213
50813,-1.64250004292,-0.423299789429,0.0138767361641,-3.10949993134
51024,-0.587999999523,-0.428290754557,-3.07420945168,-1.8763999939
53343,-0.870500028133,0.126496270299,2.25799393654,0.291999995708
1465,-3.25289988518,-0.00875777006149,4.48474121094,1.21870005131
79006,-3.24340009689,-1.30160033703,-1.7350076437,-3.58270001411
6988,1.08819997311,0.0969415456057,0.677441835403,2.65960001945
11011,2.95469999313,-0.789566040039,0.0575690567493,4.64319992065
23325,0.1712000072,-0.212495401502,-4.96698713303,-4.19220018387
10049,1.04100000858,1.28597271442,0.168936222792,1.31130003929
3157,0.216100007296,1.83854305744,7.35576725006,2.98679995537
200734,1.29050004482,1.37593603134,-1.38964354992,5.41970014572
9053,1.3763999939,0.842148423195,1.12192320824,-5.92409992218
79094,0.889199972153,0.754838705063,1.60224914551,4.87839984894
2778,-0.942200005054,-0.846514821053,-0.0872878730297,-10.0
54881,-0.46020001173,-0.0923892259598,-0.645391941071,-0.819000005722
54807,0.193800002337,0.328847914934,-0.471869587898,-2.79450011253
323,0.992100000381,1.13955211639,1.16657352448,3.60920000076
26001,3.82039999962,-0.235757112503,-0.363894611597,-2.89709997177
10190,0.409799993038,-0.501126348972,-1.47046160698,-4.05690002441
9686,0.694400012493,-0.301068603992,-1.36175274849,0.428099989891
54915,-0.685000002384,-2.54238963127,-3.93718576431,6.64940023422
23658,-1.32749998569,-3.6562974453,-3.79893875122,-2.26990008354
7750,1.80239999294,0.98395806551,-0.862894535065,-0.371699988842
79643,-1.21089994907,-0.343503475189,-1.50639033318,-1.55579996109
9488,-1.71109998226,-1.63124370575,-0.211890876293,-2.53920006752
11200,-2.31319999695,2.38603281975,0.609079957008,-8.06009960175
65057,0.167999997735,0.535925507545,0.327107161283,2.59010004997
6832,1.15970003605,-2.2569205761,-0.0619922205806,1.14549994469
23131,-0.507099986076,-2.00615310669,-0.193695247173,-6.22629976273
10776,-0.138899996877,-1.13906598091,-2.12630915642,2.79870009422
6253,1.49500000477,-1.8139847517,0.48007529974,1.16879999638
79716,-3.20589995384,-2.01630830765,-0.499476730824,-3.20729994774
29978,-4.54909992218,-0.47431486845,-0.739883363247,-0.281599998474
9988,-0.809000015259,-0.0460705906153,-0.137340500951,3.51950001717
10845,-0.146300002933,0.228344351053,0.200850889087,0.0
54957,1.80499994755,-0.968885719776,0.511468589306,1.4278999567
79170,1.36790001392,2.3434779644,0.549624443054,5.64249992371
10610,-2.01869988441,1.43343257904,1.57033419609,-0.194100007415
128,-0.936399996281,-2.09366631508,-0.697699129581,-3.53340005875
51026,0.527800023556,0.407858490944,-1.69306921959,4.21750020981
5498,0.28409999609,-0.520442664623,1.01021289825,4.08879995346
124583,-0.774999976158,-3.31518626213,-5.60944271088,-2.72490000725
9455,0.875100016594,1.2423774004,-0.108926668763,1.3506000042
1212,1.89260005951,1.50125825405,-0.150923773646,-10.0
5255,1.2553999424,0.846323370934,0.036240041256,-0.701200008392
9448,1.14139997959,1.21195578575,0.27323448658,-0.731800019741
9924,-5.25169992447,-1.61790847778,0.651024401188,-5.91820001602
5480,-2.25869989395,-0.766901254654,-1.02841877937,-7.06180000305
1983,2.27629995346,3.90415167809,2.00761985779,4.50379991531
56889,1.25469994545,0.929097950459,0.122415035963,-1.38820004463
79080,1.62469995022,-0.548573970795,-1.23715496063,-1.67069995403
9016,-1.59549999237,0.145787581801,0.0707781612873,-4.58470010757
6915,1.08500003815,0.996807277203,0.792680025101,9.63539981842
9709,2.67910003662,6.50629711151,2.56584739685,4.93870019913
116832,-1.10619997978,-1.10002291203,-1.05722117424,-2.70749998093
670,-0.564999997616,-0.763373911381,0.499973982573,3.01460003853
7867,0.733399987221,0.0784659534693,-1.94597506523,-3.72110009193
79143,-2.71600008011,0.707341909409,0.102916575968,-3.08200001717
11284,-1.36609995365,-0.252903372049,-0.478137940168,-1.11249995232
23443,-0.592800021172,0.331681370735,0.16980740428,-3.25449991226
51599,0.262699991465,0.651925861835,0.734207034111,1.38300001621
5927,2.04509997368,2.74059176445,1.06915974617,5.56330013275
55793,-4.14349985123,-1.0673353672,1.12274348736,3.77110004425
5867,-1.4959000349,-0.397769868374,-0.272439956665,-2.63100004196
7866,-1.23710000515,-2.58236718178,-0.96089887619,-5.06430006027
25825,-1.93840003014,-0.771562993526,-1.42113745213,-3.41610002518
4067,0.893499970436,2.07260084152,1.63951134682,9.05200004578
51015,-3.38899993896,0.375831246376,0.548278391361,-0.085199996829
5891,-0.347200006247,1.38491487503,0.898360550404,-0.83370000124
3300,1.5340000391,1.95347857475,2.96150779724,7.85909986496
64781,2.09789991379,1.10019648075,-0.0454753637314,1.28349995613
51056,0.576900005341,0.393311023712,1.09905302525,0.733600020409
8550,1.61609995365,1.93879306316,0.0914162322879,3.31200003624
50810,-0.230299994349,0.387314766645,0.0355780422688,-4.93450021744
23011,2.29450011253,1.05821585655,0.529659867287,1.41069996357
11168,-3.36870002747,0.818412065506,-0.0514171309769,-0.65189999342
1385,0.611000001431,0.704020261765,0.771415710449,-5.57859992981
10150,-0.799000024796,2.61955499649,2.55677890778,10.0
29763,-2.45679998398,0.0262420773506,-0.633180737495,-2.77810001373
9112,-2.61910009384,-0.325751036406,-0.103098452091,-1.02760004997
23499,-1.56330001354,-1.07278251648,-0.221462309361,-0.705799996853
85236,-1.61660003662,0.527862012386,2.86416268349,2.1563000679
5096,-3.20370006561,-0.239350408316,0.148626446724,-6.79610013962
55620,-1.46580004692,-0.73654460907,0.089717105031,0.0776000022888
5373,1.05209994316,0.759556472301,-0.349577456713,4.88840007782
51170,0.654799997807,1.08508324623,2.98503446579,3.3928000927
54850,0.837300002575,0.896074593067,1.6457157135,1.50590002537
80349,-2.40170001984,-3.36222600937,-1.63492321968,-6.28480005264
355,-0.196299999952,0.451563566923,-0.450155168772,-1.12240004539
1062,0.509100019932,-0.108692988753,-0.0866062045097,1.99489998817
8804,-0.558000028133,-0.243951767683,0.238590225577,-0.461100012064
80758,-1.96909999847,-0.514731884003,-2.79060459137,-3.91650009155
375346,0.449400007725,0.242188185453,1.09379005432,0.0375000014901
51385,0.787500023842,0.951703250408,1.10628604889,-0.327899992466
55748,-0.242599993944,-0.986817717552,-2.14127707481,-7.60349988937
10318,1.31690001488,-4.79539299011,0.553811192513,0.782700002193
54681,-5.0201997757,-0.117698565125,0.357011705637,-7.46099996567
7905,-0.441799998283,0.105393022299,0.275689601898,0.851000010967
28969,-2.75309991837,-0.154193371534,0.428183078766,0.328200012445
10668,-0.713100016117,-2.15374469757,-2.06467819214,-5.0342001915
51005,-7.43720006943,-1.29264712334,-0.0464132577181,-5.77869987488
8800,-1.34329998493,0.542313098907,-0.937810480595,6.2298002243
54438,1.17649996281,1.70120155811,1.27009320259,4.50890016556
55825,-4.0314002037,-0.111442804337,-0.28032258153,-0.6575999856
8835,1.68690001965,0.109557308257,-0.0735298842192,4.5595998764
64429,-10.0,-0.0310149118304,-2.70020127296,-3.97140002251
3682,-0.936800003052,0.296203315258,-3.97758889198,-1.90740001202
10329,-0.544200003147,-0.194217503071,-0.379177927971,-1.29429996014
27109,-0.681500017643,-0.744355797768,-0.643546164036,-2.43230009079
51335,1.01479995251,0.661487340927,-1.21175587177,-0.590799987316
3202,0.718400001526,0.34668892622,1.97438430786,2.19039988518
2896,0.455900013447,0.287089079618,-0.554661631584,-1.89859998226
79902,-4.06820011139,-4.14634275436,-6.03254890442,-7.82959985733
29083,-0.27610000968,-0.425665557384,-3.88662457466,-3.14619994164
5747,1.79480004311,0.0431995391846,-1.0471316576,0.63480001688
22905,0.674499988556,-0.014566719532,0.0973415374756,-1.12759995461
63933,-0.314200013876,-0.394341647625,-1.72020339966,0.0
9847,-7.60340023041,-1.03912889957,-4.96247720718,-6.61350011826
51021,-3.23720002174,-3.85212993622,-1.30258059502,-5.3249001503
8996,-0.0423999987543,-3.47000694275,-0.845001339912,-2.89050006866
7376,-0.875199973583,1.46148300171,0.912155091763,2.69429993629
5357,-0.650200009346,0.248859405518,-0.331690400839,-6.89440011978
56940,-2.49690008163,-1.04342722893,-0.69278216362,-3.19109988213
6195,-1.52129995823,-1.43116211891,-2.78702950478,-8.70429992676
1633,-1.41089999676,-1.95934462547,-2.10813736916,-3.07109999657
23321,1.5068000555,0.799613237381,0.664387881756,1.87740004063
51160,-0.0454000011086,-3.50187826157,-1.35224413872,-0.708100020885
55604,-0.418199986219,-1.94250607491,0.0376019477844,-2.92339992523
2063,-0.463800013065,-3.91269111633,-8.15356826782,-1.39989995956
54512,-0.733399987221,-0.226779952645,-1.55254626274,-1.66550004482
9124,1.32509994507,-0.269063204527,-0.163800448179,-1.8164999485
79174,0.610099971294,1.30944800377,1.15970945358,4.38609981537
23223,3.00219988823,-0.855005502701,-2.04892992973,4.6031999588
39,-0.168099999428,0.250689148903,0.941765189171,2.04550004005
57215,-0.364499986172,-0.347345411777,-0.864369630814,1.17719995975
1052,0.834500014782,1.14534950256,1.9712023735,9.38869953156
23139,1.94560003281,-0.601242303848,-0.0357430279255,1.96759998798
79947,0.225299999118,1.39395344257,-1.09147787094,-1.40530002117
4616,6.31519985199,8.82218360901,6.70909118652,10.0
9710,2.43950009346,-0.182800501585,-0.118569090962,2.40389990807
6990,-1.98699998856,-0.633737504482,0.407921522856,-3.94140005112
29082,-1.19539999962,0.397766768932,-1.25819396973,-0.936800003052
9670,1.13170003891,0.725163340569,1.17701196671,7.19880008698
81533,-0.601100027561,-0.880381166935,0.822284579277,-2.79769992828
10525,1.92669999599,0.359263002872,0.220251232386,1.23959994316
2353,4.31619977951,5.78522253036,4.8961482048,10.0
57192,-0.590399980545,-0.541737556458,0.104836992919,0.12729999423
3398,1.35780000687,4.53019666672,8.17916488647,10.0
3775,-1.53079998493,0.00323733687401,0.533027887344,1.64909994602
26064,1.91639995575,0.232951164246,-0.431109309196,5.74450016022
29103,-0.285699993372,-0.205536454916,0.13183760643,-1.72449994087
3206,-1.50800001621,0.0134578999132,-4.05792188644,-3.93230009079
1500,0.83520001173,-2.80899381638,-1.53026676178,3.23550009727
7690,0.440200001001,1.05261290073,0.733469724655,-1.8178999424
29911,-2.18219995499,-0.239357367158,-0.766380429268,-7.94880008698
2064,0.0996999964118,-1.03800559044,-0.264778971672,-10.0
65123,-1.14530003071,-1.88674998283,-0.57445371151,-4.2404999733
5986,-0.228699997067,-0.604544520378,-0.201554894447,3.29660010338
85377,4.05560016632,-1.48205959797,2.83096790314,-1.64760005474
9903,6.91309976578,0.0626908093691,8.49161148071,9.26720046997
7088,0.586099982262,-0.608854413033,1.22225618362,0.480300009251
22796,-4.63649988174,-1.63655698299,-6.65873527527,-5.80249977112
51116,-0.620599985123,-1.21009850502,-1.07782840729,-4.21379995346
54442,4.20819997787,1.95017457008,1.3008607626,3.84100008011
10695,1.28170001507,-0.649620771408,0.116152592003,2.76550006866
102,2.71679997444,1.01054131985,1.56562459469,2.56430006027
965,-0.997900009155,-0.104183115065,-0.310586869717,-0.202199995518
3800,-2.45819997787,0.637557387352,0.206137359142,1.07290005684
10362,-3.17890000343,-3.92942333221,-1.16076993942,-2.82949995995
5300,-1.05579996109,-0.893127143383,0.599917173386,-7.8123998642
8270,-3.69810009003,-0.389824151993,-0.531190335751,-2.34400010109
27242,1.39349997044,-2.56510877609,-0.573586285114,-1.22909998894
9928,-1.13940000534,-0.999467670918,-0.195824310184,-1.19260001183
1534,-1.13600003719,-0.427258938551,0.0547839850187,0.636900007725
5654,0.377700001001,0.6653444767,0.765532374382,10.0
10810,-0.0754999965429,-1.84880566597,-0.496674537659,4.67500019073
7105,-3.36350011826,-0.559829056263,-0.453762412071,-5.13059997559
23014,0.608900010586,0.0528802275658,-3.54509353638,-1.34039998055
55012,-0.465499997139,0.967708110809,0.643526613712,-2.33859992027
2887,7.11479997635,0.856175839901,-1.37995672226,-0.0688999965787
9183,-0.681599974632,-0.697285294533,0.0426385402679,8.19750022888
11151,1.29379999638,0.558919429779,0.704211294651,2.72440004349
7511,-2.15650010109,-0.379061937332,-0.323029518127,-1.83099997044
10046,-1.50010001659,-1.38367962837,-1.15733087063,-0.481599986553
1829,0.379999995232,0.0215939283371,1.44116735458,2.16020011902
11000,-0.790400028229,0.258064687252,0.703723073006,3.24429988861
976,0.575200021267,-0.424144566059,-0.72986972332,-2.22630000114
3597,1.55589997768,0.817214667797,0.303591430187,4.65399980545
178,0.103500001132,0.788852334023,-0.042249917984,0.545899987221
2625,-3.15510010719,-2.59877085686,-0.653252184391,1.07579994202
6119,-2.83410000801,-0.993497729301,0.0800232440233,-2.31119990349
26136,1.57319998741,-2.04147958755,0.26965880394,2.54769992828
6697,-0.95759999752,-1.71221137047,0.411481499672,-4.48799991608
5971,5.04879999161,-0.242954879999,0.618467569351,1.35780000687
22934,-1.47759997845,-1.58810973167,-2.848528862,-5.32410001755
9289,1.70700001717,0.906065046787,1.29149508476,2.50060009956
4931,0.957300007343,-2.53935623169,-4.33252716064,3.4702000618
4200,-1.67869997025,0.939984917641,0.509284853935,-4.7108001709
93594,-0.230399996042,0.37017801404,2.91574573517,-2.25419998169
5982,-3.76239991188,-1.86535549164,-2.71152973175,-10.0
26520,-0.51810002327,-4.10571813583,-8.50661277771,-5.89750003815
4998,0.518400013447,1.94053435326,-0.0109176635742,2.4904999733
10038,-1.86090004444,-4.15135097504,-5.1581993103,-10.0
60493,0.22120000422,0.396431237459,-2.05147886276,-1.8368999958
51495,-0.162799999118,-0.0311826467514,0.609423995018,-2.15059995651
4482,-0.37160000205,-0.366491556168,-1.47230780125,1.71370005608
23224,-2.06459999084,-0.712317109108,-0.16981369257,-0.716400027275
9690,-1.20280003548,1.89521360397,-0.439332187176,1.0528999567
80212,-1.02489995956,0.837253093719,1.26698219776,4.42379999161
29928,0.3382999897,-2.07328486443,-1.83526051044,1.16700005531
22809,-0.915799975395,-2.57490348816,-1.88282644749,4.64029979706
50814,-0.60799998045,0.478808403015,0.206501662731,0.243300005794
55256,-0.814199984074,-0.245596885681,-1.26882588863,-4.17920017242
56997,-2.62059998512,-1.43674516678,-0.161052078009,-0.0579000003636
81544,0.693499982357,1.41296291351,1.18716490269,0.0511999987066
6894,-1.13960003853,-1.22363424301,1.88291215897,-3.97009992599
64080,-1.14460003376,1.2258566618,-0.163143277168,-2.46239995956
55818,2.77920007706,1.2192800045,-0.00648681819439,1.51709997654
637,1.47189998627,0.682280778885,-2.17663192749,3.70609998703
22823,1.4620000124,1.21850287914,-3.89468121529,-0.0798999965191
5287,-0.452399998903,-1.40774345398,-0.989925742149,-4.12989997864
91137,-0.397199988365,-0.0505433678627,-0.679537773132,-4.14230012894
23097,-1.95539999008,-0.380259037018,0.033106662333,3.1140999794
9851,-0.191699996591,0.473532319069,0.500858843327,2.23679995537
23522,-3.5109000206,-0.275342464447,1.17719101906,-0.686900019646
1123,-0.442900002003,-0.1962390095,-0.827704548836,7.54269981384
5603,-1.54279994965,0.943819105625,-1.55817008018,10.0
51569,-0.255899995565,1.52315187454,-0.145216688514,1.14260005951
55699,-2.28710007668,-1.8098526001,-1.18190479279,-4.1111998558
2624,-1.79449999332,1.1406981945,3.40706157684,6.49249982834
8204,-1.66050004959,-0.311210632324,-4.08825778961,-8.44690036774
9133,-2.08480000496,-1.86151695251,-3.35526585579,-10.0
10921,0.0,0.0533828437328,-1.06188547611,-0.387699991465
51742,-6.4170999527,-3.66336941719,-1.5589966774,3.29670000076
2954,-1.1970000267,-0.615213036537,-0.0638929903507,-1.66670000553
27244,-0.228300005198,-0.632872223854,0.0190660059452,0.708299994469
23013,0.434300005436,-0.425597220659,-0.452482521534,-0.2825999856
8050,-0.00989999994636,-1.586566329,-5.25396633148,-2.21269989014
79961,-5.57009983063,-0.296076893806,-0.112199887633,2.0353000164
2017,-0.796599984169,-0.666752934456,-0.021700322628,0.0520000010729
55148,-0.827499985695,-0.107935220003,-2.6933259964,-1.63100004196
960,2.00390005112,0.836323320866,-0.204476475716,4.68769979477
10451,-2.29410004616,0.0584717728198,0.438653945923,4.33090019226
57406,1.07650005817,1.96040654182,0.908139884472,2.14560008049
51719,-0.198599994183,-1.21802353859,-1.27301836014,-2.40930008888
7074,-0.996299982071,-0.115040227771,-1.37566208839,-2.20269989967
10059,-0.336600005627,1.30386710167,1.10335206985,1.69459998608
51071,-0.0458000004292,0.23111525178,0.0377671122551,1.49030005932
5796,3.37969994545,0.771903276443,0.312796533108,4.1373000145
55008,-2.29879999161,0.827604830265,-0.572950541973,-1.46959996223
23597,0.804499983788,-0.238991603255,0.121412247419,0.661400020123
8869,-0.291099995375,0.653412878513,1.16941905022,2.29999995232
8727,0.775099992752,0.141135782003,2.50699281693,0.811800003052
63874,10.0,2.31708621979,0.177925422788,7.58050012589
8821,-0.0487000010908,4.82039451599,0.364941626787,2.8259999752
57178,2.30360007286,0.415084958076,-0.0122019648552,5.07270002365
5468,2.48049998283,1.60482060909,0.945018649101,-0.0838999971747
10557,-1.06219995022,-3.52622890472,-4.22153329849,-5.93970012665
831,1.54519999027,0.686518549919,1.88032579422,6.93429994583
9531,0.962000012398,5.74942779541,8.36514663696,10.0
2767,-0.623099982738,-0.479449003935,0.560198485851,2.16689991951
1861,1.22300004959,0.616798043251,-3.81733846664,5.31930017471
10165,-1.48839998245,0.431858778,-0.722400784492,-1.38650000095
7106,-4.85669994354,-0.37542822957,-0.429094016552,-3.15310001373
2908,1.84409999847,0.616290211678,-0.329783141613,-0.404799997807
57761,-4.70410013199,1.97252714634,-0.0756205916405,1.10430002213
23338,-1.73730003834,-1.3319041729,-0.916409611702,-4.70819997787
7852,2.74900007248,3.274954319,4.42267799377,8.86849975586
55033,-0.690900027752,-1.03082096577,-0.117558158934,3.00340008736
57019,-0.412299990654,-0.654000997543,-0.836307764053,-1.34809994698
91949,0.431199997663,-0.585266649723,0.382527381182,3.73289990425
84617,3.82150006294,0.818673372269,-1.03955805302,-0.601700007915
25,0.461499989033,-0.0912925004959,0.512646257877,5.65850019455
899,-1.62129998207,-1.34507906437,-2.66220545769,-5.13870000839
79850,0.034699998796,-0.181133031845,-1.96411538124,1.64139997959
51466,-3.83850002289,-1.94403469563,-1.24936747551,3.05879998207
2852,2.2718000412,0.262799233198,-0.352866828442,1.16050004959
55837,-0.748700022697,-0.79518610239,-0.487268567085,-1.7879999876
2131,1.84210002422,0.375057816505,0.28540968895,1.85130000114
5427,-4.74949979782,-1.77638685703,-2.49088478088,-10.0
25966,-0.129999995232,-1.30621230602,-0.6295119524,0.11969999969
55608,1.45940005779,1.87756037712,2.60238313675,2.21359992027
1662,2.86520004272,1.86382079124,0.30747616291,1.64429998398
9702,1.20260000229,0.253924876451,1.42290043831,-0.120499998331
11031,-1.78180003166,-0.244986176491,1.47226202488,-0.469399988651
10057,0.715799987316,-0.165108382702,2.73991727829,0.992100000381
5985,-3.85809993744,0.435754835606,0.273594617844,-1.90569996834
3280,3.3462998867,2.39223957062,0.106768637896,4.88229990005
55958,2.59579992294,0.201130568981,-0.671635568142,4.9142999649
51465,0.458900004625,0.903324961662,0.929593741894,1.21609997749
2542,-2.7881000042,-3.67823266983,-0.656248986721,-4.18529987335
10641,-1.02820003033,0.769309043884,0.616350889206,1.61000001431
11137,-0.858200013638,-1.51883161068,-2.29661393166,-3.29719996452
9842,0.537699997425,0.30609691143,0.335289895535,2.61330008507
10493,1.58659994602,-0.629119157791,0.674502015114,-0.750500023365
10112,-3.15240001678,-1.74104142189,-1.91492581367,-7.15710020065
1001,1.19000005722,1.78160583973,-0.904257178307,-3.37719988823
23635,0.948499977589,0.878719627857,0.908271193504,5.75339984894
29916,-0.114299997687,0.258813381195,-0.688491761684,1.1521999836
2810,3.42759990692,0.794526576996,-0.521687269211,2.10150003433
5993,-4.09849977493,-2.57417392731,-0.811559200287,4.31839990616
11142,-3.34299993515,0.786822557449,-0.117022961378,-2.29270005226
79187,-1.85669994354,0.896224319935,0.715334117413,3.70199990273
51382,1.06910002232,-4.31685066223,-8.33141899109,1.66089999676
8318,-2.58619999886,0.262791216373,0.904958486557,-2.3626999855
9695,1.56809997559,-1.13342773914,-0.827962934971,-0.488799989223
9712,-0.767700016499,0.486891686916,-0.872390687466,-2.22309994698
64943,-7.03509998322,-1.66866409779,-0.873965501785,-3.75740003586
9738,-2.71539998055,0.206676125526,-0.604512810707,-6.28889989853
6793,2.9849998951,1.24199151993,0.760969996452,7.00229978561
7358,0.282900005579,-1.51397967339,0.126952260733,5.70230007172
58472,0.0593999996781,0.132298365235,0.487521409988,-3.16280007362
50865,0.118500001729,1.77869737148,0.907773733139,2.77139997482
23200,1.14830005169,0.766562879086,0.447559475899,2.8585999012
51293,-2.81279993057,0.19504968822,-0.715755343437,0.253600001335
10962,0.394100010395,-1.64243471622,-2.0351600647,6.73390007019
10153,0.66890001297,-1.66563415527,-2.72420597076,-0.5625
874,5.03340005875,-0.672598004341,1.50174307823,3.79189991951
