rid,NMH002_FIBRNPC_24H:BRD-K54028654-001-01-8:10,NMH002_FIBRNPC_6H:BRD-K54028654-001-01-8:10,NMH002_NEU_6H:BRD-K54028654-001-01-8:10,NMH002_NEU_24H:BRD-K54028654-001-01-8:10,NMH002_NPC_6H:BRD-K54028654-001-01-8:10,NMH002_NPC_24H:BRD-K54028654-001-01-8:10
5720,0.586483120918,-0.200133323669,0.0507454276085,1.10954618454,0.619575977325,0.197673082352
466,-0.28003975749,0.0592000037432,-0.245916232467,0.862355828285,0.622963666916,-0.505978286266
6009,-0.111386656761,-0.0651666745543,0.330299168825,0.51927292347,0.19315713644,0.305702894926
2309,0.532257795334,0.423799991608,-0.585601985455,0.412087440491,-0.0860705822706,2.24186134338
387,0.208389520645,0.196766659617,-0.471177369356,0.746386706829,0.181255549192,1.84140110016
3553,-0.83043217659,0.152799993753,-0.341392755508,-0.853147029877,-0.59556132555,-0.11926870048
427,-0.312950968742,-1.18940007687,-0.632659375668,-0.110408574343,1.38614559174,-1.09266912937
5898,0.696774363518,0.115033328533,0.0664533227682,-0.609028220177,0.615159511566,-1.98351955414
23365,0.578791499138,0.142233341932,-0.406315147877,0.451714456081,1.64150631428,0.159215629101
6657,-0.270173341036,0.101300001144,-0.223899662495,1.13882756233,0.195273458958,0.852976202965
5054,-0.234071955085,-0.515400052071,0.897684752941,-0.232395872474,0.241522550583,-0.21506357193
3108,-0.362533569336,-0.609299957752,-0.04746311903,-0.167445227504,-0.721599400043,1.54004025459
1950,-0.326606273651,0.684133350849,0.288527607918,-0.751672327518,-0.635370135307,-0.452248215675
351,-1.12057614326,-0.595100045204,-0.388883978128,-1.43285238743,-0.944449663162,-0.912384867668
4846,0.419072568417,0.494866669178,-0.691028118134,-0.127249866724,0.350773721933,0.128288596869
1452,0.768571734428,0.425566673279,-0.302241146564,0.648350656033,0.66255480051,0.382961958647
4776,0.32075124979,0.284400016069,0.0314317941666,-0.390168964863,-0.147789269686,1.15071797371
6908,0.739131987095,0.175433367491,-0.604815781116,0.421929478645,0.335328519344,0.662315785885
672,0.458793342113,0.548300027847,0.17093500495,0.0619794167578,0.945307970047,-0.306469559669
5710,-0.101806223392,0.350033313036,-0.323103368282,0.517688274384,0.663396000862,1.10710918903
2115,-0.10901427269,0.220166653395,0.300704538822,0.171223551035,0.147496193647,-1.82237029076
7015,-0.402993261814,0.202266663313,0.0674012675881,-0.0706188008189,-0.90684312582,1.02419042587
8726,0.313860595226,0.0672666728497,0.711796104908,0.36078363657,2.1744787693,-0.846921026707
2185,-0.723884224892,0.122433334589,0.220812693238,-0.987086713314,-0.817684412003,0.136764347553
3315,-0.111921221018,-0.605866670609,-0.0229591280222,-0.188525885344,-0.0719257593155,1.67591357231
5289,-0.443700194359,0.405466675758,0.897850096226,-0.32864394784,-0.136329740286,0.1691198349
868,-0.711531639099,0.019500002265,-0.42045712471,0.7082888484,1.30020928383,1.21244752407
1677,-0.484094232321,0.0992999970913,-0.450089484453,-0.812240958214,-0.326723098755,-0.0256913602352
7043,-0.646048069,0.18056666851,-0.786323904991,-0.205973595381,-0.469807386398,-0.396539539099
5613,-0.753519535065,-0.103566676378,-0.439716607332,-0.456463336945,-0.43064135313,-1.98778533936
595,0.563778877258,0.262733340263,0.352785885334,0.446789652109,-0.201146572828,0.0753557682037
4793,3.91296505928,1.12576675415,-0.538475990295,-0.074793048203,-2.23320198059,0.259628117085
2736,-0.593604803085,-0.216199994087,-0.637135744095,0.304617792368,-0.787792861462,1.03073549271
5290,-0.425888299942,-0.498333334923,-0.688349723816,-0.686971962452,-0.268511235714,0.0365077741444
6194,0.218673139811,0.701433360577,0.000930605048779,0.422808676958,-0.953196108341,-0.196299448609
1676,-1.12787938118,-0.397300034761,-0.407778441906,-0.94094055891,-0.40022444725,0.102912411094
23512,0.749737143517,0.296833336353,-0.315449029207,-0.115001969039,-0.249006658792,-1.06725025177
148022,0.32579728961,0.456433355808,-0.551038920879,-0.508136510849,-1.04177081585,0.296168476343
1906,-0.351614028215,0.48789998889,-0.88643604517,-0.418076902628,-1.08323872089,0.208770900965
8878,0.0786959528923,0.167700007558,-0.796784102917,0.479174882174,-0.1149225384,0.811315774918
3091,-0.971533000469,0.283133327961,-0.142547935247,0.678225278854,-0.177814021707,-1.87648057938
5743,-0.285630166531,0.246266677976,0.141217678785,-1.78663229942,-0.951416730881,0.517059206963
5321,-0.741171061993,-0.26983332634,0.0269303768873,-0.857973992825,-0.626613140106,-0.420215070248
4144,0.25721308589,0.598066687584,-0.303120613098,0.350005716085,0.00620049238205,1.40301954746
1981,2.22087883949,-0.272966682911,-0.753336250782,-0.161642789841,-0.242117851973,0.163746729493
695,-1.33089244366,-3.10716676712,-0.507118165493,0.590495049953,0.80252635479,-0.589487373829
10398,-0.432270586491,0.884600043297,-0.302071064711,-0.845300614834,0.00865936279297,0.386718809605
5708,-0.108797520399,-0.918966710567,-0.0877995193005,0.462699770927,-0.544350862503,1.13229882717
1213,0.283503741026,0.363033354282,0.0535068809986,0.696071624756,0.50103199482,-0.274350196123
226,0.273420959711,0.620733380318,-0.794806838036,0.616521537304,0.564522504807,1.03573584557
6777,0.447462022305,0.666566729546,0.0588472150266,0.190792486072,-0.301846891642,0.326075851917
2113,0.359364569187,0.203266680241,0.0922615677118,-0.955349624157,-0.990079700947,-1.78552079201
3329,0.65048712492,-0.645733356476,0.543865561485,0.729647994041,-3.0171854496,0.235713973641
1050,0.472575962543,-0.0879000127316,0.384628713131,-1.33253455162,-0.0160521417856,-0.508609771729
9491,-0.235414266586,0.2839666605,0.0124693475664,-0.64232224226,-0.392997741699,0.374166309834
22926,0.185935780406,-0.00513333082199,-0.0821396112442,0.540451407433,-0.240135103464,1.15190577507
5899,0.509160578251,-0.00906666740775,0.0502459928393,-0.0693351328373,0.121692031622,1.88395690918
5467,-0.483858138323,0.10719999671,-0.69763314724,-1.32576167583,1.15184223652,0.838386237621
6774,0.357232093811,0.022000014782,-0.620008468628,-0.198766827583,-0.274911761284,-1.46587014198
1788,-0.916485309601,-0.000966668128967,0.0294156596065,-1.33135461807,-0.445969521999,0.0933840796351
5921,0.141718059778,0.0586333274841,0.0646983385086,0.354778677225,0.426844328642,0.497920125723
5721,0.175722539425,-0.628300011158,-0.0508984923363,-0.379555076361,-0.344792634249,-0.579310417175
2263,-0.255625933409,-0.364666700363,0.532086730003,-0.31083765626,-0.287423431873,-0.0293122380972
808,-0.292130708694,0.283699989319,0.128585040569,0.196198150516,-0.435833692551,0.563144564629
30001,-0.0455767959356,0.506233334541,-0.544871449471,0.466314643621,0.801680982113,1.26796114445
348,-0.64670586586,0.0315666496754,0.0452053248882,-0.293806910515,-0.965202689171,1.38519477844
30849,-0.854703187943,1.01683330536,-0.803572773933,1.0300347805,0.103568352759,1.28541684151
1454,0.80880844593,0.295033335686,-0.784666061401,0.00125816755462,1.3572832346,1.35516357422
6500,-0.226915940642,-0.0967666506767,-0.0390310510993,0.761681854725,1.01554083824,-1.02078604698
5627,0.156168803573,0.0843666791916,-0.619317412376,0.13252069056,0.171043306589,-0.218257024884
5715,0.605923175812,-0.0177999734879,-0.0929669439793,-0.0659916400909,0.290833830833,-0.215289413929
4791,-0.0661662220955,0.818766713142,-0.688744306564,-0.552946388721,-0.663480043411,-0.427693784237
56924,1.13307535648,0.106600016356,-0.610800385475,0.100561641157,-0.797767758369,-0.538475453854
2690,-0.0323074758053,0.0336000025272,0.160407245159,-0.146244555712,-0.781928896904,0.809406816959
1019,0.645160734653,-0.76783323288,0.905640363693,0.549366950989,0.52385866642,-3.07765436172
51422,0.224760293961,-0.0347000062466,0.0686251223087,-0.72591727972,0.221568539739,-0.819383502007
5788,-1.39368724823,0.528733372688,0.22503593564,-0.614569365978,-0.55431997776,0.185729563236
6709,0.142378032207,-0.0995000004768,-0.662814021111,0.383232533932,-0.0439466908574,0.445844143629
1277,-0.557750284672,0.408666670322,0.361430883408,-0.139028757811,-0.828395307064,0.6459004879
993,1.43465542793,-0.280133336782,0.0924479365349,1.29559147358,0.975030779839,0.204214081168
7157,0.0913527756929,-0.454200029373,0.458930939436,1.56564974785,0.175813242793,0.988761663437
1958,-0.0858429074287,0.402533322573,-0.76104414463,-0.425148516893,-0.142289727926,-0.791745305061
4582,0.412156283855,0.509799957275,-0.424567759037,2.40432357788,0.661538779736,2.89709186554
9212,-0.31234484911,0.529333353043,-0.221460938454,-0.217048451304,0.078248411417,0.373341232538
8440,0.589827239513,-1.18023335934,-0.347445845604,0.722342312336,0.654241144657,-1.55400538445
6790,0.97301197052,1.07050013542,0.311082929373,0.62288403511,0.105601459742,1.31614947319
8851,0.393335074186,-0.0350999981165,-0.210857376456,0.19960808754,0.120614416897,0.918434083462
2534,-4.9614033699,-0.224566668272,-0.545969247818,0.78573435545,0.127508074045,0.392477542162
4893,-0.308599889278,1.06683337688,0.383014678955,0.0710930600762,0.431085973978,0.31477406621
665,0.364558041096,-0.141733318567,0.262759059668,0.724127709866,0.784807622433,-0.748164534569
4313,0.0763224512339,0.891466736794,-0.684115409851,-1.18251180649,-1.42729949951,1.1387796402
1022,0.157982170582,-0.653466701508,1.12683069706,-0.469599187374,-0.841267228127,-0.839123725891
5880,0.69336438179,-0.29676669836,0.176845669746,-0.441619843245,-0.53744083643,-0.309334337711
3162,-0.0166764501482,-0.125866651535,-0.274632811546,-0.687417089939,-0.206651732326,-0.566908121109
1282,0.581810891628,0.0709666609764,0.0547347590327,-0.118890561163,0.112621337175,-0.185128450394
3383,-0.562135219574,-0.496066689491,0.409072369337,-0.716897249222,-0.945081472397,0.422814935446
727,-0.156278595328,0.551766693592,-0.104586496949,-0.155015990138,-0.695844292641,1.81510233879
4792,0.193206995726,0.612700045109,-0.402373731136,0.478936195374,0.14854888618,1.91289114952
4794,-0.667675018311,-0.120833307505,-0.830885648727,-1.36092853546,-0.823215186596,0.861667811871
902,-1.17315649986,0.376066684723,0.283904492855,-0.176940619946,-0.503914296627,0.489449441433
8091,0.158385694027,0.794066727161,0.727950155735,1.62782144547,0.580675721169,-0.351195842028
3486,-0.638713955879,-0.208366692066,-0.796788275242,-0.252254426479,-0.0191714093089,0.233928307891
10818,-0.992180943489,1.0706332922,-0.957256734371,0.275769859552,-0.685926914215,0.698128759861
3454,-0.540657281876,0.244033336639,0.1620452106,-0.855068802834,-0.373430669308,0.0666318535805
4282,-0.824384748936,0.25843334198,0.372352719307,1.44177508354,1.34821617603,-1.20049166679
1605,-0.697577118874,-1.86253333092,-0.0918940156698,-0.176948383451,-0.19455036521,-0.210524916649
10644,-0.20032556355,0.176866680384,-0.177834153175,1.30700576305,2.39877653122,0.604318499565
2065,-0.260302424431,0.300633341074,-0.4995855093,-0.336823105812,-1.27716183662,-0.437329590321
8321,-0.746706724167,0.00189998745918,0.229320645332,-0.579881548882,-0.993255794048,0.352722227573
8503,-0.392109453678,0.337566673756,-0.118373915553,1.04706299305,0.755827248096,1.35711443424
7027,0.904995918274,0.117000006139,0.191344588995,0.377669811249,-0.103088796139,0.275505453348
6850,-0.470745027065,0.255166679621,0.229879945517,-0.608914494514,-1.06679940224,1.95567750931
1978,0.150598824024,0.191633343697,-0.34756013751,0.314863294363,0.772799730301,-0.26198336482
896,0.443810522556,0.178400009871,0.12295588851,-0.022870130837,0.427346467972,-1.79941403866
5777,0.0605575442314,0.0585666596889,0.813884556293,-0.447412014008,-0.369492888451,-0.0975548326969
1846,0.691496491432,0.370933353901,0.101412430406,0.689481079578,0.277452707291,0.71282762289
5925,-1.14026379585,0.592500030994,-0.370990723372,-0.0504324436188,0.734761953354,-1.80068635941
142,-0.220480114222,0.533900022507,0.271671831608,0.216106057167,1.47789406776,1.67760396004
1021,0.417951047421,0.478999972343,-0.0206082686782,0.845886826515,0.580119788647,-0.461170047522
5699,-0.337750464678,0.41276666522,0.0673720836639,-0.67015427351,-0.646199345589,-0.396303415298
8061,0.623708188534,0.489133328199,0.0518572926521,-0.655894577503,-0.211437255144,0.949932098389
1870,0.290602087975,0.629400014877,0.494796544313,-0.366544425488,-0.568485736847,0.863695144653
1398,0.595973014832,0.211000025272,0.0961847007275,0.80823713541,0.386803865433,-6.39132547379
3312,-0.998411893845,0.280800014734,-0.359650552273,-1.17656099796,0.300029754639,-1.81065058708
891,-0.325977146626,-0.0103000402451,-0.156496196985,-0.519957542419,-0.994834661484,-0.895931005478
4775,-0.255506575108,-0.80630004406,-1.16991007328,-0.528091192245,0.076592206955,2.72177791595
5111,-5.32735061646,-5.5500664711,0.265301287174,0.744896352291,0.67150580883,-1.30375790596
5696,0.405510127544,0.39336669445,0.678075671196,-0.327716112137,-0.70025742054,1.57530856133
5588,-0.134522497654,0.357533335686,0.0302333235741,-0.0853200852871,2.59758925438,0.905900478363
6839,0.93952614069,2.98466682434,0.468877464533,0.90812432766,0.482033163309,1.31178832054
329,0.414930582047,0.25043335557,-0.540648519993,0.0638636052608,0.11255607754,2.20495963097
5058,0.965396285057,-0.390333324671,-0.0864061787724,-0.208184033632,-4.86740112305,0.960352361202
998,-1.14684951305,1.20156669617,0.923499643803,-0.543466985226,-0.327788889408,1.5912296772
9134,0.0742829591036,-0.109666675329,-0.443050414324,-0.963496506214,0.326493233442,-1.31957566738
6616,-0.782179296017,2.8576669693,1.21063494682,1.10116302967,-0.707514047623,1.69250059128
5223,0.00532690808177,-0.114300012589,-0.290170609951,0.642296969891,0.571458816528,0.657185971737
4690,0.724927425385,0.137066662312,1.76925861835,-0.412498116493,0.14474119246,-0.350217372179
958,-0.696692049503,-0.299833357334,0.332205891609,-1.52564430237,-0.704480707645,-0.201055914164
1616,0.0473899617791,-0.118600010872,-0.475752562284,-0.437908798456,-0.696659803391,-0.60817617178
991,0.951633870602,0.569066643715,-0.373279899359,0.877619385719,0.220436543226,0.627408981323
6347,0.0727410316467,0.774966776371,0.438536852598,-0.767662286758,-0.531578779221,0.235646650195
6714,-0.246544003487,1.69360005856,0.274377882481,-0.262956857681,0.519304990768,-0.824168562889
652,-0.697132706642,-0.299766659737,0.17228230834,-0.839669108391,-0.914459764957,0.868710398674
4331,-0.903241872787,-0.570666730404,-0.515267491341,0.0701499208808,2.48887133598,-0.609315216541
7099,-0.137154519558,-2.56126666069,0.160752907395,0.108772665262,0.579613626003,-0.482469469309
10320,-0.0389114022255,0.587066650391,0.700406312943,-0.195045784116,0.534376323223,2.37207722664
2042,1.05897128582,1.21906673908,-0.405313372612,0.781116068363,0.533534705639,-1.06123936176
843,-0.264888972044,0.994866728783,-4.0985121727,-0.83018052578,-1.12585425377,0.702314138412
840,-0.480128884315,0.313933342695,1.29624640942,1.29115760326,0.339940875769,1.20315170288
7048,-0.127893090248,0.13220000267,-0.012514218688,0.381676793098,-0.687712907791,0.115626096725
4851,-0.315646469593,-0.261533349752,-0.24692928791,-0.0868523418903,-0.240111872554,0.26335772872
6464,-0.911876261234,-0.179333329201,-1.48184740543,-1.61296272278,-0.917301058769,-0.357138067484
23410,0.32464453578,-0.0678666830063,-0.571677207947,0.138129428029,0.367629110813,0.000166997313499
54205,-0.0963115468621,-0.92710006237,0.124623298645,-0.384319156408,0.115460395813,-0.0861376449466
2770,-0.922078669071,2.63933348656,-0.872184276581,0.085733756423,1.07651650906,-1.21703267097
80204,0.584683835506,0.161966651678,0.362959891558,0.50964820385,1.101146698,0.198421299458
4208,-0.721734344959,2.8739335537,-0.268357634544,-0.54587739706,-0.581506490707,1.49379658699
1845,0.725308299065,0.650633394718,0.253290623426,-0.346533596516,0.266049385071,0.253917187452
23368,-0.771376907825,-0.306733340025,-0.725215435028,-0.993601322174,-1.024345994,0.0988565534353
5583,-0.530604660511,-0.213166683912,0.0763334333897,-0.595541238785,-1.09216618538,1.7651617527
8900,1.16699254513,1.29696667194,-0.00560057908297,-1.63915371895,-0.516882181168,0.440206706524
581,0.0774623528123,0.60626667738,1.37428092957,1.20438790321,-0.145633757114,0.120169401169
6193,-0.0734510868788,0.170866668224,-0.721243560314,0.158758893609,-0.934784710407,0.883770465851
6622,-0.0687311291695,-0.462633311749,-0.0625615641475,0.601312696934,-0.108835890889,0.893879294395
11261,0.18137973547,0.84723341465,-0.564980328083,0.0221937410533,-0.109237000346,-0.666600584984
6696,-0.133049339056,-0.21430003643,-0.450917065144,0.594154715538,0.132778868079,0.215345025063
8312,0.949084401131,2.25236701965,-0.111528605223,0.131209522486,-1.33932983875,1.00811994076
835,1.17176568508,1.05040001869,-0.33665266633,1.11915385723,0.0608180202544,-1.18580245972
8324,0.100548177958,-0.603000044823,0.131227627397,-0.0556462332606,0.569505095482,-0.204842701554
1848,-0.363906383514,-0.43576669693,0.226578369737,0.630447626114,-0.278642088175,2.36864614487
154,0.392270714045,0.226733356714,0.758183181286,-0.303094893694,0.173783868551,1.12876093388
4312,-0.191632792354,-1.10339999199,0.475840032101,-0.888134241104,-0.243191093206,0.938510715961
994,0.432432353497,0.11956667155,0.0434483885765,-0.123642146587,0.0374670922756,0.766660928726
2048,-0.356299221516,-1.08600008488,0.135988861322,0.367385685444,-0.465660572052,0.895712614059
1111,-0.555316567421,-0.270600020885,-0.350907623768,-1.25785112381,0.68401402235,-1.74488782883
5154,0.411721467972,-0.161933347583,0.119187071919,-0.467175573111,-0.280514448881,0.69460940361
2920,-0.262230247259,-0.748733341694,0.0885559916496,-0.153150647879,0.668012619019,1.1418172121
3122,-0.643581569195,-0.00659999251366,-0.106558158994,-0.278829544783,-1.10447096825,-0.342974126339
2769,-0.658418774605,-0.420900017023,-0.540397047997,-0.14660269022,-0.781277358532,0.40787768364
5900,1.00753808022,-0.0511000305414,-0.80460524559,0.309132546186,-0.160455584526,0.80631518364
6304,1.51479172707,3.10773348808,0.258966684341,0.757456243038,1.12489235401,1.53230631351
5211,0.211897909641,0.417533308268,0.0868747532368,0.40242010355,0.809567332268,1.71366035938
2886,-0.386272907257,-0.467866718769,0.382081598043,-0.528082966805,0.325656414032,0.131009891629
9261,0.105456277728,-0.30603325367,0.294680178165,-0.191853880882,-0.185989573598,0.139239221811
8569,-0.3641962111,-0.276133328676,0.343401044607,-0.83743673563,-0.534406960011,0.291841387749
3303,-0.0875104665756,0.317600011826,-0.426161319017,-0.190267667174,-0.412882447243,-0.314245343208
5331,0.115184724331,0.616833329201,1.12083935738,0.107091426849,-0.0799377262592,1.60910868645
5347,0.821071982384,0.5950999856,-0.334307551384,0.17933703959,0.481991410255,0.466891348362
4638,0.813499391079,-0.552966713905,0.122555166483,0.110902398825,1.52416145802,0.844215273857
2264,0.658354282379,0.098933339119,-0.922263324261,-0.203625753522,0.020863711834,0.486448705196
1029,-0.416756123304,0.626433312893,0.0744422227144,0.398003697395,-0.663425922394,-0.675727844238
1027,-0.839276492596,-0.0290333330631,0.543258547783,0.324487298727,0.676235020161,-2.60907077789
2597,2.50989360211e-05,-1.17970001698,-0.000567141280044,7.09161831765e-05,-0.000675048970152,0.0
55847,0.408300757408,0.461466670036,0.110633447766,0.653754174709,-0.744978070259,-0.518463373184
25803,-0.766916394234,-0.387466669083,0.0426475703716,-0.962266802788,-0.80288028717,0.411433070898
3480,-0.355797767639,-0.0718333423138,-1.20734906197,0.642998695374,0.690606296062,-0.910939097404
2946,0.108592577279,0.424100041389,-0.49387010932,-0.152989014983,-0.351255565882,-1.87755155563
9517,0.263187408447,0.790433347225,-0.0324105620384,0.181146219373,-0.318501263857,1.0394051075
25987,0.217119663954,0.535433292389,-0.224166184664,1.41292405128,0.885444879532,0.52703422308
23670,0.654851436615,-0.742900013924,0.21404697001,0.0379997044802,0.0779092758894,-2.08388519287
11182,-0.514847993851,1.08256673813,-0.352199554443,0.0931372717023,1.00654494762,0.757232010365
2146,0.707342028618,1.16826665401,-0.230204105377,0.878802418709,0.829787433147,0.871764957905
3385,0.00790616124868,0.346766650677,-0.691612958908,0.248577862978,0.439493060112,-1.24984121323
5261,5.42262935638,-0.460899978876,0.18983617425,-0.55466067791,0.197892084718,-0.694421827793
10765,0.559847652912,0.146900042892,-0.291421681643,0.954317927361,0.620283067226,1.01585948467
25839,0.182538628578,-1.02950000763,-0.209311038256,0.781804800034,0.401651710272,0.174008637667
4172,0.634727239609,-0.346000015736,0.0813224315643,0.0648958534002,0.564597785473,0.604770481586
23161,-0.630655944347,0.0116000175476,0.0685797929764,-0.909590780735,0.0838432312012,0.534142374992
10298,-0.00708083808422,0.517699956894,0.973033905029,0.15251801908,0.783306479454,1.00864243507
1802,0.0977202057838,-0.131600007415,0.429547965527,0.780203104019,1.03325223923,0.544363975525
58533,0.359810978174,0.505133330822,0.307406067848,0.616970121861,1.18195223808,0.485325098038
147179,0.594936430454,0.309466689825,0.709148168564,-0.107560962439,-0.537194669247,1.18005335331
29937,0.491193324327,0.453066647053,0.897394478321,-0.429165363312,1.54953670502,0.747906267643
6184,0.0611467063427,0.776433348656,-0.257530361414,-0.377897411585,-0.213912248611,0.165517926216
9854,0.272174119949,0.584533333778,-0.880951762199,0.29611736536,0.208090767264,0.296353638172
2553,0.0661985129118,0.105700001121,-0.00254411995411,0.92644482851,0.275955677032,0.763151526451
5440,-0.0621035732329,-1.04096674919,0.673746049404,-0.333265602589,0.483492970467,-0.354257434607
54623,-0.323874413967,0.726766705513,-0.370104640722,0.317487001419,0.321481108665,-0.0387849360704
9533,-0.00588571093976,-0.350666701794,0.514699876308,-0.410681068897,-0.0619325935841,0.2557554245
8607,-0.275342673063,-0.269666671753,-0.773945510387,0.70989125967,2.34192991257,0.32741189003
207,0.58351457119,-1.40536677837,-0.35595947504,0.9492431283,0.729603648186,0.0760682523251
26054,-0.213494092226,1.2200666666,0.17090536654,0.46742606163,0.903728842735,-0.475186139345
10682,-0.0741139352322,0.219399958849,0.137543767691,0.904919922352,0.547913312912,-0.707357704639
8573,0.66577732563,0.199800014496,-0.574398875237,0.260145008564,0.377355158329,1.43383038044
23378,0.343809664249,-0.201400011778,0.499626368284,0.252863585949,0.0585898309946,1.07992863655
8553,-0.0871542096138,0.669966697693,-0.943839490414,-0.990335285664,-0.983222603798,0.595977544785
622,0.547435164452,0.98946672678,0.159756690264,-0.5395373106,0.768714904785,1.14374697208
9467,-0.226021304727,-0.649733424187,-0.410198003054,0.287185490131,-0.655304253101,0.147330507636
5525,-0.0281842947006,1.17996668816,-0.0872115492821,-0.643453657627,-0.500951349735,0.623595058918
256364,0.00417670607567,0.0713333413005,0.421590745449,-0.562530100346,0.101223856211,0.516515851021
332,1.0706179142,0.947800040245,1.48060905933,1.26021492481,0.507853209972,-1.77312552929
2058,0.587657213211,0.253133356571,-1.26665687561,-0.748996019363,-0.0481208860874,0.0446007847786
7849,-0.251985877752,0.498633354902,0.439625114202,-0.234104424715,-0.340899020433,0.112828552723
23244,0.584732294083,0.0606333315372,-0.188890993595,0.247878789902,0.0946708470583,1.03584158421
7494,0.278874754906,0.291133344173,-0.502084076405,0.315190315247,0.61407160759,-1.86710858345
4836,0.243543058634,0.730233430862,0.129218012094,0.448702275753,0.0836047977209,2.83466243744
23647,0.0194974690676,0.165033325553,0.294921249151,0.524195730686,0.576238036156,0.503414034843
10617,0.638222157955,-0.224633321166,0.205740213394,0.918056130409,1.07753181458,-0.409062892199
2184,-0.0305960476398,0.314233332872,0.118210300803,-0.444274306297,0.1010216102,-0.777145504951
5355,-0.290005534887,0.188733324409,-0.477400362492,-0.798983812332,-0.894626319408,0.491021305323
6659,-0.130607753992,-0.469066679478,-1.20040142536,0.000589119968936,0.275424599648,0.21488198638
7016,0.252372324467,0.28043332696,-1.59364581108,-0.936130464077,0.234018921852,0.476206243038
90861,0.654965877533,0.958299994469,0.110282927752,1.85577881336,0.444750159979,0.617684066296
10670,0.377534896135,0.51586663723,0.724212288857,0.427497327328,0.184358015656,1.72164404392
79071,0.27959933877,0.879333376884,0.795544028282,0.216441661119,-0.236451521516,-0.187708094716
64746,0.065234169364,-0.370033323765,-0.555559039116,0.765552699566,0.649573683739,-1.51770138741
5366,-0.556406080723,0.457966685295,-0.54789763689,-1.11905574799,-1.02736902237,0.702835083008
11344,0.186007454991,0.0537333339453,-0.251154929399,-0.521735012531,-0.112852595747,1.10258364677
10013,0.587506115437,0.338200002909,0.0670314729214,0.952513217926,-0.192436158657,-0.637350559235
5829,-0.115383595228,0.493633359671,-3.04536867142,-0.000335187767632,-0.227407827973,0.438211649656
5257,1.07005369663,0.333400011063,0.872903525829,-0.0201756209135,0.333074986935,0.824726164341
22794,0.969197809696,-0.163766682148,0.542502343655,0.265822052956,0.583712935448,1.7919074297
9761,-0.12250572443,0.209366679192,0.212225750089,0.399957090616,0.00297421216965,0.194545954466
23326,0.299325287342,-0.486766695976,0.00356263364665,-0.110719330609,0.180815950036,-2.80561351776
10972,0.54394197464,0.114933341742,0.193024218082,0.450435638428,-0.361340284348,-0.375280797482
10523,0.5006711483,-0.30393332243,0.101072847843,0.511456906796,1.12024950981,1.68069171906
79090,-0.0175974294543,0.37996673584,-0.502415180206,-0.582230746746,-0.784513235092,1.30907940865
27032,-0.480796605349,0.391266703606,0.768875777721,-0.00964996963739,-0.816624045372,1.51956045628
9097,-0.443355053663,0.408900022507,0.635196864605,0.17567832768,-0.931910157204,1.75271356106
10513,-0.799896597862,-0.873200058937,1.49612224102,-0.38381165266,0.3542932868,-4.63025856018
1891,-0.323688060045,0.074599981308,-2.08291935921,-0.600403308868,-1.14592087269,0.316326975822
3066,-0.0298667550087,-0.593899965286,0.614665269852,0.757161021233,1.03258895874,-0.0429764091969
9801,0.268375039101,-0.15600001812,0.864401340485,-1.16565954685,0.876381158829,-1.87620019913
1459,0.649032831192,-0.575366675854,0.460245132446,0.0420100986958,-1.80527198315,0.786345481873
9703,0.413307577372,-0.180700004101,-0.248538762331,0.968782186508,0.474120914936,1.18189001083
10606,0.379280209541,-0.303166717291,0.0476653650403,0.500901937485,0.972885608673,-0.93674325943
1017,0.0130447000265,0.209066659212,0.24777624011,-0.500915825367,-0.586808681488,-0.529463291168
9813,-2.2039706707,-0.876666665077,1.3468285799,-0.2054258883,0.247378319502,1.11383759975
7485,-0.696721553802,0.338800013065,0.241939753294,1.00527000427,0.46852183342,-1.80707490444
2109,0.189222604036,0.244433328509,0.309942483902,0.388389617205,-2.06173467636,0.780413746834
23271,-0.492098391056,0.194833397865,-0.35767224431,-0.689732372761,-0.668771028519,-1.11097538471
9915,-0.563937783241,-0.333133369684,-0.380707323551,-1.04191887379,-0.395471274853,-0.152357459068
9552,0.198090702295,-0.00729999691248,0.358284592628,0.831160843372,0.532123088837,1.05699312687
93487,0.989191234112,-0.737900018692,0.366329193115,1.39592909813,-0.576147854328,-1.88519787788
2956,1.18533039093,-0.134833335876,0.487056016922,-0.0100742280483,0.744199514389,-1.35231924057
11065,1.30682361126,0.546200037003,0.433262646198,1.05809640884,0.535911858082,0.469180107117
9653,-0.35046184063,-0.056400001049,-0.0186307281256,-0.838017106056,-0.446250677109,0.798908472061
200081,0.0818421691656,0.153233319521,0.334432184696,0.852250695229,0.369457364082,-0.51823580265
3337,0.280588984489,-0.909800052643,0.640254855156,0.356502652168,0.0755395889282,-3.12858057022
11073,-0.0151758491993,0.598733365536,-0.126383513212,0.11661747098,-0.430721133947,0.574312806129
23,0.308056116104,0.447866678238,0.272628575563,-0.0851674377918,-0.725234746933,1.02593159676
5641,-0.0349812097847,0.408466637135,1.30463266373,0.0228010155261,-0.0204509273171,0.519435942173
8720,-0.312814742327,-0.0685666725039,0.365202963352,-0.871562719345,-0.656866669655,-0.400529235601
10782,-0.00532250106335,-0.355899989605,1.19747853279,0.191143587232,-0.279015183449,2.45611667633
25932,0.391107857227,-2.65570020676,0.535733699799,-0.759351491928,0.488012969494,-0.198023989797
3028,0.40685236454,0.0707999914885,-0.0279314815998,0.789453864098,0.746171295643,1.17094159126
6804,-0.257983744144,2.32433342934,-0.137893974781,0.296313017607,-0.253729492426,3.79002666473
890,0.77616083622,0.529966711998,0.798702180386,1.41464841366,0.953612327576,0.0892094150186
6390,0.803223371506,0.145900011063,1.78939032555,0.370298296213,0.951262712479,-0.646508693695
4303,0.155316710472,-0.378699988127,-0.442406147718,-0.291046708822,0.396755903959,0.0076120197773
10953,0.776600182056,0.323900014162,0.243559658527,-0.332879662514,0.964069366455,1.10436427593
22889,-0.936233401299,-0.260699987411,0.310350090265,0.106127798557,1.29556930065,-0.892272591591
3098,0.212152063847,-0.29723328352,-0.467052280903,0.851228713989,0.382984936237,0.0765183344483
11044,-0.834080576897,0.105033278465,-0.512104690075,-0.885518789291,-0.893621206284,-0.383086800575
8985,-0.0864471718669,-0.0664666295052,0.276079833508,-0.495465129614,0.426423430443,-1.45839548111
66008,0.454794287682,0.601966679096,-0.325638324022,0.0226260367781,-1.03465509415,-0.532991886139
9217,0.331368714571,-0.0986333191395,0.0935696288943,0.461327970028,0.379113167524,0.479752659798
701,-0.446738541126,0.248666763306,0.08432918787,-0.562060594559,-0.970269799232,0.4220739007
6182,0.702025651932,0.178433328867,0.4998447299,0.986072182655,0.242315977812,0.299536049366
4860,0.426508188248,0.638833343983,0.0336606353521,0.388947963715,0.592846512794,0.492828309536
7398,0.210503652692,-0.301700025797,0.424478650093,0.426358163357,0.769143342972,-2.23530244827
6117,0.445731818676,-0.365133345127,0.720485925674,0.206956490874,0.721722126007,-0.511445701122
23588,-0.587998867035,-0.159000009298,0.717286467552,-0.875291824341,0.0467596650124,-0.139762312174
949,0.0727667659521,-0.334233313799,0.0335694923997,-0.535615921021,0.305373311043,0.737517535686
7168,0.460265636444,-0.722633361816,0.328980088234,1.29658401012,0.544668138027,0.197830885649
9375,-0.486579686403,-0.812066674232,-0.00440269708633,-0.59412330389,0.51355856657,-0.831376612186
4927,0.924966096878,0.231133341789,-0.205542489886,1.17126512527,1.02284276485,0.922652959824
2523,-0.919085144997,0.632366657257,-0.715947031975,-0.679086446762,-0.532557070255,-0.562015473843
58497,0.379684090614,0.54786670208,-0.173764526844,-0.546687960625,-0.0447990000248,-0.839304089546
6856,0.124206580222,0.533100008965,0.720752477646,-1.66110539436,1.11892402172,0.819531679153
26036,0.488273203373,0.0846667140722,-0.76206856966,0.358488470316,-0.245592698455,-0.403321027756
10206,-0.66256582737,0.174666658044,0.420878976583,-0.515330076218,-0.48823672533,0.584831237793
25793,0.407413482666,0.529933333397,0.0370129346848,0.809114634991,0.538385093212,0.156380414963
55556,0.209627449512,0.836333394051,0.362221062183,-0.926720917225,1.06321847439,-0.0664756000042
3978,1.11078929901,0.441799998283,0.112802624702,0.441431224346,0.562243044376,0.289029955864
10681,0.17964245379,0.145733341575,-0.232793629169,0.317443221807,-0.243696019053,1.04971551895
3638,-0.242502659559,-0.624433338642,-0.245653122663,-0.116427846253,-0.258546561003,-1.80954921246
8349,-0.161482214928,0.0618000030518,0.479553639889,-0.789861261845,-0.783473491669,0.402803957462
6275,0.384263038635,-0.050733320415,-0.0663719326258,0.138831019402,-0.945610702038,0.709148406982
3895,-0.507171750069,0.571699976921,0.475660830736,-1.00340294838,-0.793202340603,-0.744823992252
392,1.07489490509,0.198566675186,0.0109366625547,0.0580011755228,-0.875496029854,1.09021091461
9170,1.05410480499,0.0652333348989,-1.09785270691,0.584977447987,-0.0283897593617,1.26326227188
80347,-0.931539535522,0.541666686535,-1.0441352129,0.201032057405,0.259537011385,0.317622929811
23300,-1.0345095396,-0.73486661911,-0.664445161819,0.0220719445497,0.696246087551,-0.109768331051
836,-0.641334533691,-0.0391666889191,0.373481988907,-1.07413208485,-0.21212759614,-1.67249977589
11188,0.537821292877,0.669000029564,0.318564385176,0.739491701126,0.254102915525,-0.0198283884674
10898,-0.18667589128,-0.133866667747,0.636354744434,0.471221715212,0.355575412512,0.55761384964
9276,-0.00513377785683,-0.280300021172,0.357653558254,-0.359894812107,-0.604323208332,1.46454513073
1647,-0.660581827164,0.0319666527212,0.755445122719,-0.515066027641,0.246533796191,-0.0783793851733
10285,0.163215264678,-0.0943000018597,0.462308377028,0.564585208893,1.62506902218,0.33826610446
23386,0.209272563457,0.531366705894,-0.942739129066,0.0102940965444,-0.338817685843,-0.0907402932644
3156,-0.734121203423,0.626433312893,-0.228741049767,0.866560876369,0.450983315706,-0.444755762815
10237,0.176525950432,0.417000025511,0.0734432786703,0.425844371319,0.866874158382,0.711011946201
7077,0.0463079586625,0.0244333446026,-0.179691702127,-0.0756355449557,-0.562506556511,0.692485749722
11157,0.902690768242,0.673266649246,0.757786273956,0.813687980175,0.795709609985,-0.866365432739
22908,0.209501162171,-0.354100048542,0.311162650585,0.187311396003,-0.0882144570351,-0.35281598568
10915,0.705287754536,-0.269299983978,0.141390755773,0.29843339324,0.927847087383,0.725385904312
9897,-1.20469903946,0.964766681194,-0.799337029457,-1.00484657288,-0.409200787544,-0.455280989408
1759,0.645992219448,0.0251333117485,-0.9591588974,0.633913099766,0.842784106731,0.468077123165
54541,0.0862728506327,-0.106700010598,0.0303626954556,0.377368360758,-0.154571533203,0.660722076893
211,-0.13448253274,0.228066667914,-1.85443615913,-0.132859572768,-0.681605815887,-0.138616323471
5048,-0.565359473228,0.294633358717,-0.506583094597,-0.385679662228,-0.79282450676,1.0376739502
84722,-0.52047598362,-0.0231666564941,-0.115681707859,0.711000919342,-0.359429448843,-0.103269815445
29890,-0.83267134428,0.0986000001431,0.703993499279,-0.029602561146,-0.0165222883224,-2.10944056511
9868,-0.864148795605,0.437900006771,0.729468464851,0.271751612425,-0.585841715336,0.699753046036
873,-0.169628620148,0.349733322859,0.430350244045,-0.622916281223,-0.169197231531,1.29891419411
5580,0.445088267326,0.575933337212,0.360648304224,-0.0634020715952,-0.43819925189,-0.443695396185
3725,0.424977719784,-0.185600027442,-0.883674502373,-0.25879919529,-1.17393040657,0.800202608109
23585,0.61418735981,-0.067633330822,-0.125755488873,0.767195343971,0.940972268581,-1.3628269434
51097,1.28391683102,0.000733315944672,0.308692425489,0.579633533955,0.431483089924,-1.30640125275
1831,0.136912345886,-0.215433329344,0.264428824186,-0.713777065277,-0.657506048679,-0.186464250088
7020,-1.00839960575,-0.0131666660309,-0.626137018204,-0.850555300713,-0.617114782333,-0.172361701727
55893,-0.165228739381,-0.346400022507,0.0387665480375,-0.284044802189,-0.346206307411,0.249500647187
6944,-0.294934481382,-0.00416666269302,-0.618040382862,-0.877084970474,-0.052994966507,1.00221705437
22883,-1.3382383585,0.724533379078,0.10268419981,0.401923000813,-1.79501104355,1.34082722664
5601,0.191764637828,-0.135533303022,-0.122117683291,-0.921177566051,-1.1144913435,0.559514403343
10775,0.595014810562,0.992633342743,-0.153592675924,-0.0971465110779,0.0680951625109,0.837302982807
4780,0.448686480522,0.550266683102,0.329099237919,-0.321731388569,-0.964274525642,1.2747092247
10904,0.26621183753,-0.348033368587,-1.40380096436,-0.433916509151,-0.375115275383,-0.125664591789
9917,-0.936158955097,0.22116664052,0.201705440879,-0.287229448557,-1.31383776665,1.89153265953
1399,0.47837471962,-0.299233317375,0.624275147915,-0.776703119278,0.0755216702819,0.787130236626
24149,0.153038591146,0.211966693401,0.101276010275,-0.52391564846,-0.457799971104,-0.819984316826
2222,-0.0907360315323,0.285133302212,0.121851027012,0.816700458527,0.301954567432,0.338432073593
10131,-0.867169976234,0.248966678977,-0.594741463661,-0.0179677307606,-1.98675525188,1.75837635994
2958,-0.186405211687,0.278800010681,-0.200143188238,0.0189972706139,-0.0547043383121,0.639905571938
9650,-0.509296834469,-0.233999997377,0.228596299887,-1.18419623375,-0.39994058013,0.176135212183
7319,0.241406232119,-0.245233297348,-0.130599617958,-1.35269498825,0.656924307346,0.563014388084
4817,-0.612670063972,0.10136666894,0.075427159667,-1.18583250046,-0.855921506882,0.328802794218
9143,0.177914530039,-0.0120666623116,0.355974853039,-0.0862772315741,0.380404531956,-0.0356365293264
10494,0.803824901581,0.789099991322,0.00696811079979,0.451760292053,-0.0618894696236,1.22863960266
55324,0.405463457108,-0.35763335228,0.212299779058,0.608407557011,0.720952153206,-1.66198968887
23149,-0.474813878536,-0.0561999678612,-0.73887103796,-1.46551716328,-0.471294850111,0.47919818759
9943,0.334662824869,0.100733332336,0.227991953492,0.421376615763,0.849814891815,-2.70677018166
6599,0.447923362255,0.0963666588068,-0.0456741452217,0.642828404903,-0.255072712898,0.265375226736
51031,0.745112895966,0.0476333498955,0.00190934538841,0.218237474561,0.181435078382,1.25163853168
3566,-1.1776471138,0.1617000103,-0.160525977612,-0.97853577137,-0.532039940357,0.306837677956
3815,-0.558451831341,0.142700001597,-0.378365010023,-0.402670443058,-0.856744408607,-0.159752622247
8624,0.534117341042,-0.138000011444,0.564899325371,0.511912465096,-1.76417422295,-1.9403128624
27346,0.111403055489,-0.359866678715,-0.249422907829,0.605235099792,0.673969388008,0.587729215622
10489,0.280607819557,0.420833349228,0.1271366328,0.0838788971305,-0.895974755287,0.729449152946
26128,0.0425783395767,0.331200003624,-0.360509961843,0.356301426888,0.0927506089211,-0.213862717152
79921,0.596024334431,-0.00306665897369,0.747348189354,1.02402794361,1.72076749802,-0.959888219833
55746,0.0747611150146,-0.017566666007,0.271083265543,0.327007323503,0.635047078133,0.153250515461
23636,0.417810738087,0.50569999218,0.147410750389,0.931276261806,1.10741591454,-0.788010060787
10892,0.599817216396,0.550700008869,0.687470197678,-0.489364892244,0.0766330882907,0.00594329833984
10652,0.299596399069,0.353299975395,-0.270117640495,0.849426627159,0.607228398323,0.98753786087
11004,0.997349560261,0.595466732979,0.490520060062,0.5376329422,0.37877869606,-3.05015039444
23530,-0.0119109451771,-0.154799968004,-0.045776039362,0.126092910767,0.523046970367,-1.55427956581
8826,-0.0193436443806,0.0534333437681,-0.100787431002,-0.707226216793,-0.269381731749,-0.459023058414
3308,0.133145496249,-0.183499991894,0.443929046392,-0.396178007126,-0.486276298761,-1.45596027374
7153,0.809162855148,-0.337233364582,0.550513327122,0.470186918974,0.155347585678,-3.98042058945
11041,-0.307253807783,0.459333330393,-0.231536403298,0.584168016911,0.637818753719,0.236926719546
6342,0.389735817909,0.14686666429,-0.0464170873165,0.641703307629,0.589814245701,1.06455874443
5883,-0.0159902721643,1.11370003223,0.00613650679588,0.767730355263,-0.631170094013,1.08697533607
10589,0.263153672218,-0.1059666574,-0.0129193365574,0.451157778502,0.483876615763,0.980529308319
5110,0.449801176786,0.0782666653395,0.0644963532686,0.770264446735,0.515630960464,-1.22478485107
4609,-0.236847400665,0.702466726303,-0.959595799446,-0.813851833344,0.761742591858,0.175483807921
5423,-0.552614748478,0.770100057125,0.136545017362,1.03149724007,0.443856656551,1.63935756683
1070,-0.219905167818,0.828600049019,0.332036942244,-3.90108704567,0.384963810444,-2.8953461647
10051,0.971806883812,-0.331999957561,0.345823615789,1.07703542709,0.673582851887,0.210829406977
6603,0.585923314095,0.144733339548,0.253349542618,-0.202582284808,0.234406888485,1.11858952045
9019,-0.148074567318,-0.88716673851,0.175659075379,0.834171533585,0.521622896194,-2.70264816284
10969,0.164575055242,-0.305066645145,0.557572722435,-0.0945663154125,0.840802907944,-1.31981253624
9797,0.656013607979,0.269333362579,0.411182492971,1.08064579964,0.999878168106,-0.751435577869
4043,0.672193408012,0.0250000059605,-0.0696552991867,0.282568216324,0.598459720612,0.977709174156
9519,0.275252133608,-0.496233314276,-0.127643764019,0.00454635825008,0.617381215096,0.619490206242
8480,0.131403103471,0.46439999342,0.281068921089,1.19146692753,1.06855225563,1.19059705734
983,0.352860748768,1.00046658516,0.507215440273,0.979347586632,0.718245327473,-0.38906571269
10559,0.997509479523,0.375800013542,-0.00430076569319,-0.974778115749,-0.649356245995,1.18021404743
8508,0.296063870192,0.558500051498,0.670663118362,0.639104008675,1.23386287689,-0.018933981657
9275,-0.11526851356,1.0421333313,-0.257030010223,0.412051588297,0.458548873663,0.434912085533
8914,0.316491931677,0.500066637993,0.41518753767,0.808839797974,0.201775431633,0.800430297852
54505,0.451818019152,0.39483332634,0.00998232513666,-0.234616011381,-0.497989475727,0.073061645031
6919,0.248705506325,0.129199951887,-0.310943633318,0.498248636723,-1.28759241104,0.820673823357
2274,0.301883220673,-0.174400016665,1.30832362175,-0.197552114725,-0.919864177704,0.195267885923
2288,-0.596192359924,-3.08376669884,0.0015610915143,0.0,0.000675048970152,-1.07632958889
7994,0.640949368477,0.920600056648,0.196792900562,0.562852442265,0.267896205187,0.347060620785
4216,0.801018595695,0.133000016212,0.0706550478935,0.680543959141,0.288398951292,0.145950943232
7538,-0.676026701927,-0.0842666774988,0.397091239691,-0.54841786623,-0.932391285896,-0.162460803986
3628,0.540033280849,0.153333365917,-0.0143467187881,-0.323421478271,0.0736874490976,0.621972858906
2037,0.167275428772,-0.660199999809,0.0119403600693,-0.195818051696,0.756944298744,-3.82857656479
2771,1.69337546825,-0.0364666879177,-1.27240276337,0.501665234566,0.0158009231091,-0.0703332126141
7264,0.365133434534,0.203166663647,0.177468925714,0.788298845291,0.442718416452,0.10492759943
1786,0.0530484616756,0.124600023031,0.00168066448532,9.01140811038e-06,-0.63851416111,-0.466717779636
5873,-0.253777563572,0.184866666794,0.779691278934,-0.141451120377,-0.90557217598,2.31936335564
780,1.24525594711,0.063066676259,0.114383980632,0.0853006839752,-0.976395726204,0.339620471001
9926,0.55048084259,-0.492433339357,0.455340325832,-0.15436078608,0.0586866810918,0.296338498592
8446,-0.603113889694,0.650099992752,-0.688481807709,-1.37228536606,-0.0792986750603,-0.100001618266
7159,-0.435555815697,0.518566668034,0.0915650129318,0.0262817684561,0.739307224751,0.860569000244
1026,-0.0814990103245,-0.0248667001724,0.857188820839,1.10036361217,0.112114876509,-1.32483005524
7082,-0.00335535407066,-0.293833315372,0.444107443094,0.0359538570046,0.557191491127,0.828440129757
10058,-0.40264454484,-0.238500013947,0.487892985344,-1.24038410187,-1.48138093948,-0.236844196916
10797,0.538681745529,-0.251700013876,-0.256498545408,-0.0499369241297,0.0189816579223,-2.74839544296
11230,0.284305036068,0.294533342123,-0.150030702353,0.542336821556,0.413110077381,0.245519950986
30836,0.53956335783,-0.27190002799,-0.128202483058,-0.558974862099,0.724064171314,-1.61483764648
27336,-0.662835776806,0.113266676664,-0.0567058101296,-0.424816757441,-0.73488253355,0.198143899441
9918,0.378437101841,-0.0151999890804,-0.134741425514,-0.251447230577,-0.784487366676,0.569026231766
79073,1.03957915306,-0.0773333609104,0.370847940445,-0.0615084543824,0.0139901041985,1.83703815937
9688,0.12493160367,0.911833405495,0.152696579695,0.561031341553,-0.488646239042,-0.696558117867
23659,0.0208170711994,0.297200024128,0.726146042347,-0.0495421588421,-0.297243177891,0.524927854538
8396,0.313966333866,0.416700005531,-0.321322888136,0.476426064968,0.583591103554,0.0874428674579
23077,0.253179430962,-0.00230002403259,0.0485994815826,-0.557347118855,-0.436941444874,0.0691153407097
10857,0.122019603848,-0.185600042343,0.00145516043995,0.000589621718973,-1.11858916283,-1.75078487396
16,0.683584153652,-0.217100009322,-0.0672387629747,-0.0594902485609,-0.905727148056,-1.16456735134
2817,1.3833565712,-0.523733377457,0.157665580511,0.227164104581,-0.0976232364774,-0.672270655632
60528,0.275616824627,0.552400052547,0.359873056412,0.0982260107994,-0.331282019615,-0.440824866295
5359,-0.344147235155,0.356199979782,0.49631601572,-0.412351965904,0.162414550781,0.446975618601
1514,-0.166337832808,-0.119766674936,0.992606520653,-0.409786581993,0.214537382126,-1.08594822884
1509,-0.261775553226,0.128766685724,-0.755682706833,-0.111340396106,-0.758264183998,0.16902500391
9181,0.468274086714,0.266033351421,0.649129033089,0.484785109758,1.08284401894,0.984534502029
3611,0.0737505555153,-0.202499985695,-0.184173345566,0.257602900267,0.277916908264,-1.6432158947
4783,-0.167414963245,-0.171299993992,0.970267176628,0.727610945702,0.494481384754,-0.013069152832
10123,-0.848146438599,0.172566667199,-0.29925814271,-0.394925773144,-0.96418762207,0.476248830557
8895,-0.339505851269,-0.308900028467,-0.402925997972,0.0868066027761,0.846744656563,-1.69956052303
9805,1.20684111118,0.209033355117,0.178930193186,0.297178417444,0.447098463774,0.314379692078
4125,0.0388119183481,0.710533380508,-0.491171091795,1.1298494339,0.615117430687,-0.345648914576
1635,0.628468334675,-0.383666694164,-0.571091592312,0.232713013887,-0.440043866634,0.558811306953
4154,0.0474975258112,0.0828000083566,0.452413439751,-0.384529739618,0.211395949125,-0.434280365705
26292,0.63082998991,0.531900048256,0.416597276926,0.782713115215,0.252886325121,0.119653053582
5770,-0.464932382107,0.378633350134,-0.683003664017,-0.387562066317,-0.174734026194,0.0116491317749
25874,-0.453066796064,-0.0731000304222,-0.876744568348,1.86184847355,-0.526702642441,0.780996084213
11319,0.107129558921,-0.182466685772,0.695377349854,0.108538880944,0.0641418769956,-0.453178614378
1153,0.918679773808,0.105399996042,-1.76969861984,-4.43609714508,-0.256826043129,-0.402053713799
11098,-0.115462452173,-0.270466685295,0.326048970222,0.87921500206,0.550144076347,-0.359707266092
8974,0.704226851463,-0.287299990654,0.585403442383,-0.561758875847,-1.16273784637,2.31778120995
533,0.342195153236,0.0947666764259,-0.129635795951,0.538286983967,0.724406719208,-1.89413893223
823,0.395155996084,-0.412533342838,0.659555375576,0.00860066339374,0.33710026741,0.633350849152
6812,0.572203755379,0.0693333745003,-0.177613854408,0.180810555816,3.26513719559,-0.345517605543
3693,0.282135277987,-0.144933342934,0.436090409756,0.323367118835,0.835124373436,-0.449599921703
4891,-0.0516775846481,0.044766664505,0.295579224825,-0.0125595070422,0.0864074081182,0.0793518424034
10954,-0.453919798136,0.495600014925,-0.0404536128044,-0.2639516294,1.29398608208,0.813587546349
5909,-1.33504986763,-0.199233338237,-0.361446261406,-0.179819390178,-0.556818664074,0.384724527597
9221,-0.326353549957,0.487166643143,-0.53043794632,0.101208217442,0.948989272118,0.246393799782
847,-2.6121134758,0.591066718102,-0.78125667572,-0.457750707865,-0.724260389805,-0.504513800144
11072,0.310126364231,-0.506066679955,0.262350052595,-0.167754471302,0.492254912853,0.648614764214
10221,-0.859932005405,-0.101700007915,-0.469382971525,-0.712751448154,-0.615677952766,-0.638282835484
7158,0.16574048996,-0.553900003433,-0.389804124832,0.464079916477,-0.975760638714,-1.12457537651
8678,0.479262441397,0.474933415651,0.826961994171,0.0920156091452,0.234074175358,0.276777297258
11014,-0.040288772434,-0.201599985361,0.0325033664703,0.837162911892,0.138472422957,-1.659304142
1994,-0.0492186546326,0.412433326244,-0.693746328354,0.304812341928,0.252020269632,1.04229986668
3482,-0.204496830702,-1.00596666336,-0.721672296524,-0.849211573601,0.206455409527,1.01510429382
25976,0.334950000048,-0.0249666571617,-0.385123252869,-0.976358056068,-0.533935904503,0.167905926704
10491,-0.372515171766,-0.537999987602,-0.099273070693,0.59765458107,0.264106452465,-0.495583087206
51053,-0.50238353014,-0.273166686296,-0.0824007093906,-1.12230837345,1.04501700401,-3.30345869064
9267,0.66872215271,-0.211633324623,-0.121502220631,0.890884995461,1.01442170143,-0.0373070500791
5547,-0.113074585795,0.0525333285332,0.960072875023,1.68051719666,-0.56035220623,0.541942596436
6597,0.305423736572,-0.198700010777,0.202988624573,0.137337654829,0.832082748413,-0.0834148526192
5836,-1.23945915699,0.379499971867,0.307543545961,-0.530658066273,-0.462681174278,0.395671635866
6118,-0.222212821245,-0.21400000155,1.19683587551,-0.591030478477,0.243397504091,1.443161726
2961,-0.0655896365643,0.344300031662,0.0839735418558,-0.0140345282853,-0.256285786629,-2.7738802433
310,0.608753919601,-0.393799990416,0.601588010788,0.413029432297,0.930257678032,-0.133638292551
7296,0.0792459249496,-1.09430003166,1.07767438889,-0.472441762686,-0.292479902506,-0.842028915882
1429,-0.318874835968,0.85516667366,0.701881945133,0.237649485469,1.32712054253,-1.08760750294
2548,-0.135767504573,-0.149566695094,-0.259601533413,0.288519710302,0.944416880608,-0.972544431686
6499,-0.0172522813082,0.563966691494,-0.275971293449,1.06678581238,1.24893832207,0.436399400234
642,0.442161858082,-0.249966695905,-0.181712657213,1.05524599552,0.512502849102,-0.49123352766
23076,0.743461370468,0.1371999681,0.759141325951,0.176061704755,1.09574759007,-2.1272354126
10099,-0.254666626453,0.47173333168,-0.259799718857,0.329678326845,1.87876772881,-0.316846609116
9817,0.241783052683,0.438833355904,0.450050503016,0.939314186573,0.208639830351,0.342662394047
9126,0.0856651216745,0.230399996042,-0.774907112122,0.333414793015,0.0921105444431,-1.87788796425
3930,0.91085755825,-0.283500045538,0.273701310158,1.24460017681,0.138884454966,1.11356306076
10450,0.17118164897,0.267566680908,0.12179107964,0.448628693819,0.227970436215,0.645317673683
54386,0.290093243122,-0.388300001621,-0.111960366368,-0.101035788655,-0.271129071712,0.226830005646
664,0.404522240162,-0.51003330946,0.919736206532,0.580306828022,-0.647235572338,-1.34183084965
596,-0.714878439903,1.37606668472,0.90613758564,0.653450250626,0.369259238243,-0.307033121586
10180,0.0314404964447,0.202266678214,-1.21612370014,-0.311735957861,0.274462610483,0.339179933071
1445,0.37474027276,-0.304966688156,0.506151199341,0.381676644087,0.468728899956,-0.662350416183
230,0.584499001503,0.317799985409,-0.281301110983,-0.880577623844,-0.360890895128,-0.833228170872
9246,0.171300381422,0.435100018978,1.19289731979,0.831092119217,0.409330248833,1.8256611824
5092,0.18895791471,0.278000026941,0.169049203396,0.217855796218,0.0633160769939,0.608660936356
23463,0.459961205721,-0.371500015259,0.781938672066,-0.192455813289,0.727029204369,1.30978441238
10007,-0.0443372502923,0.531266689301,-0.262399762869,0.294665247202,-0.0458384975791,0.10771394521
4925,0.268929958344,-0.171466678381,0.503920197487,-0.3852199018,-0.25431907177,0.762684941292
6251,0.613819003105,0.400000035763,-0.0337613262236,-0.481710195541,-0.83094060421,0.429035782814
5782,-0.32130035758,0.580333352089,0.353348791599,0.872370660305,0.77572709322,-0.471616119146
5106,0.507241129875,0.281633377075,-0.106528490782,-0.379878818989,-0.775974750519,0.063196696341
2673,-0.381375342607,-0.324366688728,-0.553818523884,1.14236092567,-0.211979031563,-0.138733923435
644,0.292505830526,-0.953600049019,0.485199898481,0.146871611476,-0.17335793376,-0.0657391697168
6284,-0.0733422636986,-1.41236674786,0.654466688633,0.714440643787,0.982936263084,-3.85569500923
4605,-0.138685762882,0.27349999547,0.0140969008207,-0.198869735003,0.0345092192292,0.495460957289
6810,0.132033735514,-0.208900004625,0.699461877346,-0.987398386002,-0.963974535465,-0.413009762764
54499,0.476968944073,-0.184566617012,-0.445617467165,0.91115128994,0.605958998203,0.292206078768
11007,0.484159529209,0.101866662502,0.200406759977,4.00564813614,0.906886219978,1.34472608566
1643,0.569816946983,-0.24200001359,-0.694714009762,0.382871091366,5.37275981903,-0.343406289816
25805,1.88145899773,0.484500020742,0.00766015052795,2.69469475746,0.161422356963,0.877614915371
3033,-0.256392806768,0.288900017738,-0.283670186996,0.113587409258,-0.16062733531,-0.687641620636
2745,0.267457127571,-0.806500017643,0.48683822155,0.543562710285,-0.407164424658,-0.791781127453
9961,0.494565546513,0.60379999876,-0.239552929997,-1.0165207386,-0.545211493969,1.02210605145
3925,0.708543241024,0.588333368301,0.0852321386337,0.611073553562,-0.0486852750182,1.30296492577
2582,0.225322410464,0.509233355522,-0.126705437899,1.09411978722,0.1489995718,0.943866372108
5792,-0.930246114731,-0.155933350325,0.00391978025436,-1.09623372555,-0.846711158752,0.580048203468
5236,0.0965397506952,-0.0694333314896,-0.451424121857,0.183558166027,0.906284689903,1.08094346523
4016,0.242095544934,0.17553332448,-0.40590557456,0.868029594421,0.964571118355,-1.28665447235
4651,-0.414282798767,-1.10556674004,0.469899773598,0.641837000847,0.381452620029,0.173376768827
3988,-0.271894276142,0.364433318377,-0.356173366308,-0.82353669405,0.604161798954,-0.952376842499
26227,0.0514259785414,-0.125200003386,0.454495131969,0.142139941454,0.788510739803,0.66558277607
7982,0.304428875446,0.425366669893,-0.384337127209,-0.133082434535,2.34543275833,1.25311696529
3551,-0.269976645708,0.0844999998808,-0.791571438313,-1.09281277657,-0.242865055799,0.154013618827
5108,0.134681865573,-0.264933377504,-0.329574495554,0.192351236939,0.540827870369,-1.21554243565
8870,-0.276433438063,0.603200018406,1.3751244545,-0.248031318188,-0.571813285351,0.506254315376
2195,0.287153184414,-0.430833339691,0.52573788166,0.408832997084,1.06980526447,-0.0592282414436
8731,0.174727827311,-0.0846666544676,-0.210360631347,0.47789555788,0.92180454731,-1.12128329277
1956,0.268239587545,0.0219000354409,-0.275033593178,0.387627243996,-0.586267113686,-1.07018268108
10276,0.381445169449,0.397233307362,0.230981260538,1.00714075565,-0.0793678164482,1.28375041485
1666,-0.0246092677116,-0.644400000572,0.0725655257702,0.275427758694,0.821202278137,-1.09032714367
4864,-0.309300273657,0.576533317566,-0.0467540696263,-0.305217206478,0.310261666775,-2.69461202621
4232,-0.778645038605,-0.2255666852,-0.4631729424,-1.02446997166,-0.465395092964,-0.377146929502
5050,0.670130372047,0.241366669536,0.000644128478598,0.00188631936908,0.104716137052,0.543968141079
813,0.312018722296,0.377700001001,0.0415849238634,0.515363633633,0.357663780451,0.0241727381945
3964,-0.69865334034,-0.0578999817371,-0.565219402313,-0.65144264698,-0.88456839323,-0.267618894577
26020,0.306355834007,-0.407566696405,0.583599567413,0.273002654314,-0.122998699546,-1.41581559181
481,0.784962654114,0.508000016212,-0.0164203643799,0.395064532757,0.159145265818,0.55730009079
5019,0.738267242908,0.245200008154,0.759902238846,0.836528301239,0.343515664339,-2.16923451424
291,-0.0463804341853,-0.528500020504,0.492782950401,-0.357497930527,0.137205973268,-4.05947494507
10973,0.467904031277,-0.401133358479,0.255643546581,0.522806584835,0.307076871395,-1.41562438011
9697,0.710518598557,-0.236466675997,-0.413170844316,-1.18527138233,0.127544105053,1.68717968464
5831,0.369638383389,-0.0622999966145,-0.011041790247,4.86752605438,0.880943357944,0.255973696709
8202,0.563992381096,-0.174400001764,-0.648953378201,-0.167001962662,-1.24129581451,-0.540175318718
57804,0.115962088108,0.175633370876,-0.709407925606,-0.68225222826,-0.926131486893,1.40710806847
5566,-0.00219051539898,0.153600037098,0.13808362186,-0.426587581635,-1.33530282974,0.411184251308
57149,-0.0546880960464,0.633866667747,-0.985422134399,0.512105941772,1.42747020721,0.0138640999794
7416,-1.39022219181,-0.471466720104,0.186511605978,-0.347028970718,-0.477713227272,0.649320602417
10174,-0.0356249213219,0.178100004792,0.61800968647,0.0436484143138,0.732235431671,-1.70001840591
6676,-0.259035229683,-0.405000030994,0.954758167267,0.160982206464,-0.297446012497,-0.382783144712
8884,0.855629205704,0.814466655254,1.80086481571,0.706858813763,0.164495289326,0.41123226285
5997,-0.432343304157,-0.727000057697,-0.582759439945,0.0321307107806,-0.250587642193,0.702236056328
57147,-0.0394093766809,-0.215766683221,0.214823618531,0.867007732391,0.850711345673,0.367727398872
6909,0.590007543564,2.20356655121,0.183285161853,-0.245530426502,-0.191467493773,2.24620604515
9093,-0.622010588646,-0.341566681862,-0.000444009667262,-0.00206603319384,-2.07390332222,-0.145419493318
23142,-1.13290905952,0.448266685009,-0.475997418165,0.0912034958601,-5.01726007462,0.0503093004227
8444,-0.160675823689,4.3265004158,0.136029779911,0.208676934242,-0.358878403902,0.345414936543
11232,-0.124879702926,-0.553066670895,0.406829237938,-0.360463708639,-0.0274811387062,0.0220457296818
27095,0.65033364296,-0.692533373833,0.106421947479,0.482635140419,0.532061755657,0.311675429344
10732,-0.74653249979,-0.0752999186516,-0.133142456412,0.0791227668524,-0.207060098648,-0.650921165943
23029,1.68089771271,-2.93003320694,0.673140466213,-0.200786173344,0.0697513371706,-0.964876413345
9270,-3.05444264412,-0.844166696072,-0.095079600811,0.176289051771,0.49080991745,-0.0296455621719
47,-0.122094132006,-0.21629999578,-0.531504869461,0.39628058672,0.486827403307,1.34210050106
5889,-0.0989447757602,0.302833378315,-0.153129771352,-1.11362934113,-1.70234572887,1.6221768856
8243,-0.155766651034,1.7133667469,-0.47979798913,0.194989576936,0.0338189676404,2.22022414207
10730,-0.292776852846,2.12876653671,0.334051370621,0.491056472063,0.503371715546,-0.0412242412567
30,0.467379420996,-0.20870000124,-0.425296545029,-0.259907245636,-0.291007578373,1.98213911057
7466,0.353353738785,0.236433371902,-0.0689904019237,-0.0634431988001,-0.42647844553,0.338706880808
89910,-0.0211355388165,-0.509500026703,1.56063604355,0.606647253036,-0.11377286911,-2.20346403122
56654,0.20004196465,0.222466677427,-0.14566603303,0.744099080563,0.296119898558,-0.686220407486
501,-0.575276017189,-1.89840006828,-2.14221906662,0.123069450259,-0.591552495956,-4.46056365967
5438,0.647660493851,-0.355599939823,0.5055539608,0.514038860798,0.36777472496,1.30334722996
26993,0.0255710929632,0.845499992371,0.0372717827559,0.0558074787259,0.517416000366,1.00816559792
55111,-0.457521766424,0.574733376503,0.290672898293,0.494120597839,0.0454664677382,0.646898508072
8520,-0.0781601592898,-0.44716668129,-0.354833781719,-0.359726577997,1.4204788208,-0.201499760151
10146,-0.225288510323,-0.866299986839,-0.0618794560432,-0.450900584459,0.591143369675,-1.43446826935
7165,-0.125253155828,-0.104500040412,0.145931690931,-0.379028052092,1.11869823933,2.16891908646
55011,-0.1560587883,1.0829666853,-0.39815735817,-1.45419871807,-1.55057001114,1.12265789509
6461,-0.698718905449,-0.182233333588,-1.78593730927,0.204936161637,-1.58249807358,0.0339017696679
10813,0.241151466966,-0.255133330822,0.498219072819,0.256389528513,0.797964930534,-1.15631055832
80746,-1.06008970737,2.61749982834,-0.244965016842,1.16646838188,0.386028379202,-0.700311124325
10434,-0.349634289742,-0.320899993181,0.35640001297,-0.357590526342,1.33269095421,-0.392176568508
5607,-0.0545715689659,0.10826665163,-0.19211602211,-0.479158729315,-0.0364085137844,1.30008077621
22827,0.0824035331607,0.335833311081,-3.04874682426,0.42465159297,-0.355518996716,0.145197480917
51635,0.101552590728,-1.75346672535,1.10724365711,-0.814365446568,-0.303073763847,0.0364610999823
84159,-1.08815979958,0.182633310556,0.0988725572824,-0.62819314003,-0.495831370354,0.278789550066
3508,-0.292121529579,-0.216600000858,-0.592171907425,-0.693943738937,0.578758180141,1.80806279182
84890,0.164424523711,-0.350566655397,0.117021232843,0.848811626434,0.373626679182,-3.3758919239
79600,-0.278033077717,0.328166663647,-0.814831376076,-1.18415927887,0.0960734412074,1.51671600342
8574,0.727227926254,0.280800014734,0.253715902567,1.12893521786,0.975385785103,0.676385641098
5529,1.00776290894,-2.53660011292,0.0949333310127,0.931974589825,-0.6198746562,0.736456990242
3909,-0.536635875702,-2.93936681747,0.241887539625,0.0574368014932,0.313262999058,-0.0467914640903
9637,0.416749835014,0.709900021553,-0.542676985264,0.76034116745,-0.134601026773,-0.85139799118
8518,0.127152323723,-0.149800032377,0.204960793257,-0.20543307066,-1.16984093189,-0.584979236126
6443,0.521185040474,-0.66493332386,-0.0737963169813,0.651646494865,0.653905928135,1.18575131893
58478,0.218928486109,0.532999992371,0.28601282835,0.819383084774,0.724498331547,-1.81585896015
4850,0.186558544636,0.0316999852657,-0.281979620457,0.154139041901,0.570830702782,0.859652757645
23210,0.114649914205,-0.194900006056,0.425543904305,0.451423674822,0.374288916588,0.381325542927
54733,0.528703212738,0.0333999991417,0.816141366959,-0.647727072239,-4.6037774086,-0.970908463001
55129,-0.255755782127,0.200600013137,0.9019343853,-0.320764511824,-0.433544099331,0.140385001898
10273,0.0,-3.18906664848,-0.000123131685541,0.00107702007517,0.510682523251,0.871841073036
572,-0.0468041449785,-0.244766652584,0.395774513483,0.763853669167,0.984736263752,0.491177618504
5716,-0.0342412889004,0.137499988079,-0.355212330818,3.32038187981,0.76469707489,2.13892483711
22841,-0.449811220169,1.38756680489,-0.447890639305,-0.247192263603,-0.63489818573,0.261998236179
2356,0.864484548569,0.311599999666,0.554407119751,0.372922301292,-0.00766207650304,0.896488547325
6050,-3.8149497509,-0.015233322978,0.388948202133,0.0880049467087,-0.612229466438,0.862733244896
64422,-0.14037039876,0.316633373499,0.516821086407,-0.604691028595,0.522843599319,0.129552453756
8837,-0.202787190676,1.77466678619,-0.576566576958,-0.980151355267,-0.204524964094,0.725826621056
55127,0.177572786808,-0.400999993086,-0.187399625778,2.05736708641,-0.52071505785,-0.01149212569
23335,-0.288540124893,-0.157999992371,-0.656360626221,-2.43986582756,-0.971935033798,0.0229623392224
10270,0.0837948918343,0.0317000076175,-0.171239033341,0.79672563076,0.775874137878,0.00629019737244
6509,0.306827574968,-0.478999972343,-0.376851379871,0.416800796986,0.485851317644,0.935767948627
83743,1.45540428162,0.465800017118,1.57973027229,-0.66359102726,0.88985222578,0.510125637054
6772,0.174760550261,-0.256966650486,0.724662840366,0.411533802748,1.29063272476,-0.247499749064
22887,0.315323710442,0.0942333042622,0.146988734603,1.6265668869,-0.0582432448864,-0.39231222868
51001,0.0168484374881,0.873200058937,0.555825769901,-0.750254511833,0.759282052517,-0.88533437252
26511,-2.37900280952,0.207299977541,-0.369529306889,-0.181984037161,-0.00867322087288,0.632085084915
7874,0.148611068726,-0.65016669035,0.214206278324,0.74167817831,1.05619943142,-1.3234603405
51070,0.0108482725918,-3.47746682167,-0.607486605644,0.433556616306,0.682743608952,0.563114404678
1738,-3.43805932999,-0.796466588974,3.2866601944,0.731111645699,6.02850818634,-1.21739542484
3416,0.577675461769,0.0719666481018,-0.362281501293,-0.551327228546,0.264605790377,0.745573341846
9128,0.70014411211,-0.343666702509,0.998029947281,-0.0758344680071,0.585452079773,-1.80711460114
9833,0.50432240963,0.474833339453,0.876725077629,-0.251979887486,-0.263768166304,-1.78855502605
4088,0.10798817873,-0.193033337593,-0.442638665438,0.0565349049866,0.636566340923,-0.847257077694
5018,0.591012537479,0.240433335304,-0.217074617743,0.484049379826,0.240921169519,-0.317354202271
51375,-0.744289934635,0.302766740322,-3.24385428429,-2.65556168556,-0.0868340134621,-0.385119467974
55038,0.747832596302,1.23170006275,-0.270920544863,0.217466294765,0.215862721205,0.713943719864
23061,0.146674126387,-0.275499999523,-0.62810832262,-0.197153180838,0.561821460724,-0.409400224686
64428,-0.207853734493,1.42213320732,0.213386684656,-0.569713175297,-0.203308269382,0.52907371521
11325,0.118451356888,-0.374333322048,0.339311182499,0.617948591709,0.439662337303,-2.46704554558
9641,-0.220103576779,1.38563346863,0.536136567593,-0.936757564545,0.371708244085,1.89423298836
23038,-0.0508824363351,-0.342533349991,-0.0735887140036,1.45687091351,-0.578247666359,-0.424459427595
57048,0.728984355927,-0.381733357906,0.628436267376,-1.25900030136,-0.292991191149,2.18464517593
94239,-0.406993031502,0.531300008297,-0.337245106697,-0.173573642969,0.726184546947,-1.12182581425
51203,-1.12651848793,-0.993000030518,0.246493816376,-0.676104307175,-0.0466430187225,-0.785986304283
388650,-0.440675020218,0.350533366203,-0.31462547183,0.0202655084431,-1.25289285183,0.0260694548488
23039,-0.662194728851,-0.530966639519,0.443759292364,0.0953329801559,0.665023088455,-1.35861361027
55179,0.471556007862,1.3560334444,-0.0191566199064,-0.546538472176,-0.303334325552,0.152332633734
5827,-0.0605841726065,-1.17906665802,1.01924860477,0.282868415117,0.402148127556,0.533442258835
10245,-0.155780851841,1.05393338203,-0.470320224762,0.517946124077,-0.603323936462,1.39448523521
6813,1.27974069118,-0.431233346462,0.34633731842,-0.604896843433,-0.112373620272,-0.665701746941
3251,-0.00173857808113,0.0528666675091,0.171826601028,-0.265216261148,0.894404351711,-0.862289428711
23212,-0.0780047997832,0.431866675615,-0.0914414227009,0.632168292999,0.882016062737,-0.114924192429
23536,-0.73879045248,-0.124166667461,0.331084430218,-0.636255860329,-0.860022068024,0.120929062366
51282,0.498055189848,-1.50563335419,0.11650069803,-0.483803212643,1.02691578865,0.883163094521
10227,-0.965041637421,0.308966696262,-0.485095947981,-0.343696117401,0.205681726336,1.77057170868
50813,-2.47928833961,-0.675800025463,0.875981986523,-0.340964794159,-0.362244367599,0.785463929176
51024,0.63899487257,0.186533346772,0.592762827873,0.0738218873739,0.201950207353,-0.234480276704
53343,-0.0011813044548,-0.195899993181,0.536448597908,-0.411193996668,-0.029974758625,0.683144211769
1465,0.795845866203,-0.530600011349,0.482561409473,-0.0675389766693,1.07587206364,-0.415348231792
79006,-0.0309632122517,0.346633344889,0.858753502369,0.208661943674,0.206998199224,1.25997292995
6988,-0.285055875778,-0.703500032425,0.246955290437,0.16581363976,-1.06814956665,0.372178822756
11011,-0.174828246236,0.259299993515,-0.831503272057,0.332527637482,-0.501417219639,0.985448122025
23325,0.152983099222,-0.358699977398,0.75832504034,0.239520043135,-0.0593017935753,-1.63787925243
10049,0.0361709371209,1.3423999548,-4.15177154541,-0.510937571526,-2.28949952126,-1.51498699188
3157,0.192749336362,-0.0271000005305,-0.000444009667262,0.0,-2.4950975785e-05,-0.640417158604
200734,-0.517138123512,-0.056266695261,-3.46265792847,-0.260183632374,0.402929633856,-1.30127632618
9053,-0.464080154896,0.235200002789,-0.100586384535,5.4874124527,0.286167621613,0.0407222807407
79094,-2.47486329079,0.195333331823,-0.647055149078,0.239853620529,-1.03591871262,0.0928210616112
2778,0.815909862518,-0.375766664743,-3.90437483788,0.000439856841695,1.75363063812,-1.89610123634
54881,0.413243770599,2.63163328171,-0.266400247812,-0.054743796587,-0.278321504593,0.772114098072
54807,-0.231065630913,-1.3561000824,-0.93378162384,-0.211817353964,-0.229410082102,1.51985120773
323,-0.679739236832,0.0376332998276,-0.00609724968672,0.170436814427,-0.281690567732,-0.45100748539
26001,0.407429635525,0.146866619587,-0.318523585796,0.203892126679,1.3512147665,-3.48908638954
10190,-1.00826978683,-2.63120007515,-0.115999646485,-0.529298126698,0.431037992239,-2.01485109329
9686,0.359134078026,-3.36226677895,-1.39449036121,0.430340141058,0.291202068329,1.31896293163
54915,-0.398862272501,0.509433329105,-0.241178035736,0.593267142773,0.97012257576,1.31728172302
23658,1.02597820759,-0.0744666457176,-0.047360509634,1.10824525356,0.779029130936,-0.178536847234
7750,0.525094270706,-0.491500020027,0.170271769166,0.707247257233,-0.104237318039,-1.15404284
79643,1.55507171154,0.160166680813,-0.113175570965,0.20773178339,0.844944357872,0.579892396927
9488,0.34258544445,-0.337033331394,1.0985108614,-0.0937379151583,-0.335821479559,0.999298810959
11200,-0.816053628922,0.184833407402,0.853629946709,1.10071778297,0.782742023468,-0.89967083931
65057,-0.47324347496,0.130099996924,-0.850313425064,-0.125191777945,-0.543745160103,-0.232346117496
6832,-0.880509972572,0.0450666546822,-0.216154560447,-0.99232596159,-0.403498291969,-0.502657532692
23131,0.165153384209,-1.05903339386,-0.417619585991,0.186757445335,4.42114973068,0.222994878888
10776,0.540610194206,-0.0046666264534,0.47040694952,0.279890954494,0.633005142212,-1.70798170567
6253,-0.77861738205,0.699000000954,-1.4179084301,-0.103409744799,-0.74391078949,-0.353116005659
79716,0.252058744431,0.18223336339,-2.1326649189,0.388259261847,-1.0853099823,0.945643782616
29978,1.01160478592,-0.479266703129,-0.060404881835,-0.148953735828,0.80354988575,-0.770968794823
9988,-0.170070484281,-0.421499997377,-0.253984928131,0.100714422762,0.928115546703,-0.234259098768
10845,-0.233594357967,-0.387300014496,-0.249596223235,0.661085367203,-0.317152619362,-0.434854537249
54957,-0.31611379981,-0.514600038528,0.0131091177464,0.894870042801,0.166135579348,0.308580815792
79170,-0.226889044046,-0.0479666590691,-0.485767602921,-0.974529027939,-0.555788695812,0.289225280285
10610,2.33530902863,1.44080018997,0.324809849262,-0.525873422623,-1.15856313705,-0.165929853916
128,-0.0459628850222,-0.94493329525,0.395102620125,0.235405430198,-3.3384373188,-0.118097610772
51026,0.407935142517,-0.388133347034,-0.493566304445,0.32910490036,0.73822170496,-2.08232975006
5498,-0.485266447067,-0.059700012207,0.287779211998,-0.786450445652,-2.01247167587,0.0139328762889
124583,0.294524461031,-0.122899979353,0.674347579479,0.260207861662,0.739657640457,-4.37141656876
9455,0.66901999712,0.206800043583,0.238985776901,-0.368448227644,-0.806996226311,0.421304404736
1212,0.593436539173,0.394500017166,-0.76794397831,0.409374207258,0.384286224842,1.30810332298
5255,-0.475895524025,-0.288966685534,0.119824185967,-0.088646620512,-0.59340518713,0.578730642796
9448,0.164639130235,1.29036664963,-0.368741184473,0.774770200253,0.0942302197218,1.42141342163
9924,0.358170509338,1.08770000935,-0.22873570025,0.864849209785,0.130667179823,0.655242741108
5480,-4.10265779495,0.252833336592,1.67297387123,0.0837830081582,0.274021148682,0.106439352036
1983,1.08406829834,0.409933328629,-0.382454037666,0.584575533867,0.193214476109,-1.5752966404
56889,0.343667477369,-0.460166692734,-0.0649352297187,1.86523318291,0.0756421983242,-0.683467388153
79080,0.0935057923198,0.471633344889,0.360702604055,-1.09513890743,-0.653600931168,1.03311228752
9016,-0.49964350462,0.231633335352,0.926720738411,0.00931339710951,0.350278496742,0.0649513453245
6915,-0.0674665123224,-0.27516669035,0.0609511584044,0.110467463732,2.29674887657,0.514743030071
9709,0.238005548716,0.797466635704,0.917176485062,-0.068333350122,-0.615502357483,0.548598945141
116832,1.19292211533,0.0525666475296,-0.543397188187,-0.624554038048,0.153117582202,0.0475716292858
670,-0.357092529535,-0.0126999914646,-0.116514310241,-0.765997707844,-1.10212814808,0.503677129745
7867,0.421412438154,-0.183433324099,0.467515468597,0.173263192177,-0.396139740944,-1.43809151649
79143,0.653768062592,-0.166799992323,0.939956784248,0.0659393668175,0.100691914558,0.876973867416
11284,-0.404257655144,-0.224866703153,0.158020019531,0.339948296547,-0.910012423992,1.11608457565
23443,0.54818290472,-0.00456666946411,-0.272693455219,0.262675046921,0.544464886189,-0.913044571877
51599,0.0378712713718,-0.274066656828,0.328857183456,-0.499446064234,-0.935842514038,1.86442184448
5927,1.15889751911,0.132466673851,0.016959682107,0.199292510748,0.444672346115,0.849188566208
55793,0.310073256493,0.4130666852,0.462150871754,0.290614575148,0.733202934265,0.62948602438
5867,0.392896622419,-0.152166679502,1.11193013191,0.861348748207,-0.0284950435162,1.52138757706
7866,0.678592085838,0.572499990463,-0.410787463188,0.346650034189,1.00733673573,-0.567065477371
25825,-0.766247987747,-0.370966672897,0.320148020983,-0.124388612807,1.07105648518,0.257015794516
4067,0.856890082359,0.187766671181,0.446273565292,-0.012533002533,-1.10357022285,2.25590586662
51015,-0.882920742035,0.354433327913,-1.05435228348,-0.241734668612,-0.564455807209,-0.727586507797
5891,0.160708338022,-0.104000031948,0.378106385469,-0.0339997597039,-0.403491973877,1.03085136414
3300,0.800584793091,0.0484333336353,-0.0572066232562,0.529452800751,0.458364635706,-1.58203816414
64781,0.56136149168,0.417800009251,0.152956575155,0.241142481565,0.240930095315,-0.559309124947
51056,-0.409685850143,-1.16743350029,0.556273877621,0.219932690263,-2.65629839897,-4.12600231171
8550,0.373544573784,0.260333299637,1.18494081497,-0.116754516959,0.92026501894,-1.87801063061
50810,-0.81366956234,-0.92833340168,-0.59309220314,1.0259963274,1.08033943176,-2.12644338608
23011,-0.259483963251,0.591899991035,0.0780076086521,-0.906287789345,-1.03319251537,0.232629626989
11168,0.717719733715,-1.33446669579,0.493163734674,1.00534021854,0.399950683117,-0.78943169117
1385,-0.33006387949,-0.841100037098,-0.272306382656,0.483528077602,-0.256478458643,-2.96362304688
10150,0.337503880262,0.187433332205,0.698709845543,0.488960921764,0.295021146536,-0.797882795334
29763,0.594893336296,-0.422933340073,0.528229773045,-0.548848927021,-0.681584239006,0.297228604555
9112,1.20188689232,-0.0170666873455,0.620829463005,0.423757940531,0.020974881947,1.3526455164
23499,0.434789180756,-3.18236660957,0.132935494184,0.441727936268,0.0419147908688,0.152933418751
85236,-0.0886279717088,0.533300042152,-0.624200463295,0.510287880898,0.290948182344,0.56025493145
5096,-0.0208554305136,0.251966685057,0.40513831377,0.940297305584,-0.406329482794,0.259939968586
55620,-0.615611374378,0.333400011063,-0.242351859808,-0.375841110945,-0.0232343375683,-0.328187584877
5373,-1.2550868988,0.10799998045,-0.111016854644,-1.74594068527,-0.360655546188,0.578415691853
51170,-0.350146114826,0.679833352566,-0.332442939281,1.78123736382,1.09424829483,0.0894792675972
54850,0.240808814764,0.586866736412,0.569972813129,-1.21213269234,-0.314327418804,0.882473826408
80349,0.438975036144,0.363166719675,0.536646902561,0.858979523182,1.21139967442,0.535434782505
355,0.0446237325668,0.531033396721,0.809918522835,0.378360152245,-0.387531220913,-0.298469692469
1062,1.57640755177,0.331999987364,0.498331606388,0.0821337923408,1.38499212265,0.0437795817852
8804,-0.144915431738,1.30903339386,-0.0525301247835,-0.304110974073,0.0118400901556,0.840228438377
80758,0.0623129457235,0.168100059032,0.560713589191,0.357425391674,1.24742281437,0.49445605278
375346,0.0352139621973,-0.430166661739,0.326204061508,-0.952488899231,-0.944075226784,0.0898347496986
51385,-0.399925142527,-0.241433337331,-0.397492051125,0.769483149052,0.0876757204533,-0.209795549512
55748,0.548654317856,-0.0269333124161,0.4001108706,0.358416736126,0.792815029621,-0.964173913002
10318,0.01562730968,0.319066673517,-0.511595726013,0.346072554588,0.397222459316,-0.749172389507
54681,-0.69159579277,-0.148566663265,-0.189780801535,0.353668302298,0.702752411366,1.40329122543
7905,-0.0310065634549,-0.955133318901,-0.541446387768,0.0650728195906,0.136639147997,-0.0684135258198
28969,0.552538156509,0.0985333025455,-0.0880009382963,0.428904980421,0.594902515411,-0.261232197285
10668,1.12090301514,-0.0111666619778,0.541077435017,0.0373644940555,1.18295073509,0.391036719084
51005,0.773046672344,-0.0553666651249,-0.489649474621,0.361538857222,-0.390862226486,0.829003691673
8800,-0.249104037881,-0.489400058985,0.342402487993,-0.805050194263,-0.649144768715,0.835452437401
54438,-0.538490414619,-0.30816668272,-0.498360753059,-1.01954102516,-0.92713290453,0.517795503139
55825,-0.919357419014,-0.193833336234,-0.266923487186,2.18489265442,0.126374274492,0.170249700546
8835,-0.799376070499,-0.0260666906834,0.309392392635,0.00977334566414,-0.334594994783,-0.196343898773
64429,-0.984676897526,0.764500021935,-0.750005066395,-0.123102471232,-0.154572784901,0.486271977425
3682,-0.338199198246,0.443133324385,0.524097919464,0.437263906002,-0.410255044699,0.537619113922
10329,1.21045780182,-0.152099981904,0.814054131508,0.334805369377,0.154914319515,0.245440542698
27109,0.700518071651,-0.170366644859,-0.290851593018,0.562409639359,1.01874756813,-1.86506164074
51335,-0.114055581391,0.881266713142,0.256585419178,0.25305840373,0.827100992203,-2.11563968658
3202,-0.995796561241,0.368433356285,0.635747015476,-0.061038069427,-0.787287712097,1.06506180763
2896,0.642098069191,-0.097000002861,0.32274544239,0.712883591652,0.628385722637,0.0974788367748
79902,-5.55223894119,0.235500022769,-0.0735700726509,0.0092541417107,0.298707127571,0.371370971203
29083,-0.0992130190134,0.0442333519459,1.35450327396,0.0462370626628,0.878888130188,-1.67335546017
5747,-0.100813955069,0.399166703224,0.457144200802,-0.489063590765,-0.236110985279,-1.61402249336
22905,0.454283505678,-0.0370333343744,-0.0627266988158,-1.01867246628,-0.44452726841,1.22738790512
63933,0.992697179317,1.09396672249,0.168756231666,0.523228824139,-0.241680473089,-0.603399515152
9847,0.494165599346,-0.334233283997,-0.182211846113,0.759885847569,0.0647719204426,0.0306422561407
51021,0.669107556343,0.440600007772,-0.222346067429,0.986123979092,0.764607310295,0.404212832451
8996,-0.27649730444,0.240766704082,-0.187555298209,-0.745125353336,0.792550802231,0.54028403759
7376,-0.404560893774,0.912166714668,0.375720739365,-0.510178565979,-1.0775885582,1.01541519165
5357,-0.0942223966122,-0.0768000409007,-0.322002857924,-0.316702991724,-0.17679220438,0.545080661774
56940,0.461176455021,0.516300022602,1.20572257042,-1.15578973293,0.156854882836,1.21363985538
6195,-0.296470820904,-0.691200017929,1.63244366646,0.401726335287,-0.930022776127,-0.0666769742966
1633,0.0258717834949,0.801333367825,0.559752464294,0.501193404198,0.235631793737,-1.10479128361
23321,-0.584897756577,-0.335300028324,0.208212450147,0.696990311146,0.155656099319,-2.4308257103
51160,-0.0909841656685,0.525999963284,0.425466418266,0.553118765354,-0.669779360294,3.366314888
55604,-0.00871235132217,-0.299899995327,-0.406600147486,0.361554443836,0.0471709892154,-0.540987432003
2063,-0.502337813377,0.378000020981,-0.713886022568,-0.157370209694,-0.277608186007,0.234864443541
54512,0.735396146774,0.252033352852,-0.35514998436,-0.17163965106,0.665418028831,-0.860438644886
9124,0.692770838737,0.481133341789,-0.0910973995924,0.239132925868,0.64767575264,1.02515220642
79174,-0.205394327641,0.713400006294,-0.353803604841,-1.6229711771,-0.198937058449,0.330927222967
23223,-0.569336771965,0.906133294106,-0.093396961689,-0.412055134773,-0.471046417952,-0.077968865633
39,-0.438857167959,0.36669999361,-0.27793392539,0.607166588306,0.861217975616,-1.81598579884
57215,-0.770222902298,-0.131899982691,0.789417803288,-2.53114271164,-0.0793226361275,-2.97948694229
1052,-1.36929428577,0.00740000605583,-0.0266478098929,-0.59193611145,-0.536796212196,0.797854661942
23139,0.670286417007,-0.316466659307,-0.227125138044,-0.593696951866,0.632214307785,4.34996604919
79947,1.04371631145,0.0669666677713,-0.0872259587049,-0.326881974936,-0.805785477161,0.821345806122
4616,-0.518340349197,0.543566703796,0.591141760349,-0.425487577915,-0.499040454626,-0.486356109381
9710,0.35771048069,-0.130600005388,-0.45484238863,0.0318716280162,0.957106530666,1.09825849533
6990,1.59582817554,-0.580399990082,0.872664213181,0.467280566692,-1.47377824783,0.823737382889
29082,-0.0466014146805,-0.31943333149,0.883062183857,1.14328956604,-0.125245064497,-1.55605626106
9670,-1.26355683804,0.170199990273,0.0639552772045,-0.968968629837,-0.577985465527,0.647875905037
81533,-0.403747439384,-0.0531333386898,-1.41496276855,-3.35829329491,1.06961464882,0.286421358585
10525,-0.35425516963,-0.206999987364,0.0437887459993,-0.953494906425,-0.53908842802,-1.25473809242
2353,5.24054193497,0.216966673732,0.469661772251,-0.526291429996,-1.65170037746,1.65182411671
57192,-0.100179329515,-0.337199985981,0.306442558765,-0.203745603561,0.0771613419056,2.30616474152
3398,-0.190940663218,0.448666661978,-0.256144344807,0.983970701694,-0.20772793889,0.568100750446
3775,-0.215655833483,-0.467300027609,0.106194101274,6.02576065063,0.351819872856,2.17063951492
26064,-0.0969767197967,-0.495833337307,0.241825997829,-0.462909340858,-0.425693631172,0.375904262066
29103,-0.276941001415,0.793166697025,0.119531199336,-0.419937551022,-0.981074929237,0.0598149895668
3206,0.739457428455,-0.82093334198,0.540070533752,-0.590915441513,-0.473199248314,2.68409752846
1500,-0.581979036331,-0.00843331217766,-0.101780667901,-0.333188533783,-0.863993406296,0.156189262867
7690,-0.126060903072,0.276433348656,0.405716717243,0.0295326113701,0.100222714245,-0.71039044857
29911,-0.0837188959122,-0.413466632366,-0.65365588665,0.563748955727,0.2065782547,0.263244330883
2064,0.833464086056,0.430833339691,0.832752227783,1.10570836067,1.29316747189,-1.07986426353
65123,1.03682625294,1.15543341637,0.483570486307,0.691452562809,1.1727257967,-0.941516876221
5986,0.06530174613,-3.43773341179,0.146067127585,-0.510679721832,-0.483145624399,-0.186321437359
85377,0.313687771559,0.346266686916,-0.0263046622276,0.979031682014,0.129241764545,1.50526666641
9903,-0.0738017782569,-0.363299995661,-0.143148511648,0.348806500435,0.217563718557,-0.0362180024385
7088,0.350495785475,-0.287899971008,-1.93868565559,0.764372229576,1.13353085518,-0.689258754253
22796,-0.713459968567,-0.570099949837,-0.524679660797,-0.0312585271895,-0.478322327137,1.56649112701
51116,0.343642264605,0.180400013924,1.33487725258,-0.19527426362,2.92856955528,0.854317784309
54442,0.0344244390726,-0.564200043678,0.11642383039,0.741497755051,-0.0139715820551,1.72967290878
10695,0.385668605566,0.173200011253,-0.205033808947,-0.477365136147,0.499017238617,-0.250230818987
102,0.266362458467,-0.380099952221,-0.12617996335,1.00990724564,0.0918280780315,3.7894244194
965,0.319255411625,-0.188366681337,0.846958637238,0.0419947877526,0.567734599113,1.8093495369
3800,0.00520100444555,-0.761833310127,-1.07878386974,0.820716798306,1.40528941154,0.457228600979
10362,0.631830513477,-0.3138666749,0.536245286465,-0.0818557217717,-0.28707408905,-2.81406116486
5300,0.690285384655,-0.502099990845,-3.31887769699,0.386618226767,0.127829015255,-2.43969655037
8270,0.466013103724,-0.0131666660309,0.149758249521,0.0394638888538,0.760691225529,0.199222624302
27242,-0.458130478859,0.228433340788,-0.300006240606,-0.954346299171,-0.921425461769,0.16201198101
9928,0.79414665699,0.339033335447,-0.156546860933,0.520764827728,0.650076329708,-0.594112932682
1534,0.0223182942718,0.464499980211,-0.256786823273,0.597018003464,-1.18221020699,4.16367816925
5654,-1.6414386034,0.281866669655,1.23057675362,0.0233739763498,-0.666593432426,0.374156594276
10810,-0.581307828426,0.158200010657,-0.454019248486,0.0189372561872,-0.523409664631,0.201035499573
7105,-0.165252998471,-0.55220001936,-0.189066410065,1.83549916744,1.10792064667,0.171655207872
23014,-0.472803622484,0.400866687298,0.257538557053,-0.148939505219,-0.505828857422,-2.25881457329
55012,0.384202748537,0.271866679192,0.0560082048178,2.5591905117,0.707085967064,-0.585280179977
2887,1.0620521307,0.985199987888,-0.0420844852924,0.244465187192,-0.52438390255,0.828228116035
9183,-0.760568261147,0.476866692305,-0.265591949224,-0.272457510233,-0.583907604218,0.221223652363
11151,-0.812664926052,1.13853347301,0.183569848537,-0.27598336339,-0.580228567123,-0.283675014973
7511,0.7684071064,0.220866680145,0.037335831672,0.83307915926,1.91022193432,-0.426047861576
10046,-0.537560403347,0.511800050735,0.135197415948,0.310775846243,-0.696229696274,1.40763866901
1829,-0.279966652393,-0.782633364201,0.0932970643044,-1.14075887203,-0.174824565649,-0.194988325238
11000,-0.458635956049,-0.301500022411,0.444041609764,0.77582603693,-0.694305241108,0.555393218994
976,2.76322579384,0.0876666307449,-0.0628211274743,-0.349990278482,-0.0980254411697,0.0830600559711
3597,-0.33246076107,0.199700027704,0.149436995387,-0.551041722298,-0.437180072069,0.397621572018
178,5.83852767944,0.658900082111,-0.212785243988,-0.236743688583,-0.291268587112,0.495233952999
2625,-0.0884400755167,4.10690021515,1.14509451389,-0.45425260067,-1.04619455338,1.66434776783
6119,0.432041734457,0.843100011349,0.586558103561,0.606428861618,1.15204000473,-0.13267827034
26136,-0.445766091347,-0.108733355999,-0.455971181393,-0.710672616959,-0.141872525215,-1.79218101501
6697,0.0583865270019,0.249899983406,-0.0956207513809,-0.524080872536,-0.66731762886,-1.03196275234
5971,-0.171244382858,0.0483333468437,0.0431726723909,-0.685715615749,0.271117150784,0.310081452131
22934,0.636752009392,0.156200006604,0.721369683743,-0.0688232034445,0.848648071289,-0.584462046623
9289,-0.627155184746,-0.385666698217,-0.789914727211,-0.392727017403,-0.378979116678,1.55736875534
4931,-0.466548800468,0.0968999862671,-1.10325741768,-0.000620396691374,-0.563357949257,0.278000921011
4200,-0.0135756283998,0.204133346677,0.0950638055801,0.723204255104,0.324187248945,2.39135360718
93594,-0.130179330707,-0.273166686296,1.12243914604,-0.297713398933,-0.216903850436,1.45989108086
5982,0.0477936267853,-0.010499984026,-0.110016345978,-0.0480161085725,0.465711832047,-2.14603233337
26520,0.921164870262,-3.62013339996,0.613813579082,0.757746934891,0.973207235336,-2.06797552109
4998,-0.577303409576,0.0975333452225,0.0799484848976,-1.0172393322,-0.758953809738,-0.136171445251
10038,1.08630371094,0.264433383942,-0.324533343315,1.14506947994,0.484110802412,0.226985424757
60493,0.478536009789,0.141900002956,0.280133098364,-0.244228646159,0.368494987488,-1.41976988316
51495,-0.0219660587609,-0.92583334446,-0.705954194069,1.62343215942,0.368691563606,-0.713998556137
4482,-0.0664261430502,0.742166638374,0.913216650486,0.237920686603,1.43238198757,0.51717954874
23224,0.29894143343,0.60913336277,0.591612815857,0.224752292037,0.355494707823,1.18273854256
9690,0.260364353657,-0.627033352852,-0.096677288413,0.463077396154,0.415044546127,-0.982644796371
80212,0.104131758213,-0.58210003376,-0.0268477797508,0.970610797405,0.904427170753,-0.537638008595
29928,0.156300365925,-0.267866671085,0.916679620743,0.0939807221293,0.525999069214,-0.140804231167
22809,0.234131991863,-3.37820005417,-0.0829967856407,-0.385008215904,-1.83723938465,-0.19016584754
50814,0.0781940370798,0.258900016546,-0.636262774467,5.93528461456,0.164344340563,-0.445307314396
55256,0.851814746857,0.404733359814,1.11317157745,1.40257680416,0.67055106163,-0.5793851614
56997,0.0920830667019,-0.757500052452,0.258864790201,-0.00806633196771,-0.0658525824547,1.86375105381
81544,0.666563808918,1.08593344688,-0.368638932705,-0.453423887491,-1.54615187645,0.438904225826
6894,0.0392492562532,0.0821666717529,0.216859549284,0.0475540868938,-0.202061325312,-2.67368340492
64080,0.432770013809,0.387200057507,0.0503913573921,0.224133148789,0.319936066866,0.277118563652
55818,-0.172876179218,0.245133340359,0.661261022091,0.75974047184,0.462777256966,-0.4393235147
637,-0.0423703417182,-1.01800012589,-0.194686770439,-0.212227880955,-2.67432260513,0.297630190849
22823,-0.0805477499962,0.575800061226,0.11758376658,0.780738890171,-0.0121210590005,-1.44905900955
5287,0.596232175827,-1.09396672249,0.0545543134212,0.046206228435,-0.482495874166,-2.75010895729
91137,0.834820210934,-0.433466672897,1.38989520073,-0.272732079029,0.898463368416,-1.72760367393
23097,-2.34963798523,-0.365666627884,0.894082784653,0.168604239821,-1.30551815033,-1.11503255367
9851,1.30000519753,-0.279399991035,0.484336078167,-0.708638608456,0.484390199184,0.834355294704
23522,0.0301847457886,0.174800008535,0.393908768892,1.08778655529,-0.159013643861,0.41720572114
1123,-0.377603083849,-0.720933318138,0.780320167542,-0.711866140366,0.707392752171,0.105922996998
5603,-0.188572660089,-0.137066692114,1.6758582592,1.26023828983,-0.538015305996,0.769711494446
51569,0.139650419354,-0.449366688728,-0.432260245085,0.226406216621,0.218304336071,-0.755818724632
55699,-3.83621263504,-7.06450033188,0.326379239559,0.211884781718,0.314004033804,-0.581699848175
2624,1.13558483124,1.88533341885,0.215610206127,-0.368702411652,0.527319788933,0.361544817686
8204,-0.405522525311,-0.585999965668,-0.622090816498,0.209625869989,0.320347011089,-0.859154224396
9133,0.753110706806,-0.268033355474,0.467651605606,0.706604301929,0.234233632684,-1.57892370224
10921,1.59607946873,-0.860066771507,0.00166346388869,-8.05503845215,-2.24255776405,0.526032865047
51742,-0.34844955802,0.598033368587,-0.684337496758,0.617252886295,-4.01021909714,0.453347980976
2954,0.207358419895,0.0771333277225,-0.342559397221,0.360343396664,0.0325752273202,1.56224429607
27244,0.835286259651,-0.372733324766,-0.201467499137,0.79472631216,-0.715358614922,-0.137073904276
23013,2.35121202469,0.420866698027,0.270968496799,0.0790581479669,0.0843852087855,0.540948450565
8050,-0.0484063923359,-0.147433355451,0.268559664488,0.620742917061,-1.23757815361,-7.95027685165
79961,-0.321994006634,0.264166682959,-0.142478451133,-0.282192736864,-0.252614200115,0.267086178064
2017,0.612004160881,0.795333325863,-0.729846537113,0.654200077057,0.414305686951,-1.43854486942
55148,2.96177244186,0.0393333435059,0.74522459507,-0.0222803354263,0.378696233034,-0.504369020462
960,0.118660464883,-0.298566699028,0.532472014427,-0.372655391693,-0.394930928946,0.012620896101
10451,1.0141595602,0.179000020027,1.41759419441,-0.212274163961,0.162121325731,3.55581045151
57406,-0.870631575584,-0.451833337545,0.0543838553131,-0.388462126255,-0.0147258043289,-0.760890960693
51719,0.0758661329746,0.306133389473,-0.420289099216,1.53820252419,0.0749547928572,-0.124445959926
7074,0.236935138702,0.459600090981,-0.0208437144756,0.523362338543,-1.70535051823,0.339458703995
10059,1.05763041973,-0.454033315182,0.421405017376,0.690153360367,0.228388786316,-3.31143951416
51071,0.675943017006,-0.285400003195,0.431866288185,-1.11340534687,-2.58944368362,0.664343953133
5796,-0.985577702522,0.0776999890804,0.148848861456,-3.19918560982,-0.348923414946,-0.137886106968
55008,0.493297934532,0.544666647911,0.610492646694,-0.147942960262,-1.28059649467,0.197388350964
23597,0.523739874363,0.276699960232,0.300726383924,0.942681789398,0.19711650908,0.0820914804935
8869,-0.230713039637,0.31956666708,-0.14044894278,0.238443031907,0.249883145094,0.642446994781
8727,0.127601757646,0.648633360863,0.574537277222,0.564454317093,0.789680838585,-1.0757983923
63874,-0.411261379719,-0.416599988937,-0.7327003479,-0.227808684111,-0.442817747593,-0.18692985177
8821,0.082552857697,0.244166702032,1.12159454823,-0.831818819046,-1.19722402096,0.255969762802
57178,-0.0663942471147,-0.137766689062,-0.617178022861,-0.248454898596,0.522352218628,-0.0670837461948
5468,-0.513602733612,-0.92560005188,-0.105833917856,-0.260374605656,-0.0733070895076,0.604209303856
10557,0.684242725372,0.128466665745,-0.199168473482,0.361453562975,0.2421400249,0.339663654566
831,-0.33566737175,0.24023334682,0.1845857054,-1.60803627968,0.195827975869,0.0859199613333
9531,1.15316712856,-2.99436664581,0.823892474174,0.546731173992,0.216398656368,0.339808523655
2767,1.31749153137,-0.535366654396,-0.636408209801,-0.2877792418,-0.170159205794,1.29181146622
1861,-0.998133659363,0.572966694832,0.689992129803,-0.494561672211,-0.524547219276,-1.91340982914
10165,5.82890558243,-0.146533340216,1.25129950047,0.749432325363,0.336224466562,-1.06089282036
7106,1.06636452675,0.00736665725708,-0.0703684091568,0.369570791721,1.08195543289,-6.78945589066
2908,0.890486240387,0.189666673541,0.109332725406,0.284292548895,-0.207859843969,0.561956167221
57761,-0.16263666749,0.322600007057,-3.5331788063,-2.91658329964,-0.877777814865,0.15685030818
23338,0.0434787720442,-0.496233344078,0.78145968914,-0.306302279234,0.315462291241,0.343777060509
7852,-0.700430929661,0.656200051308,-1.15922117233,0.877053618431,-0.014367043972,0.481445968151
55033,-0.236212924123,0.199866682291,-0.782213151455,-0.107615962625,0.545005857944,-0.937299251556
57019,-0.567313432693,0.00356668233871,0.796740531921,0.855715095997,-1.46795225143,0.050097823143
91949,-0.46899920702,0.46863335371,-3.72291994095,0.618059754372,-0.891753196716,1.34782409668
84617,0.709526121616,-0.621600031853,-1.77558028698,0.0929932668805,0.468060553074,0.0697065889835
25,-0.936492145061,-0.623333334923,-0.827233791351,0.23590311408,0.130410581827,1.02137207985
899,0.526917278767,0.262966692448,-0.0253409296274,0.760539352894,0.585735917091,0.693958222866
79850,0.484946072102,0.0269333422184,0.0655825287104,-0.168762177229,-0.233930766582,0.537117779255
51466,0.791210055351,-0.311100006104,-0.298109591007,0.986943662167,0.668065369129,1.32882857323
2852,0.0710751116276,-0.529833376408,-0.316309511662,0.540120899677,-1.05185830593,0.440536201
55837,0.53564697504,-0.183766663074,0.536661565304,0.621809363365,0.825104773045,-1.4700974226
2131,-0.536368370056,-0.206166669726,0.100710898638,-0.951725661755,-0.613398313522,0.471612662077
5427,0.647697627544,0.345700055361,0.0638762712479,0.423833489418,0.637407064438,1.32799947262
25966,-0.501334309578,-0.613733351231,-0.0117741972208,-0.178433850408,6.12563467026,2.65492916107
55608,-0.480120360851,-0.385366678238,-0.109273776412,-1.68650102615,0.56031370163,0.170644879341
1662,0.431459397078,0.0888333171606,-0.523441076279,-0.44089192152,-3.9140226841,-0.153679788113
9702,-0.567711949348,-0.996533274651,-0.216919898987,-2.21055078506,0.0645449459553,-0.347823798656
11031,0.350374341011,0.267333358526,0.150783956051,0.332807034254,0.554178416729,0.58039265871
10057,0.400022804737,0.127000004053,0.371375799179,0.320954710245,0.4453535676,0.707890450954
5985,0.422096908092,0.140300005674,1.23199057579,-0.270648539066,1.44811534882,0.999449014664
3280,-0.590812981129,-0.0801333338022,0.24493701756,-0.534596741199,0.294622719288,-0.156900450587
55958,0.444784760475,0.783233344555,-0.439719259739,0.804710149765,-0.14231300354,-0.498847484589
51465,-0.481348872185,-0.265766650438,0.998651623726,-0.255061984062,-0.481309115887,-0.273205399513
2542,0.665072977543,-0.0239000171423,0.661109924316,-0.0376786924899,0.0346178859472,-0.657503008842
10641,-0.24364387989,0.809499979019,-0.415225297213,-0.779435038567,-0.132705137134,-0.180569142103
11137,-0.877332091331,-0.213566660881,-0.0236821174622,0.182715654373,-0.585578083992,0.475123733282
9842,-0.482245534658,-0.327899992466,-0.0194077193737,-0.118891820312,-0.663755059242,0.0196083560586
10493,0.00949010252953,0.0428000092506,-0.205689683557,0.0323210768402,-0.686230003834,0.162628859282
10112,1.15084671974,0.661733388901,2.70906114578,2.75296807289,-0.163418263197,0.278443604708
1001,-0.837222993374,1.49220001698,1.19295537472,-0.105832159519,-0.500051259995,3.80511856079
23635,0.196128726006,-0.310100018978,-0.840541541576,0.41374579072,-0.0521230921149,0.317954540253
29916,0.301117658615,0.225366681814,-0.378775447607,0.636608481407,0.891471982002,0.153116464615
2810,0.13363173604,-0.0660666674376,0.298173189163,-0.305616945028,-1.1184926033,0.0750615820289
5993,1.0133357048,0.257166653872,-0.261062145233,0.0392638519406,-0.199940100312,0.340938538313
11142,0.611309230328,-0.0595666617155,0.251687765121,1.05381214619,-0.0345921218395,1.47472715378
79187,0.552408695221,-0.020433306694,0.579818069935,-0.102721042931,-0.52470690012,0.511046171188
51382,0.228217154741,-0.751733362675,0.616903305054,0.640284061432,0.944511175156,0.215627416968
8318,-0.252611219883,-0.60243332386,-0.0491577833891,-1.00836992264,0.263152480125,0.733050167561
9695,0.020261708647,-0.605933368206,-0.554942727089,-0.879177689552,-1.13152980804,1.12736046314
9712,-0.677407026291,-0.580666720867,0.171405076981,-0.299594759941,-0.0618190616369,-0.0355108380318
64943,0.328278571367,-0.138300001621,0.494401425123,0.296781599522,0.326257973909,0.562450051308
9738,1.17047262192,0.325766682625,0.221409529448,0.62310552597,0.609889507294,0.958692252636
6793,5.3514342308,-0.597233355045,-0.554461956024,-1.07443082333,-0.831984639168,-0.648546814919
7358,0.292052477598,-0.369133353233,0.0509413778782,0.266066342592,-0.0577122122049,-0.584910809994
58472,-0.276116430759,-0.542000055313,0.819704115391,-0.603189229965,-0.161443635821,1.08667719364
50865,-0.0501563288271,0.403800010681,-0.419634431601,0.0580534562469,-1.51404178143,0.230120778084
23200,-0.745222806931,-0.485666632652,0.0341275334358,-2.30057287216,-1.26232528687,0.280890196562
51293,0.439651340246,0.415266662836,-0.210247188807,0.48791128397,0.654376804829,0.422397613525
10962,0.32951888442,2.71076655388,-3.08177042007,0.359157532454,0.62331444025,-0.897753953934
10153,0.841277301311,1.60083353519,0.27499049902,0.189953953028,0.102024592459,0.927600383759
874,0.677958965302,0.244533330202,2.21721816063,0.773706793785,0.813732266426,0.00983056426048
