rid,CPD003_MCF7_6H:BRD-K46156294-001-04-8:10,CPD003_MCF7_24H:BRD-K46156294-001-04-8:10,CPD003_PC3_6H:BRD-K46156294-001-04-8:10,CPD003_PC3_24H:BRD-K46156294-001-04-8:10
5720,0.20814999938,0.169480115175,-1.83119821548,-0.0887499898672
466,-0.706949949265,-0.804279565811,-0.769572377205,0.258200019598
6009,-0.268200010061,-0.670153677464,0.227319389582,-0.929100036621
2309,0.407099992037,0.746427416801,-1.59774434566,0.211149990559
387,-0.805599987507,-0.0239768493921,-2.67755222321,-0.640650033951
3553,-0.0650999993086,-0.115898042917,1.61842370033,2.71544981003
427,-1.11059999466,0.488935381174,-0.238287121058,0.748000025749
5898,-0.883350014687,-0.690574884415,0.893921852112,0.042250007391
23365,-0.749449968338,0.722085118294,0.851602375507,-0.210800006986
6657,-0.868749976158,-0.575517654419,1.21697974205,0.0917999967933
5054,1.89079999924,0.200944781303,0.365731328726,0.760300040245
3108,-0.276450008154,-0.341686606407,1.42952156067,1.00849997997
1950,0.254200041294,0.698146879673,0.90584653616,-0.122749991715
351,0.158649981022,0.654085099697,0.0730040371418,-0.0261000003666
4846,-0.839900016785,0.591264605522,-0.895835757256,0.736199975014
1452,0.962350010872,1.24404609203,-1.55378830433,-1.56545007229
4776,0.739750027657,-0.433558911085,3.29107379913,-0.18029999733
6908,-0.0321999937296,-0.705120265484,-2.23268413544,-0.489749997854
672,-0.0466500073671,-0.700769007206,-1.08318245411,-1.02324998379
5710,1.55259990692,-0.560842812061,-1.66185617447,-1.09364998341
2115,-0.229949995875,-0.726521074772,-0.080321803689,-0.0815500020981
7015,0.244750022888,-0.83528727293,0.895893454552,0.187999993563
8726,-0.318150013685,-1.73508119583,0.0679425522685,-0.751699984074
2185,-0.227349996567,-0.243799865246,2.14549160004,0.27325001359
3315,0.0,-0.218234807253,-1.94654393196,-0.410149991512
5289,-0.666749954224,-0.943306565285,0.550763368607,-0.165150001645
868,-0.420900017023,-2.30684137344,0.644563436508,0.704800009727
1677,-0.645900011063,-0.35810148716,1.8190536499,0.0908999741077
7043,-1.01145005226,0.166235357523,1.46588003635,-0.197549983859
5613,-1.60409998894,0.415467143059,0.600471258163,0.121450006962
595,0.267450004816,-1.01658797264,-2.55114412308,-1.07099997997
4793,-1.11940002441,0.360981434584,2.28496170044,1.11329996586
2736,-0.544350028038,-0.0355966538191,1.56244134903,-0.513199985027
5290,0.716099977493,0.341431289911,3.07121086121,0.213250011206
6194,-0.778549969196,0.678762018681,-3.13114333153,0.858600020409
1676,-1.51260006428,0.116670884192,2.32565569878,-0.0240499898791
23512,-0.234149992466,-3.07520842552,-0.118960171938,0.224949985743
148022,-0.484699994326,-0.512060642242,-2.28040838242,-0.691599965096
1906,-0.736500024796,0.872067332268,-0.480679839849,0.11684999615
8878,0.487649977207,0.772743344307,-0.377046108246,0.83805000782
3091,0.0683000087738,0.880089044571,-0.553153276443,1.36374998093
5743,0.785800039768,-0.19286441803,2.73560166359,-0.206050008535
5321,-0.496399998665,0.16355265677,-0.0267647504807,0.151549994946
4144,-0.0848000049591,-0.481067538261,1.02113437653,-0.0723500028253
1981,-0.587599992752,-1.75770294666,-0.0628249868751,-1.3531999588
695,-0.0699999928474,-0.380545675755,1.60329341888,0.430350005627
10398,-0.302299976349,-0.408154755831,0.0224369503558,-0.225750029087
5708,0.00034999998752,-1.76568377018,-1.78065335751,0.0010000000475
1213,-1.2023999691,-0.120602697134,-2.07013249397,-0.00345000624657
226,0.414950013161,-1.14324903488,-1.20437896252,0.183049991727
6777,-0.763950049877,-0.709927797318,1.95490193367,-0.7486500144
2113,-1.2391500473,-0.387083649635,-1.77717220783,-0.117100000381
3329,-0.585050046444,-1.29422223568,-2.76274681091,-1.1099499464
1050,1.10380005836,-0.493106096983,0.206715404987,-0.783399999142
9491,0.739000022411,0.616843104362,2.2241961956,-0.0444500148296
22926,-0.69580000639,0.653007507324,-0.991044521332,0.304100006819
5899,1.02569997311,0.616670012474,-0.634459137917,0.361899971962
5467,-0.846400022507,-0.636510968208,1.99431586266,1.76289999485
6774,-0.485850036144,-0.493453919888,-0.782334327698,-0.337249994278
1788,-0.185249999166,0.097262352705,0.325069963932,0.0435499846935
5921,-0.772599995136,0.697736740112,-0.303522884846,0.322349995375
5721,0.279799997807,-0.197350114584,-0.658917546272,-0.0701500028372
2263,1.09570002556,0.511298716068,1.76427936554,-0.279399991035
808,1.44904994965,-0.703385770321,3.82816910744,0.00214999914169
30001,0.0882999897003,-0.358942985535,-1.92433643341,-0.283050000668
348,-0.778300046921,-0.0136444121599,2.29972791672,0.732950031757
30849,0.784749984741,-0.801088571548,-0.910170674324,-0.424199998379
1454,0.378499984741,0.042180120945,-0.019072894007,1.19630002975
6500,1.33794999123,-1.23417913914,-0.308355152607,-0.88789999485
5627,5.0,0.144029632211,-0.442272543907,-0.0836500227451
5715,-1.10029995441,-0.424121588469,-0.919865250587,-0.317050009966
4791,3.64555001259,-0.884571969509,1.70641422272,-0.142350003123
56924,-0.868650019169,0.0941118225455,-1.35186433792,0.129650011659
2690,5.32925033569,-1.30103361607,3.97626066208,0.0611499994993
1019,0.115449994802,-0.0287381410599,-1.81932556629,-0.523350000381
51422,-0.0405000150204,-0.504354894161,0.577380895615,-0.191600009799
5788,-0.148249998689,0.225341901183,0.0656587332487,-0.0999999940395
6709,1.64724993706,0.559409976006,0.238321304321,0.173749998212
1277,-0.302650034428,0.481291353703,0.520410180092,-0.154549986124
993,-0.964699983597,-2.80697226524,-5.15614128113,-2.62989997864
7157,0.477100014687,0.649388074875,0.213835835457,0.392599999905
1958,4.51905012131,0.724107027054,0.147827044129,0.261900007725
4582,-0.924950003624,0.152795031667,-0.471751928329,1.1248499155
9212,-1.42190003395,-1.85795938969,-0.186502695084,-0.533149957657
8440,1.09035003185,-0.0482925847173,-1.32757806778,0.260150015354
6790,-0.442699998617,-1.90207278728,-1.86264801025,-0.731949985027
8851,-0.384200006723,0.56326174736,-0.82884645462,-1.16419994831
2534,1.86094999313,0.151676654816,-0.180131822824,-0.337150007486
4893,-0.240449994802,-0.547071814537,0.776733279228,-0.31740000844
665,-0.385999977589,0.430295705795,-1.02862584591,0.785049915314
4313,0.138350009918,0.185276970267,1.5998301506,-0.120350003242
1022,-0.454450011253,2.01156973839,0.5365665555,0.560249984264
5880,0.198599994183,-0.622137188911,-2.49896001816,-0.197800010443
3162,0.384450018406,1.50627720356,2.33282995224,0.888099968433
1282,-0.630050003529,-0.213007181883,1.95158147812,0.735749959946
3383,0.235549986362,0.929704666138,4.29845762253,0.448250025511
727,-0.750500023365,-0.0198911428452,0.768481492996,-0.747200012207
4792,-0.0821000039577,0.651802241802,-1.60327982903,-0.540549993515
4794,-0.833850026131,-0.239747405052,2.4307975769,-0.419500023127
902,1.85494995117,-0.121846958995,1.95347237587,-0.12215000391
8091,-0.77009999752,-0.285947799683,0.821640014648,-0.0692500025034
3486,-0.488099992275,0.985754728317,-0.576966166496,1.38785004616
10818,-1.02845001221,-0.565869033337,0.804233074188,0.218850001693
3454,-0.319499969482,-0.0439021661878,1.36535906792,0.198300004005
4282,-0.836950004101,-0.454708695412,-0.998898983002,0.610350012779
1605,-0.423449993134,-0.867621183395,-0.187497168779,-0.322650015354
10644,-0.162300005555,-0.225217565894,-2.41535139084,0.561699986458
2065,0.129549995065,1.67646157742,-0.114541009068,0.507049977779
8321,-0.732400000095,-0.247303396463,-0.491525143385,0.562600016594
8503,-0.148849993944,0.0805320292711,0.90397644043,-0.932450056076
7027,-0.533200025558,-2.30345702171,-3.7441008091,-1.23944997787
6850,0.157999992371,-0.299526751041,2.13064575195,-0.859750032425
1978,0.824500024319,2.71049880981,-1.21371388435,2.41989994049
896,-0.773150026798,-2.64792895317,-1.397108078,-0.607349991798
5777,0.206499993801,0.59141176939,1.49400186539,-0.352149993181
1846,1.43455004692,2.74688625336,-3.03180932999,0.496500015259
5925,-0.1168500036,0.0822436064482,3.61507964134,-0.169200003147
142,-1.44260001183,-0.652435839176,-1.59050130844,0.836199998856
1021,-1.35650002956,-0.18182092905,-1.07418727875,-1.29279994965
5699,-1.17680001259,-1.33034718037,-0.770897984505,-0.381349980831
8061,-3.79019975662,-0.212384656072,-3.35396194458,-0.94034999609
1870,-1.26379990578,-1.1909122467,0.176334738731,-0.814350008965
1398,-1.20394992828,-1.05720996857,-1.24550104141,-4.61525011063
3312,0.001600000076,-2.03389024734,-1.43681049347,-1.01205003262
891,0.680850028992,-3.26980161667,1.14552533627,-0.502250015736
4775,-0.728100001812,0.058036416769,0.663634061813,0.163699999452
5111,-1.7541000843,-2.53631806374,-3.28799891472,-1.61664998531
5696,-0.00805002450943,0.488531768322,-1.46894538403,0.338800013065
5588,-0.268449991941,-0.220723092556,1.99818599224,0.35015001893
6839,-0.83109998703,-0.62997841835,-1.00089645386,-0.417150020599
329,-0.459500014782,0.5927298069,0.137669205666,1.05984997749
5058,4.59534978867,-0.747602760792,1.08958399296,0.200299993157
998,-0.588449954987,-0.0475784055889,-1.12548816204,0.155950009823
9134,0.110749989748,-0.773655593395,3.27269506454,-0.422100007534
6616,0.213950008154,-0.126989513636,4.10914182663,-0.65600001812
5223,-0.145400002599,-1.69731140137,-1.29510879517,-0.255100011826
4690,0.294050008059,-0.817383289337,2.88850903511,-5.30284976959
958,-0.134100005031,0.476827770472,0.747778892517,-0.136849999428
1616,0.917199969292,0.042328029871,-0.92603123188,-0.589699983597
991,-4.60839986801,-2.0753967762,-4.19430923462,-0.00034999998752
6347,3.51080012321,0.382749915123,1.80833625793,0.31170001626
6714,-0.282499998808,-0.134424507618,-2.06821298599,-0.189949989319
652,0.0128000080585,-0.188432842493,0.99323707819,0.598399996758
4331,-0.529850006104,-0.957255065441,-0.959382176399,0.538999974728
7099,-0.12784999609,0.0585776567459,3.92242860794,0.129799991846
10320,-0.314149975777,-0.0449824109674,1.88896179199,1.51510000229
2042,-0.404100000858,-0.520318210125,0.80287283659,-0.173249989748
843,-0.550050020218,0.390774011612,0.936298370361,0.0333999991417
840,0.0707499980927,-0.137194007635,-0.897993803024,0.248699992895
7048,-1.11369991302,-0.882455229759,-2.26433300972,-0.152199983597
4851,-1.09039998055,1.01921391487,-0.0703542381525,0.296499997377
6464,0.745400011539,0.0195231214166,0.563826680183,0.0908000096679
23410,-0.905499994755,-0.027972470969,-0.233823403716,0.0735999941826
54205,0.497799962759,-1.11690354347,-1.58826351166,-0.951649963856
2770,-0.378749996424,-0.0883302092552,0.167406454682,0.402450025082
80204,-1.32809996605,-0.818828642368,-0.432344317436,-0.564750015736
4208,-0.822499990463,0.0896716043353,1.99802350998,-0.51985001564
1845,1.30089998245,-1.79458773136,-0.926097869873,-3.17144989967
23368,-0.570299983025,-0.330999016762,-0.0295590311289,0.607450008392
5583,1.11485004425,0.930660903454,0.446891993284,0.183699995279
8900,-1.07975006104,-0.567569434643,0.530191361904,0.552649974823
581,-0.701449990273,-0.488672763109,2.08799886703,-0.334299981594
6193,0.313950002193,-0.0285994112492,-0.197187900543,-0.162000000477
6622,-1.89514994621,-0.281149029732,-0.710826516151,-0.340999990702
11261,-0.619799971581,-0.0859986543655,3.85942554474,0.080000013113
6696,-1.99244999886,-0.625528633595,-0.333782494068,-0.91455000639
8312,-0.701049983501,-0.27570605278,0.623420596123,0.174950003624
835,-0.5924000144,-0.593766510487,-2.02559685707,-0.22990000248
8324,-1.04519999027,0.400657713413,3.29678201675,0.407099992037
1848,0.748000025749,0.420591562986,0.453361749649,0.72494995594
154,0.529500007629,2.42357850075,-0.028741940856,0.99329996109
4312,1.46249997616,1.36036550999,4.43196105957,0.894150018692
994,0.42610001564,0.572141885757,-5.00276994705,-0.0802000015974
2048,-1.32630002499,0.0290843993425,9.964220047,-0.932899951935
1111,0.126599997282,-0.523696780205,-0.107243582606,0.00144999998156
5154,-0.206250011921,-0.0114721693099,0.699688911438,1.59280002117
2920,-0.179399996996,0.272163391113,-0.0114951590076,0.212850004435
3122,1.36489999294,2.21360588074,0.584898352623,-0.139049977064
2769,-0.3329000175,0.0256429165602,1.61509728432,0.102850005031
5900,-0.746550023556,0.0474034436047,0.474204540253,0.636200010777
6304,0.931500017643,0.148347496986,0.78400683403,-0.334100008011
5211,0.539600014687,0.973697543144,-1.17224442959,4.55695009232
2886,1.24495005608,-0.330022126436,2.58316040039,-0.0381999909878
9261,-0.101700007915,0.536208868027,0.33159327507,0.464749991894
8569,1.89464998245,0.0205593034625,5.15728569031,0.329999983311
3303,0.585700035095,-4.78393268585,0.165730088949,-1.25905001163
5331,0.234749987721,0.368738591671,0.511227726936,0.55134999752
5347,-1.53390002251,-2.22144126892,-0.689176440239,-0.628149986267
4638,0.0616500079632,-1.26806282997,1.09489381313,0.222699999809
2264,-0.872250020504,0.126719683409,-0.429761230946,-0.239250004292
1029,0.915650010109,0.11320823431,0.285134315491,0.0188499987125
1027,1.05274999142,-0.390498697758,-0.164728224277,-0.0314999967813
2597,-0.00034999998752,0.0,-0.000400111079216,-0.00034999998752
55847,0.642650008202,-1.35551095009,-1.50150465965,-0.748850047588
25803,-0.449950009584,-0.809993088245,0.478070884943,0.0919499993324
3480,0.364199995995,0.109292276204,0.192541509867,-1.02799999714
2946,0.352650016546,-0.332713007927,0.578353703022,0.213799998164
9517,0.192749992013,-0.527441680431,0.600014090538,-0.611349999905
25987,0.452700018883,1.58539152145,-1.15134656429,-0.089350014925
23670,-0.570050001144,0.660795509815,0.371210217476,-0.0738500058651
11182,0.834650039673,-2.28992319107,3.44728899002,-1.32770001888
2146,-0.00904999673367,0.00698579847813,-0.728951156139,-0.269950002432
3385,-0.125300005078,-0.823180794716,-1.4465726614,-0.471050024033
5261,-0.0495499968529,-0.524830162525,1.66035580635,-0.271800011396
10765,0.520250022411,1.1680008173,1.7092757225,0.566049993038
25839,0.450000017881,-1.52343690395,-0.917769551277,0.2255500108
4172,-0.951300024986,-1.82080936432,-0.637461543083,-1.4865000248
23161,1.26499998569,0.949097573757,0.447430998087,0.274900019169
10298,0.34114998579,-0.450367331505,-1.58496570587,-0.368650019169
1802,0.245200008154,-1.14344978333,-3.49020242691,-1.02324998379
58533,-0.413199990988,0.118832267821,-1.48952591419,1.02690005302
147179,0.12190002203,-0.599515318871,1.43037939072,0.125649988651
29937,-1.15100002289,-0.902253568172,-1.02799141407,0.299999982119
6184,0.935699999332,-0.929966926575,-2.07087993622,-0.839150011539
9854,-0.302249997854,0.576204121113,-1.38614153862,-0.437300026417
2553,-0.600499987602,-0.34407171607,-2.42798233032,-0.17950001359
5440,1.84749996662,-2.32805371284,-5.39688587189,-0.0732000023127
54623,-0.600449979305,-0.682554900646,0.972251534462,-0.0566499978304
9533,2.33780002594,0.424494862556,3.72714138031,0.0691500082612
8607,-3.76955008507,-0.484555602074,0.866571485996,0.2051499933
207,-0.997799992561,-1.75134110451,-0.816666722298,-0.4674000144
26054,-1.00645005703,0.311191111803,0.357843399048,-0.915300011635
10682,-0.230850040913,-2.50811958313,-1.15834093094,-0.752650022507
8573,-0.123500004411,1.27575850487,-1.06891489029,-0.346400022507
23378,-0.874199986458,-0.467484891415,-1.24735045433,-0.600849986076
8553,-0.590250015259,0.650266051292,0.402049213648,1.52869999409
622,0.220349997282,-1.98620390892,0.022520840168,-1.63680005074
9467,0.408399969339,0.820466160774,-0.976325392723,-0.614099979401
5525,0.992300033569,-2.67329502106,-0.889636874199,-1.11765003204
256364,2.39109992981,0.582003712654,-0.363601863384,0.670799970627
332,-1.19199991226,-4.03792095184,-2.03884220123,-1.8273999691
2058,0.615000009537,3.23573923111,-2.0659365654,1.83630001545
7849,-0.410500019789,1.40548336506,2.1916179657,-0.646549999714
23244,0.0242000073195,1.23556149006,-0.595628619194,-0.71875
7494,-0.0505000017583,0.712980866432,1.68746137619,2.01359987259
4836,-0.295700013638,-1.25994193554,2.92415618896,-0.593649983406
23647,-0.808950006962,-0.893258154392,-1.7956366539,-0.540250003338
10617,1.27139997482,-0.929507493973,1.98627185822,2.69869995117
2184,0.258249998093,-0.560076475143,-0.900292396545,0.0125999897718
5355,0.272200018167,0.309111118317,-0.852108359337,1.09444999695
6659,1.20155000687,1.6692738533,-0.683062493801,-3.52655005455
7016,0.0228999853134,-0.125502452254,-0.908002316952,-0.938950002193
90861,-2.31209993362,-1.78665661812,-0.458022475243,-0.58060002327
10670,0.483650028706,-0.766156196594,1.32009994984,0.215449988842
79071,0.581200003624,0.101620286703,-0.406157672405,-0.554350018501
64746,-0.310299992561,1.07017469406,-1.33055949211,-0.824150025845
5366,-0.840350031853,2.6296684742,-0.156377136707,0.950900018215
11344,-1.57290005684,1.32612705231,-1.72639417648,0.0575000047684
10013,1.20815002918,1.11811971664,-2.0140209198,1.34659993649
5829,0.621800005436,0.579543888569,-0.998018503189,-0.470299988985
5257,0.474350005388,0.416854649782,2.90434932709,-0.470499992371
22794,0.57279998064,1.36755371094,-1.55727374554,0.054800003767
9761,0.483550012112,-0.678207218647,-2.43895077705,-0.631150007248
23326,0.735599994659,-0.312912046909,-2.54225349426,0.705649971962
10972,-0.218850001693,-0.966266810894,-2.44349503517,-0.0363499969244
10523,-0.137700006366,-0.104050658643,-1.04350543022,-0.527099967003
79090,-0.192000001669,0.74415063858,4.04340076447,1.36479997635
27032,-2.81725001335,0.128948807716,-0.599775791168,0.0236499905586
9097,-0.672399997711,-1.02853298187,-0.369598180056,-1.01664996147
10513,0.183849990368,0.716017246246,4.3438076973,0.85590004921
1891,-0.0497500002384,1.60533547401,0.75342220068,0.463799983263
3066,-0.746749997139,-0.349342614412,-1.16816520691,-1.02674996853
9801,0.0990500003099,0.388031572104,-1.0917339325,-0.593200027943
1459,1.00329995155,0.68957400322,1.58695006371,-0.296100020409
9703,-0.117500007153,-0.182882666588,-1.69882714748,-0.0296499878168
10606,0.56149995327,-0.732203722,-1.63117051125,-0.59399998188
1017,0.453350007534,-0.376199871302,1.43257892132,-1.53610002995
9813,0.413599997759,0.146763175726,1.07509875298,-1.05095005035
7485,0.188349992037,-0.534502983093,1.3345502615,0.683300018311
2109,-0.976700007915,-0.242551729083,-1.04037046432,0.809149980545
23271,-0.580049991608,0.3237439394,0.160172045231,-0.0419000014663
9915,0.36859998107,0.270500898361,0.857720375061,-0.0179500132799
9552,-0.318399995565,0.902424454689,1.08861041069,0.331450015306
93487,-0.471199989319,-0.936058282852,-2.59705352783,0.518000006676
2956,-0.368700027466,-0.339284390211,-1.05292403698,1.4170999527
11065,-0.390900015831,-3.7387111187,-0.603560090065,0.337049990892
9653,-0.0745999962091,2.58454465866,2.01322364807,-0.766900062561
200081,0.57439994812,-0.379121035337,-1.22852087021,0.27999997139
3337,0.0672000050545,-1.04692935944,0.217820748687,-0.785899996758
11073,-0.364699989557,-1.38375389576,0.0100396424532,-0.125100001693
23,-0.141949996352,-0.754098296165,-1.0257871151,-0.489000022411
5641,2.77279996872,-0.481606006622,0.896911740303,-0.0972000062466
8720,-0.550499975681,0.955246567726,0.151792615652,0.555249989033
10782,-0.399800002575,-0.870646238327,-0.0926886796951,0.599799990654
25932,0.845450043678,1.85321295261,-1.34599173069,1.66279995441
3028,0.474249988794,-1.2431615591,-1.86898374557,-0.316100001335
6804,-0.897499978542,-0.416245251894,-2.94450497627,-0.0287000015378
890,-0.912500023842,-2.55329918861,-0.907379627228,-0.896849989891
6390,-0.0152000188828,-0.668367862701,-4.02731227875,0.0
4303,-0.978199958801,0.251728057861,-1.54151892662,2.03044986725
10953,-0.169249996543,-0.345710337162,-1.19221329689,-0.0568999946117
22889,0.0720499977469,1.06012094021,-0.247172653675,0.275299996138
3098,0.415049999952,-0.259670495987,-0.806809306145,0.332949995995
11044,-0.680700004101,-0.03306543082,1.97354066372,0.0928499996662
8985,0.630400002003,0.46603345871,-0.300837874413,0.444350004196
66008,0.456650018692,-0.102596789598,-1.04811680317,-0.38220000267
9217,-0.632550001144,-0.619627356529,-2.83479881287,-0.0513500012457
701,-0.26115000248,-0.110510371625,1.73572123051,-0.597549974918
6182,-0.0023499999661,-0.726205527782,-4.19705486298,-1.00600004196
4860,-0.443049997091,-2.16424441338,-1.19249105453,-0.484799981117
7398,-0.165950000286,-0.4592269063,-0.748642086983,-0.311599999666
6117,0.201049998403,-0.283943831921,-1.41909003258,-0.265150010586
23588,0.0526499971747,-0.0921437889338,-0.0626960843801,0.00174999237061
949,0.345550000668,-0.462099641562,-2.33871555328,-0.825500011444
7168,0.250299990177,0.668507993221,-2.18247675896,0.0964500010014
9375,0.35664999485,-0.564429342747,-1.72892999649,0.659250020981
4927,-1.54659998417,-0.913372039795,-2.7978181839,-0.478300005198
2523,-0.821400046349,0.946979761124,1.50077676773,-0.346749991179
58497,-0.333550006151,0.298574239016,1.95914041996,0.0986000001431
6856,-0.542850017548,-0.667329013348,-0.536604166031,-0.300449997187
26036,-0.111599981785,1.24576735497,1.22799682617,0.46225002408
10206,0.112450003624,0.113016754389,2.43736100197,0.136799991131
25793,1.03439998627,0.26879259944,0.771831929684,-0.225099995732
55556,-0.428350001574,-1.02209150791,-0.931587159634,-0.177599996328
3978,-0.625450015068,-2.48292207718,-2.30910825729,-0.689050018787
10681,-0.846300005913,-0.45991897583,-2.71583914757,-0.930099964142
3638,1.67354989052,-1.125841856,5.13368415833,0.036850001663
8349,-0.0877000018954,2.08878278732,1.92175006866,0.0310000032187
6275,-0.621549963951,-0.302804589272,-1.61420440674,0.292500019073
3895,0.578599989414,0.510057687759,0.4746491611,-0.763450026512
392,-0.142399996519,-0.505982935429,2.45035147667,0.299149990082
9170,0.566699981689,-0.208859264851,0.161499604583,-1.39069998264
80347,-0.325500011444,-0.581584692001,-1.03040957451,0.222350001335
23300,-0.691650032997,-0.756459474564,-0.917460441589,0.0242500156164
836,-0.835500001907,0.953646481037,0.194649174809,-0.0401000007987
11188,-1.3193500042,0.114134207368,-0.430699169636,1.34870004654
10898,0.243550002575,0.694072842598,1.14188611507,-0.501550018787
9276,-0.314099997282,-0.287013024092,0.356253653765,-0.0683999955654
1647,1.79725003242,1.5942825079,3.36758613586,0.528450012207
10285,0.018449999392,-0.643539905548,0.0077817812562,-0.194649994373
23386,0.191700011492,-0.789429187775,-1.10769486427,0.109149992466
3156,0.845350027084,-0.764924287796,3.34180498123,-0.00634999573231
10237,0.123750001192,-0.677513897419,-0.83650970459,0.0722500011325
7077,2.53289985657,0.38192152977,1.05004441738,-0.657899975777
11157,-0.811599969864,-1.02527356148,-0.371620506048,2.50715017319
22908,-0.283100008965,0.0113951414824,-1.05805623531,-0.484799981117
10915,0.137450009584,-0.779342293739,-0.708603739738,0.148800000548
9897,-2.81535005569,0.242207661271,1.2951887846,0.308300018311
1759,-0.284599989653,0.535905539989,-1.52550816536,-0.946799993515
54541,7.97720003128,7.27362966537,5.6953663826,9.3421497345
211,-0.986750006676,1.08547449112,0.546156644821,0.472750008106
5048,-1.28620004654,0.497461557388,0.547672569752,0.458899974823
84722,-0.443899989128,-2.76658725739,0.00504068657756,0.293699979782
29890,0.126350000501,-0.210961103439,0.981233596802,-1.17750000954
9868,-0.0611499994993,0.444007247686,-2.80767655373,-1.07695007324
873,-0.522349953651,-0.721457839012,0.0541949421167,-0.943799972534
5580,-0.148550003767,-1.44944775105,-2.19375371933,2.58074998856
3725,-0.397799968719,1.03953897953,0.0759153664112,0.575299978256
23585,-0.120999991894,-1.63725614548,-0.430916339159,-1.00985002518
51097,-0.000200003385544,2.28321480751,-1.71072638035,1.15055000782
1831,1.29455006123,2.47152900696,2.37312650681,1.29275000095
7020,-0.595600008965,-0.247788101435,-0.106829419732,-0.43774998188
55893,0.485200017691,0.224254891276,3.33758211136,0.289950013161
6944,0.337899982929,0.600909173489,1.61829483509,0.133400008082
22883,-0.186450004578,-0.532570004463,-0.820187091827,-0.743600010872
5601,-0.103000000119,0.292923718691,-0.312096297741,0.366999983788
10775,-1.60280001163,-0.837888836861,-1.18161940575,-0.848150014877
4780,-0.839500010014,-0.645291209221,1.1152074337,-0.707000017166
10904,-0.183400005102,0.531939029694,-1.44912958145,-0.197600007057
9917,-0.862200021744,0.212299734354,0.871342897415,3.79235005379
1399,-1.65614998341,0.507375597954,0.960501074791,0.295199990273
24149,0.324050009251,1.59481930733,-1.3417634964,0.286350011826
2222,1.87759995461,-1.18033051491,1.92291879654,0.352750003338
10131,-0.440649986267,0.0207031369209,-1.27286982536,-0.716050028801
2958,-1.00024998188,-0.956248700619,-0.580420553684,-0.836600005627
9650,1.4427999258,0.789564788342,1.27021050453,0.450349986553
7319,-1.84459996223,0.0519782081246,-1.38785481453,-0.461199998856
4817,-0.334899991751,0.309832334518,2.85261058807,0.0223999992013
9143,0.518549978733,0.594476163387,1.61185514927,1.4334499836
10494,-0.585699975491,0.630506753922,-1.62592625618,1.13954997063
55324,-0.407999992371,-1.07943367958,-0.886596560478,0.551999986172
23149,0.24620001018,-0.490275532007,1.20209205151,-0.00689999759197
9943,0.496749997139,0.587939023972,-1.07378268242,0.50150001049
6599,1.28139996529,1.18059885502,-1.54502558708,-0.888449966908
51031,-0.167500004172,-0.705194354057,-1.71582400799,0.791599988937
3566,-0.347000002861,0.360032141209,2.37423396111,-0.315250009298
3815,0.0722500085831,-0.164321064949,5.80244255066,0.135450005531
8624,-0.446449995041,-0.91607350111,-2.05179476738,-0.444099962711
27346,0.330399990082,-4.14025974274,-0.590781152248,-3.0883500576
10489,-0.483900010586,0.708317101002,-0.516061306,0.599700033665
26128,-0.153549998999,-0.678847849369,-1.57919931412,-0.0106499940157
79921,-0.869400024414,-0.0793436616659,0.675473928452,1.72609996796
55746,0.750999987125,-0.529505729675,0.696718871593,0.0648500025272
23636,0.034500002861,-0.662517130375,1.08220076561,-0.460400015116
10892,5.0421500206,-0.577276527882,-1.19520139694,0.810500025749
10652,0.470200002193,-0.891673147678,-0.910733342171,-0.479799985886
11004,0.255599975586,-2.19337177277,-1.18014907837,-0.557649970055
23530,-0.209650009871,0.773452818394,0.724268436432,-0.710199952126
8826,1.29815006256,0.711271047592,0.79462826252,0.21645000577
3308,0.751450002193,-0.390313923359,1.08971583843,-0.257699996233
7153,-0.11914999783,-0.146786659956,-1.49292492867,-0.552549958229
11041,0.0691500008106,-1.52993929386,-1.63496267796,-1.06470000744
6342,-0.636349976063,-0.257785111666,-0.993066072464,-0.382400006056
5883,0.016249999404,-1.60858666897,0.153541922569,-1.03439998627
10589,-0.157250002027,-0.0342479646206,-2.54287433624,-0.1956499964
5110,-0.226150006056,-1.93583095074,-1.21113276482,0.0703499987721
4609,1.50749993324,1.85381114483,-1.24052238464,-0.321200013161
5423,-0.858000040054,-0.432662814856,0.490997552872,0.509400010109
1070,1.06394994259,-0.135036170483,0.0603729188442,0.95609998703
10051,0.53250002861,-1.53407609463,-2.67800474167,-0.201199993491
6603,-0.112500011921,0.291599482298,0.9143653512,-0.210049986839
9019,-0.204600006342,-1.49068593979,-2.21914339066,-0.0900999903679
10969,0.327299982309,-0.611983716488,-1.52459311485,-0.507450044155
9797,3.84684991837,-0.547824442387,3.30063462257,-0.83630001545
4043,0.395249992609,-2.23413062096,-2.7438750267,-0.251049995422
9519,-0.0151000022888,-0.372351229191,-0.957469940186,-0.269600003958
8480,-1.13639998436,-1.19416594505,-2.7336397171,-0.311549991369
983,-1.05739998817,-1.75724411011,-2.75466537476,0.0605000257492
10559,-0.456849992275,0.584007382393,-0.293308317661,-0.112049996853
8508,0.202549993992,0.120152197778,-1.38303494453,1.14034998417
9275,-1.35675001144,-1.52780616283,0.442432284355,-0.561950027943
8914,0.862200021744,-0.313305079937,1.5417163372,-0.238150000572
54505,-1.32074999809,-0.781826078892,0.522749602795,-0.552500009537
6919,-0.808899998665,1.09473109245,0.202738702297,-0.318800002337
2274,0.789350032806,2.3094830513,-1.67169761658,0.519999980927
2288,0.000999999931082,-0.220108881593,0.000674343493301,-0.240649998188
7994,-0.291799992323,-0.194300502539,-0.527372837067,-0.321149975061
4216,0.204050004482,0.240696877241,-1.45493018627,-0.232800006866
7538,-1.03120005131,-0.139418154955,1.06047594547,-0.233099997044
3628,0.80940002203,0.707779288292,-0.865986049175,-0.358399987221
2037,-0.184850007296,-0.215711861849,-0.799675166607,-0.0720499977469
2771,-0.153549998999,-0.784303665161,-0.326108723879,0.295849978924
7264,-0.66455000639,-1.60081589222,-2.74006295204,-0.470499992371
1786,0.00130000000354,-0.541321337223,1.17234945297,-0.652549982071
5873,-0.238799989223,-0.766788959503,0.965054988861,-0.367300003767
780,-1.19709992409,0.799400210381,2.00990128517,-0.121799997985
9926,0.320799976587,1.75367987156,-1.95607852936,0.37729999423
8446,0.112799994648,0.644726872444,1.26465964317,-0.594850003719
7159,0.569550037384,0.44289213419,1.19082915783,0.121649995446
1026,0.733850002289,2.93886089325,1.30327248573,0.127150014043
7082,-0.535549998283,1.29552710056,-0.412032425404,0.260199993849
10058,0.629899978638,-0.365093767643,-0.320741772652,0.490250021219
10797,0.532000005245,3.1808488369,0.532960951328,3.10759997368
11230,1.02734994888,1.63357973099,0.431099832058,0.210250020027
30836,-0.865400016308,-1.41408371925,-0.173446640372,-2.27824997902
27336,-0.187649995089,0.812445342541,-0.0103440135717,-0.411549985409
9918,0.374099999666,-0.921435236931,0.832442581654,-0.254000008106
79073,-0.563350021839,-0.0542900413275,-3.34924936295,-1.45564997196
9688,0.543799996376,-1.02313828468,0.347281008959,-0.718549966812
23659,-1.3302500248,-1.36202251911,-1.60004353523,-0.462549984455
8396,-0.299199968576,-0.590892314911,-1.96800756454,-0.707199990749
23077,-0.29414999485,1.2191889286,0.485836625099,-0.42919999361
10857,-0.124549999833,-2.2128841877,-1.92322802544,-0.314099997282
16,1.27690005302,2.54737973213,2.77691555023,2.98814988136
2817,-0.10119998455,0.52904766798,1.43941962719,0.174850001931
60528,-2.90019989014,-0.472347557545,-1.85761785507,-0.698149979115
5359,10.0,-0.729354143143,1.46380615234,-0.329899996519
1514,0.797350049019,1.92390525341,0.0118977092206,0.45015001297
1509,-0.580249965191,0.714536845684,-1.48048472404,0.319499999285
9181,1.02705001831,3.51033115387,1.32041072845,1.76820003986
3611,0.511650025845,-1.08600473404,-1.21145343781,-0.41629999876
4783,0.037650000304,4.11871623993,1.44805240631,1.25014996529
10123,0.385499984026,-0.100970581174,4.90576696396,-0.300449997187
8895,1.03390002251,-1.65764629841,0.225806042552,-0.236750006676
9805,0.30269998312,-0.195983275771,2.05551314354,1.10615003109
4125,-1.05209994316,1.73387479782,-3.14495229721,-0.6507999897
1635,0.593800008297,0.590217709541,-5.11572170258,0.148249998689
4154,0.108850002289,-0.329562604427,-1.61125588417,-0.164650008082
26292,0.0486999899149,-1.88014113903,-1.15073680878,-0.582849979401
5770,-0.661200046539,-1.09521591663,0.335296601057,-0.225850000978
25874,-5.54755020142,-2.06663155556,-0.188879966736,0.331449985504
11319,-0.348049998283,-1.14540803432,-1.81164550781,0.876049995422
1153,-0.016350030899,-0.0515764281154,-1.60094499588,-0.0663999915123
11098,0.053700003773,0.507663547993,-1.32123219967,0.172800004482
8974,0.601000010967,-0.268112719059,-0.557008683681,0.587900042534
533,0.151600003242,-0.783968031406,-2.06950259209,-0.42380002141
823,0.864499986172,-0.0928537547588,1.5410708189,-0.202299997211
6812,-0.108500003815,-0.406257241964,-0.623132705688,0.790249943733
3693,1.06694996357,1.02805113792,-1.52665281296,0.551299989223
4891,-0.140499994159,1.06985116005,1.84067821503,1.11049997807
10954,1.10710000992,0.307102411985,0.0241759046912,0.803400039673
5909,0.708249986172,1.54021573067,-0.609850883484,1.34360003471
9221,0.162999987602,-0.653129458427,-1.15212094784,-0.137400001287
847,0.195850014687,0.196472942829,1.00033271313,-0.444800019264
11072,-0.176699995995,0.0839987844229,-0.870587706566,-1.50590002537
10221,-1.33509993553,0.327741503716,0.905368208885,0.447999984026
7158,-0.847100019455,0.377123475075,2.40103340149,0.497250020504
8678,0.385999977589,-1.43580281734,-1.05592501163,0.606000006199
11014,-0.1073500067,-1.56868553162,-1.15295767784,-0.381500005722
1994,-1.33710002899,0.0144841372967,-0.0383352190256,-0.309300005436
3482,0.0960500091314,1.71158802509,0.995752751827,0.914900064468
25976,0.384350001812,-0.0761340036988,-0.0211014617234,1.17294991016
10491,-0.489199995995,0.374753594398,-2.0877301693,0.0619500130415
51053,0.428149968386,-2.89272880554,-0.861086845398,-0.232149988413
9267,0.756749987602,-0.187930345535,1.18474042416,1.22479999065
5547,0.71179997921,0.0890036150813,1.04709935188,-0.319350004196
6597,0.114600002766,0.49365735054,-2.20968723297,0.410950005054
5836,-0.712700009346,2.32325601578,-1.88892662525,-0.258650004864
6118,-0.100749999285,-1.17157387733,0.740896940231,-0.611400008202
2961,-0.88220000267,0.956915795803,0.271347790956,0.681850016117
310,0.0647999942303,-0.456658393145,-0.578535556793,-0.0463500022888
7296,-0.291099995375,0.86727809906,-2.46373915672,0.963349997997
1429,0.099650003016,-0.724670767784,-0.378981530666,0.303650021553
2548,0.471899986267,1.15074431896,-0.956731796265,1.18285000324
6499,1.32165002823,-0.190860211849,-0.604761004448,0.389450013638
642,-0.245299994946,-1.2463299036,-2.67515230179,-1.36580002308
23076,0.184349998832,-0.261340916157,-2.81604814529,-1.25
10099,-0.0488000065088,-0.369546473026,-1.04786610603,-0.486099988222
9817,-0.491800010204,-0.507576346397,-1.46558642387,-0.49405002594
9126,-1.01285004616,-0.24930600822,-0.417855232954,-0.335799992085
3930,0.400200009346,-2.92443275452,0.774766921997,0.919800043106
10450,-0.444199979305,0.0555020421743,-0.559353709221,0.268950015306
54386,0.684149980545,1.01718151569,0.242204099894,0.128099992871
664,-0.542500019073,0.345642507076,-2.10095119476,0.910750031471
596,-1.38445007801,-1.34670591354,0.262275099754,-0.630199968815
10180,1.37029993534,2.21540164948,1.70148897171,-0.540449976921
1445,-1.06410002708,-0.40311974287,-0.966892123222,0.0760500133038
230,1.09960007668,0.43889015913,-1.12248504162,1.36080002785
9246,1.16374993324,1.45648515224,3.12814855576,-2.10649991035
5092,-0.563950002193,0.584013998508,-1.54111909866,-0.93909996748
23463,0.0190999992192,-1.12157189846,-3.26544046402,-0.685750007629
10007,-0.233850002289,0.0335203595459,-0.330333411694,-0.344850003719
4925,0.456449985504,1.78741836548,0.0542625486851,1.86634993553
6251,-0.288500010967,0.957684457302,0.114205658436,-0.0724499970675
5782,0.940050005913,0.694902479649,-0.375918924809,1.37925004959
5106,0.973850011826,6.45276451111,0.79328584671,1.17544996738
2673,0.56994998455,1.43306040764,-0.435111820698,0.741549968719
644,-0.278450012207,1.52178382874,-1.0155069828,1.07725000381
6284,-0.136800006032,-0.558721959591,-0.839344143867,0.254800021648
4605,0.0622999966145,-2.03397059441,0.459838688374,-1.11109995842
6810,-0.0951499938965,0.432951420546,0.979812204838,-0.200049996376
54499,-1.67585003376,-1.79666650295,-2.32614326477,-1.36234998703
11007,-2.4156999588,-0.318353533745,0.140025898814,1.5951499939
1643,-0.777150034904,0.474848806858,0.471626073122,0.137299999595
25805,-0.241999983788,0.13675391674,1.78087425232,-0.453149974346
3033,0.0808500051498,0.086307734251,1.25852298737,-0.559399962425
2745,1.29780006409,0.193401306868,-1.15245676041,1.5013500452
9961,-0.0612000077963,1.04676795006,-0.283581763506,1.04524993896
3925,-0.833150029182,-1.72677707672,-2.24328732491,-1.97245001793
2582,-0.657649993896,0.100817173719,-0.547391474247,1.41985011101
5792,-0.446900010109,0.672813892365,1.29313278198,0.169249996543
5236,0.136849999428,0.32686522603,-1.25686645508,0.125400006771
4016,3.61085009575,0.0966556966305,-1.81576013565,0.0736999958754
4651,-0.574299991131,1.69959366322,-0.928583025932,1.00705003738
3988,-0.518450021744,-0.265908032656,-0.456995099783,-1.50750005245
26227,1.96974992752,4.58422470093,1.15018296242,5.41610002518
7982,-0.422100007534,-1.11678957939,0.574288487434,-0.764999985695
3551,1.40259993076,0.728882431984,3.9700152874,0.327049970627
5108,0.829950034618,-0.0675122141838,-0.713548898697,0.375599980354
8870,1.18720006943,0.0289622619748,-1.24645495415,0.880550026894
2195,1.27324998379,0.102068163455,1.37894439697,-0.328900009394
8731,1.69604992867,1.12652468681,-0.917967796326,0.0498499982059
1956,-0.263350009918,-0.366179943085,-2.18136644363,1.05745005608
10276,1.07955002785,0.585538327694,0.655854225159,1.59150004387
1666,0.449599981308,-0.332418292761,-2.02449846268,0.920349955559
4864,-0.484200000763,0.769618332386,1.39480066299,0.909350037575
4232,0.0357000008225,0.023477287963,0.103825755417,0.162000000477
5050,0.490249991417,-0.654488801956,-0.352541983128,-0.119249999523
813,-0.278800010681,-0.0654552578926,-0.578101634979,0.52864998579
3964,-0.580200016499,0.07685700804,0.646728038788,-0.180600002408
26020,0.120749980211,1.61472940445,-1.04924035072,0.910799980164
481,-0.523699998856,0.0756218582392,-3.13370943069,-0.288599997759
5019,-0.172049999237,-0.778717517853,-0.0323079973459,0.0351999998093
291,0.421800017357,-0.754876732826,-1.45718610287,-0.0300500094891
10973,0.716899991035,-0.571006178856,-0.622888088226,0.0994499996305
9697,-0.0824500024319,-0.00716538727283,0.350910007954,-1.18395006657
5831,0.743449985981,2.14176869392,0.729386508465,0.83134996891
8202,0.292799979448,1.46433329582,-0.0558829903603,1.45414996147
57804,-1.58259999752,1.44237577915,-0.52783793211,0.988200008869
5566,-0.116149999201,-2.49354243279,1.46373748779,-0.311749994755
57149,-0.0442500114441,0.643094420433,-0.688338696957,0.179299995303
7416,0.409500002861,0.129225790501,-0.523985564709,0.222849994898
10174,-0.00319999456406,-0.0203868746758,-0.933956325054,0.00925000011921
6676,0.445950001478,1.00917696953,-0.694591164589,0.938350021839
8884,0.099650003016,-0.509112775326,-1.26249575615,-0.229349985719
5997,-0.659399986267,1.01715397835,-0.832080304623,0.100800000131
57147,-0.546899974346,0.907922446728,0.230555713177,-2.22864985466
6909,0.200599998236,-3.17864608765,-0.955389618874,-1.11099994183
9093,-5.00064992905,0.373359709978,0.00025292893406,-0.128499999642
23142,-0.54255002737,0.417990535498,1.87071466446,0.33085000515
8444,0.713800013065,-0.327077895403,0.839493513107,-0.784950017929
11232,-0.29335001111,0.680159270763,-4.33631944656,-0.202549993992
27095,-0.706449985504,-1.04378771782,-1.62274324894,-0.829499959946
10732,1.4389500618,-0.163771152496,2.80590391159,-0.604499995708
23029,1.10339999199,-1.69352006912,0.390422999859,-0.278050005436
9270,-0.769849956036,-0.269711852074,0.601141452789,-0.585550010204
47,1.06959998608,-0.213279381394,-0.387378960848,-0.572499990463
5889,-5.38560009003,-0.533887505531,-1.40723729134,-1.85575008392
8243,0.818750023842,0.463302612305,1.93584489822,-0.387799978256
10730,5.01639986038,1.63777923584,-0.0903396457434,-1.10455000401
30,-0.281750023365,-0.0618363395333,-0.336717873812,2.83675003052
7466,0.499799966812,0.887870311737,-1.17274808884,-0.32570001483
89910,-0.884750008583,0.565368294716,-0.18677085638,0.258249998093
56654,-0.59635001421,-0.234427526593,-0.86269980669,-0.0341500043869
501,-0.625599980354,1.07708621025,0.170743554831,0.116400003433
5438,0.0839000046253,-1.29910588264,-1.48795008659,-2.24515008926
26993,-0.201400011778,0.354633033276,0.0273589715362,-0.43005001545
55111,0.396850019693,-0.480115383863,-0.402484953403,1.2811999321
8520,-0.0734000056982,-1.45773756504,-0.589521884918,-1.61950004101
10146,-0.848999977112,-1.11365842819,-2.50814199448,-1.7853000164
7165,-0.341650009155,0.127433657646,0.585982859135,-0.7757999897
55011,-0.635249972343,-0.771097064018,1.65403199196,0.636600017548
6461,-0.144549995661,0.199576482177,2.69110631943,0.688050031662
10813,0.817049980164,0.849539995193,0.0776700675488,-0.278800010681
80746,-0.0470000505447,-0.517258346081,1.7787617445,-0.109800003469
10434,-0.31400001049,-0.126195907593,-0.411223173141,1.3749499321
5607,-0.179650008678,2.89358353615,0.130195766687,1.84739995003
22827,-0.504199981689,-1.02298557758,-0.776073157787,-0.228650003672
51635,0.237299978733,0.0288024023175,-1.97460126877,-0.329050004482
84159,1.73439991474,1.009100914,2.70117163658,0.775650024414
3508,-1.24399995804,-0.0306104496121,0.661512613297,1.7459000349
84890,-0.495549976826,0.729939222336,-0.859747052193,0.837650001049
79600,0.444649994373,1.03778409958,1.60666704178,-0.5992000103
8574,-0.118800006807,-0.149198517203,-2.24481058121,0.0985500067472
5529,-1.05529999733,-1.33239257336,-0.657945334911,0.346249997616
3909,-0.259000003338,0.548077106476,-1.72064650059,0.690899968147
9637,0.547150015831,0.937881588936,-0.471088409424,1.47035002708
8518,0.734899997711,1.04616034031,4.69347238541,1.11915004253
6443,-0.0559000074863,-1.67672753334,2.87921380997,-0.294800013304
58478,-2.0584499836,-0.221592396498,-1.02561223507,-0.694299995899
4850,0.465200006962,0.00255581736565,4.175552845,-0.840000033379
23210,-0.33210003376,-2.65010285378,-1.4667211771,-0.830449998379
54733,0.00815000385046,2.06595277786,-2.87777996063,-0.0708000063896
55129,-1.14765000343,-0.587410092354,-1.27635717392,2.148250103
10273,-0.00034999998752,-0.000380885525374,-4.12422513962,0.89099997282
572,0.572099983692,-0.718041777611,-1.30342304707,-0.82959997654
5716,-0.448949992657,-0.441658258438,-0.412900030613,-0.569400012493
22841,-0.95484995842,0.0893277227879,-1.22917497158,0.161199986935
2356,-0.850000023842,0.0539891421795,-3.84479045868,-1.93549990654
6050,0.429349988699,0.114583738148,-2.39110016823,0.100050002337
64422,1.09675002098,-0.881322920322,0.149097859859,2.25440001488
8837,-0.844599962234,0.246503010392,0.282938212156,2.27460002899
55127,0.27009999752,0.300774902105,1.19734883308,1.04869997501
23335,1.43694996834,0.286002516747,-0.679852724075,0.0549499988556
10270,-0.822399973869,-0.651642203331,-1.45766842365,-0.81375002861
6509,0.854600012302,1.65800571442,0.685592293739,2.06065011024
83743,-0.953999996185,-3.65190434456,-0.472961336374,0.928399980068
6772,0.805100023746,-2.12149500847,0.376445114613,0.350600004196
22887,1.94859993458,0.303352892399,-0.663482189178,0.931849956512
51001,-1.14635002613,-0.887142658234,-0.491848766804,-0.248000010848
26511,-1.66059994698,-0.527054667473,-0.60735219717,0.728549957275
7874,0.288549989462,-0.125493645668,-1.9261674881,-0.5924000144
51070,-0.0914499983191,-0.721161901951,-2.56368780136,-0.393750011921
1738,1.14719998837,-0.463774293661,-5.21298360825,-0.691399991512
3416,-0.290899991989,-0.128294721246,0.425434559584,-0.252449989319
9128,-0.213899970055,-0.183024227619,-1.31037759781,0.00895002484322
9833,-1.22815001011,-0.756487905979,-0.160617142916,-0.200900018215
4088,-0.00245000422001,0.917466938496,-1.14334058762,1.22670006752
5018,0.305399984121,0.895473301411,-3.00263428688,0.155799984932
51375,-0.418850004673,0.0770493447781,-0.801319599152,0.30269998312
55038,0.741649985313,-0.571082651615,-1.28724372387,-0.333000004292
23061,-0.0696000009775,0.663357555866,-1.51308214664,1.15065002441
64428,0.160649999976,0.0893238037825,4.13670253754,0.160149991512
11325,0.627550005913,0.941813826561,-0.769665420055,-0.327249974012
9641,-0.267949998379,-0.586174488068,-0.952290177345,-0.293399989605
23038,1.02254998684,1.04880344868,-0.876667678356,0.829400062561
57048,0.460099995136,3.129529953,-0.476524114609,0.000399991869926
94239,-0.0830500125885,-0.058015126735,1.71064698696,-0.00050000846386
51203,-0.461100012064,-2.27107572556,1.35012221336,-0.45015001297
388650,-0.469650000334,0.141646578908,0.796279489994,-0.606500029564
23039,-0.0452999994159,0.352922618389,-1.65847682953,0.00560000538826
55179,-0.340599983931,0.150856480002,1.24207770824,0.29574996233
5827,-0.939800024033,-1.26970005035,-0.692745387554,-0.247750014067
10245,1.19869995117,0.439336597919,0.917544782162,0.356700003147
6813,-0.434749990702,0.409168124199,-1.62191963196,1.25555002689
3251,-0.310550034046,-0.628996908665,-0.447894155979,-0.363250017166
23212,-0.0403999984264,-0.809336423874,-3.2021985054,-2.64594984055
23536,-0.291449964046,0.198586449027,1.02360355854,-0.173099994659
51282,0.31020000577,-1.38380694389,0.314211964607,0.00940000265837
10227,-0.29129999876,-0.46000880003,-1.39849174023,1.32464993
50813,0.7582000494,1.07505893707,-1.28929018974,-0.206899985671
51024,-0.575250029564,-2.09073495865,-0.770960271358,0.198249995708
53343,0.405400037766,-0.143995314837,0.113236248493,-0.230749994516
1465,0.728950023651,-2.79789829254,-0.343316823244,0.00990000367165
79006,-0.156750023365,-0.184847399592,-0.6279733181,1.50695002079
6988,-2.00440001488,0.217919319868,-1.05404353142,0.196200013161
11011,-1.42195010185,0.686790466309,-1.0657119751,-0.266099989414
23325,-0.0212500095367,0.66415309906,-1.08871388435,0.427749991417
10049,0.171949982643,-0.981308281422,1.23243284225,-0.5271499753
3157,1.92104995251,-1.57567334175,0.34273225069,-1.20009994507
200734,0.921300053596,0.848469257355,1.51048874855,0.0138500034809
9053,-0.282949984074,1.85299611092,3.72750663757,0.406549990177
79094,0.166949987411,3.3045938015,2.54056167603,1.34680008888
2778,0.336899995804,0.631610870361,-1.91836583614,0.737300038338
54881,-1.10730004311,-0.94435530901,-1.1061822176,-1.10199999809
54807,-0.652800023556,-0.386879682541,-0.86389374733,-1.42435002327
323,-0.764899969101,0.952477812767,0.779463291168,0.0251999944448
26001,-0.16914999485,0.0233121663332,0.0848995149136,0.215450003743
10190,0.344200015068,-1.00898945332,0.970209002495,-1.12185001373
9686,0.661849975586,0.645797371864,-1.94885456562,0.560500025749
54915,0.832850039005,-0.436347842216,-1.34062743187,-0.649999976158
23658,-0.0318500101566,-0.848948836327,-0.919386148453,0.692749977112
7750,0.202749997377,0.49975335598,0.0200867280364,0.821300029755
79643,0.656700015068,-0.0181170701981,4.5465388298,-0.845149993896
9488,-0.520399987698,-0.181673243642,-0.993412852287,-0.21724998951
11200,0.152750015259,-0.466746479273,-0.423515498638,0.403450012207
65057,0.588999986649,-1.53713285923,3.40576386452,-0.298999994993
6832,-0.411749988794,0.44299030304,0.6081122756,0.0984499976039
23131,2.14525008202,0.96032756567,-4.15286970139,-0.070999994874
10776,-0.72159999609,0.258102416992,-0.770813643932,0.417950034142
6253,-3.18669986725,-0.674696266651,0.969802856445,-0.311100006104
79716,-0.173999994993,1.97056090832,0.736402988434,0.726500034332
29978,5.54710006714,2.17076897621,6.11600589752,1.28925001621
9988,-0.649749994278,1.70886051655,1.50060939789,-0.228500008583
10845,-0.192100003362,0.951985061169,0.466222941875,0.637799978256
54957,-0.575549960136,0.34608155489,-0.303721427917,-0.498199999332
79170,-0.441249996424,0.848388075829,1.03153884411,-0.12974999845
10610,0.306450009346,2.90114474297,2.10564517975,0.0715999975801
128,-0.160300001502,-0.0367176532745,0.0520862191916,0.826449990273
51026,-2.49055027962,-3.24266862869,1.43339967728,-0.152749985456
5498,0.0769500136375,0.0436509549618,1.07481789589,0.00495000183582
124583,-0.309499979019,-0.292254686356,-1.32381975651,1.15694999695
9455,2.00720000267,1.60452604294,1.04285430908,0.491650015116
1212,0.516799986362,-0.239507526159,-0.850028932095,0.095349997282
5255,-0.129899993539,0.0317738503218,-3.46975016594,-0.0589500069618
9448,1.3300999403,2.16556978226,-1.43122136593,-4.54570007324
9924,0.658200025558,-0.38261026144,1.98735451698,0.606299996376
5480,0.576249957085,0.117212288082,0.285267472267,0.133450001478
1983,-1.07934999466,0.740385591984,-2.44683599472,-0.734400033951
56889,0.179749965668,0.903920948505,0.119438283145,-0.270150005817
79080,-2.27500009537,-1.2632021904,0.0420915856957,-3.290599823
9016,0.743000030518,-0.745934426785,0.59596401453,-0.983099997044
6915,0.307500004768,-0.330710232258,-0.103165723383,-0.3804500103
9709,0.711250007153,1.27572596073,0.0294148921967,1.28994989395
116832,0.338900029659,-0.219923853874,-0.830722928047,-0.194250002503
670,0.626399993896,0.100263923407,2.33543395996,-0.351099997759
7867,0.0440999977291,-0.61842495203,-0.342164307833,0.0244999974966
79143,0.126750007272,-0.705934286118,-0.668954133987,-5.48089981079
11284,0.677250027657,0.600199878216,-0.779614984989,-0.150199994445
23443,-0.660800039768,-0.45734629035,0.232099235058,-0.0550000071526
51599,-0.327099978924,-0.954359531403,0.200277000666,0.327749997377
5927,-0.570199966431,-0.031645834446,-2.11983251572,0.063649982214
55793,0.388500005007,0.955782592297,-0.444394290447,1.1168500185
5867,0.415799975395,0.69639724493,-1.24255728722,0.705500006676
7866,-0.00315000116825,-0.720938622952,-2.68963980675,-4.11980009079
25825,0.126000002027,-0.0388885587454,-1.99296140671,0.558849990368
4067,0.39929997921,-0.872410595417,0.352771937847,0.856450021267
51015,-3.72479987144,-1.56762611866,0.665591239929,-0.04810000211
5891,4.72504997253,-0.339873045683,1.3505718708,-0.512050032616
3300,0.132500007749,1.13246393204,-0.761570572853,0.272499978542
64781,1.51559996605,-0.593079447746,0.649965763092,0.518299996853
51056,-0.286350011826,-0.436636984348,-0.217667043209,-0.34065002203
8550,1.00224995613,0.657819509506,0.427042067051,0.61234998703
50810,-0.926249980927,-0.566684067249,0.158804684877,0.183449983597
23011,0.240700006485,-0.594907939434,-0.465465694666,0.000699996948242
11168,0.475799977779,1.14741742611,-0.579323530197,0.5013499856
1385,-1.2771999836,-0.97533261776,-0.171061053872,-0.206449985504
10150,1.31370007992,2.69558215141,-1.73744654655,2.40065002441
29763,-0.86050003767,0.666168630123,2.30402493477,1.24925005436
9112,0.796249985695,1.19502282143,-0.522919416428,0.480599999428
23499,0.354349970818,0.288060426712,-0.307089656591,-2.29369997978
85236,0.0657999962568,0.243456870317,-0.514074087143,0.779700040817
5096,0.0897000059485,1.18800234795,0.613773405552,0.562200009823
55620,0.201200038195,1.03945982456,2.48789024353,-1.73115003109
5373,-0.639649987221,-0.6325045228,2.30698513985,-0.00894999504089
51170,2.83660006523,0.76346218586,0.382798075676,0.517199993134
54850,0.388700008392,0.911470353603,1.4247739315,0.067999958992
80349,-0.532799959183,-2.18438720703,-1.7514295578,-0.466899991035
355,-0.730100035667,0.646097302437,1.13119852543,-0.257250010967
1062,0.363999992609,0.391846418381,0.519987821579,1.18900001049
8804,-0.219100013375,0.708979725838,-1.60769557953,-0.24525000155
80758,-1.70309996605,-0.424267053604,-0.962374687195,0.329850018024
375346,-1.42785000801,-1.13960719109,-1.23745822906,-0.287550002337
51385,0.600549936295,-0.452740460634,1.02442622185,0.225899994373
55748,0.511500000954,0.497020483017,-2.4731760025,-2.47749996185
10318,-3.2990500927,0.362981706858,-0.254425287247,1.32264995575
54681,1.37024998665,1.61648344994,-1.50098192692,0.138999998569
7905,-0.716150045395,-0.773919165134,0.668921291828,-0.024549998343
28969,0.59215003252,-0.327706307173,-2.41408801079,-0.310900002718
10668,-0.242749989033,0.0830563306808,-0.525060653687,0.0119500001892
51005,0.199400007725,-0.0838007330894,-1.57404744625,-0.576900005341
8800,1.97750008106,-1.04747152328,3.2988960743,0.0169000029564
54438,-0.69059997797,0.112934276462,1.85241270065,-0.0340000018477
55825,4.34964990616,-0.862683534622,1.52619957924,0.570649981499
8835,0.16914999485,0.595826208591,2.54798388481,0.55554997921
64429,0.454349994659,-0.735127091408,0.260019540787,0.0913999974728
3682,-4.90670013428,-2.05754971504,0.109326504171,-0.709150016308
10329,-0.663800001144,0.481605887413,-1.99192667007,-0.597800016403
27109,-0.489050000906,0.511261880398,-0.408834636211,1.31099998951
51335,-0.264899969101,1.43422663212,2.90631079674,-0.432749986649
3202,-0.238949999213,0.140153601766,-0.24772952497,0.443800002337
2896,-0.502699971199,0.873067259789,-1.89935970306,0.903500020504
79902,0.423299998045,-1.76197004318,-0.866756558418,-0.251599997282
29083,-1.80770003796,-0.999531328678,-3.91524171829,-0.353300005198
5747,0.826949954033,1.01670014858,1.34946060181,0.484849989414
22905,-0.209150001407,-1.16502141953,0.680284261703,1.68269991875
63933,1.55369997025,-0.509902715683,-0.123736649752,0.0678499937057
9847,0.443700015545,0.0754707306623,-1.34816169739,1.12739992142
51021,-0.0802000015974,-0.307362705469,-1.54272294044,-5.10185003281
8996,-0.949999988079,0.201943039894,0.055516898632,-0.127399981022
7376,-0.315549999475,0.864170789719,0.0402429103851,-1.48005008698
5357,-0.163699999452,0.87129598856,0.130194067955,-0.808899998665
56940,0.0357500016689,-0.196216091514,0.646534442902,-0.0643499940634
6195,0.274200022221,-0.60248529911,-1.96188127995,-0.298099994659
1633,-0.372599989176,-2.05164027214,-0.111332692206,-0.222100004554
23321,0.875649988651,1.45842003822,-0.416376292706,-0.292849987745
51160,-5.1141500473,0.702763676643,0.341086655855,0.195699989796
55604,-0.24660000205,0.332008481026,-0.661601006985,0.143350020051
2063,-0.284550011158,-0.521492004395,-1.4761146307,0.43694999814
54512,0.686250030994,-0.20052716136,-4.53828144073,-0.919999957085
9124,0.185750007629,0.382020235062,0.457078397274,0.423100024462
79174,1.22105002403,-0.787936270237,3.83169317245,-0.195050001144
23223,-1.11985003948,0.239047646523,-0.634151816368,-0.701800048351
39,-4.36955022812,-1.16386067867,3.22938489914,0.0183000005782
57215,-0.153999999166,-0.858136773109,1.69642794132,0.547100007534
1052,-0.714599967003,-0.115782245994,1.43341398239,0.119949996471
23139,0.629750013351,-0.334971249104,-0.22176450491,0.71280002594
79947,-0.190300002694,2.75922107697,1.30356740952,-0.469099998474
4616,0.355700016022,0.830329537392,1.61260795593,0.671299993992
9710,0.413249999285,0.0757293999195,1.01679217815,0.206000000238
6990,0.124250009656,0.3098757267,-2.00895214081,1.41930007935
29082,0.427000015974,0.960509181023,-0.426332354546,1.28090000153
9670,1.40145003796,-0.94778329134,3.51842951775,-0.112000018358
81533,0.0301499962807,0.390845030546,0.479564964771,1.29655003548
10525,-1.08239996433,0.998045802116,2.06830263138,-0.0943000018597
2353,-1.66989994049,0.577047348022,1.09776461124,1.5625500679
57192,-0.0637999922037,2.13705873489,-0.993943989277,-0.262149989605
3398,-0.675250053406,-0.0679902434349,0.573368668556,0.0759999901056
3775,-0.536149978638,0.510293006897,-0.0731819868088,-0.159600004554
26064,0.0234500169754,0.446533471346,-0.526131749153,-0.120400041342
29103,-0.36265000701,0.529597461224,-0.13318797946,-1.15555000305
3206,-0.560400009155,0.247287422419,-0.80804169178,-0.658399999142
1500,-2.41639995575,0.407791405916,0.0244535207748,-0.254949986935
7690,-0.381599992514,1.08293557167,1.88059139252,-0.136800006032
29911,0.990599989891,-0.52603417635,-1.98667168617,0.754400014877
2064,0.4429500103,0.432475209236,-1.72735214233,0.974749982357
65123,0.139449983835,-0.582621335983,0.267665416002,0.298000007868
5986,0.575100004673,0.387496441603,3.11415576935,0.493499994278
85377,-0.160700008273,0.166300997138,3.29316997528,1.45249998569
9903,-0.202199995518,-0.137796849012,-0.944457769394,-0.378100007772
7088,0.446550011635,-0.00994363427162,0.136063292623,-0.0925499945879
22796,-0.248400017619,0.316623061895,0.209361866117,-0.0552500002086
51116,-0.515550017357,-2.00572657585,-0.514928817749,0.493650019169
54442,0.0280999839306,-1.24119770527,-0.143342107534,-0.165600001812
10695,-0.299750000238,-0.265547126532,2.64854383469,-0.443300008774
102,-0.746449947357,0.489097326994,-0.760946273804,-0.38220000267
965,-0.787549972534,0.715948581696,-0.751316905022,1.45554995537
3800,-0.127499997616,-0.140479803085,4.24942779541,-0.208100020885
10362,0.068200007081,1.04723262787,-0.934222698212,0.152700006962
5300,0.0135000050068,-0.711578369141,-2.41803407669,-0.149800002575
8270,0.654899954796,-0.661271095276,0.199314013124,-0.264899998903
27242,-0.613399982452,0.712735414505,0.529870688915,0.643299996853
9928,0.619800031185,-0.265537381172,-0.29508960247,0.688700020313
1534,0.326300024986,-0.727522194386,-0.209065377712,0.00479999184608
5654,-0.434799969196,-0.58366972208,0.762221693993,-0.111249998212
10810,-0.166549995542,0.317452162504,0.730203866959,0.605100035667
7105,-0.904950022697,-0.383561730385,-1.76389241219,-0.250450015068
23014,0.537150025368,0.329164028168,0.780957937241,-0.212999999523
55012,0.320200026035,-0.246355324984,-2.15454649925,0.618499994278
2887,-0.204699993134,3.73167133331,0.540154516697,3.16070008278
9183,-0.525650024414,0.77078473568,-2.03482818604,-2.42579984665
11151,-0.976150035858,-0.814605236053,1.54832625389,0.472050011158
7511,-0.0396499931812,-0.676000118256,0.30873337388,-0.215249985456
10046,-0.232050001621,0.107809811831,-1.44225740433,0.824049949646
1829,0.0835999846458,0.39318266511,1.11757671833,-0.359300017357
11000,0.168500006199,0.0541179478168,0.713194966316,1.57474994659
976,0.752050042152,0.967667341232,-1.86722934246,-0.483850002289
3597,0.831150054932,1.61652183533,2.53237128258,-0.443049997091
178,0.44475004077,0.493759274483,2.02474212646,-0.601549983025
2625,0.462249994278,0.426670581102,-0.717405200005,0.0471000000834
6119,0.665899991989,-1.2059237957,-0.169023841619,-0.311849981546
26136,0.646600008011,1.45933246613,1.92044532299,1.05470001698
6697,-0.0369500219822,-1.35374331474,-1.40098381042,-0.538950026035
5971,0.207000002265,2.14602971077,-0.651238441467,-0.278699994087
22934,-1.54270005226,-0.124190032482,-2.06386184692,-0.340500026941
9289,2.89475011826,1.31678509712,2.1442732811,0.607649981976
4931,-10.0,0.0349741317332,-3.44212269783,-0.717500030994
4200,0.278349995613,0.594060659409,-1.72757172585,-1.20430004597
93594,-0.138300001621,1.20574569702,1.43149411678,0.0238000154495
5982,-0.649699985981,-4.17892551422,-5.87545871735,-0.912249982357
26520,-0.412499964237,0.813109517097,-6.07129430771,0.540300011635
4998,-1.01709997654,-0.0552382990718,2.21172428131,-0.265450000763
10038,0.738749980927,-0.929256260395,-1.45267832279,0.192350000143
60493,-0.90775001049,0.331190139055,-1.56100869179,-1.34134995937
51495,-1.32829999924,-2.56580662727,0.582450509071,0.486600041389
4482,0.397850006819,-0.297536253929,1.15959966183,-0.069399997592
23224,0.139050006866,0.617280125618,3.8003308773,0.41629999876
9690,-0.401549994946,0.160044878721,-2.13670444489,0.132550001144
80212,0.257950007915,1.44444656372,1.19404435158,2.57625007629
29928,4.62234973907,-0.301234126091,-0.262962222099,-0.0335499942303
22809,-0.938199996948,-1.00890254974,-0.744649648666,-3.58624982834
50814,0.591199994087,-0.277326971292,0.229959368706,1.54774999619
55256,0.029650002718,-0.651048481464,-2.19550299644,0.800999999046
56997,-0.337249994278,-0.38889837265,-1.58785009384,0.420800000429
81544,-0.404249995947,-0.420442759991,0.196296587586,-0.660849988461
6894,0.513549983501,1.31092751026,0.938246667385,0.306749999523
64080,0.0645499825478,2.45965409279,-1.43711006641,4.23684978485
55818,0.0893499851227,0.425383090973,-2.01103401184,0.194000005722
637,0.494400024414,-0.292395353317,2.17046880722,-0.0776999890804
22823,-0.936599969864,-0.689782500267,-1.10792446136,-0.307399988174
5287,0.729300022125,0.605854213238,-1.18868970871,-3.62890005112
91137,-0.994099974632,-0.618445575237,-0.685100257397,0.10300000757
23097,-0.383399993181,1.48733186722,0.411306172609,1.47610008717
9851,-0.15395000577,1.33200573921,0.781830668449,0.649000048637
23522,-0.132449999452,-0.911079645157,-0.77536457777,0.265100002289
1123,2.76850008965,0.846737504005,3.85100674629,0.0378499999642
5603,2.03305006027,-1.10970175266,0.182950466871,0.799749970436
51569,0.0907499939203,0.686862468719,0.809548556805,1.71160006523
55699,0.415650010109,-0.297359824181,-0.679620146751,0.463249981403
2624,-0.313099980354,1.32024157047,0.710956096649,-0.146950006485
8204,-0.36384999752,-2.73166251183,-2.01503181458,0.213750004768
9133,0.0157499909401,-0.316375494003,-0.551323831081,-0.0631999820471
10921,0.336600005627,0.393610298634,-0.859993815422,-0.0515000000596
51742,-0.312799990177,0.159837424755,3.06421732903,0.378600001335
2954,-1.28779995441,0.0390172563493,-0.0997209697962,-0.0546500012279
27244,-1.02604997158,1.38381910324,2.68311619759,0.0627999976277
23013,-0.791100025177,0.221986889839,0.200673907995,0.512050032616
8050,-0.55370002985,0.933872640133,-0.978963315487,-1.17250001431
79961,0.474399983883,1.56388306618,1.1135289669,0.76139998436
2017,-0.339199990034,0.376314491034,-2.06581401825,0.0727500021458
55148,0.998299956322,-2.07160282135,-0.252095401287,-1.00585007668
960,0.548249959946,1.05417740345,0.428296029568,-0.0460000000894
10451,-0.205200001597,1.16534638405,-0.852496385574,0.419299960136
57406,-0.920750021935,0.202503696084,2.32222080231,-0.414900004864
51719,-0.0402500033379,0.94856351614,-1.80483269691,-0.197500005364
7074,-0.498649984598,0.837098479271,-0.0628727227449,0.763400018215
10059,1.52999997139,-1.75158560276,2.29489469528,-0.335350006819
51071,0.966600000858,0.767692625523,1.71551537514,-1.22200000286
5796,0.420949995518,0.0529529899359,1.0590467453,0.172849997878
55008,-1.4523499012,-0.385464698076,-0.443109333515,0.45300000906
23597,-0.0695499926805,-0.273305416107,-0.856197655201,-0.430599987507
8869,0.477400004864,1.22249293327,-0.16709369421,0.138549983501
8727,0.184900015593,-0.403734087944,1.3780040741,-1.15945005417
63874,-1.29785001278,-0.664510428905,-0.658460855484,1.69550001621
8821,-0.571500003338,2.55425524712,-0.298797428608,0.457100003958
57178,-1.25069999695,0.661685943604,0.597973823547,0.900150001049
5468,-1.05719995499,0.129079252481,-0.222025185823,1.98874998093
10557,0.999350011349,-0.201026931405,-1.83231639862,0.00680000334978
831,1.75435006618,1.24947094917,0.860287070274,-3.05529999733
9531,-0.537599980831,-1.01513361931,-1.73901772499,-1.57829999924
2767,0.263349980116,1.26363813877,-0.219195902348,-0.428450018167
1861,-1.483700037,-1.29567289352,0.494019240141,-2.68630003929
10165,-0.54984998703,-0.614158093929,1.31033015251,4.32090044022
7106,-0.101799994707,-0.551635563374,-2.04735183716,0.901350021362
2908,4.71355009079,-0.0709974318743,1.12719261646,1.17809998989
57761,-0.112999998033,2.39342498779,3.13724327087,3.03769993782
23338,0.0663000047207,0.145259708166,-1.17611384392,-1.32384991646
7852,-0.808599948883,-0.76458209753,0.978143692017,-0.312099993229
55033,-0.121100008488,-1.45097744465,-1.14718699455,0.338149994612
57019,-0.490999996662,-0.928535401821,-1.0605199337,-1.61590003967
91949,-0.863200008869,-0.245211943984,-0.935436964035,0.212850004435
84617,-0.215649992228,-1.04696393013,-0.184572219849,0.557999968529
25,0.00619998574257,-0.672069430351,-0.998767733574,0.738550007343
899,-0.306950002909,-0.321358859539,-0.397168070078,-0.342149972916
79850,-0.676899969578,0.22530721128,-3.88126921654,-0.0724999979138
51466,-0.159000009298,-1.96749222279,-1.25530552864,0.165749996901
2852,0.352500021458,-1.57995522022,1.47416877747,-0.392899990082
55837,-0.515299975872,-0.0645493865013,-0.0567226558924,0.0577000081539
2131,-0.372999995947,0.528642058372,-0.350794672966,0.334500014782
5427,-1.46530008316,-2.62540316582,-0.91288125515,-0.999250054359
25966,0.724849998951,0.208158507943,-0.553536534309,0.754049956799
55608,-0.969699978828,-0.915996909142,-1.31093597412,-0.652850031853
1662,1.39314997196,-0.092147231102,-0.998361170292,-0.128299996257
9702,1.21795010567,0.281144142151,1.35590195656,0.819249987602
11031,-0.421149998903,-0.355100512505,0.725714564323,-0.553799986839
10057,-0.140000000596,0.536406695843,0.582395493984,0.46590000391
5985,0.672850012779,-1.31839072704,-0.731088936329,-1.39884996414
3280,-0.191450029612,1.31913948059,-0.0656521320343,0.728850007057
55958,0.809049963951,-0.297897279263,1.9759002924,-0.36930000782
51465,-0.0100499987602,0.151996925473,-0.450587064028,-0.030450001359
2542,-0.343050003052,-0.0176102072001,-0.839956700802,1.02345001698
10641,0.195850014687,0.117889299989,1.06456887722,-1.11115002632
11137,-1.14460003376,-0.538664281368,-1.18874120712,-0.157299995422
9842,0.736199975014,0.275759756565,0.838268220425,0.00694996118546
10493,1.72055006027,3.55173397064,-2.09555363655,0.648199975491
10112,-0.627449989319,-0.877195417881,-5.94583892822,-1.08755004406
1001,0.0415999889374,-0.407801896334,-1.01987230778,0.921599984169
23635,0.359999984503,0.613003432751,2.69236898422,0.654199957848
29916,0.0980999991298,-0.101550094783,0.137842923403,-0.733250021935
2810,-0.490500003099,-1.58906197548,0.019758567214,0.0881500095129
5993,1.8192499876,1.66256093979,1.68482518196,0.971199989319
11142,-2.4008500576,0.483520448208,-0.993918597698,0.896149992943
79187,-0.917549967766,-0.219070598483,0.031341329217,0.536549985409
51382,-0.352699995041,0.631552994251,-0.999873936176,0.0541499964893
8318,-0.159150004387,-2.05643558502,0.951151311398,-0.947700023651
9695,-0.0146999955177,1.54113960266,-0.450696647167,0.853100001812
9712,0.58780002594,1.147544384,0.786043524742,0.878300011158
64943,-1.15230000019,-0.966605246067,-2.2765982151,-0.664699971676
9738,0.206450015306,-0.52494686842,-0.829395949841,0.611100018024
6793,-0.837199985981,0.136692464352,1.09357047081,0.326849997044
7358,-0.0450999997556,0.436865776777,1.68037843704,0.0436999797821
58472,0.977150022984,-0.435931742191,-1.75914561749,-2.28734993935
50865,0.177900016308,0.453590452671,1.26065039635,-0.71280002594
23200,-0.199599996209,-0.809358417988,1.55671954155,0.235300004482
51293,-0.252649992704,-0.677725493908,-1.64149284363,-0.57665002346
10962,3.71639990807,0.449102789164,-1.77153730392,0.435599982738
10153,-0.751950025558,1.51714360714,-1.27491235733,-0.766600012779
874,1.70074999332,0.0548313856125,-1.00427484512,-0.758049964905
