	file_origin	file_target	cosine_avg	cosine_median	cosine_znorm
0	BRD-K01626010.csv	iopamidol.csv	0.999999931301	-0.293110134395	0.999995382103
1	BRD-K01626010.csv	BRD-K96160456.csv	0.999999958339	0.109568605289	0.999993560366
2	BRD-K01626010.csv	BRD-K41613119.csv	0.999999876503	-0.473622759315	0.999989243557
3	BRD-K01626010.csv	BRD-K80831196.csv	0.999999967668	0.644489573799	0.999987831835
4	BRD-K01626010.csv	BRD-K48241951.csv	0.999999984274	0.359120523712	0.999998903517
5	BRD-K01626010.csv	BRD-K71625503.csv	0.999999979944	0.359125935455	0.99999560464
6	BRD-K01626010.csv	KU-C103672.csv	0.999999772289	-0.155008992949	0.999953008684
7	BRD-K01626010.csv	BRD-K20914452.csv	0.999999979429	0.263614087998	0.999999234192
8	BRD-K01626010.csv	BRD-K48659337.csv	0.999999955657	-0.394900130226	0.999992388771
9	BRD-K01626010.csv	BRD-K14214369.csv	0.99999995325	-0.224678340624	0.999994803134
10	BRD-K01626010.csv	BRD-K83548510.csv	0.999999653995	-0.443790302296	0.999901662572
11	BRD-K01626010.csv	BRD-K34798777.csv	0.999999970622	-0.0702917675401	0.999998478149
12	BRD-K01626010.csv	BRD-K99333268.csv	0.999999973947	0.0836298378013	0.999998561626
13	BRD-K01626010.csv	BRD-K23287115.csv	0.999999956695	0.717651367304	0.999997702207
14	BRD-K01626010.csv	BRD-K05886700.csv	0.999999974367	0.359070668217	0.999995113898
15	BRD-K01626010.csv	BRD-K91269653.csv	0.999999973928	0.558924234546	0.999995622937
16	BRD-K01626010.csv	BRD-K25323340.csv	0.999999973662	-0.507956535365	0.999998877533
17	BRD-K01626010.csv	BRD-K83121797.csv	0.999999965154	-0.156871432051	0.99999646733
18	BRD-K01626010.csv	BRD-K07079548.csv	0.999999853823	-0.712753433675	0.999994178589
19	BRD-K01626010.csv	BRD-K83355732.csv	0.999999474645	-0.350778610581	0.999904644273
20	BRD-K01626010.csv	BRD-K40161407.csv	0.999999918391	-0.528333820034	0.999994674865
21	BRD-K01626010.csv	BRD-K62374815.csv	0.999999981434	0.494289397859	0.999996604742
22	BRD-K01626010.csv	hydroxyl.csv	0.999980335237	0.409534565649	0.998505944698
23	BRD-K01626010.csv	SA-1457103.csv	0.999999906755	0.12280867108	0.999975903086
24	BRD-K01626010.csv	BRD-K78268279.csv	0.99999996146	0.0910950725646	0.999996446774
25	BRD-K01626010.csv	BRD-K68013677.csv	0.999999983739	0.591691897278	0.999998993775
26	BRD-K01626010.csv	BRD-K31600199.csv	0.99999978102	-0.446825984984	0.999978987018
27	BRD-K01626010.csv	AC-55649.csv	0.99999931612	0.255306098139	0.999870460761
28	BRD-K01626010.csv	BRD-K20151898.csv	0.999999956179	-0.139362017569	0.999999548752
29	BRD-K01626010.csv	BRD-K25642832.csv	0.999999959057	-0.196009862771	0.999998939539
30	BRD-K01626010.csv	BRD-K22449070.csv	0.999999895977	-0.0662061111716	0.999993587315
31	BRD-K01626010.csv	BRD-K16117792.csv	0.99999994336	0.518283307302	0.999997412387
32	BRD-K01626010.csv	BRD-A51666293.csv	0.999999889573	0.394312419432	0.999995927501
33	BRD-K01626010.csv	BRD-K42831041.csv	0.999999981886	0.794479616831	0.999999624662
34	BRD-K01626010.csv	BRD-K15750053.csv	0.99999997448	0.412036880251	0.999998331516
35	BRD-K01626010.csv	BRD-K83546471.csv	0.999999965707	-0.483686218206	0.999996326857
36	BRD-K01626010.csv	BRD-K86023266.csv	0.999999988673	0.65015196823	0.999998480523
37	BRD-K01626010.csv	BRD-K77264230.csv	0.999999872549	0.394421721457	0.999975906524
38	BRD-K01626010.csv	BRD-K99958302.csv	0.999999939462	0.0600351123403	0.999986072624
39	BRD-K01626010.csv	eserine.csv	0.999999981831	0.829213908322	0.999991026952
40	BRD-K01626010.csv	BRD-K16772343.csv	0.999999966615	0.632317052059	0.999995256254
41	BRD-K01626010.csv	estradiol-benzoate.csv	0.999999812666	-0.109702263636	0.999974812502
42	BRD-K01626010.csv	BRD-K93852877.csv	0.999999960587	0.139084731879	0.999998997741
43	BRD-K01626010.csv	BRD-K36633782.csv	0.999999974343	0.0159688021309	0.99999894721
44	iopamidol.csv	BRD-K96160456.csv	0.999999968996	0.290619217716	0.999998485614
45	iopamidol.csv	BRD-K41613119.csv	0.99999993904	0.368285150514	0.999996321319
46	iopamidol.csv	BRD-K80831196.csv	0.999999928968	-0.0752126467687	0.999996263955
47	iopamidol.csv	BRD-K48241951.csv	0.999999972787	0.406479017219	0.999996881245
48	iopamidol.csv	BRD-K71625503.csv	0.999999969928	0.406497929549	0.999996614967
49	iopamidol.csv	KU-C103672.csv	0.999999834167	0.142294772999	0.999968790391
50	iopamidol.csv	BRD-K20914452.csv	0.999999961692	0.332904933724	0.999997667147
51	iopamidol.csv	BRD-K48659337.csv	0.999999985485	0.487491683085	0.999997677336
52	iopamidol.csv	BRD-K14214369.csv	0.99999996168	0.370652659027	0.999992848482
53	iopamidol.csv	BRD-K83548510.csv	0.99999979659	0.217438866223	0.999936717411
54	iopamidol.csv	BRD-K34798777.csv	0.999999975872	0.773810771023	0.999997788489
55	iopamidol.csv	BRD-K99333268.csv	0.999999977731	0.700967286226	0.999996745914
56	iopamidol.csv	BRD-K23287115.csv	0.999999967552	0.0823726647079	0.999998841711
57	iopamidol.csv	BRD-K05886700.csv	0.999999983136	0.406502450579	0.999999270972
58	iopamidol.csv	BRD-K91269653.csv	0.999999945448	0.413250362818	0.999993190708
59	iopamidol.csv	BRD-K25323340.csv	0.999999982277	0.296208072	0.999995581799
60	iopamidol.csv	BRD-K83121797.csv	0.999999972582	0.411245483444	0.999995569313
61	iopamidol.csv	BRD-K07079548.csv	0.999999949344	0.285736370715	0.999991971802
62	iopamidol.csv	BRD-K83355732.csv	0.99999970538	0.387417273231	0.999938734037
63	iopamidol.csv	BRD-K40161407.csv	0.999999986747	0.708166054348	0.999995166954
64	iopamidol.csv	BRD-K62374815.csv	0.999999955521	0.141680140279	0.999994761871
65	iopamidol.csv	hydroxyl.csv	0.999979258159	-0.737778825619	0.998578778617
66	iopamidol.csv	SA-1457103.csv	0.999999933632	0.147423278328	0.999990818919
67	iopamidol.csv	BRD-K78268279.csv	0.999999902687	-0.422492124096	0.999994443306
68	iopamidol.csv	BRD-K68013677.csv	0.999999964011	0.152517670437	0.999994701849
69	iopamidol.csv	BRD-K31600199.csv	0.999999932616	0.589759439536	0.999992473519
70	iopamidol.csv	AC-55649.csv	0.999999174315	-0.124978631284	0.999889173901
71	iopamidol.csv	BRD-K20151898.csv	0.999999982774	0.451379900221	0.999996866395
72	iopamidol.csv	BRD-K25642832.csv	0.999999973509	0.276908302187	0.999997456314
73	iopamidol.csv	BRD-K22449070.csv	0.999999957028	0.540267932723	0.999991463029
74	iopamidol.csv	BRD-K16117792.csv	0.999999846255	-0.480998031687	0.999997634403
75	iopamidol.csv	BRD-A51666293.csv	0.999999767329	-0.298432418074	0.999987954355
76	iopamidol.csv	BRD-K42831041.csv	0.999999936003	0.0603294921855	0.999994912138
77	iopamidol.csv	BRD-K15750053.csv	0.99999996854	0.50142404993	0.999995765047
78	iopamidol.csv	BRD-K83546471.csv	0.999999982946	0.780520005721	0.99999750424
79	iopamidol.csv	BRD-K86023266.csv	0.999999950223	0.277865537362	0.999995267017
80	iopamidol.csv	BRD-K77264230.csv	0.999999763629	-0.154266010407	0.999982760828
81	iopamidol.csv	BRD-K99958302.csv	0.999999983474	0.153880607094	0.999997220747
82	iopamidol.csv	eserine.csv	0.999999928087	-0.450926231838	0.999998096148
83	iopamidol.csv	BRD-K16772343.csv	0.999999965447	0.175949121119	0.9999986793
84	iopamidol.csv	estradiol-benzoate.csv	0.999999817966	0.565490616723	0.999989856026
85	iopamidol.csv	BRD-K93852877.csv	0.999999974336	0.513100311149	0.999996022137
86	iopamidol.csv	BRD-K36633782.csv	0.999999958909	0.305447025534	0.999996945264
87	BRD-K96160456.csv	BRD-K41613119.csv	0.999999920487	0.202498530535	0.999995328394
88	BRD-K96160456.csv	BRD-K80831196.csv	0.999999959507	0.709153034928	0.999997072225
89	BRD-K96160456.csv	BRD-K48241951.csv	0.999999982678	0.222991375702	0.999997053077
90	BRD-K96160456.csv	BRD-K71625503.csv	0.999999988394	0.223049972102	0.999995841279
91	BRD-K96160456.csv	KU-C103672.csv	0.999999774864	0.293904593926	0.999957637981
92	BRD-K96160456.csv	BRD-K20914452.csv	0.999999978665	0.382598869534	0.999994835041
93	BRD-K96160456.csv	BRD-K48659337.csv	0.999999976933	0.581243237861	0.999992874105
94	BRD-K96160456.csv	BRD-K14214369.csv	0.999999961262	0.122120978644	0.999989994137
95	BRD-K96160456.csv	BRD-K83548510.csv	0.999999732382	0.0681869688069	0.99994079169
96	BRD-K96160456.csv	BRD-K34798777.csv	0.999999972606	0.162517455036	0.99999594661
97	BRD-K96160456.csv	BRD-K99333268.csv	0.999999979125	0.163058409924	0.999995282096
98	BRD-K96160456.csv	BRD-K23287115.csv	0.999999960745	0.275285479071	0.999998009688
99	BRD-K96160456.csv	BRD-K05886700.csv	0.999999984218	0.223018495573	0.999996775627
100	BRD-K96160456.csv	BRD-K91269653.csv	0.999999975073	0.418599691891	0.99999379466
101	BRD-K96160456.csv	BRD-K25323340.csv	0.999999974911	0.180465250032	0.99999229479
102	BRD-K96160456.csv	BRD-K83121797.csv	0.999999973935	0.443279353322	0.999991803003
103	BRD-K96160456.csv	BRD-K07079548.csv	0.999999884208	0.0945363208221	0.999985097425
104	BRD-K96160456.csv	BRD-K83355732.csv	0.999999673935	0.565765582241	0.999943562932
105	BRD-K96160456.csv	BRD-K40161407.csv	0.999999943192	0.29057107404	0.999989183685
106	BRD-K96160456.csv	BRD-K62374815.csv	0.999999967439	-0.107292749643	0.999994934438
107	BRD-K96160456.csv	hydroxyl.csv	0.999979422938	0.0199096745439	0.998512207505
108	BRD-K96160456.csv	SA-1457103.csv	0.999999939007	0.146128158574	0.999993778069
109	BRD-K96160456.csv	BRD-K78268279.csv	0.999999914923	-0.0354112102001	0.999990540998
110	BRD-K96160456.csv	BRD-K68013677.csv	0.9999999641	0.085138619709	0.999990591055
111	BRD-K96160456.csv	BRD-K31600199.csv	0.999999856625	0.36175565104	0.999988421597
112	BRD-K96160456.csv	AC-55649.csv	0.999999147332	0.0369554489315	0.999875021821
113	BRD-K96160456.csv	BRD-K20151898.csv	0.999999960898	-0.123549988153	0.99999415845
114	BRD-K96160456.csv	BRD-K25642832.csv	0.999999984965	0.592224445146	0.999995011605
115	BRD-K96160456.csv	BRD-K22449070.csv	0.999999952422	0.0322125671259	0.999994256374
116	BRD-K96160456.csv	BRD-K16117792.csv	0.999999924212	0.172741416378	0.999996074862
117	BRD-K96160456.csv	BRD-A51666293.csv	0.99999980886	0.312801123545	0.999982026527
118	BRD-K96160456.csv	BRD-K42831041.csv	0.999999973431	0.428057770687	0.999993166112
119	BRD-K96160456.csv	BRD-K15750053.csv	0.999999973711	0.413167748922	0.999993422589
120	BRD-K96160456.csv	BRD-K83546471.csv	0.999999969269	0.245849786185	0.999995874197
121	BRD-K96160456.csv	BRD-K86023266.csv	0.999999971888	0.41851619664	0.99999102886
122	BRD-K96160456.csv	BRD-K77264230.csv	0.999999815566	0.477603763663	0.999975458285
123	BRD-K96160456.csv	BRD-K99958302.csv	0.999999964184	0.613179211559	0.999996072211
124	BRD-K96160456.csv	eserine.csv	0.999999962811	0.301995082518	0.999994965381
125	BRD-K96160456.csv	BRD-K16772343.csv	0.999999969903	0.391413448647	0.999996171205
126	BRD-K96160456.csv	estradiol-benzoate.csv	0.99999979645	0.659370514035	0.999992535374
127	BRD-K96160456.csv	BRD-K93852877.csv	0.999999974943	0.42050691401	0.999992658121
128	BRD-K96160456.csv	BRD-K36633782.csv	0.99999997002	-0.267463682636	0.999996740355
129	BRD-K41613119.csv	BRD-K80831196.csv	0.999999916998	-0.0150232483912	0.999998793149
130	BRD-K41613119.csv	BRD-K48241951.csv	0.999999939711	-0.0739793476401	0.999991894175
131	BRD-K41613119.csv	BRD-K71625503.csv	0.999999924135	-0.0739817879477	0.999996899838
132	BRD-K41613119.csv	KU-C103672.csv	0.99999973523	0.106774168811	0.999973282901
133	BRD-K41613119.csv	BRD-K20914452.csv	0.999999918504	0.251961364122	0.999992243772
134	BRD-K41613119.csv	BRD-K48659337.csv	0.99999994375	0.558449271366	0.999994429552
135	BRD-K41613119.csv	BRD-K14214369.csv	0.999999901823	0.30415179474	0.999993414356
136	BRD-K41613119.csv	BRD-K83548510.csv	0.999999739198	0.576767190947	0.999950022282
137	BRD-K41613119.csv	BRD-K34798777.csv	0.999999935644	0.245205923409	0.999995201049
138	BRD-K41613119.csv	BRD-K99333268.csv	0.999999917054	0.156069000143	0.999993877429
139	BRD-K41613119.csv	BRD-K23287115.csv	0.999999916044	0.018004237076	0.999995880337
140	BRD-K41613119.csv	BRD-K05886700.csv	0.999999938592	-0.0739485854247	0.999997741902
141	BRD-K41613119.csv	BRD-K91269653.csv	0.999999872866	-0.151524545119	0.999982225176
142	BRD-K41613119.csv	BRD-K25323340.csv	0.99999993899	0.2422673359	0.999987662394
143	BRD-K41613119.csv	BRD-K83121797.csv	0.999999932849	0.152867311676	0.999994762081
144	BRD-K41613119.csv	BRD-K07079548.csv	0.999999871985	0.10908085954	0.999983197704
145	BRD-K41613119.csv	BRD-K83355732.csv	0.999999705928	0.730687811974	0.999953214581
146	BRD-K41613119.csv	BRD-K40161407.csv	0.999999928672	0.352714899078	0.9999927079
147	BRD-K41613119.csv	BRD-K62374815.csv	0.999999908783	-0.278863873105	0.999985057707
148	BRD-K41613119.csv	hydroxyl.csv	0.999979521108	-0.418757068391	0.998616332682
149	BRD-K41613119.csv	SA-1457103.csv	0.999999919222	0.393325538213	0.999992281372
150	BRD-K41613119.csv	BRD-K78268279.csv	0.999999929604	0.0373479387016	0.999994231525
151	BRD-K41613119.csv	BRD-K68013677.csv	0.999999932164	-0.187828523554	0.999989034804
152	BRD-K41613119.csv	BRD-K31600199.csv	0.999999847508	0.341828445817	0.999994302813
153	BRD-K41613119.csv	AC-55649.csv	0.999999294786	-0.0107123716555	0.999914526961
154	BRD-K41613119.csv	BRD-K20151898.csv	0.999999941733	0.382969484659	0.999991247033
155	BRD-K41613119.csv	BRD-K25642832.csv	0.999999935861	-0.0184980318571	0.999994256645
156	BRD-K41613119.csv	BRD-K22449070.csv	0.999999932865	0.537626896347	0.999982352352
157	BRD-K41613119.csv	BRD-K16117792.csv	0.999999871103	-0.0508703197382	0.999992649445
158	BRD-K41613119.csv	BRD-A51666293.csv	0.999999679885	-0.718511061424	0.999979710846
159	BRD-K41613119.csv	BRD-K42831041.csv	0.999999900891	-0.158170251647	0.999990596853
160	BRD-K41613119.csv	BRD-K15750053.csv	0.999999909374	0.145041593503	0.999986616927
161	BRD-K41613119.csv	BRD-K83546471.csv	0.999999937652	0.499557429337	0.999997002534
162	BRD-K41613119.csv	BRD-K86023266.csv	0.999999890098	-0.515869413795	0.999990901571
163	BRD-K41613119.csv	BRD-K77264230.csv	0.999999669723	-0.651233610544	0.999988153325
164	BRD-K41613119.csv	BRD-K99958302.csv	0.999999902969	0.311611341597	0.999995946025
165	BRD-K41613119.csv	eserine.csv	0.999999901633	-0.325690840666	0.999995939695
166	BRD-K41613119.csv	BRD-K16772343.csv	0.999999880728	-0.218091820214	0.999991426779
167	BRD-K41613119.csv	estradiol-benzoate.csv	0.999999667575	0.349185102064	0.999990929109
168	BRD-K41613119.csv	BRD-K93852877.csv	0.999999904294	0.100924111807	0.999991793443
169	BRD-K41613119.csv	BRD-K36633782.csv	0.999999934573	0.382290709163	0.999992804241
170	BRD-K80831196.csv	BRD-K48241951.csv	0.999999967266	0.491730143244	0.99999155138
171	BRD-K80831196.csv	BRD-K71625503.csv	0.999999962376	0.491758215652	0.999995986939
172	BRD-K80831196.csv	KU-C103672.csv	0.999999787313	0.153142585569	0.999969371633
173	BRD-K80831196.csv	BRD-K20914452.csv	0.999999948586	0.253445129805	0.99999044943
174	BRD-K80831196.csv	BRD-K48659337.csv	0.999999953934	0.167770573858	0.999992560018
175	BRD-K80831196.csv	BRD-K14214369.csv	0.999999921315	-0.222841470368	0.999990572256
176	BRD-K80831196.csv	BRD-K83548510.csv	0.999999736042	-0.0337811103914	0.99995719823
177	BRD-K80831196.csv	BRD-K34798777.csv	0.999999941908	-0.0323158292484	0.999993625979
178	BRD-K80831196.csv	BRD-K99333268.csv	0.999999942063	-0.0848493246527	0.999992474852
179	BRD-K80831196.csv	BRD-K23287115.csv	0.9999999176	0.527875162355	0.999995415427
180	BRD-K80831196.csv	BRD-K05886700.csv	0.999999961986	0.49171336976	0.999996739068
181	BRD-K80831196.csv	BRD-K91269653.csv	0.999999930575	0.475839412817	0.99998329738
182	BRD-K80831196.csv	BRD-K25323340.csv	0.999999950948	-0.408157672984	0.999985557677
183	BRD-K80831196.csv	BRD-K83121797.csv	0.999999937993	-0.0168610930967	0.999991750939
184	BRD-K80831196.csv	BRD-K07079548.csv	0.99999985378	-0.387517341319	0.99997945843
185	BRD-K80831196.csv	BRD-K83355732.csv	0.999999625147	0.283624868537	0.999959768685
186	BRD-K80831196.csv	BRD-K40161407.csv	0.999999905878	-0.19047814224	0.999988968702
187	BRD-K80831196.csv	BRD-K62374815.csv	0.999999945474	0.0798268933307	0.999985679757
188	BRD-K80831196.csv	hydroxyl.csv	0.99998067466	0.444399061929	0.998591546918
189	BRD-K80831196.csv	SA-1457103.csv	0.999999909196	0.263939508147	0.999996114654
190	BRD-K80831196.csv	BRD-K78268279.csv	0.999999962	0.336208284237	0.999990677052
191	BRD-K80831196.csv	BRD-K68013677.csv	0.999999956702	0.544978135862	0.999985921654
192	BRD-K80831196.csv	BRD-K31600199.csv	0.999999812119	-0.00971036174392	0.999993937082
193	BRD-K80831196.csv	AC-55649.csv	0.999999383236	0.474252312228	0.99990577216
194	BRD-K80831196.csv	BRD-K20151898.csv	0.999999930618	-0.230313054925	0.99998918275
195	BRD-K80831196.csv	BRD-K25642832.csv	0.999999955832	0.202276995615	0.999992242153
196	BRD-K80831196.csv	BRD-K22449070.csv	0.999999877461	-0.084261184708	0.999983859225
197	BRD-K80831196.csv	BRD-K16117792.csv	0.999999944198	0.458446939921	0.999991798985
198	BRD-K80831196.csv	BRD-A51666293.csv	0.999999847084	0.408206839859	0.999975924851
199	BRD-K80831196.csv	BRD-K42831041.csv	0.999999959821	0.73144663276	0.999988597099
200	BRD-K80831196.csv	BRD-K15750053.csv	0.999999938239	0.385326528023	0.999985533253
201	BRD-K80831196.csv	BRD-K83546471.csv	0.999999941396	-0.215684770416	0.999995639399
202	BRD-K80831196.csv	BRD-K86023266.csv	0.999999952926	0.551972527193	0.999988056318
203	BRD-K80831196.csv	BRD-K77264230.csv	0.999999883936	0.504325236071	0.999984809585
204	BRD-K80831196.csv	BRD-K99958302.csv	0.999999944968	0.447115326889	0.999997446125
205	BRD-K80831196.csv	eserine.csv	0.999999984835	0.694087480577	0.999995490866
206	BRD-K80831196.csv	BRD-K16772343.csv	0.99999992798	0.432685646109	0.99999149874
207	BRD-K80831196.csv	estradiol-benzoate.csv	0.999999836714	0.461662475662	0.999995671203
208	BRD-K80831196.csv	BRD-K93852877.csv	0.999999935625	0.124143928123	0.999989268511
209	BRD-K80831196.csv	BRD-K36633782.csv	0.999999955409	-0.168653625569	0.999992056227
210	BRD-K48241951.csv	BRD-K71625503.csv	0.999999994024	0.999999994024	0.999996566638
211	BRD-K48241951.csv	KU-C103672.csv	0.999999780414	0.0428908329767	0.999950017325
212	BRD-K48241951.csv	BRD-K20914452.csv	0.999999992457	0.180303397329	0.999998332906
213	BRD-K48241951.csv	BRD-K48659337.csv	0.999999983315	0.283934673727	0.999991736308
214	BRD-K48241951.csv	BRD-K14214369.csv	0.999999973841	-0.299244593819	0.999993773709
215	BRD-K48241951.csv	BRD-K83548510.csv	0.999999713995	0.0776525059312	0.999913553307
216	BRD-K48241951.csv	BRD-K34798777.csv	0.999999993285	0.49710715079	0.999998483134
217	BRD-K48241951.csv	BRD-K99333268.csv	0.999999991947	0.118006005724	0.999998500329
218	BRD-K48241951.csv	BRD-K23287115.csv	0.999999981086	0.235239130244	0.99999876666
219	BRD-K48241951.csv	BRD-K05886700.csv	0.999999994738	0.999999994738	0.999995719938
220	BRD-K48241951.csv	BRD-K91269653.csv	0.999999980719	0.474476858673	0.999996853406
221	BRD-K48241951.csv	BRD-K25323340.csv	0.99999999456	-0.467124908481	0.999997378577
222	BRD-K48241951.csv	BRD-K83121797.csv	0.999999988335	-0.139973471809	0.999995060968
223	BRD-K48241951.csv	BRD-K07079548.csv	0.999999894788	-0.319848982094	0.999990536474
224	BRD-K48241951.csv	BRD-K83355732.csv	0.999999587712	0.102698303576	0.999917167409
225	BRD-K48241951.csv	BRD-K40161407.csv	0.999999957909	0.26855800666	0.999992190604
226	BRD-K48241951.csv	BRD-K62374815.csv	0.999999991224	0.140901662149	0.99999770924
227	BRD-K48241951.csv	hydroxyl.csv	0.99997970975	0.0778936315911	0.998474152332
228	BRD-K48241951.csv	SA-1457103.csv	0.999999945242	0.376667410959	0.999982643112
229	BRD-K48241951.csv	BRD-K78268279.csv	0.999999960955	0.214751026732	0.999994688963
230	BRD-K48241951.csv	BRD-K68013677.csv	0.999999993378	0.911479388521	0.999996616003
231	BRD-K48241951.csv	BRD-K31600199.csv	0.999999843065	0.337040963673	0.999980617196
232	BRD-K48241951.csv	AC-55649.csv	0.99999925984	0.679160780212	0.999865733669
233	BRD-K48241951.csv	BRD-K20151898.csv	0.999999985114	0.0694982393785	0.999998596357
234	BRD-K48241951.csv	BRD-K25642832.csv	0.999999983553	-0.19592413118	0.999998352532
235	BRD-K48241951.csv	BRD-K22449070.csv	0.999999953706	0.0720612297384	0.999996678979
236	BRD-K48241951.csv	BRD-K16117792.csv	0.999999933775	-0.108207566294	0.999997666664
237	BRD-K48241951.csv	BRD-A51666293.csv	0.99999983514	0.125363014539	0.999990990061
238	BRD-K48241951.csv	BRD-K42831041.csv	0.999999982801	0.309013868609	0.999998709183
239	BRD-K48241951.csv	BRD-K15750053.csv	0.999999989828	0.332099238542	0.999997599733
240	BRD-K48241951.csv	BRD-K83546471.csv	0.999999990809	0.0744775358695	0.999996868741
241	BRD-K48241951.csv	BRD-K86023266.csv	0.999999986438	0.636050672843	0.999996038617
242	BRD-K48241951.csv	BRD-K77264230.csv	0.999999813853	0.210525135141	0.999973153688
243	BRD-K48241951.csv	BRD-K99958302.csv	0.999999962168	0.291267070983	0.999989061313
244	BRD-K48241951.csv	eserine.csv	0.99999997466	0.262766623194	0.999991686097
245	BRD-K48241951.csv	BRD-K16772343.csv	0.999999975986	0.251138164063	0.999995572955
246	BRD-K48241951.csv	estradiol-benzoate.csv	0.999999796709	0.387685978619	0.999981026543
247	BRD-K48241951.csv	BRD-K93852877.csv	0.999999978827	-0.159943213697	0.999997418735
248	BRD-K48241951.csv	BRD-K36633782.csv	0.999999991653	0.0638558172973	0.999999849447
249	BRD-K71625503.csv	KU-C103672.csv	0.99999979776	0.0429271902826	0.999964384838
250	BRD-K71625503.csv	BRD-K20914452.csv	0.999999993624	0.180360824216	0.999996129539
251	BRD-K71625503.csv	BRD-K48659337.csv	0.999999984469	0.28395034269	0.999992937243
252	BRD-K71625503.csv	BRD-K14214369.csv	0.999999984927	-0.299186577018	0.999998513564
253	BRD-K71625503.csv	BRD-K83548510.csv	0.999999711197	0.077646911955	0.999931260226
254	BRD-K71625503.csv	BRD-K34798777.csv	0.999999991471	0.4971604753	0.999998992358
255	BRD-K71625503.csv	BRD-K99333268.csv	0.999999995312	0.118053727978	0.999998996998
256	BRD-K71625503.csv	BRD-K23287115.csv	0.999999978249	0.235249036539	0.999998882001
257	BRD-K71625503.csv	BRD-K05886700.csv	0.999999995955	0.999999995955	0.999997965235
258	BRD-K71625503.csv	BRD-K91269653.csv	0.999999977929	0.474477376431	0.999987694434
259	BRD-K71625503.csv	BRD-K25323340.csv	0.999999987629	-0.467093644883	0.999992450129
260	BRD-K71625503.csv	BRD-K83121797.csv	0.9999999941	-0.139880406412	0.999998294855
261	BRD-K71625503.csv	BRD-K07079548.csv	0.999999888416	-0.31984307663	0.999986672835
262	BRD-K71625503.csv	BRD-K83355732.csv	0.999999604944	0.102721711646	0.999934461373
263	BRD-K71625503.csv	BRD-K40161407.csv	0.999999960584	0.268609501289	0.999994864548
264	BRD-K71625503.csv	BRD-K62374815.csv	0.999999979612	0.140864893526	0.999989606933
265	BRD-K71625503.csv	hydroxyl.csv	0.999979632933	0.0778875601718	0.998545339037
266	BRD-K71625503.csv	SA-1457103.csv	0.999999936088	0.376654014996	0.999986011188
267	BRD-K71625503.csv	BRD-K78268279.csv	0.999999944466	0.214709233222	0.999997066883
268	BRD-K71625503.csv	BRD-K68013677.csv	0.999999985984	0.911466877965	0.999994256732
269	BRD-K71625503.csv	BRD-K31600199.csv	0.999999848344	0.337061845552	0.999988270819
270	BRD-K71625503.csv	AC-55649.csv	0.999999243777	0.679158489746	0.999900551083
271	BRD-K71625503.csv	BRD-K20151898.csv	0.999999976544	0.0694766703313	0.999996015378
272	BRD-K71625503.csv	BRD-K25642832.csv	0.999999988126	-0.195885247729	0.999998127944
273	BRD-K71625503.csv	BRD-K22449070.csv	0.999999938539	0.0720201479283	0.999987576856
274	BRD-K71625503.csv	BRD-K16117792.csv	0.99999992666	-0.108215899323	0.999994032361
275	BRD-K71625503.csv	BRD-A51666293.csv	0.999999833859	0.12537381477	0.999987364254
276	BRD-K71625503.csv	BRD-K42831041.csv	0.999999986353	0.309038956871	0.999996899538
277	BRD-K71625503.csv	BRD-K15750053.csv	0.999999985632	0.332099161237	0.999991343442
278	BRD-K71625503.csv	BRD-K83546471.csv	0.999999988823	0.0745113240063	0.999999796939
279	BRD-K71625503.csv	BRD-K86023266.csv	0.999999992001	0.636096741626	0.999995956857
280	BRD-K71625503.csv	BRD-K77264230.csv	0.999999839624	0.210572331545	0.999986046001
281	BRD-K71625503.csv	BRD-K99958302.csv	0.999999962778	0.291286609347	0.999992054508
282	BRD-K71625503.csv	eserine.csv	0.999999972976	0.262800031994	0.99999321163
283	BRD-K71625503.csv	BRD-K16772343.csv	0.99999997773	0.251176478709	0.99999250821
284	BRD-K71625503.csv	estradiol-benzoate.csv	0.999999794675	0.387709324707	0.999986098878
285	BRD-K71625503.csv	BRD-K93852877.csv	0.99999998751	-0.159897480895	0.999997128857
286	BRD-K71625503.csv	BRD-K36633782.csv	0.999999984511	0.0638018715473	0.999997476879
287	KU-C103672.csv	BRD-K20914452.csv	0.99999977008	-0.319072115444	0.999962485094
288	KU-C103672.csv	BRD-K48659337.csv	0.999999828986	0.0999841619811	0.999980438975
289	KU-C103672.csv	BRD-K14214369.csv	0.999999769356	-0.248191921365	0.999964655241
290	KU-C103672.csv	BRD-K83548510.csv	0.999999772381	0.0473549894121	0.999943100186
291	KU-C103672.csv	BRD-K34798777.csv	0.999999790379	0.0733721406128	0.999963185806
292	KU-C103672.csv	BRD-K99333268.csv	0.999999798066	0.14975042017	0.999959490001
293	KU-C103672.csv	BRD-K23287115.csv	0.99999979302	-0.220132856144	0.999962520024
294	KU-C103672.csv	BRD-K05886700.csv	0.999999813815	0.0429231090169	0.999974435254
295	KU-C103672.csv	BRD-K91269653.csv	0.999999710477	-0.34550676758	0.999937473128
296	KU-C103672.csv	BRD-K25323340.csv	0.999999807656	0.476720130437	0.999956465598
297	KU-C103672.csv	BRD-K83121797.csv	0.999999800495	0.105258128477	0.99997041794
298	KU-C103672.csv	BRD-K07079548.csv	0.999999866178	0.642189304694	0.999966398853
299	KU-C103672.csv	BRD-K83355732.csv	0.999999675586	0.67658671978	0.999940558423
300	KU-C103672.csv	BRD-K40161407.csv	0.999999850011	0.524204064527	0.99997735541
301	KU-C103672.csv	BRD-K62374815.csv	0.999999729735	-0.452841874022	0.999942625686
302	KU-C103672.csv	hydroxyl.csv	0.999981708709	0.341651533874	0.998949736592
303	KU-C103672.csv	SA-1457103.csv	0.999999735468	0.140593562428	0.999962020583
304	KU-C103672.csv	BRD-K78268279.csv	0.999999768219	0.198264712567	0.9999690704
305	KU-C103672.csv	BRD-K68013677.csv	0.999999815947	0.117226223276	0.999960771704
306	KU-C103672.csv	BRD-K31600199.csv	0.999999872322	0.680557608232	0.999988988883
307	KU-C103672.csv	AC-55649.csv	0.999999467998	0.225775809728	0.999961945649
308	KU-C103672.csv	BRD-K20151898.csv	0.999999827244	0.483465693688	0.999959072386
309	KU-C103672.csv	BRD-K25642832.csv	0.999999805725	-0.0723331652037	0.99996340119
310	KU-C103672.csv	BRD-K22449070.csv	0.999999688849	-0.175118952747	0.999928390065
311	KU-C103672.csv	BRD-K16117792.csv	0.999999671847	0.137982775119	0.999960868719
312	KU-C103672.csv	BRD-A51666293.csv	0.99999973474	0.245601961286	0.999956302585
313	KU-C103672.csv	BRD-K42831041.csv	0.999999776644	0.0416722533117	0.999953502042
314	KU-C103672.csv	BRD-K15750053.csv	0.999999756049	-0.343620838896	0.999952692597
315	KU-C103672.csv	BRD-K83546471.csv	0.999999806119	0.426236163492	0.999967030091
316	KU-C103672.csv	BRD-K86023266.csv	0.999999797809	0.0294857661539	0.999965970859
317	KU-C103672.csv	BRD-K77264230.csv	0.999999804649	0.122523348358	0.999991650408
318	KU-C103672.csv	BRD-K99958302.csv	0.999999872734	0.393142503165	0.999976743325
319	KU-C103672.csv	eserine.csv	0.999999792025	-0.201493799862	0.999979274459
320	KU-C103672.csv	BRD-K16772343.csv	0.999999840908	0.359875830862	0.999967019909
321	KU-C103672.csv	estradiol-benzoate.csv	0.999999682445	0.341768383938	0.999963765346
322	KU-C103672.csv	BRD-K93852877.csv	0.999999818377	-0.0715960169956	0.999962650676
323	KU-C103672.csv	BRD-K36633782.csv	0.999999750943	-0.460715163991	0.999952192116
324	BRD-K20914452.csv	BRD-K48659337.csv	0.999999982352	0.296533569169	0.999996292752
325	BRD-K20914452.csv	BRD-K14214369.csv	0.999999984702	0.710082642739	0.999994982384
326	BRD-K20914452.csv	BRD-K83548510.csv	0.999999661913	0.173995351868	0.99991179517
327	BRD-K20914452.csv	BRD-K34798777.csv	0.999999992632	0.648750302662	0.999998985116
328	BRD-K20914452.csv	BRD-K99333268.csv	0.9999999926	0.608987079818	0.99999843634
329	BRD-K20914452.csv	BRD-K23287115.csv	0.999999978057	0.672002319362	0.999998457072
330	BRD-K20914452.csv	BRD-K05886700.csv	0.999999992724	0.180331186163	0.999997569292
331	BRD-K20914452.csv	BRD-K91269653.csv	0.999999986668	0.518282559581	0.999994962034
332	BRD-K20914452.csv	BRD-K25323340.csv	0.999999989576	0.0906583235286	0.999999312627
333	BRD-K20914452.csv	BRD-K83121797.csv	0.999999992641	0.686048030648	0.999997565313
334	BRD-K20914452.csv	BRD-K07079548.csv	0.999999879132	-0.555846743465	0.999996326302
335	BRD-K20914452.csv	BRD-K83355732.csv	0.999999547196	0.0420244551709	0.999914244623
336	BRD-K20914452.csv	BRD-K40161407.csv	0.999999956265	0.148914747596	0.999997147638
337	BRD-K20914452.csv	BRD-K62374815.csv	0.999999986378	0.331376611618	0.999996336281
338	BRD-K20914452.csv	hydroxyl.csv	0.99997944047	-0.526908010863	0.9985571052
339	BRD-K20914452.csv	SA-1457103.csv	0.999999928292	0.393028154801	0.999980077273
340	BRD-K20914452.csv	BRD-K78268279.csv	0.999999940064	-0.553799069662	0.999997388144
341	BRD-K20914452.csv	BRD-K68013677.csv	0.999999987156	0.076289457389	0.999999299201
342	BRD-K20914452.csv	BRD-K31600199.csv	0.999999814052	0.00690977880154	0.999985090087
343	BRD-K20914452.csv	AC-55649.csv	0.999999194435	-0.0469139157422	0.999881618971
344	BRD-K20914452.csv	BRD-K20151898.csv	0.999999976475	-0.0566181904027	0.999999825227
345	BRD-K20914452.csv	BRD-K25642832.csv	0.999999980433	0.0736856757286	0.999999456023
346	BRD-K20914452.csv	BRD-K22449070.csv	0.999999939326	0.369803227631	0.999992202773
347	BRD-K20914452.csv	BRD-K16117792.csv	0.999999926569	-0.202498584261	0.999998594105
348	BRD-K20914452.csv	BRD-A51666293.csv	0.999999813284	-0.424493854839	0.999995612623
349	BRD-K20914452.csv	BRD-K42831041.csv	0.999999987059	0.257529223758	0.999998763615
350	BRD-K20914452.csv	BRD-K15750053.csv	0.999999995548	0.646318725056	0.999998701507
351	BRD-K20914452.csv	BRD-K83546471.csv	0.999999984558	0.333234695441	0.999997273632
352	BRD-K20914452.csv	BRD-K86023266.csv	0.999999989581	0.345586728398	0.999999065984
353	BRD-K20914452.csv	BRD-K77264230.csv	0.999999807912	0.00253793256181	0.999980666727
354	BRD-K20914452.csv	BRD-K99958302.csv	0.999999945679	0.308188823383	0.99999039913
355	BRD-K20914452.csv	eserine.csv	0.999999970296	0.356185995061	0.99999494212
356	BRD-K20914452.csv	BRD-K16772343.csv	0.999999977096	0.409724796402	0.999997655735
357	BRD-K20914452.csv	estradiol-benzoate.csv	0.999999759729	0.289009967152	0.999978710302
358	BRD-K20914452.csv	BRD-K93852877.csv	0.999999985671	0.460266552938	0.99999926328
359	BRD-K20914452.csv	BRD-K36633782.csv	0.99999999021	0.348959638962	0.999998482887
360	BRD-K48659337.csv	BRD-K14214369.csv	0.999999972442	0.179220448711	0.999990771905
361	BRD-K48659337.csv	BRD-K83548510.csv	0.999999732654	0.531228212335	0.999932694379
362	BRD-K48659337.csv	BRD-K34798777.csv	0.999999980237	0.282087863903	0.999995059387
363	BRD-K48659337.csv	BRD-K99333268.csv	0.999999981544	0.014296358925	0.999993177282
364	BRD-K48659337.csv	BRD-K23287115.csv	0.999999959765	-0.139204916817	0.999995121246
365	BRD-K48659337.csv	BRD-K05886700.csv	0.999999994319	0.283995859678	0.999998338124
366	BRD-K48659337.csv	BRD-K91269653.csv	0.999999957135	0.279441510218	0.999987411884
367	BRD-K48659337.csv	BRD-K25323340.csv	0.999999990078	0.361186137577	0.999994441115
368	BRD-K48659337.csv	BRD-K83121797.csv	0.999999986604	0.1671435871	0.999995234729
369	BRD-K48659337.csv	BRD-K07079548.csv	0.999999935929	0.191587590923	0.999995212228
370	BRD-K48659337.csv	BRD-K83355732.csv	0.999999647994	0.654177871501	0.999933610395
371	BRD-K48659337.csv	BRD-K40161407.csv	0.999999984473	0.608669837891	0.999997587383
372	BRD-K48659337.csv	BRD-K62374815.csv	0.999999965904	-0.109467088149	0.99998979634
373	BRD-K48659337.csv	hydroxyl.csv	0.999979679167	-0.304000952733	0.998680446019
374	BRD-K48659337.csv	SA-1457103.csv	0.999999922092	0.368104322498	0.999985272296
375	BRD-K48659337.csv	BRD-K78268279.csv	0.999999935489	-0.207409322075	0.999994908352
376	BRD-K48659337.csv	BRD-K68013677.csv	0.999999978675	-0.00487172669598	0.999994529242
377	BRD-K48659337.csv	BRD-K31600199.csv	0.999999897935	0.588111602751	0.999994810906
378	BRD-K48659337.csv	AC-55649.csv	0.999999240697	-0.0219840841158	0.999906664629
379	BRD-K48659337.csv	BRD-K20151898.csv	0.999999976432	0.25984952691	0.999994878899
380	BRD-K48659337.csv	BRD-K25642832.csv	0.999999988207	0.158856030727	0.999995561115
381	BRD-K48659337.csv	BRD-K22449070.csv	0.999999934165	0.256017060419	0.999982883537
382	BRD-K48659337.csv	BRD-K16117792.csv	0.999999902088	-0.119606252316	0.99999616534
383	BRD-K48659337.csv	BRD-A51666293.csv	0.999999809862	-0.256144838341	0.999989992718
384	BRD-K48659337.csv	BRD-K42831041.csv	0.999999961194	-0.16863018879	0.999991643849
385	BRD-K48659337.csv	BRD-K15750053.csv	0.999999981084	0.3737833527	0.999993543361
386	BRD-K48659337.csv	BRD-K83546471.csv	0.999999981686	0.378095648073	0.999994712351
387	BRD-K48659337.csv	BRD-K86023266.csv	0.99999997612	-0.0869538370287	0.999995430576
388	BRD-K48659337.csv	BRD-K77264230.csv	0.999999821813	0.0241818889046	0.999988767193
389	BRD-K48659337.csv	BRD-K99958302.csv	0.999999971648	0.721348501361	0.999995794503
390	BRD-K48659337.csv	eserine.csv	0.999999966156	-0.162700180379	0.999999229898
391	BRD-K48659337.csv	BRD-K16772343.csv	0.999999966296	0.00869881808596	0.999997684141
392	BRD-K48659337.csv	estradiol-benzoate.csv	0.999999799676	0.5472809907	0.99998418114
393	BRD-K48659337.csv	BRD-K93852877.csv	0.999999983023	0.118954809769	0.999994634983
394	BRD-K48659337.csv	BRD-K36633782.csv	0.999999968614	-0.0437160794814	0.999992079325
395	BRD-K14214369.csv	BRD-K83548510.csv	0.999999671361	0.372954497102	0.99991691782
396	BRD-K14214369.csv	BRD-K34798777.csv	0.999999986861	0.533728121892	0.999997943944
397	BRD-K14214369.csv	BRD-K99333268.csv	0.999999990655	0.551270653763	0.999998277409
398	BRD-K14214369.csv	BRD-K23287115.csv	0.999999970132	0.199062176532	0.999996390312
399	BRD-K14214369.csv	BRD-K05886700.csv	0.999999984274	-0.299201264222	0.999995568316
400	BRD-K14214369.csv	BRD-K91269653.csv	0.999999962994	0.156598540259	0.999983041835
401	BRD-K14214369.csv	BRD-K25323340.csv	0.999999972151	0.389443057668	0.999991433631
402	BRD-K14214369.csv	BRD-K83121797.csv	0.999999990574	0.749755207324	0.999999094333
403	BRD-K14214369.csv	BRD-K07079548.csv	0.999999874109	-0.0794181537745	0.999987292004
404	BRD-K14214369.csv	BRD-K83355732.csv	0.999999558779	0.00508606277516	0.999920190549
405	BRD-K14214369.csv	BRD-K40161407.csv	0.999999966619	0.259873776778	0.999996046495
406	BRD-K14214369.csv	BRD-K62374815.csv	0.999999960078	0.184167901128	0.99998519296
407	BRD-K14214369.csv	hydroxyl.csv	0.99997888702	-0.715421636216	0.998558745226
408	BRD-K14214369.csv	SA-1457103.csv	0.999999905694	0.0387566254205	0.999976481866
409	BRD-K14214369.csv	BRD-K78268279.csv	0.999999901725	-0.798836222923	0.999997849597
410	BRD-K14214369.csv	BRD-K68013677.csv	0.999999964517	-0.496447587628	0.999994808233
411	BRD-K14214369.csv	BRD-K31600199.csv	0.999999827835	-0.0163116418964	0.999984205251
412	BRD-K14214369.csv	AC-55649.csv	0.999999137852	-0.395609392684	0.999906814576
413	BRD-K14214369.csv	BRD-K20151898.csv	0.999999964223	-0.0310009431092	0.999995270465
414	BRD-K14214369.csv	BRD-K25642832.csv	0.999999969079	0.283588432787	0.999997387224
415	BRD-K14214369.csv	BRD-K22449070.csv	0.999999916234	0.226074415074	0.999981892879
416	BRD-K14214369.csv	BRD-K16117792.csv	0.999999860617	-0.476063356545	0.999990551605
417	BRD-K14214369.csv	BRD-A51666293.csv	0.999999756838	-0.590270905113	0.99998950185
418	BRD-K14214369.csv	BRD-K42831041.csv	0.999999965306	-0.108297603792	0.999996708275
419	BRD-K14214369.csv	BRD-K15750053.csv	0.999999980249	0.349898879502	0.99998915886
420	BRD-K14214369.csv	BRD-K83546471.csv	0.99999998334	0.464328611064	0.999998610513
421	BRD-K14214369.csv	BRD-K86023266.csv	0.99999997286	-0.0800257478211	0.999996735514
422	BRD-K14214369.csv	BRD-K77264230.csv	0.999999787951	-0.0575848045342	0.99998762668
423	BRD-K14214369.csv	BRD-K99958302.csv	0.999999938059	-0.0417680640976	0.999986067184
424	BRD-K14214369.csv	eserine.csv	0.999999935117	-0.157586624597	0.999989270141
425	BRD-K14214369.csv	BRD-K16772343.csv	0.999999956009	0.00504770704782	0.999988625596
426	BRD-K14214369.csv	estradiol-benzoate.csv	0.999999768779	0.220220570005	0.999977188496
427	BRD-K14214369.csv	BRD-K93852877.csv	0.999999987502	0.566901078948	0.999997593037
428	BRD-K14214369.csv	BRD-K36633782.csv	0.999999976048	0.234294008231	0.999995318989
429	BRD-K83548510.csv	BRD-K34798777.csv	0.999999720221	0.20874486009	0.999920622364
430	BRD-K83548510.csv	BRD-K99333268.csv	0.999999715065	-0.118168781449	0.999917018104
431	BRD-K83548510.csv	BRD-K23287115.csv	0.999999750648	-0.117265165676	0.999928133935
432	BRD-K83548510.csv	BRD-K05886700.csv	0.999999738348	0.0776920467332	0.9999373605
433	BRD-K83548510.csv	BRD-K91269653.csv	0.999999647749	-0.0888120923004	0.999900023278
434	BRD-K83548510.csv	BRD-K25323340.csv	0.999999703972	0.229660294036	0.999899285355
435	BRD-K83548510.csv	BRD-K83121797.csv	0.999999691213	-0.0139168879313	0.999918571168
436	BRD-K83548510.csv	BRD-K07079548.csv	0.999999688503	0.105395536956	0.999893080253
437	BRD-K83548510.csv	BRD-K83355732.csv	0.999999822484	0.451793536478	0.999999232346
438	BRD-K83548510.csv	BRD-K40161407.csv	0.999999727797	0.267924799598	0.999916449022
439	BRD-K83548510.csv	BRD-K62374815.csv	0.999999687691	0.0407273233476	0.999904359649
440	BRD-K83548510.csv	hydroxyl.csv	0.999980110728	-0.260679068464	0.998715259299
441	BRD-K83548510.csv	SA-1457103.csv	0.999999838338	0.605096784851	0.999971878851
442	BRD-K83548510.csv	BRD-K78268279.csv	0.999999649232	-0.145726822191	0.99991358619
443	BRD-K83548510.csv	BRD-K68013677.csv	0.999999690447	-0.111464591544	0.99989860587
444	BRD-K83548510.csv	BRD-K31600199.csv	0.999999840718	0.439167051151	0.999962184166
445	BRD-K83548510.csv	AC-55649.csv	0.999999238639	0.300704341002	0.999902182332
446	BRD-K83548510.csv	BRD-K20151898.csv	0.999999733236	0.193154903491	0.999907187981
447	BRD-K83548510.csv	BRD-K25642832.csv	0.999999682782	-0.162044739126	0.999915618533
448	BRD-K83548510.csv	BRD-K22449070.csv	0.999999703727	0.256610786482	0.999902917771
449	BRD-K83548510.csv	BRD-K16117792.csv	0.999999541649	-0.489846611223	0.999917876805
450	BRD-K83548510.csv	BRD-A51666293.csv	0.99999946269	-0.652187357377	0.999876774395
451	BRD-K83548510.csv	BRD-K42831041.csv	0.999999631325	-0.487109752024	0.999903116378
452	BRD-K83548510.csv	BRD-K15750053.csv	0.999999666794	0.0979441349153	0.999901188077
453	BRD-K83548510.csv	BRD-K83546471.csv	0.999999754579	0.389828388916	0.999929931263
454	BRD-K83548510.csv	BRD-K86023266.csv	0.999999652841	-0.494061005371	0.999905827105
455	BRD-K83548510.csv	BRD-K77264230.csv	0.999999547725	-0.161299088512	0.999938043742
456	BRD-K83548510.csv	BRD-K99958302.csv	0.999999853363	0.415440423269	0.999958871951
457	BRD-K83548510.csv	eserine.csv	0.999999694631	-0.426133897678	0.999942824716
458	BRD-K83548510.csv	BRD-K16772343.csv	0.999999745203	-0.323020542546	0.999926062003
459	BRD-K83548510.csv	estradiol-benzoate.csv	0.999999778119	0.59639172319	0.99997367946
460	BRD-K83548510.csv	BRD-K93852877.csv	0.999999676034	-0.246135857326	0.999907956485
461	BRD-K83548510.csv	BRD-K36633782.csv	0.999999691094	0.270008782675	0.999914607331
462	BRD-K34798777.csv	BRD-K99333268.csv	0.999999996984	0.791945502475	0.999999811757
463	BRD-K34798777.csv	BRD-K23287115.csv	0.999999992963	0.266221835417	0.999999578046
464	BRD-K34798777.csv	BRD-K05886700.csv	0.99999999366	0.49714914748	0.999998413676
465	BRD-K34798777.csv	BRD-K91269653.csv	0.999999975899	0.280462464312	0.999992249655
466	BRD-K34798777.csv	BRD-K25323340.csv	0.999999991007	0.149347612063	0.999996863916
467	BRD-K34798777.csv	BRD-K83121797.csv	0.99999999439	0.643059431398	0.999998923594
468	BRD-K34798777.csv	BRD-K07079548.csv	0.999999890353	-0.0924750838555	0.999992329249
469	BRD-K34798777.csv	BRD-K83355732.csv	0.999999588396	0.187901591549	0.999923601351
470	BRD-K34798777.csv	BRD-K40161407.csv	0.999999967568	0.661680979353	0.999996866473
471	BRD-K34798777.csv	BRD-K62374815.csv	0.99999998466	0.0674750378681	0.999993856204
472	BRD-K34798777.csv	hydroxyl.csv	0.999979331699	-0.627305463811	0.998543723631
473	BRD-K34798777.csv	SA-1457103.csv	0.999999947969	0.300828499815	0.999983139213
474	BRD-K34798777.csv	BRD-K78268279.csv	0.999999940301	-0.453106070897	0.999998168075
475	BRD-K34798777.csv	BRD-K68013677.csv	0.999999988727	0.309299512663	0.999997829852
476	BRD-K34798777.csv	BRD-K31600199.csv	0.999999844374	0.468690312684	0.999986745014
477	BRD-K34798777.csv	AC-55649.csv	0.999999226818	0.167262283593	0.999890745178
478	BRD-K34798777.csv	BRD-K20151898.csv	0.999999989665	0.25074115938	0.999998980761
479	BRD-K34798777.csv	BRD-K25642832.csv	0.999999975097	-0.0147949944771	0.999999759923
480	BRD-K34798777.csv	BRD-K22449070.csv	0.999999953634	0.325495296226	0.9999909681
481	BRD-K34798777.csv	BRD-K16117792.csv	0.999999898393	-0.560204703378	0.999996918044
482	BRD-K34798777.csv	BRD-A51666293.csv	0.999999790662	-0.423853704428	0.999992430189
483	BRD-K34798777.csv	BRD-K42831041.csv	0.999999975841	0.0436419294521	0.999999004371
484	BRD-K34798777.csv	BRD-K15750053.csv	0.999999989903	0.35705612923	0.999995955779
485	BRD-K34798777.csv	BRD-K83546471.csv	0.999999997185	0.714972604431	0.999999486246
486	BRD-K34798777.csv	BRD-K86023266.csv	0.999999979677	0.420911553074	0.99999845969
487	BRD-K34798777.csv	BRD-K77264230.csv	0.999999779431	-0.128585587646	0.999983601841
488	BRD-K34798777.csv	BRD-K99958302.csv	0.999999958167	0.124677591129	0.999991412245
489	BRD-K34798777.csv	eserine.csv	0.999999954604	-0.127141747077	0.999994330576
490	BRD-K34798777.csv	BRD-K16772343.csv	0.999999978615	0.278165362413	0.999995612705
491	BRD-K34798777.csv	estradiol-benzoate.csv	0.999999771583	0.398781674801	0.99998243282
492	BRD-K34798777.csv	BRD-K93852877.csv	0.99999998305	0.318376285722	0.999999286844
493	BRD-K34798777.csv	BRD-K36633782.csv	0.999999992186	0.264089322521	0.999999084643
494	BRD-K99333268.csv	BRD-K23287115.csv	0.999999988815	0.491604473216	0.99999928894
495	BRD-K99333268.csv	BRD-K05886700.csv	0.999999994631	0.118016590315	0.999997370012
496	BRD-K99333268.csv	BRD-K91269653.csv	0.999999979899	0.354295079313	0.999992024171
497	BRD-K99333268.csv	BRD-K25323340.csv	0.999999990209	0.378669900223	0.999996290864
498	BRD-K99333268.csv	BRD-K83121797.csv	0.999999995071	0.690045912781	0.999998600866
499	BRD-K99333268.csv	BRD-K07079548.csv	0.999999897781	-0.0019144423189	0.999991029634
500	BRD-K99333268.csv	BRD-K83355732.csv	0.999999588583	0.142192914214	0.999920202809
501	BRD-K99333268.csv	BRD-K40161407.csv	0.999999969856	0.442752790225	0.99999587481
502	BRD-K99333268.csv	BRD-K62374815.csv	0.999999982061	0.266445232198	0.999993429679
503	BRD-K99333268.csv	hydroxyl.csv	0.999979320665	-0.665164219622	0.998519786507
504	BRD-K99333268.csv	SA-1457103.csv	0.999999936349	0.162232962781	0.999981333102
505	BRD-K99333268.csv	BRD-K78268279.csv	0.999999929766	-0.573605169979	0.999997576902
506	BRD-K99333268.csv	BRD-K68013677.csv	0.99999998566	0.082425248865	0.999997423963
507	BRD-K99333268.csv	BRD-K31600199.csv	0.999999854885	0.305031442632	0.999984374098
508	BRD-K99333268.csv	AC-55649.csv	0.999999198982	-0.238443735899	0.999886901719
509	BRD-K99333268.csv	BRD-K20151898.csv	0.99999998559	0.419833530565	0.999998685359
510	BRD-K99333268.csv	BRD-K25642832.csv	0.999999980758	0.0920382904639	0.999999464202
511	BRD-K99333268.csv	BRD-K22449070.csv	0.999999947723	0.514182100962	0.999991107987
512	BRD-K99333268.csv	BRD-K16117792.csv	0.9999998949	-0.302915756425	0.999995773233
513	BRD-K99333268.csv	BRD-A51666293.csv	0.99999981102	-0.291310830604	0.999992144932
514	BRD-K99333268.csv	BRD-K42831041.csv	0.999999977943	0.273808118226	0.999999252484
515	BRD-K99333268.csv	BRD-K15750053.csv	0.999999990396	0.473447054185	0.999995374054
516	BRD-K99333268.csv	BRD-K83546471.csv	0.99999999533	0.723171242482	0.999999276181
517	BRD-K99333268.csv	BRD-K86023266.csv	0.999999986407	0.403799051943	0.999998121448
518	BRD-K99333268.csv	BRD-K77264230.csv	0.999999804969	-0.189452082923	0.999981971546
519	BRD-K99333268.csv	BRD-K99958302.csv	0.999999964054	0.0418138608777	0.999989570014
520	BRD-K99333268.csv	eserine.csv	0.999999954879	-0.120529645241	0.999992331858
521	BRD-K99333268.csv	BRD-K16772343.csv	0.999999982544	0.567904124209	0.999994295566
522	BRD-K99333268.csv	estradiol-benzoate.csv	0.999999793047	0.268449438279	0.999981041711
523	BRD-K99333268.csv	BRD-K93852877.csv	0.999999990356	0.638661607785	0.999999203514
524	BRD-K99333268.csv	BRD-K36633782.csv	0.999999986191	0.354412841997	0.999999142603
525	BRD-K23287115.csv	BRD-K05886700.csv	0.999999979621	0.235194288825	0.999998732073
526	BRD-K23287115.csv	BRD-K91269653.csv	0.999999969078	0.630468626508	0.999993495439
527	BRD-K23287115.csv	BRD-K25323340.csv	0.999999977432	-0.189357596272	0.999996141886
528	BRD-K23287115.csv	BRD-K83121797.csv	0.999999980494	0.209937419962	0.99999754108
529	BRD-K23287115.csv	BRD-K07079548.csv	0.999999868724	-0.672529111021	0.999990763041
530	BRD-K23287115.csv	BRD-K83355732.csv	0.999999592766	-0.0627411650921	0.999930870514
531	BRD-K23287115.csv	BRD-K40161407.csv	0.999999949158	-0.362997982472	0.999995288719
532	BRD-K23287115.csv	BRD-K62374815.csv	0.999999978163	0.619167648089	0.999994915085
533	BRD-K23287115.csv	hydroxyl.csv	0.999979285527	-0.157364811829	0.998533858729
534	BRD-K23287115.csv	SA-1457103.csv	0.999999963012	0.486387303516	0.9999873778
535	BRD-K23287115.csv	BRD-K78268279.csv	0.999999918891	-0.128966756733	0.999996411064
536	BRD-K23287115.csv	BRD-K68013677.csv	0.999999977208	0.394829654676	0.999996293004
537	BRD-K23287115.csv	BRD-K31600199.csv	0.999999838671	-0.173360129839	0.999988193533
538	BRD-K23287115.csv	AC-55649.csv	0.999999216342	0.126643486795	0.999886724273
539	BRD-K23287115.csv	BRD-K20151898.csv	0.999999985263	0.0388783726562	0.999998259313
540	BRD-K23287115.csv	BRD-K25642832.csv	0.999999952169	-0.0825748104054	0.999999005596
541	BRD-K23287115.csv	BRD-K22449070.csv	0.999999956764	0.527168918914	0.999992700044
542	BRD-K23287115.csv	BRD-K16117792.csv	0.999999874883	0.15712890459	0.999997188478
543	BRD-K23287115.csv	BRD-A51666293.csv	0.999999771676	-0.0937587555661	0.999989850816
544	BRD-K23287115.csv	BRD-K42831041.csv	0.999999959273	0.615428822616	0.999997937222
545	BRD-K23287115.csv	BRD-K15750053.csv	0.999999976707	0.695810854606	0.999995907188
546	BRD-K23287115.csv	BRD-K83546471.csv	0.999999991415	0.0771445853401	0.999999253862
547	BRD-K23287115.csv	BRD-K86023266.csv	0.99999996385	0.456018074132	0.999996937777
548	BRD-K23287115.csv	BRD-K77264230.csv	0.999999744516	-0.00544422355004	0.999981957263
549	BRD-K23287115.csv	BRD-K99958302.csv	0.999999956807	0.237214173736	0.999993785475
550	BRD-K23287115.csv	eserine.csv	0.999999933885	0.510435203776	0.999995245343
551	BRD-K23287115.csv	BRD-K16772343.csv	0.999999983814	0.646203181663	0.999996674204
552	BRD-K23287115.csv	estradiol-benzoate.csv	0.999999760683	0.258029485944	0.999986595142
553	BRD-K23287115.csv	BRD-K93852877.csv	0.999999965319	0.335001622769	0.999998047316
554	BRD-K23287115.csv	BRD-K36633782.csv	0.999999980571	0.542032733843	0.999999121153
555	BRD-K05886700.csv	BRD-K91269653.csv	0.999999974619	0.474451350062	0.999989478009
556	BRD-K05886700.csv	BRD-K25323340.csv	0.999999993555	-0.467073354707	0.999994694045
557	BRD-K05886700.csv	BRD-K83121797.csv	0.999999994187	-0.139920701883	0.999997813633
558	BRD-K05886700.csv	BRD-K07079548.csv	0.999999910122	-0.319818334048	0.999991995574
559	BRD-K05886700.csv	BRD-K83355732.csv	0.999999622941	0.102742004708	0.999939274012
560	BRD-K05886700.csv	BRD-K40161407.csv	0.999999975157	0.268637251982	0.999997327202
561	BRD-K05886700.csv	BRD-K62374815.csv	0.999999982223	0.140849829504	0.999991595805
562	BRD-K05886700.csv	hydroxyl.csv	0.999979614658	0.0778782279434	0.998614452767
563	BRD-K05886700.csv	SA-1457103.csv	0.999999942748	0.376672576057	0.999989191074
564	BRD-K05886700.csv	BRD-K78268279.csv	0.999999945153	0.21471199675	0.99999688196
565	BRD-K05886700.csv	BRD-K68013677.csv	0.999999987825	0.911454361296	0.999995302426
566	BRD-K05886700.csv	BRD-K31600199.csv	0.999999873427	0.337089772014	0.999994128742
567	BRD-K05886700.csv	AC-55649.csv	0.999999250245	0.679157538751	0.999904476956
568	BRD-K05886700.csv	BRD-K20151898.csv	0.99999998327	0.0695100569614	0.999996685268
569	BRD-K05886700.csv	BRD-K25642832.csv	0.999999986984	-0.195922841606	0.999998085618
570	BRD-K05886700.csv	BRD-K22449070.csv	0.999999942949	0.0720290199723	0.999987289562
571	BRD-K05886700.csv	BRD-K16117792.csv	0.999999913025	-0.108231490494	0.999996777879
572	BRD-K05886700.csv	BRD-A51666293.csv	0.999999818173	0.125335727936	0.999989043663
573	BRD-K05886700.csv	BRD-K42831041.csv	0.999999976135	0.308976471277	0.9999952694
574	BRD-K05886700.csv	BRD-K15750053.csv	0.999999989832	0.332079997124	0.999993960065
575	BRD-K05886700.csv	BRD-K83546471.csv	0.999999993603	0.0745147393177	0.999998757276
576	BRD-K05886700.csv	BRD-K86023266.csv	0.999999986688	0.636038665218	0.999996614759
577	BRD-K05886700.csv	BRD-K77264230.csv	0.9999998251	0.210536879544	0.999988631387
578	BRD-K05886700.csv	BRD-K99958302.csv	0.999999973828	0.291306632619	0.999996734562
579	BRD-K05886700.csv	eserine.csv	0.999999973019	0.262754125627	0.999998420522
580	BRD-K05886700.csv	BRD-K16772343.csv	0.999999978687	0.251133419264	0.999997192249
581	BRD-K05886700.csv	estradiol-benzoate.csv	0.999999810382	0.387700916569	0.99998865394
582	BRD-K05886700.csv	BRD-K93852877.csv	0.999999987103	-0.159940353905	0.999996915749
583	BRD-K05886700.csv	BRD-K36633782.csv	0.999999985068	0.0638064226317	0.999996280162
584	BRD-K91269653.csv	BRD-K25323340.csv	0.999999972862	-0.148100912221	0.999996272013
585	BRD-K91269653.csv	BRD-K83121797.csv	0.999999966912	0.065477733324	0.999986342449
586	BRD-K91269653.csv	BRD-K07079548.csv	0.999999842698	-0.441809599579	0.999989538608
587	BRD-K91269653.csv	BRD-K83355732.csv	0.999999502675	-0.10872438207	0.999902797528
588	BRD-K91269653.csv	BRD-K40161407.csv	0.999999920128	-0.0766689187461	0.999985010417
589	BRD-K91269653.csv	BRD-K62374815.csv	0.999999989906	0.750247233897	0.999999824131
590	BRD-K91269653.csv	hydroxyl.csv	0.999979126723	-0.287774254665	0.998434017433
591	BRD-K91269653.csv	SA-1457103.csv	0.999999928121	0.203980570463	0.999977494176
592	BRD-K91269653.csv	BRD-K78268279.csv	0.999999903507	-0.402693296758	0.999985982423
593	BRD-K91269653.csv	BRD-K68013677.csv	0.999999965533	0.392416133127	0.999992640159
594	BRD-K91269653.csv	BRD-K31600199.csv	0.999999778685	-0.0652656257782	0.999972288841
595	BRD-K91269653.csv	AC-55649.csv	0.99999906811	-0.11823486775	0.99983210271
596	BRD-K91269653.csv	BRD-K20151898.csv	0.999999955869	0.0740753114787	0.999995067191
597	BRD-K91269653.csv	BRD-K25642832.csv	0.999999956464	0.201975572792	0.999992622839
598	BRD-K91269653.csv	BRD-K22449070.csv	0.999999941461	0.402994309784	0.99999872453
599	BRD-K91269653.csv	BRD-K16117792.csv	0.999999911639	0.0817007280018	0.999995685721
600	BRD-K91269653.csv	BRD-A51666293.csv	0.999999802389	0.123890938289	0.999988163902
601	BRD-K91269653.csv	BRD-K42831041.csv	0.99999997102	0.59898282231	0.999993522538
602	BRD-K91269653.csv	BRD-K15750053.csv	0.999999991239	0.938795533374	0.999998132288
603	BRD-K91269653.csv	BRD-K83546471.csv	0.99999996655	-0.0121471897658	0.999988702274
604	BRD-K91269653.csv	BRD-K86023266.csv	0.999999974755	0.623352558144	0.99999047236
605	BRD-K91269653.csv	BRD-K77264230.csv	0.999999776112	0.362175486127	0.999958373761
606	BRD-K91269653.csv	BRD-K99958302.csv	0.999999937128	0.302996138705	0.99998436379
607	BRD-K91269653.csv	eserine.csv	0.999999954844	0.36675575304	0.999987325926
608	BRD-K91269653.csv	BRD-K16772343.csv	0.999999975533	0.542760411627	0.999995169137
609	BRD-K91269653.csv	estradiol-benzoate.csv	0.999999783136	0.359255384824	0.99997500914
610	BRD-K91269653.csv	BRD-K93852877.csv	0.999999965704	0.549790926061	0.999991766127
611	BRD-K91269653.csv	BRD-K36633782.csv	0.999999978221	0.278551108568	0.99999564137
612	BRD-K25323340.csv	BRD-K83121797.csv	0.999999989163	0.422399492162	0.999994861456
613	BRD-K25323340.csv	BRD-K07079548.csv	0.99999993115	0.634581137214	0.999997576885
614	BRD-K25323340.csv	BRD-K83355732.csv	0.99999959242	0.460098573806	0.999901827631
615	BRD-K25323340.csv	BRD-K40161407.csv	0.999999976687	0.548028679756	0.999995249751
616	BRD-K25323340.csv	BRD-K62374815.csv	0.999999983592	-0.0500934530921	0.999997283748
617	BRD-K25323340.csv	hydroxyl.csv	0.999979683554	-0.357790743202	0.99854015431
618	BRD-K25323340.csv	SA-1457103.csv	0.999999926984	0.144600125712	0.999974706685
619	BRD-K25323340.csv	BRD-K78268279.csv	0.999999952168	-0.552840231851	0.999995116536
620	BRD-K25323340.csv	BRD-K68013677.csv	0.999999994536	-0.537692538867	0.999999178255
621	BRD-K25323340.csv	BRD-K31600199.csv	0.999999869742	0.56782715455	0.999980064985
622	BRD-K25323340.csv	AC-55649.csv	0.999999241891	-0.50705601242	0.999867688209
623	BRD-K25323340.csv	BRD-K20151898.csv	0.9999999929	0.550551237623	0.999999351574
624	BRD-K25323340.csv	BRD-K25642832.csv	0.999999986995	0.054682795197	0.999997898431
625	BRD-K25323340.csv	BRD-K22449070.csv	0.999999955921	0.218103698575	0.999992925087
626	BRD-K25323340.csv	BRD-K16117792.csv	0.999999914623	-0.209326522273	0.999998084577
627	BRD-K25323340.csv	BRD-A51666293.csv	0.999999834511	-0.218232762928	0.999996776101
628	BRD-K25323340.csv	BRD-K42831041.csv	0.999999975044	-0.37211983008	0.99999778321
629	BRD-K25323340.csv	BRD-K15750053.csv	0.999999990601	0.00982493238122	0.999999612955
630	BRD-K25323340.csv	BRD-K83546471.csv	0.999999989457	0.62277321176	0.999994012899
631	BRD-K25323340.csv	BRD-K86023266.csv	0.999999983411	-0.321015465888	0.99999799082
632	BRD-K25323340.csv	BRD-K77264230.csv	0.999999803225	-0.086892391122	0.999974607038
633	BRD-K25323340.csv	BRD-K99958302.csv	0.999999964016	0.419098456358	0.999986551619
634	BRD-K25323340.csv	eserine.csv	0.999999962915	-0.511666649066	0.999992378953
635	BRD-K25323340.csv	BRD-K16772343.csv	0.999999977613	0.269691748971	0.999997038925
636	BRD-K25323340.csv	estradiol-benzoate.csv	0.999999781048	0.234176974159	0.999972760816
637	BRD-K25323340.csv	BRD-K93852877.csv	0.999999985052	0.268401884076	0.999998033732
638	BRD-K25323340.csv	BRD-K36633782.csv	0.999999983532	-0.101228093284	0.999997153988
639	BRD-K83121797.csv	BRD-K07079548.csv	0.9999999008	0.0761098183332	0.999992495121
640	BRD-K83121797.csv	BRD-K83355732.csv	0.999999588523	0.158620742283	0.999921252829
641	BRD-K83121797.csv	BRD-K40161407.csv	0.999999975582	0.475424508725	0.999998695384
642	BRD-K83121797.csv	BRD-K62374815.csv	0.999999972883	-0.166578317086	0.999988590005
643	BRD-K83121797.csv	hydroxyl.csv	0.999979407092	-0.508554498583	0.998598897001
644	BRD-K83121797.csv	SA-1457103.csv	0.999999926526	-0.0666884194475	0.999978780996
645	BRD-K83121797.csv	BRD-K78268279.csv	0.999999938229	-0.551901934826	0.999999393001
646	BRD-K83121797.csv	BRD-K68013677.csv	0.999999985908	-0.295048467001	0.999997418363
647	BRD-K83121797.csv	BRD-K31600199.csv	0.999999855884	0.216655515549	0.999987900865
648	BRD-K83121797.csv	AC-55649.csv	0.999999233522	-0.256921275585	0.9999077448
649	BRD-K83121797.csv	BRD-K20151898.csv	0.999999982441	-0.128197610672	0.999997436344
650	BRD-K83121797.csv	BRD-K25642832.csv	0.999999985114	0.448268192311	0.999998932655
651	BRD-K83121797.csv	BRD-K22449070.csv	0.999999940156	0.0358403923292	0.999983936903
652	BRD-K83121797.csv	BRD-K16117792.csv	0.99999990409	-0.354972314914	0.999994423456
653	BRD-K83121797.csv	BRD-A51666293.csv	0.999999806792	-0.173931946285	0.99999308456
654	BRD-K83121797.csv	BRD-K42831041.csv	0.99999997624	0.0574475130013	0.999997545974
655	BRD-K83121797.csv	BRD-K15750053.csv	0.999999985164	0.16417287785	0.999992786716
656	BRD-K83121797.csv	BRD-K83546471.csv	0.999999992059	0.579567057983	0.999998974387
657	BRD-K83121797.csv	BRD-K86023266.csv	0.999999986448	0.29174014399	0.999998832039
658	BRD-K83121797.csv	BRD-K77264230.csv	0.999999804719	0.10150575346	0.999989462156
659	BRD-K83121797.csv	BRD-K99958302.csv	0.999999952298	0.0616642349022	0.99998947068
660	BRD-K83121797.csv	eserine.csv	0.99999995566	0.0212539007981	0.999993629096
661	BRD-K83121797.csv	BRD-K16772343.csv	0.999999971676	0.259757754719	0.999992991374
662	BRD-K83121797.csv	estradiol-benzoate.csv	0.999999755385	0.251128435928	0.999978628326
663	BRD-K83121797.csv	BRD-K93852877.csv	0.999999988643	0.558208152573	0.999998955066
664	BRD-K83121797.csv	BRD-K36633782.csv	0.999999980678	-0.0707591336267	0.999996203808
665	BRD-K07079548.csv	BRD-K83355732.csv	0.999999658185	0.445491222428	0.999894463179
666	BRD-K07079548.csv	BRD-K40161407.csv	0.999999963814	0.537914406805	0.99999611887
667	BRD-K07079548.csv	BRD-K62374815.csv	0.999999858456	-0.436170598907	0.999991106303
668	BRD-K07079548.csv	hydroxyl.csv	0.999979950966	-0.0610571797282	0.998633656209
669	BRD-K07079548.csv	SA-1457103.csv	0.999999788858	-0.273614950177	0.999967197784
670	BRD-K07079548.csv	BRD-K78268279.csv	0.999999849954	-0.0196285445912	0.999993001131
671	BRD-K07079548.csv	BRD-K68013677.csv	0.999999909237	-0.430516959435	0.999997315382
672	BRD-K07079548.csv	BRD-K31600199.csv	0.999999943682	0.576186255249	0.999980940978
673	BRD-K07079548.csv	AC-55649.csv	0.999999182345	-0.278594362255	0.999879915555
674	BRD-K07079548.csv	BRD-K20151898.csv	0.999999932783	0.320244557182	0.999995924515
675	BRD-K07079548.csv	BRD-K25642832.csv	0.99999993098	0.316548206841	0.999994241431
676	BRD-K07079548.csv	BRD-K22449070.csv	0.999999876265	-0.109498812522	0.999983266874
677	BRD-K07079548.csv	BRD-K16117792.csv	0.99999976781	-0.221120746826	0.999994440705
678	BRD-K07079548.csv	BRD-A51666293.csv	0.99999978097	0.158747192016	0.99999718282
679	BRD-K07079548.csv	BRD-K42831041.csv	0.999999862136	-0.414311277296	0.999992666578
680	BRD-K07079548.csv	BRD-K15750053.csv	0.999999889462	-0.419175440378	0.999996252461
681	BRD-K07079548.csv	BRD-K83546471.csv	0.999999901727	0.455032592049	0.999989301449
682	BRD-K07079548.csv	BRD-K86023266.csv	0.99999988519	-0.318413755908	0.999996364116
683	BRD-K07079548.csv	BRD-K77264230.csv	0.999999747254	0.0054817385022	0.999978009862
684	BRD-K07079548.csv	BRD-K99958302.csv	0.999999921709	0.0288949175342	0.999983705821
685	BRD-K07079548.csv	eserine.csv	0.999999849629	-0.73117794519	0.999991544939
686	BRD-K07079548.csv	BRD-K16772343.csv	0.999999891648	-0.191046890282	0.999994987172
687	BRD-K07079548.csv	estradiol-benzoate.csv	0.999999730456	0.21946910295	0.999965612583
688	BRD-K07079548.csv	BRD-K93852877.csv	0.999999923731	0.0349990343983	0.99999512578
689	BRD-K07079548.csv	BRD-K36633782.csv	0.999999863192	-0.360360061672	0.999990532191
690	BRD-K83355732.csv	BRD-K40161407.csv	0.999999651857	0.587342938939	0.999918186495
691	BRD-K83355732.csv	BRD-K62374815.csv	0.999999506775	-0.394419543091	0.999907085845
692	BRD-K83355732.csv	hydroxyl.csv	0.999979190727	-0.0384200764488	0.998685102625
693	BRD-K83355732.csv	SA-1457103.csv	0.999999663268	0.424049853977	0.999973456994
694	BRD-K83355732.csv	BRD-K78268279.csv	0.999999499589	0.13928774941	0.999916643471
695	BRD-K83355732.csv	BRD-K68013677.csv	0.999999556652	0.022804893359	0.999901286705
696	BRD-K83355732.csv	BRD-K31600199.csv	0.999999780957	0.7266261943	0.999962297513
697	BRD-K83355732.csv	AC-55649.csv	0.999998913551	0.149080418313	0.999900626696
698	BRD-K83355732.csv	BRD-K20151898.csv	0.999999623778	0.518028202138	0.999910101738
699	BRD-K83355732.csv	BRD-K25642832.csv	0.999999645104	0.0575326865637	0.999918708634
700	BRD-K83355732.csv	BRD-K22449070.csv	0.999999648057	0.273230553579	0.999907128637
701	BRD-K83355732.csv	BRD-K16117792.csv	0.999999455837	0.111210765803	0.99992043583
702	BRD-K83355732.csv	BRD-A51666293.csv	0.999999271533	-0.211114668956	0.999878743902
703	BRD-K83355732.csv	BRD-K42831041.csv	0.999999551409	0.0104050527551	0.999906738861
704	BRD-K83355732.csv	BRD-K15750053.csv	0.999999533298	0.0612569481734	0.999903514892
705	BRD-K83355732.csv	BRD-K83546471.csv	0.999999607584	0.570205071613	0.999932817189
706	BRD-K83355732.csv	BRD-K86023266.csv	0.999999515885	-0.209440503	0.999908074671
707	BRD-K83355732.csv	BRD-K77264230.csv	0.999999402387	-0.184887743296	0.999938110712
708	BRD-K83355732.csv	BRD-K99958302.csv	0.999999711972	0.669391971363	0.999959599333
709	BRD-K83355732.csv	eserine.csv	0.999999551874	-0.242073961703	0.999943646232
710	BRD-K83355732.csv	BRD-K16772343.csv	0.999999597873	0.168394004236	0.999927093025
711	BRD-K83355732.csv	estradiol-benzoate.csv	0.999999479376	0.612553073348	0.999974520766
712	BRD-K83355732.csv	BRD-K93852877.csv	0.999999607071	0.0773715411919	0.999910784089
713	BRD-K83355732.csv	BRD-K36633782.csv	0.999999569856	-0.083169481443	0.999918257444
714	BRD-K40161407.csv	BRD-K62374815.csv	0.999999932341	-0.395877180709	0.999987449386
715	BRD-K40161407.csv	hydroxyl.csv	0.999979333918	-0.372958549519	0.998657359983
716	BRD-K40161407.csv	SA-1457103.csv	0.999999884298	0.0927911529044	0.999976329623
717	BRD-K40161407.csv	BRD-K78268279.csv	0.999999899924	-0.324550341498	0.999998258519
718	BRD-K40161407.csv	BRD-K68013677.csv	0.999999960655	0.0168559577382	0.999997368811
719	BRD-K40161407.csv	BRD-K31600199.csv	0.999999926229	0.791732298841	0.999989901254
720	BRD-K40161407.csv	AC-55649.csv	0.999999202444	-0.0157976479356	0.999911320922
721	BRD-K40161407.csv	BRD-K20151898.csv	0.999999975993	0.459692282862	0.999996616943
722	BRD-K40161407.csv	BRD-K25642832.csv	0.999999972146	0.0763280585319	0.99999750525
723	BRD-K40161407.csv	BRD-K22449070.csv	0.999999923011	0.0376291219082	0.999980540755
724	BRD-K40161407.csv	BRD-K16117792.csv	0.9999998269	-0.364141436122	0.999994108644
725	BRD-K40161407.csv	BRD-A51666293.csv	0.999999767209	-0.210052408044	0.999994323949
726	BRD-K40161407.csv	BRD-K42831041.csv	0.999999929197	-0.234681849589	0.999995039088
727	BRD-K40161407.csv	BRD-K15750053.csv	0.999999958727	-0.0201505097012	0.999993018943
728	BRD-K40161407.csv	BRD-K83546471.csv	0.999999973774	0.719438105565	0.999996458278
729	BRD-K40161407.csv	BRD-K86023266.csv	0.999999949236	0.0870546479872	0.999998540783
730	BRD-K40161407.csv	BRD-K77264230.csv	0.999999772935	-0.0453743860333	0.999990858535
731	BRD-K40161407.csv	BRD-K99958302.csv	0.999999957921	0.351490936379	0.999989778285
732	BRD-K40161407.csv	eserine.csv	0.99999991324	-0.413397530599	0.999995060647
733	BRD-K40161407.csv	BRD-K16772343.csv	0.999999946037	0.115466196511	0.999994227888
734	BRD-K40161407.csv	estradiol-benzoate.csv	0.999999768533	0.376413435384	0.999976081798
735	BRD-K40161407.csv	BRD-K93852877.csv	0.999999977921	0.184475987104	0.999997879025
736	BRD-K40161407.csv	BRD-K36633782.csv	0.999999943859	-0.25380981431	0.999993243284
737	BRD-K62374815.csv	hydroxyl.csv	0.999979517294	-0.304105923369	0.998459592318
738	BRD-K62374815.csv	SA-1457103.csv	0.99999994892	0.326618763864	0.999979519828
739	BRD-K62374815.csv	BRD-K78268279.csv	0.999999941841	-0.452979411301	0.999988477496
740	BRD-K62374815.csv	BRD-K68013677.csv	0.999999981487	0.194212987986	0.999994141529
741	BRD-K62374815.csv	BRD-K31600199.csv	0.999999804038	-0.210683313898	0.999975557455
742	BRD-K62374815.csv	AC-55649.csv	0.999999196778	-0.162337585785	0.999841516074
743	BRD-K62374815.csv	BRD-K20151898.csv	0.999999970147	0.169951004999	0.999996299897
744	BRD-K62374815.csv	BRD-K25642832.csv	0.999999957084	-0.137792740457	0.99999424947
745	BRD-K62374815.csv	BRD-K22449070.csv	0.999999947164	0.513138368589	0.999998402137
746	BRD-K62374815.csv	BRD-K16117792.csv	0.999999922284	-0.114266904562	0.999997177654
747	BRD-K62374815.csv	BRD-A51666293.csv	0.999999820105	-0.0966262768007	0.999989583089
748	BRD-K62374815.csv	BRD-K42831041.csv	0.999999965445	0.252834827668	0.999994715918
749	BRD-K62374815.csv	BRD-K15750053.csv	0.999999990916	0.747214372314	0.999998791335
750	BRD-K62374815.csv	BRD-K83546471.csv	0.999999981119	-0.057293331302	0.999990646295
751	BRD-K62374815.csv	BRD-K86023266.csv	0.99999997731	0.242992453679	0.999992229866
752	BRD-K62374815.csv	BRD-K77264230.csv	0.99999977758	0.129208146432	0.99996267331
753	BRD-K62374815.csv	BRD-K99958302.csv	0.999999948668	0.0888857101229	0.999986540944
754	BRD-K62374815.csv	eserine.csv	0.999999965975	0.0944033958845	0.999989737138
755	BRD-K62374815.csv	BRD-K16772343.csv	0.999999973865	0.400019033571	0.999996388586
756	BRD-K62374815.csv	estradiol-benzoate.csv	0.999999800798	0.165415348547	0.999976940443
757	BRD-K62374815.csv	BRD-K93852877.csv	0.999999958126	0.274166824829	0.999993278931
758	BRD-K62374815.csv	BRD-K36633782.csv	0.999999984118	0.563624275925	0.999996658575
759	hydroxyl.csv	SA-1457103.csv	0.999979419136	-0.0903905917451	0.998576728718
760	hydroxyl.csv	BRD-K78268279.csv	0.999981076432	0.656697283482	0.998609931992
761	hydroxyl.csv	BRD-K68013677.csv	0.99998012987	0.30436865528	0.998564920281
762	hydroxyl.csv	BRD-K31600199.csv	0.999979830073	-0.18895504754	0.998743737738
763	hydroxyl.csv	AC-55649.csv	0.999985719996	0.460955721156	0.999091022148
764	hydroxyl.csv	BRD-K20151898.csv	0.999979593206	-0.247519828254	0.998535852495
765	hydroxyl.csv	BRD-K25642832.csv	0.999979663919	-0.23768350804	0.998554388982
766	hydroxyl.csv	BRD-K22449070.csv	0.999978549972	-0.669752105614	0.998375220565
767	hydroxyl.csv	BRD-K16117792.csv	0.999980971366	0.610942008604	0.998566541899
768	hydroxyl.csv	BRD-A51666293.csv	0.999982354203	0.639400643267	0.998587376618
769	hydroxyl.csv	BRD-K42831041.csv	0.999979898506	0.218406802785	0.998502580431
770	hydroxyl.csv	BRD-K15750053.csv	0.999979209631	-0.486801939007	0.998516840559
771	hydroxyl.csv	BRD-K83546471.csv	0.999979419908	-0.659560104342	0.99856102495
772	hydroxyl.csv	BRD-K86023266.csv	0.999980040363	0.0874954198849	0.998587700064
773	hydroxyl.csv	BRD-K77264230.csv	0.999982301999	0.428602477076	0.998802267095
774	hydroxyl.csv	BRD-K99958302.csv	0.999979999074	0.09907326746	0.998644793466
775	hydroxyl.csv	eserine.csv	0.999980682022	0.503871054703	0.998672993646
776	hydroxyl.csv	BRD-K16772343.csv	0.9999798304	0.072099206042	0.998591560039
777	hydroxyl.csv	estradiol-benzoate.csv	0.999980257435	-0.240624686715	0.998582115359
778	hydroxyl.csv	BRD-K93852877.csv	0.999979314289	-0.521346113415	0.998553518434
779	hydroxyl.csv	BRD-K36633782.csv	0.999979343252	-0.607068824162	0.99848205856
780	SA-1457103.csv	BRD-K78268279.csv	0.999999887983	0.03215877633	0.999976582318
781	SA-1457103.csv	BRD-K68013677.csv	0.999999924735	0.426641252656	0.999972544208
782	SA-1457103.csv	BRD-K31600199.csv	0.999999818673	0.496788403484	0.999990996213
783	SA-1457103.csv	AC-55649.csv	0.999999233835	0.518626678253	0.999888361654
784	SA-1457103.csv	BRD-K20151898.csv	0.999999931678	0.412916841353	0.999978020202
785	SA-1457103.csv	BRD-K25642832.csv	0.999999898685	-0.539911526404	0.999980861479
786	SA-1457103.csv	BRD-K22449070.csv	0.999999934554	0.544119944854	0.999978941772
787	SA-1457103.csv	BRD-K16117792.csv	0.999999860818	-0.191725126406	0.999983821347
788	SA-1457103.csv	BRD-A51666293.csv	0.999999693629	-0.459107774688	0.999959331282
789	SA-1457103.csv	BRD-K42831041.csv	0.999999899827	-0.11426239317	0.999975701468
790	SA-1457103.csv	BRD-K15750053.csv	0.999999926543	0.348599469095	0.999976612927
791	SA-1457103.csv	BRD-K83546471.csv	0.999999952041	0.380374971574	0.999985693534
792	SA-1457103.csv	BRD-K86023266.csv	0.999999905555	-0.0833271216377	0.999974662626
793	SA-1457103.csv	BRD-K77264230.csv	0.999999683531	-0.232600852757	0.999972088736
794	SA-1457103.csv	BRD-K99958302.csv	0.99999994401	0.710036422894	0.999996374926
795	SA-1457103.csv	eserine.csv	0.999999917566	-0.015532077269	0.999990387547
796	SA-1457103.csv	BRD-K16772343.csv	0.999999942199	0.329404488941	0.999986391886
797	SA-1457103.csv	estradiol-benzoate.csv	0.999999774756	0.551576708133	0.999998875945
798	SA-1457103.csv	BRD-K93852877.csv	0.99999989195	-0.321814649551	0.999976479048
799	SA-1457103.csv	BRD-K36633782.csv	0.999999940592	0.499062046906	0.999982475403
800	BRD-K78268279.csv	BRD-K68013677.csv	0.999999972438	0.390048107954	0.999997809175
801	BRD-K78268279.csv	BRD-K31600199.csv	0.999999777654	-0.0435218759784	0.999986076462
802	BRD-K78268279.csv	AC-55649.csv	0.999999512026	0.599075161388	0.999907436429
803	BRD-K78268279.csv	BRD-K20151898.csv	0.999999940958	-0.23115381068	0.999997227102
804	BRD-K78268279.csv	BRD-K25642832.csv	0.999999938558	-0.147360430143	0.999998643177
805	BRD-K78268279.csv	BRD-K22449070.csv	0.999999874691	-0.203398460883	0.999983448101
806	BRD-K78268279.csv	BRD-K16117792.csv	0.999999954077	0.356449627877	0.999995288868
807	BRD-K78268279.csv	BRD-A51666293.csv	0.999999873957	0.338429091091	0.999994240346
808	BRD-K78268279.csv	BRD-K42831041.csv	0.99999994775	0.0547048471235	0.999997419589
809	BRD-K78268279.csv	BRD-K15750053.csv	0.999999924942	-0.489463144525	0.999992764487
810	BRD-K78268279.csv	BRD-K83546471.csv	0.999999939198	-0.357115931741	0.999997795023
811	BRD-K78268279.csv	BRD-K86023266.csv	0.999999949436	-0.0888272660865	0.999998751575
812	BRD-K78268279.csv	BRD-K77264230.csv	0.999999835387	-0.142965605926	0.999988568736
813	BRD-K78268279.csv	BRD-K99958302.csv	0.999999901434	-0.0708293721131	0.999987730594
814	BRD-K78268279.csv	eserine.csv	0.999999963516	0.161242535578	0.999993368887
815	BRD-K78268279.csv	BRD-K16772343.csv	0.999999911075	-0.286324329841	0.999992248608
816	BRD-K78268279.csv	estradiol-benzoate.csv	0.999999727928	-0.0901926945172	0.999975549644
817	BRD-K78268279.csv	BRD-K93852877.csv	0.999999912199	-0.630654903349	0.999998419894
818	BRD-K78268279.csv	BRD-K36633782.csv	0.999999945169	-0.0934738072422	0.999995677529
819	BRD-K68013677.csv	BRD-K31600199.csv	0.999999841059	0.1964241421	0.999980959485
820	BRD-K68013677.csv	AC-55649.csv	0.999999335575	0.740246062128	0.999882108319
821	BRD-K68013677.csv	BRD-K20151898.csv	0.999999989476	0.126290270561	0.999999445223
822	BRD-K68013677.csv	BRD-K25642832.csv	0.999999978626	-0.403117428175	0.999998816472
823	BRD-K68013677.csv	BRD-K22449070.csv	0.999999937891	0.0725195858289	0.999989148196
824	BRD-K68013677.csv	BRD-K16117792.csv	0.999999932759	0.123572238522	0.999997024584
825	BRD-K68013677.csv	BRD-A51666293.csv	0.999999860674	0.223061267101	0.999998040572
826	BRD-K68013677.csv	BRD-K42831041.csv	0.999999981662	0.435305329941	0.999998700382
827	BRD-K68013677.csv	BRD-K15750053.csv	0.999999981957	0.240973592085	0.999997789238
828	BRD-K68013677.csv	BRD-K83546471.csv	0.999999985732	-0.0763141208153	0.999995622277
829	BRD-K68013677.csv	BRD-K86023266.csv	0.999999986803	0.626075005995	0.999999538842
830	BRD-K68013677.csv	BRD-K77264230.csv	0.999999825756	0.139717773987	0.999980128226
831	BRD-K68013677.csv	BRD-K99958302.csv	0.999999953043	0.250182306801	0.999985472871
832	BRD-K68013677.csv	eserine.csv	0.999999970283	0.410761150134	0.999992044569
833	BRD-K68013677.csv	BRD-K16772343.csv	0.999999975984	0.406757908712	0.999995155201
834	BRD-K68013677.csv	estradiol-benzoate.csv	0.999999764396	0.21474361532	0.999971089618
835	BRD-K68013677.csv	BRD-K93852877.csv	0.999999975978	-0.271403919518	0.999999297296
836	BRD-K68013677.csv	BRD-K36633782.csv	0.999999983364	0.102819067114	0.999996938807
837	BRD-K31600199.csv	AC-55649.csv	0.999999195903	0.267875384748	0.99992979451
838	BRD-K31600199.csv	BRD-K20151898.csv	0.999999877045	0.54409078482	0.999982793191
839	BRD-K31600199.csv	BRD-K25642832.csv	0.999999875454	-0.0691119139578	0.999985988333
840	BRD-K31600199.csv	BRD-K22449070.csv	0.999999837347	0.250577390175	0.999968790103
841	BRD-K31600199.csv	BRD-K16117792.csv	0.99999968445	-0.397774734987	0.999985525891
842	BRD-K31600199.csv	BRD-A51666293.csv	0.999999697467	-0.127192342964	0.999972744382
843	BRD-K31600199.csv	BRD-K42831041.csv	0.999999777336	-0.308301971181	0.999979146123
844	BRD-K31600199.csv	BRD-K15750053.csv	0.999999822342	0.00139469293746	0.999979092618
845	BRD-K31600199.csv	BRD-K83546471.csv	0.999999873583	0.776236477994	0.999989429003
846	BRD-K31600199.csv	BRD-K86023266.csv	0.999999826356	0.00788216928584	0.999984207092
847	BRD-K31600199.csv	BRD-K77264230.csv	0.999999704142	-0.0501694239472	0.999992086056
848	BRD-K31600199.csv	BRD-K99958302.csv	0.999999932585	0.620324374998	0.999997354162
849	BRD-K31600199.csv	eserine.csv	0.999999800672	-0.498108646168	0.99999610234
850	BRD-K31600199.csv	BRD-K16772343.csv	0.999999854863	0.216200996878	0.999989447384
851	BRD-K31600199.csv	estradiol-benzoate.csv	0.999999786076	0.672984208669	0.999991480955
852	BRD-K31600199.csv	BRD-K93852877.csv	0.999999860104	-0.117884319734	0.999983740355
853	BRD-K31600199.csv	BRD-K36633782.csv	0.999999795322	-0.0409849105722	0.999981493493
854	AC-55649.csv	BRD-K20151898.csv	0.999999253911	-0.138666383234	0.999877614361
855	AC-55649.csv	BRD-K25642832.csv	0.999999214609	-0.402416135589	0.999889679664
856	AC-55649.csv	BRD-K22449070.csv	0.999999012455	-0.168721026307	0.999824242751
857	AC-55649.csv	BRD-K16117792.csv	0.999999350534	-0.110561274293	0.999876972397
858	AC-55649.csv	BRD-A51666293.csv	0.999999439703	0.0476149221067	0.999875480789
859	AC-55649.csv	BRD-K42831041.csv	0.999999244239	0.0172336669914	0.999876574995
860	AC-55649.csv	BRD-K15750053.csv	0.999999132882	-0.203577300544	0.999858074087
861	AC-55649.csv	BRD-K83546471.csv	0.999999255414	-0.0431965262742	0.999901255675
862	AC-55649.csv	BRD-K86023266.csv	0.999999277499	0.221438485867	0.999893249651
863	AC-55649.csv	BRD-K77264230.csv	0.999999463361	0.0971002712206	0.999956152028
864	AC-55649.csv	BRD-K99958302.csv	0.999999273715	0.227716597004	0.999903082724
865	AC-55649.csv	eserine.csv	0.999999370869	0.231844767299	0.999906159119
866	AC-55649.csv	BRD-K16772343.csv	0.999999221391	-0.019889860927	0.999877898673
867	AC-55649.csv	estradiol-benzoate.csv	0.999999134312	0.322672005094	0.999892702116
868	AC-55649.csv	BRD-K93852877.csv	0.999999155023	-0.653892620733	0.999888414749
869	AC-55649.csv	BRD-K36633782.csv	0.999999206634	0.00293296670944	0.999871384043
870	BRD-K20151898.csv	BRD-K25642832.csv	0.999999974431	-0.468051373829	0.999999468269
871	BRD-K20151898.csv	BRD-K22449070.csv	0.999999963569	0.530246734003	0.999992746132
872	BRD-K20151898.csv	BRD-K16117792.csv	0.999999884004	0.0654345189993	0.999997935137
873	BRD-K20151898.csv	BRD-A51666293.csv	0.999999803733	-0.359720992653	0.99999581492
874	BRD-K20151898.csv	BRD-K42831041.csv	0.99999996418	-0.0214760038912	0.999999287492
875	BRD-K20151898.csv	BRD-K15750053.csv	0.999999976971	0.22076754066	0.999998629817
876	BRD-K20151898.csv	BRD-K83546471.csv	0.999999989095	0.511780754088	0.999997096279
877	BRD-K20151898.csv	BRD-K86023266.csv	0.999999965595	-0.19989263489	0.999998990087
878	BRD-K20151898.csv	BRD-K77264230.csv	0.999999764048	-0.422173023307	0.999978793705
879	BRD-K20151898.csv	BRD-K99958302.csv	0.999999960647	0.3977587728	0.999988525273
880	BRD-K20151898.csv	eserine.csv	0.99999993684	-0.407124260905	0.999993203044
881	BRD-K20151898.csv	BRD-K16772343.csv	0.999999975999	0.418670161469	0.999996651309
882	BRD-K20151898.csv	estradiol-benzoate.csv	0.999999751796	0.176832352964	0.999976610941
883	BRD-K20151898.csv	BRD-K93852877.csv	0.999999977823	0.127533294981	0.999999467173
884	BRD-K20151898.csv	BRD-K36633782.csv	0.999999978932	0.232903925865	0.999998786245
885	BRD-K25642832.csv	BRD-K22449070.csv	0.999999941825	-0.104486932936	0.999990799355
886	BRD-K25642832.csv	BRD-K16117792.csv	0.999999921595	-0.0929288580964	0.999997595088
887	BRD-K25642832.csv	BRD-A51666293.csv	0.999999836666	0.352096715174	0.999994456799
888	BRD-K25642832.csv	BRD-K42831041.csv	0.999999977882	0.219017351306	0.999999261627
889	BRD-K25642832.csv	BRD-K15750053.csv	0.999999973216	0.16717364027	0.99999678768
890	BRD-K25642832.csv	BRD-K83546471.csv	0.999999972594	0.110830967567	0.999998813223
891	BRD-K25642832.csv	BRD-K86023266.csv	0.999999979607	0.234357611428	0.999999159935
892	BRD-K25642832.csv	BRD-K77264230.csv	0.999999833504	0.391412758426	0.999983443166
893	BRD-K25642832.csv	BRD-K99958302.csv	0.999999953407	-0.186570272271	0.999990423133
894	BRD-K25642832.csv	eserine.csv	0.999999958284	-0.0558678344798	0.999994392198
895	BRD-K25642832.csv	BRD-K16772343.csv	0.999999958609	-0.156134665333	0.99999590694
896	BRD-K25642832.csv	estradiol-benzoate.csv	0.99999976327	0.300011808538	0.999979959224
897	BRD-K25642832.csv	BRD-K93852877.csv	0.999999988587	0.597150539399	0.999999646675
898	BRD-K25642832.csv	BRD-K36633782.csv	0.99999996798	-0.218170826932	0.999998817122
899	BRD-K22449070.csv	BRD-K16117792.csv	0.999999854602	-0.211600696554	0.999993356815
900	BRD-K22449070.csv	BRD-A51666293.csv	0.999999704625	-0.556220730487	0.999982454566
901	BRD-K22449070.csv	BRD-K42831041.csv	0.999999918438	0.0261617831126	0.999992221897
902	BRD-K22449070.csv	BRD-K15750053.csv	0.999999946379	0.629601352184	0.999995077632
903	BRD-K22449070.csv	BRD-K83546471.csv	0.999999950502	0.539156825978	0.999987883436
904	BRD-K22449070.csv	BRD-K86023266.csv	0.999999910344	-0.141493868485	0.999986836611
905	BRD-K22449070.csv	BRD-K77264230.csv	0.999999620992	-0.602237666572	0.999952886482
906	BRD-K22449070.csv	BRD-K99958302.csv	0.999999918378	0.233771123557	0.999982426123
907	BRD-K22449070.csv	eserine.csv	0.999999878431	-0.34173591128	0.999983700786
908	BRD-K22449070.csv	BRD-K16772343.csv	0.999999936016	0.207350190406	0.999991609495
909	BRD-K22449070.csv	estradiol-benzoate.csv	0.999999681069	0.373681597033	0.999975910738
910	BRD-K22449070.csv	BRD-K93852877.csv	0.999999930184	0.270895986165	0.999989214419
911	BRD-K22449070.csv	BRD-K36633782.csv	0.999999947387	0.878047172986	0.999995447509
912	BRD-K16117792.csv	BRD-A51666293.csv	0.999999873516	0.418993889929	0.999992867933
913	BRD-K16117792.csv	BRD-K42831041.csv	0.999999946329	0.622362589196	0.999996345152
914	BRD-K16117792.csv	BRD-K15750053.csv	0.999999904662	0.0190985952722	0.999998090269
915	BRD-K16117792.csv	BRD-K83546471.csv	0.999999884758	-0.592673516931	0.999995034507
916	BRD-K16117792.csv	BRD-K86023266.csv	0.999999936291	0.0780350503896	0.999996349932
917	BRD-K16117792.csv	BRD-K77264230.csv	0.999999832715	0.114555668238	0.999977621164
918	BRD-K16117792.csv	BRD-K99958302.csv	0.999999853898	0.141377636104	0.999991957125
919	BRD-K16117792.csv	eserine.csv	0.999999962416	0.629441748667	0.999996247998
920	BRD-K16117792.csv	BRD-K16772343.csv	0.999999892958	0.334179410838	0.999998139841
921	BRD-K16117792.csv	estradiol-benzoate.csv	0.999999658042	-0.376987334501	0.999981186494
922	BRD-K16117792.csv	BRD-K93852877.csv	0.999999882001	0.106962317366	0.999996221495
923	BRD-K16117792.csv	BRD-K36633782.csv	0.999999914468	-0.351164962922	0.999997195948
924	BRD-A51666293.csv	BRD-K42831041.csv	0.999999842448	0.408515212545	0.999994929925
925	BRD-A51666293.csv	BRD-K15750053.csv	0.999999800055	-0.169732291472	0.999994764703
926	BRD-A51666293.csv	BRD-K83546471.csv	0.999999796361	-0.456215086043	0.99998913161
927	BRD-A51666293.csv	BRD-K86023266.csv	0.999999883646	0.547737953193	0.999997359021
928	BRD-A51666293.csv	BRD-K77264230.csv	0.999999911992	0.712231966242	0.999976028731
929	BRD-A51666293.csv	BRD-K99958302.csv	0.999999809997	-0.0466823316426	0.999976649262
930	BRD-A51666293.csv	eserine.csv	0.999999870329	0.398568112275	0.999986211806
931	BRD-A51666293.csv	BRD-K16772343.csv	0.999999832124	0.259574634748	0.999990542856
932	BRD-A51666293.csv	estradiol-benzoate.csv	0.999999710419	-0.103957848146	0.99995837325
933	BRD-A51666293.csv	BRD-K93852877.csv	0.999999807898	0.00168643318514	0.999995881224
934	BRD-A51666293.csv	BRD-K36633782.csv	0.999999775735	-0.627101445822	0.999991060732
935	BRD-K42831041.csv	BRD-K15750053.csv	0.999999974091	0.510357568029	0.999996775997
936	BRD-K42831041.csv	BRD-K83546471.csv	0.999999963037	-0.241771371148	0.999997366862
937	BRD-K42831041.csv	BRD-K86023266.csv	0.999999983193	0.67509971344	0.999998504813
938	BRD-K42831041.csv	BRD-K77264230.csv	0.999999843338	0.341037831589	0.999977649066
939	BRD-K42831041.csv	BRD-K99958302.csv	0.999999925694	0.045473888203	0.999985466429
940	BRD-K42831041.csv	eserine.csv	0.999999968862	0.693844840103	0.999990186125
941	BRD-K42831041.csv	BRD-K16772343.csv	0.999999964661	0.614256475568	0.999993596925
942	BRD-K42831041.csv	estradiol-benzoate.csv	0.999999729907	0.0702864636972	0.999974627967
943	BRD-K42831041.csv	BRD-K93852877.csv	0.999999978766	0.554713029434	0.999999316609
944	BRD-K42831041.csv	BRD-K36633782.csv	0.999999983135	-0.085564592133	0.999999110452
945	BRD-K15750053.csv	BRD-K83546471.csv	0.999999983584	0.181577897114	0.999992872327
946	BRD-K15750053.csv	BRD-K86023266.csv	0.999999981882	0.406956886396	0.999996322489
947	BRD-K15750053.csv	BRD-K77264230.csv	0.999999782574	0.114049768201	0.999970674554
948	BRD-K15750053.csv	BRD-K99958302.csv	0.999999950206	0.365860965814	0.99998712638
949	BRD-K15750053.csv	eserine.csv	0.999999960323	0.225347680672	0.999992056605
950	BRD-K15750053.csv	BRD-K16772343.csv	0.999999977177	0.50652019848	0.999997631301
951	BRD-K15750053.csv	estradiol-benzoate.csv	0.999999782549	0.437926340653	0.999974544368
952	BRD-K15750053.csv	BRD-K93852877.csv	0.999999982449	0.617698163926	0.999996655555
953	BRD-K15750053.csv	BRD-K36633782.csv	0.99999998725	0.475536577713	0.999997069767
954	BRD-K83546471.csv	BRD-K86023266.csv	0.999999976476	-0.0314821522901	0.9999970835
955	BRD-K83546471.csv	BRD-K77264230.csv	0.999999784955	-0.325020351705	0.999986897542
956	BRD-K83546471.csv	BRD-K99958302.csv	0.999999969754	0.284687241463	0.999992812394
957	BRD-K83546471.csv	eserine.csv	0.999999950978	-0.603007830554	0.999994503919
958	BRD-K83546471.csv	BRD-K16772343.csv	0.999999976375	0.188075331471	0.999994053795
959	BRD-K83546471.csv	estradiol-benzoate.csv	0.999999801246	0.610201717387	0.999985574963
960	BRD-K83546471.csv	BRD-K93852877.csv	0.999999978393	0.274105554143	0.99999804273
961	BRD-K83546471.csv	BRD-K36633782.csv	0.999999983475	0.320031808289	0.999997771099
962	BRD-K86023266.csv	BRD-K77264230.csv	0.999999870827	0.584470757179	0.999984956272
963	BRD-K86023266.csv	BRD-K99958302.csv	0.999999948757	0.0571657111389	0.999987374041
964	BRD-K86023266.csv	eserine.csv	0.999999976803	0.557549216245	0.999993219468
965	BRD-K86023266.csv	BRD-K16772343.csv	0.999999975409	0.605175075381	0.999994956492
966	BRD-K86023266.csv	estradiol-benzoate.csv	0.99999978941	0.182118807239	0.999974133522
967	BRD-K86023266.csv	BRD-K93852877.csv	0.999999979964	0.349866298616	0.999999622662
968	BRD-K86023266.csv	BRD-K36633782.csv	0.99999996988	-0.189960856259	0.999996625344
969	BRD-K77264230.csv	BRD-K99958302.csv	0.999999826618	0.183484127094	0.999984654785
970	BRD-K77264230.csv	eserine.csv	0.999999889901	0.440778273526	0.999987905897
971	BRD-K77264230.csv	BRD-K16772343.csv	0.999999811811	0.294830153872	0.999978679591
972	BRD-K77264230.csv	estradiol-benzoate.csv	0.999999783302	0.223415686983	0.999974479898
973	BRD-K77264230.csv	BRD-K93852877.csv	0.999999821972	0.157066887928	0.999983035199
974	BRD-K77264230.csv	BRD-K36633782.csv	0.99999977226	-0.645022652514	0.999975362616
975	BRD-K99958302.csv	eserine.csv	0.999999945448	0.138971778435	0.999998043515
976	BRD-K99958302.csv	BRD-K16772343.csv	0.999999971982	0.50399237159	0.999995067714
977	BRD-K99958302.csv	estradiol-benzoate.csv	0.999999882368	0.58396724957	0.999996032782
978	BRD-K99958302.csv	BRD-K93852877.csv	0.999999953283	-0.0623955332575	0.999987841622
979	BRD-K99958302.csv	BRD-K36633782.csv	0.999999939958	-0.0735660032224	0.999989170147
980	eserine.csv	BRD-K16772343.csv	0.999999953234	0.439917395809	0.999997531833
981	eserine.csv	estradiol-benzoate.csv	0.999999814802	-0.227932961475	0.999989200141
982	eserine.csv	BRD-K93852877.csv	0.999999944791	0.0831404429857	0.999992603966
983	eserine.csv	BRD-K36633782.csv	0.999999959758	-0.273411969096	0.999991815354
984	BRD-K16772343.csv	estradiol-benzoate.csv	0.999999792438	0.210855259079	0.999984936807
985	BRD-K16772343.csv	BRD-K93852877.csv	0.999999970621	0.395190705352	0.999994935989
986	BRD-K16772343.csv	BRD-K36633782.csv	0.999999965121	-0.0424993687224	0.999995139739
987	estradiol-benzoate.csv	BRD-K93852877.csv	0.999999769258	0.167428525107	0.999976009533
988	estradiol-benzoate.csv	BRD-K36633782.csv	0.999999759397	0.183183261268	0.999981072824
989	BRD-K93852877.csv	BRD-K36633782.csv	0.999999974055	0.0423065345758	0.999998065423
